CASE_ID,ACCIDENT_YEAR,PROC_DATE,JURIS,COLLISION_DATE,COLLISION_TIME,OFFICER_ID,REPORTING_DISTRICT,DAY_OF_WEEK,CHP_SHIFT,POPULATION,CNTY_CITY_LOC,SPECIAL_COND,BEAT_TYPE,CHP_BEAT_TYPE,CITY_DIVISION_LAPD,CHP_BEAT_CLASS,BEAT_NUMBER,PRIMARY_RD,SECONDARY_RD,DISTANCE,DIRECTION,INTERSECTION,WEATHER_1,WEATHER_2,STATE_HWY_IND,CALTRANS_COUNTY,CALTRANS_DISTRICT,STATE_ROUTE,ROUTE_SUFFIX,POSTMILE_PREFIX,POSTMILE,LOCATION_TYPE,RAMP_INTERSECTION,SIDE_OF_HWY,TOW_AWAY,COLLISION_SEVERITY,NUMBER_KILLED,NUMBER_INJURED,PARTY_COUNT,PRIMARY_COLL_FACTOR,PCF_CODE_OF_VIOL,PCF_VIOL_CATEGORY,PCF_VIOLATION,PCF_VIOL_SUBSECTION,HIT_AND_RUN,TYPE_OF_COLLISION,MVIW,PED_ACTION,ROAD_SURFACE,ROAD_COND_1,ROAD_COND_2,LIGHTING,CONTROL_DEVICE,CHP_ROAD_TYPE,PEDESTRIAN_ACCIDENT,BICYCLE_ACCIDENT,MOTORCYCLE_ACCIDENT,TRUCK_ACCIDENT,NOT_PRIVATE_PROPERTY,ALCOHOL_INVOLVED,STWD_VEHTYPE_AT_FAULT,CHP_VEHTYPE_AT_FAULT,COUNT_SEVERE_INJ,COUNT_VISIBLE_INJ,COUNT_COMPLAINT_PAIN,COUNT_PED_KILLED,COUNT_PED_INJURED,COUNT_BICYCLIST_KILLED,COUNT_BICYCLIST_INJURED,COUNT_MC_KILLED,COUNT_MC_INJURED,PRIMARY_RAMP,SECONDARY_RAMP,LATITUDE,LONGITUDE,COUNTY,CITY,POINT_X,POINT_Y
90139349,2016,2016-03-18,9840,2016-03-06,1347,017504,NA,7,1,9,3300,0,2,4,NA,2,045,CAJALCO RD.,BROWN ST.,80,W,N,B,-,N,NA,NA,NA,NA,NA,NA,NA,NA,NA,N,4,0,1,2,A,-,03,22350,NA,N,C,C,A,A,H,-,A,D,0,NA,NA,NA,NA,Y,NA,A,01,0,0,1,0,0,0,0,0,0,-,-,33.83699,-117.29669,RIVERSIDE,UNINCORPORATED,-117.29664261,33.83712655
9014019,2019,2020-01-15,3306,2019-09-29,1718,146,3306,7,5,3,3306,0,0,0,NA,0,NA,MESQUITE AV,2ND ST,63,S,N,A,-,N,NA,NA,NA,NA,NA,NA,NA,NA,NA,Y,3,0,1,2,A,-,03,22350,NA,N,C,E,A,A,H,-,A,D,0,NA,NA,NA,NA,Y,NA,A,01,0,1,0,0,0,0,0,0,0,-,-,NA,NA,RIVERSIDE,DESERT HOT SPRINGS,-116.49698638916016,33.96310806274414
90140271,2016,2016-03-21,9655,2016-03-08,1545,012408,NA,2,2,9,3300,0,1,3,NA,1,314,SR-74 (FLORIDA AVE.),NEW CHICAGO AVE.,528,E,N,A,-,Y,NA,NA,74,NA,NA,NA,NA,NA,NA,Y,4,0,1,2,A,-,09,21804,A,N,D,C,A,A,H,-,A,D,0,NA,NA,NA,NA,Y,NA,A,01,0,0,1,0,0,0,0,0,0,-,-,33.74791,-116.90345,RIVERSIDE,UNINCORPORATED,-116.9034493,33.74782264
90140413,2016,2016-03-21,9840,2016-03-02,0525,015705,NA,3,3,6,3394,0,1,3,NA,2,025,SR-60 E/B,FREDERICK ST,1584,W,N,A,-,Y,NA,NA,NA,NA,NA,NA,NA,NA,NA,Y,4,0,1,2,A,-,07,21658,A,F,B,C,A,A,H,-,D,D,0,NA,NA,NA,NA,Y,NA,A,01,0,0,1,0,0,0,0,0,0,-,-,NA,NA,RIVERSIDE,MORENO VALLEY,-117.26657542,33.94049421
90142173,2016,2016-03-23,9655,2016-03-20,1545,018320,NA,7,2,9,3300,0,1,1,NA,2,206,I-10 W/B,MAIN STREET,10032,E,N,A,-,Y,NA,NA,10,NA,NA,NA,NA,NA,W,Y,4,0,3,4,A,-,03,22350,NA,N,C,C,A,A,H,-,A,D,0,NA,NA,NA,NA,Y,NA,A,01,0,0,3,0,0,0,0,0,0,-,-,33.92243,-116.74442,RIVERSIDE,UNINCORPORATED,-116.74446601,33.92254411
90143154,2016,2016-03-24,9840,2016-03-16,2020,013950,NA,3,2,6,3315,0,1,3,NA,2,031,SR-91 W/B,TEMESCAL WASH,105,W,N,A,-,Y,NA,NA,91,NA,NA,NA,NA,NA,W,Y,4,0,1,2,A,-,03,22350,NA,N,C,C,A,A,D,-,D,D,0,NA,NA,NA,NA,Y,NA,A,01,0,0,1,0,0,0,0,0,0,-,-,33.87976,-117.55485,RIVERSIDE,CORONA,-117.55485052,33.87976238
90144564,2016,2016-03-28,9840,2016-03-18,1305,016754,NA,5,1,7,3313,0,1,1,NA,2,023,I-215 S/B,SR-91,100,S,N,A,-,Y,NA,NA,215,NA,NA,NA,NA,NA,S,Y,4,0,1,2,A,-,03,22350,NA,N,C,C,A,A,H,-,A,D,0,NA,NA,NA,NA,Y,NA,A,01,0,0,1,0,0,0,0,0,0,-,-,33.991460000000004,-117.35391,RIVERSIDE,RIVERSIDE,-117.35399094,33.99128373
90145624,2016,2016-03-28,9630,2016-03-18,0615,018451,NA,5,1,9,3300,0,1,1,NA,2,020,I-10 E/B,BOB HOPE DR,2640,E,N,A,-,Y,NA,NA,10,NA,NA,NA,NA,NA,E,Y,4,0,2,3,A,-,03,22350,NA,N,C,C,A,A,H,-,A,D,0,NA,NA,NA,NA,Y,NA,D,22,0,0,2,0,0,0,0,0,0,-,-,33.81075,-116.39671,RIVERSIDE,UNINCORPORATED,-116.3966523,33.81084606
90145782,2016,2016-03-28,9840,2016-02-29,1130,019219,NA,1,1,7,3313,0,1,3,NA,2,021,SR-91 EASTBOUND,ADAMS STREET,200,E,N,A,-,Y,NA,NA,NA,NA,NA,NA,NA,NA,NA,Y,4,0,1,2,A,-,03,22350,NA,N,C,C,A,A,D,-,A,D,0,NA,NA,NA,NA,Y,NA,A,07,0,0,1,0,0,0,0,0,0,-,-,33.5541,-117.2507,RIVERSIDE,RIVERSIDE,-117.41916367,33.92767479
90147935,2016,2016-05-02,9840,2016-02-27,1200,019219,NA,6,1,6,3345,0,1,3,NA,2,010,SR-60 WESTBOUND,VALLEY WAY,187,W,N,A,-,Y,NA,NA,60,NA,NA,NA,NA,NA,W,N,3,0,1,2,A,-,07,21658,A,N,B,C,A,A,C,-,A,D,0,NA,NA,Y,NA,Y,NA,A,01,0,1,0,0,0,0,0,0,1,-,-,34.01207,-117.43455,RIVERSIDE,JURUPA VALLEY,-117.43455082,34.01206651
90149737,2016,2016-04-04,9840,2016-03-13,2215,020161,NA,7,3,7,3313,0,1,3,NA,2,021,SR-91 E/B,ARLINGTON AVE,450,W,N,B,-,Y,NA,NA,91,NA,NA,NA,NA,NA,E,Y,4,0,2,3,A,-,03,22350,NA,N,C,C,A,A,D,-,C,D,0,NA,NA,NA,NA,Y,NA,A,01,0,0,2,0,0,0,0,0,0,-,-,33.94354,-117.39275,RIVERSIDE,RIVERSIDE,-117.39265535,33.94341191
90149863,2016,2016-04-04,9840,2016-03-23,1115,016619,NA,3,1,7,3313,0,1,1,NA,2,023,I-215 N/B,CENTRAL AVE,1056,S,N,A,-,Y,NA,NA,NA,NA,NA,NA,NA,NA,NA,Y,4,0,1,3,A,-,03,22350,NA,N,C,C,A,A,H,-,A,D,0,NA,NA,NA,NA,Y,NA,A,07,0,0,1,0,0,0,0,0,0,-,-,33.95603,-117.30586,RIVERSIDE,RIVERSIDE,NA,NA
90151429,2016,2016-04-05,9840,2016-03-24,2220,019017,NA,4,3,6,3315,0,1,3,NA,2,030,SR-91 E/B,GREEN RIVER RD,1500,E,N,A,-,Y,NA,NA,91,NA,NA,NA,NA,NA,E,Y,4,0,1,3,A,-,03,22350,NA,F,C,C,A,A,H,-,C,D,0,NA,NA,NA,NA,Y,NA,A,07,0,0,1,0,0,0,0,0,0,-,-,33.88318,-117.64181,RIVERSIDE,CORONA,-117.6417951,33.88311793
90152816,2016,2016-04-07,9840,2016-03-24,1510,017903,NA,4,2,6,3394,0,1,3,NA,2,025,SR-60 W/B,HEACOCK ST,1584,E,N,A,-,Y,NA,NA,60,NA,NA,NA,NA,NA,W,N,4,0,1,2,A,-,07,21658,A,N,B,C,A,A,H,-,A,D,0,NA,NA,NA,Y,Y,NA,-,-,0,0,1,0,0,0,0,0,0,-,-,33.94127,-117.23387,RIVERSIDE,MORENO VALLEY,-117.2338722,33.9411767
90153872,2016,2016-04-08,9840,2016-03-24,1402,017504,NA,4,2,9,3300,0,3,5,NA,2,004,WASHINGTON ST.,VALLE VISTA WAY,510,N,N,A,-,N,NA,NA,NA,NA,NA,NA,NA,NA,NA,N,4,0,1,2,A,-,03,22350,NA,N,C,C,A,A,H,-,A,D,0,NA,NA,Y,NA,Y,NA,C,02,0,0,1,0,0,0,0,0,1,-,-,33.89808,-117.38176,RIVERSIDE,UNINCORPORATED,-117.38223153,33.89869671
90154500,2016,2016-04-11,9840,2016-03-29,0640,017504,NA,2,1,6,3315,0,1,3,NA,2,031,SR-91 W/B,I-15,600,E,N,B,-,Y,NA,NA,91,NA,NA,NA,NA,NA,W,Y,4,0,1,2,A,-,07,21658,A,N,F,A,A,A,D,H,A,D,0,NA,NA,Y,NA,Y,NA,A,01,0,0,1,0,0,0,0,0,1,-,-,33.88309,-117.543,RIVERSIDE,CORONA,-117.54298716,33.88300115
90154724,2016,2016-04-11,9630,2016-04-03,1600,019943,NA,7,2,9,3300,0,3,5,NA,2,002,42ND AVE,WASHINGTON ST,576,E,N,A,-,N,NA,NA,NA,NA,NA,NA,NA,NA,NA,N,4,0,1,2,D,-,00,NA,NA,N,D,C,A,A,H,-,A,D,0,NA,NA,NA,NA,Y,NA,-,-,0,0,1,0,0,0,0,0,0,-,-,33.7435,-116.3017,RIVERSIDE,UNINCORPORATED,-116.30393,33.7436
90154927,2016,2017-10-30,9655,2016-02-29,0757,012408,NA,1,1,9,3300,0,1,3,NA,2,315,STATE ROUTE 79 (WINCHESTER ROAD),STOWE ROAD,0,NA,Y,A,-,Y,NA,NA,79,NA,NA,NA,NA,NA,NA,Y,1,2,3,2,A,-,09,21802,A,N,D,C,A,A,H,-,A,A,0,NA,NA,NA,NA,Y,NA,A,07,1,2,0,0,0,0,0,0,0,-,-,33.72182,-117.0764,RIVERSIDE,UNINCORPORATED,-117.07642818,33.72182012
90155304,2016,2016-04-12,9840,2016-03-09,1400,017162,NA,3,2,9,3300,0,2,4,NA,2,042,VAN BUREN BLVD,KING AVE,500,E,N,A,-,Y,NA,NA,NA,NA,NA,NA,NA,NA,NA,Y,3,0,1,1,A,-,08,22107,NA,N,E,I,A,A,H,-,A,D,0,NA,NA,NA,NA,Y,NA,A,01,0,1,0,0,0,0,0,0,0,-,-,33.88221,-117.36877,RIVERSIDE,UNINCORPORATED,-117.36885758,33.88236906
90156650,2016,2016-04-13,9840,2016-04-03,1248,017481,NA,7,1,9,3300,0,1,1,NA,2,037,I-15 S/B,NICHOLS ROAD,3500,N,N,A,-,Y,NA,NA,NA,NA,NA,NA,NA,NA,NA,Y,3,0,11,2,A,-,08,22107,NA,N,E,J,A,A,H,-,A,D,0,NA,NA,NA,NA,Y,NA,A,01,0,5,6,0,0,0,0,0,0,-,-,33.72287,-117.36751,RIVERSIDE,UNINCORPORATED,NA,NA
90160731,2016,2016-04-19,9655,2016-04-17,1500,015795,NA,7,2,2,3336,0,1,1,NA,2,202,I-10 E/B,BROOKSIDE AVENUE,1056,W,N,A,-,Y,NA,NA,10,NA,NA,NA,NA,NA,E,Y,4,0,1,1,A,-,08,22107,NA,N,F,A,A,A,H,-,A,D,0,NA,NA,NA,Y,Y,NA,G,25,0,0,1,0,0,0,0,0,0,-,-,33.96167,-117.02604,RIVERSIDE,CALIMESA,-117.02604892,33.96165642
90161743,2016,2016-04-20,9685,2016-04-11,1215,014349,NA,1,1,9,3300,0,3,5,NA,2,003,SKY CANYON ROAD,BOREL ROAD,565,S,N,B,-,N,NA,NA,NA,NA,NA,NA,NA,NA,NA,Y,3,0,4,2,A,-,03,22350,NA,N,E,I,A,B,H,-,D,D,0,NA,NA,NA,NA,Y,NA,D,22,0,1,3,0,0,0,0,0,0,-,-,33.56316,-117.13458,RIVERSIDE,UNINCORPORATED,-117.13439224,33.5680651
90163401,2016,2016-04-22,9840,2016-04-16,1601,019893,NA,6,2,7,3313,0,1,3,NA,2,021,SR-91 W/B TO MADISON STREET,MADISON STREET,25,E,N,A,-,Y,NA,NA,NA,NA,NA,NA,NA,NA,NA,N,4,0,2,2,A,-,03,22350,NA,F,C,C,A,A,H,-,A,D,0,NA,NA,NA,NA,Y,NA,-,99,0,0,2,0,0,0,0,0,0,-,-,33.56107,-117.24177,RIVERSIDE,RIVERSIDE,-117.40486225,33.93594877
90164295,2016,2016-04-25,9840,2016-03-20,2055,020305,NA,7,2,9,3300,0,3,5,NA,2,002,RECHE CANYON RD,KEISSELL RD,275,W,N,A,-,N,NA,NA,NA,NA,NA,NA,NA,NA,NA,Y,4,0,1,2,A,-,03,22350,NA,N,C,C,A,A,H,-,D,D,0,NA,NA,NA,NA,Y,NA,A,01,0,0,1,0,0,0,0,0,0,-,-,34.00241,-117.23536,RIVERSIDE,UNINCORPORATED,-117.23420999,34.00216012
90164426,2016,2016-04-25,9840,2016-04-10,1039,018383,NA,7,1,6,3394,0,1,3,NA,2,025,SR-60 W/B,PERRIS BLVD.,1009,E,N,C,-,Y,NA,NA,60,NA,NA,NA,NA,NA,W,Y,4,0,1,1,A,-,08,22107,NA,N,E,I,A,B,H,-,A,D,0,NA,NA,NA,NA,Y,NA,A,01,0,0,1,0,0,0,0,0,0,-,-,33.93954,-117.22285,RIVERSIDE,MORENO VALLEY,-117.22285722,33.93941152
90164439,2016,2016-04-25,9655,2016-04-16,1200,020350,NA,6,1,9,3300,0,1,3,NA,1,119,SR-371,BURNT VALLEY ROAD,1056,E,N,A,-,Y,NA,NA,371,NA,NA,NA,NA,NA,NA,Y,3,0,1,1,A,-,08,22107,NA,N,E,I,A,A,H,-,A,D,0,NA,NA,Y,NA,Y,NA,C,02,0,1,0,0,0,0,0,0,1,-,-,33.5672,-116.59801,RIVERSIDE,UNINCORPORATED,-116.59801471,33.56727528
90164756,2016,2016-04-25,9685,2016-04-19,1400,015757,NA,2,2,9,3300,0,2,4,NA,2,016,GRAND AVE,CHURCHILL ST,110,N,N,A,-,N,NA,NA,NA,NA,NA,NA,NA,NA,NA,Y,2,0,1,1,A,-,01,23152,A,N,E,I,A,A,H,-,A,D,0,NA,NA,NA,NA,Y,Y,A,01,1,0,0,0,0,0,0,0,0,-,-,33.63736,-117.3418,RIVERSIDE,UNINCORPORATED,-117.34187832,33.63725074
90165882,2016,2016-04-26,9630,2016-03-05,0406,020840,NA,6,3,9,3300,0,1,1,NA,2,021,INTERSTATE 10 EASTBOUND,WASHINGTON STREET,1056,W,N,A,-,Y,NA,NA,10,NA,NA,NA,NA,NA,E,Y,1,1,0,1,A,-,01,23152,A,N,E,I,A,A,H,-,C,D,0,NA,NA,NA,NA,Y,Y,A,01,0,0,0,0,0,0,0,0,0,-,-,33.76118,-116.30586,RIVERSIDE,UNINCORPORATED,-116.30584263,33.76126659
90166283,2016,2016-04-26,9840,2016-03-26,1610,017441,NA,6,2,9,3300,0,3,5,NA,2,004,HARVILL AVE.,A ST.,0,NA,Y,A,-,N,NA,NA,NA,NA,NA,NA,NA,NA,NA,N,4,0,1,2,A,-,12,22450,A,N,D,C,A,A,H,-,A,A,0,NA,NA,NA,NA,Y,NA,A,01,0,0,1,0,0,0,0,0,0,-,-,33.80406,-117.23225,RIVERSIDE,UNINCORPORATED,-117.23846014,33.80573005
90166425,2016,2016-04-27,9840,2016-04-15,0535,019527,NA,5,3,7,3313,0,1,3,NA,2,020,SR-91,MAGNOLIA AVE,100,W,N,A,-,Y,NA,NA,91,NA,NA,NA,NA,NA,NA,Y,3,0,1,1,A,-,01,23152,A,N,F,A,A,A,H,-,B,D,0,NA,NA,NA,NA,Y,Y,A,07,0,1,0,0,0,0,0,0,0,-,-,33.89736,-117.48757,RIVERSIDE,RIVERSIDE,-117.48759525,33.89716369
90168017,2016,2016-04-28,9685,2016-04-15,2235,14338,NA,5,3,9,3300,0,1,1,NA,2,030,I-15 S/B,RAINBOW VALLEY ROAD,2640,N,N,A,-,Y,NA,NA,NA,NA,NA,NA,NA,NA,NA,Y,3,0,1,1,A,-,08,22107,NA,N,F,A,A,A,H,-,D,D,0,NA,NA,Y,NA,Y,NA,C,02,0,1,0,0,0,0,0,0,1,-,-,33.26086,-117.82138,RIVERSIDE,UNINCORPORATED,NA,NA
90168275,2016,2016-04-29,9630,2016-04-25,0340,020445,NA,1,3,9,3300,0,1,3,NA,2,015,SR-62 W/B,N. INDIAN CANYON DRIVE,5808,N,N,C,-,Y,NA,NA,62,NA,NA,NA,NA,NA,W,Y,4,0,1,1,A,-,08,22107,NA,N,E,I,A,B,H,-,D,D,0,NA,NA,NA,NA,Y,NA,A,01,0,0,1,0,0,0,0,0,0,-,-,34.01865,-116.58167,RIVERSIDE,UNINCORPORATED,-116.5816254,34.01868326
90170676,2016,2016-05-02,9685,2016-04-22,1430,015360,NA,5,2,9,3300,0,3,5,NA,2,003,DE PORTOLA RD.,VIA APORE,20,E,N,A,-,N,NA,NA,NA,NA,NA,NA,NA,NA,NA,Y,2,0,2,2,A,-,08,22107,NA,F,D,C,A,A,H,-,A,D,0,NA,NA,NA,NA,Y,NA,A,01,1,1,0,0,0,0,0,0,0,-,-,33.31405,-117.05916,RIVERSIDE,UNINCORPORATED,-117.01627801,33.52807199
90172260,2016,2016-05-04,9840,2016-04-19,1350,016619,NA,2,1,9,3300,0,3,5,NA,2,003,GRAND AVE,AUDELO ST,150,S,N,A,-,N,NA,NA,NA,NA,NA,NA,NA,NA,NA,Y,4,0,4,3,A,-,03,22350,NA,N,C,C,A,A,H,-,A,A,0,NA,NA,NA,NA,Y,NA,A,01,0,0,4,0,0,0,0,0,0,-,-,33.68318,-117.39667,RIVERSIDE,UNINCORPORATED,-117.39677998,33.6836695
90172711,2016,2016-05-04,9840,2016-04-18,2130,015802,NA,1,2,6,3345,0,1,3,NA,2,010,SR-60 W/B TO I-15 N/B,I-15,1550,E,N,A,-,Y,NA,NA,60,NA,NA,NA,R,NA,W,Y,4,0,1,1,A,-,08,22107,NA,N,F,A,A,A,H,-,C,D,0,NA,NA,NA,NA,Y,NA,A,01,0,0,1,0,0,0,0,0,0,-,-,34.02107,-117.54579,RIVERSIDE,JURUPA VALLEY,-117.54579,34.02107
90173860,2016,2016-05-05,9660,2016-04-25,1356,021209,NA,1,1,9,3300,0,3,5,NA,2,003,BLYTHE WAY,LEMON DR,201,E,N,A,-,N,NA,NA,NA,NA,NA,NA,NA,NA,NA,N,2,0,1,1,A,-,03,22350,NA,N,F,A,A,A,H,-,A,D,0,NA,NA,Y,NA,Y,NA,O,05,1,0,0,0,0,0,0,0,1,-,-,33.60293,-114.72173,RIVERSIDE,UNINCORPORATED,-114.72182444,33.60290292
90174181,2016,2016-05-06,9840,2016-04-21,1450,017169,NA,4,2,6,3315,0,1,3,NA,2,030,SR-91 E/B,GREEN RIVER ROAD,1584,W,N,A,-,Y,NA,NA,NA,NA,NA,NA,NA,NA,NA,Y,4,0,1,2,A,-,03,22350,NA,N,C,C,A,A,D,-,A,D,0,NA,NA,NA,NA,Y,NA,A,01,0,0,1,0,0,0,0,0,0,-,-,33.8776,-117.65649,RIVERSIDE,CORONA,-117.66132224,33.87545638
90174479,2016,2016-05-06,9685,2016-04-28,1828,015050,NA,4,2,4,3307,0,1,1,NA,2,010,I-15 SOUTHBOUND,RAILROAD CANYON RD.,300,S,N,A,-,Y,NA,NA,15,NA,NA,NA,NA,NA,S,Y,3,0,1,1,A,-,01,23152,A,N,F,I,A,A,H,-,A,A,0,NA,NA,NA,NA,Y,Y,A,07,0,1,0,0,0,0,0,0,0,-,-,33.66154,-117.2981,RIVERSIDE,LAKE ELSINORE,-117.29812157,33.66151795
90175627,2016,2016-05-09,9630,2016-04-27,0940,012714,NA,3,1,9,3300,0,1,1,NA,2,010,I-10 W/B,SR-62 W/B TO I-10 E/B,158,E,N,A,-,Y,NA,NA,10,NA,NA,NA,NA,NA,W,Y,3,0,2,1,A,-,08,22107,NA,N,E,I,A,A,H,-,A,D,0,NA,NA,NA,NA,Y,NA,A,01,0,1,1,0,0,0,0,0,0,-,-,33.91527,-116.60825,RIVERSIDE,UNINCORPORATED,-116.60822975,33.91537456
90177370,2016,2016-05-17,9655,2016-05-02,0545,016597,NA,1,3,9,3300,0,1,3,NA,1,314,FAIRVIEW AVENUE,SR-74,15,N,N,A,-,N,NA,NA,NA,NA,NA,NA,NA,NA,NA,Y,2,0,1,1,A,-,08,22107,NA,N,E,I,A,A,H,-,B,A,0,NA,NA,NA,NA,Y,NA,A,01,1,0,0,0,0,0,0,0,0,-,-,33.74769,-116.89318,RIVERSIDE,UNINCORPORATED,-116.893139,33.747905
90178200,2016,2016-05-16,9630,2016-05-03,1640,021128,NA,2,2,9,3300,0,2,4,NA,2,027,VARNER RD,JACK IVEY DR,0,NA,Y,A,-,N,NA,NA,NA,NA,NA,NA,NA,NA,NA,Y,3,0,1,2,A,-,09,21802,A,N,D,C,A,A,H,-,A,D,0,NA,NA,NA,NA,Y,NA,A,01,0,1,0,0,0,0,0,0,0,-,-,33.79089,-116.36217,RIVERSIDE,UNINCORPORATED,-116.36218005,33.79083001
90178509,2016,2016-06-14,9840,2016-04-26,1400,012075,NA,2,2,9,3300,0,1,1,NA,2,040,I-215 S/B,HARLEY KNOX BL,3220,N,N,A,-,Y,NA,NA,215,NA,NA,NA,NA,NA,S,N,4,0,1,2,A,-,07,21658,A,F,E,I,A,A,H,-,A,D,0,NA,NA,NA,NA,Y,NA,A,01,0,0,1,0,0,0,0,0,0,-,-,33.87103,-117.26342,RIVERSIDE,UNINCORPORATED,-117.26348656,33.87100156
90182454,2016,2016-05-18,9630,2016-05-08,2053,021128,NA,7,2,9,3300,0,3,5,NA,2,001,SR-74,CARRIZO RD,10560,W,N,A,-,Y,NA,NA,74,NA,NA,NA,NA,NA,NA,Y,3,0,1,1,A,-,01,23152,A,N,F,I,A,A,H,-,D,D,0,NA,NA,NA,NA,Y,Y,D,22,0,1,0,0,0,0,0,0,0,-,-,33.60438,-116.41915,RIVERSIDE,UNINCORPORATED,-116.4191674,33.60437812
90183660,2016,2016-05-20,9840,2016-04-28,2250,019844,NA,4,3,9,3300,0,1,1,NA,2,040,I-215 N/B,ALESSANDRO BLVD,295,S,N,A,-,Y,NA,NA,215,NA,NA,NA,NA,NA,N,Y,3,0,1,1,A,-,01,23152,A,N,F,A,A,A,H,-,D,D,0,NA,NA,NA,NA,Y,Y,A,01,0,1,0,0,0,0,0,0,0,-,-,33.9156,-117.28687,RIVERSIDE,UNINCORPORATED,-117.28677612,33.91565514
90186176,2016,2016-05-24,9685,2016-05-19,1600,013006,NA,4,2,5,3335,0,1,1,NA,2,034,I-215 S/B TO I-15 S/B TRANSITION RAMP,WARM SPRINGS CREEK,2640,N,N,A,-,Y,NA,NA,NA,NA,NA,NA,NA,NA,NA,Y,2,0,2,2,A,-,17,23114,A,N,E,J,A,A,H,-,A,D,0,NA,NA,Y,NA,Y,NA,D,22,2,0,0,0,0,0,0,0,2,-,-,33.32426,-117.10471,RIVERSIDE,TEMECULA,NA,NA
90188189,2016,2016-05-26,9840,2016-05-09,1425,017459,NA,1,2,6,3315,0,1,3,NA,2,030,"SR-91, E/B",GREEN RIVER ROAD,1800,E,N,A,-,Y,NA,NA,91,NA,NA,NA,NA,NA,E,Y,4,0,2,3,A,-,00,22250,NA,N,C,C,A,A,D,-,A,D,0,NA,NA,NA,NA,Y,NA,D,22,0,0,2,0,0,0,0,0,0,-,-,33.88087,-117.65019,RIVERSIDE,CORONA,-117.65024268,33.88108939
9019047,2019,2020-01-23,3309,2019-10-19,1625,332,3309,6,5,4,3309,0,0,0,NA,0,004,AVE 52,CELEBRATION DR,23,W,N,A,-,N,NA,NA,NA,NA,NA,NA,NA,NA,NA,N,4,0,1,1,A,-,08,22107,NA,N,A,I,A,A,H,-,A,A,0,NA,NA,NA,NA,Y,Y,A,01,0,0,1,0,0,0,0,0,0,-,-,NA,NA,RIVERSIDE,INDIO,-116.22010803222656,33.6710090637207
90191124,2016,2016-05-31,9840,2016-05-09,0653,014868,NA,1,1,7,3313,0,1,3,NA,2,010,SR-60 (W/B),RUBIDOUX BLVD,100,W,N,A,-,Y,NA,NA,NA,NA,NA,NA,NA,NA,NA,Y,4,0,3,3,A,-,03,22350,NA,N,E,I,A,A,H,-,A,D,0,NA,NA,NA,NA,Y,NA,A,08,0,0,3,0,0,0,0,0,0,-,-,33.99587,-117.42627,RIVERSIDE,RIVERSIDE,-117.40078702,34.00448015
90191910,2016,2016-06-01,9840,2016-05-15,1825,018383,NA,7,2,6,3315,0,1,1,NA,2,034,I-15 N/B,TEMESCAL CANYON RD,90,N,N,B,-,Y,NA,NA,NA,NA,NA,NA,NA,NA,NA,Y,4,0,5,3,A,-,03,22350,NA,N,C,C,A,A,H,-,A,D,0,NA,NA,NA,NA,Y,NA,D,22,0,0,5,0,0,0,0,0,0,-,-,33.77721,-117.48731,RIVERSIDE,CORONA,-117.48731956,33.77712162
90191986,2016,2016-06-01,9840,2016-04-10,2240,020453,NA,7,3,9,3300,0,1,1,NA,2,037,I-15 S/B,NICHOLS RD,2500,S,N,B,-,Y,NA,NA,15,NA,NA,NA,NA,NA,S,Y,2,0,4,2,A,-,01,23152,A,N,E,I,A,A,H,-,C,D,0,NA,NA,NA,NA,Y,Y,D,22,1,3,0,0,0,0,0,0,0,-,-,33.70021,-117.34901,RIVERSIDE,UNINCORPORATED,-117.34902047,33.70019413
90192681,2016,2016-06-01,9840,2016-05-31,1720,014571,NA,2,2,9,3300,0,1,1,NA,2,040,I-215 S/B,ALESSANDRO BLVD.,1320,S,N,A,-,Y,NA,NA,NA,NA,NA,NA,NA,NA,NA,Y,3,0,1,2,A,-,07,21658,A,N,C,C,A,A,H,-,A,D,0,NA,NA,Y,NA,Y,NA,A,01,0,1,0,0,0,0,0,0,1,-,-,NA,NA,RIVERSIDE,UNINCORPORATED,NA,NA
90192784,2016,2016-06-01,9655,2016-05-29,1420,020350,NA,7,2,9,3300,0,1,3,NA,1,110,SR-243,VISTA GRADE ROAD,2112,S,N,A,-,Y,NA,NA,243,NA,NA,NA,NA,NA,NA,Y,4,0,1,1,A,-,08,22107,NA,N,E,I,A,A,H,-,A,D,0,NA,NA,Y,NA,Y,NA,C,02,0,0,1,0,0,0,0,0,1,-,-,33.84062,-116.81015,RIVERSIDE,UNINCORPORATED,-116.81019937,33.84062244
90193437,2016,2016-06-02,9840,2016-04-22,2122,018849,NA,5,2,6,3315,0,1,1,NA,2,034,I-15 N/B,MAGNOLIA AVE.,1500,N,N,A,-,Y,NA,NA,NA,NA,NA,NA,NA,NA,NA,Y,1,2,2,1,A,-,01,23152,A,N,E,I,A,A,D,-,C,D,0,NA,NA,NA,NA,Y,Y,D,22,0,2,0,0,0,0,0,0,0,-,-,33.5225,-117.3242,RIVERSIDE,CORONA,-117.54408741,33.86971719
90194190,2016,2016-06-03,9840,2016-04-16,0125,020453,NA,6,3,9,3300,0,1,1,NA,2,040,I-215 S/B,HARLEY KNOX BLVD.,2550,N,N,A,-,Y,NA,NA,215,NA,NA,NA,NA,NA,S,Y,3,0,1,1,A,-,01,23152,A,N,F,A,A,A,H,-,C,D,0,NA,NA,NA,NA,Y,Y,A,01,0,1,0,0,0,0,0,0,0,-,-,33.86901,-117.26271,RIVERSIDE,UNINCORPORATED,-117.26264717,33.86903684
90195253,2016,2016-06-06,9630,2016-05-30,1245,020061,NA,1,1,9,3300,0,1,3,NA,1,178,SR-62,SR-177,17952,E,N,A,-,Y,NA,NA,NA,NA,NA,NA,NA,NA,NA,Y,4,0,1,1,A,-,08,22107,NA,N,F,A,A,A,H,-,A,D,0,NA,NA,NA,NA,Y,NA,A,07,0,0,1,0,0,0,0,0,0,-,-,34.0669,-116.17283,RIVERSIDE,UNINCORPORATED,-115.16825843,34.06852294