CASE_ID,ACCIDENT_YEAR,PROC_DATE,JURIS,COLLISION_DATE,COLLISION_TIME,OFFICER_ID,REPORTING_DISTRICT,DAY_OF_WEEK,CHP_SHIFT,POPULATION,CNTY_CITY_LOC,SPECIAL_COND,BEAT_TYPE,CHP_BEAT_TYPE,CITY_DIVISION_LAPD,CHP_BEAT_CLASS,BEAT_NUMBER,PRIMARY_RD,SECONDARY_RD,DISTANCE,DIRECTION,INTERSECTION,WEATHER_1,WEATHER_2,STATE_HWY_IND,CALTRANS_COUNTY,CALTRANS_DISTRICT,STATE_ROUTE,ROUTE_SUFFIX,POSTMILE_PREFIX,POSTMILE,LOCATION_TYPE,RAMP_INTERSECTION,SIDE_OF_HWY,TOW_AWAY,COLLISION_SEVERITY,NUMBER_KILLED,NUMBER_INJURED,PARTY_COUNT,PRIMARY_COLL_FACTOR,PCF_CODE_OF_VIOL,PCF_VIOL_CATEGORY,PCF_VIOLATION,PCF_VIOL_SUBSECTION,HIT_AND_RUN,TYPE_OF_COLLISION,MVIW,PED_ACTION,ROAD_SURFACE,ROAD_COND_1,ROAD_COND_2,LIGHTING,CONTROL_DEVICE,CHP_ROAD_TYPE,PEDESTRIAN_ACCIDENT,BICYCLE_ACCIDENT,MOTORCYCLE_ACCIDENT,TRUCK_ACCIDENT,NOT_PRIVATE_PROPERTY,ALCOHOL_INVOLVED,STWD_VEHTYPE_AT_FAULT,CHP_VEHTYPE_AT_FAULT,COUNT_SEVERE_INJ,COUNT_VISIBLE_INJ,COUNT_COMPLAINT_PAIN,COUNT_PED_KILLED,COUNT_PED_INJURED,COUNT_BICYCLIST_KILLED,COUNT_BICYCLIST_INJURED,COUNT_MC_KILLED,COUNT_MC_INJURED,PRIMARY_RAMP,SECONDARY_RAMP,LATITUDE,LONGITUDE,COUNTY,CITY,POINT_X,POINT_Y
90615224,2017,2017-12-12,9685,2017-12-01,0750,015757,NA,5,1,4,3342,0,1,1,NA,2,030,I-15 S/B (TEMECULA VALLEY FWY),NUTMEG ST,2640,N,N,A,-,Y,NA,NA,15,NA,NA,NA,NA,NA,S,N,4,0,1,2,A,-,07,21658,A,N,B,C,A,A,H,-,A,D,0,NA,NA,NA,Y,Y,NA,A,01,0,0,1,0,0,0,0,0,0,-,-,33.58259,-117.22991,RIVERSIDE,MURRIETA,-117.22986535,33.58264774
90616586,2017,2017-12-13,9660,2017-12-03,2500,017464,NA,7,4,9,3300,0,3,5,NA,2,003,HOBSONWAY,MESA DR,1056,E,N,A,-,N,NA,NA,NA,NA,NA,NA,NA,NA,NA,Y,2,0,1,1,A,-,01,23152,A,N,E,I,A,A,H,-,D,D,0,NA,NA,NA,NA,Y,Y,D,22,1,0,0,0,0,0,0,0,0,-,-,33.60983,-114.72431,RIVERSIDE,UNINCORPORATED,-114.72417355,33.60975865
90618089,2017,2018-01-23,9655,2017-10-01,2500,019796,NA,7,4,9,3300,0,3,5,NA,2,003,RAMONA EXPRESSWAY,ALESSANDRO AVENUE,606,E,N,A,-,N,NA,NA,NA,NA,NA,NA,NA,NA,NA,N,1,1,0,2,A,-,03,22350,NA,F,C,G,A,A,H,-,D,D,0,NA,Y,NA,NA,Y,Y,-,99,0,0,0,0,0,1,0,0,0,-,-,33.80089,-116.95235,RIVERSIDE,UNINCORPORATED,-116.95463,33.80109
90618624,2017,2017-12-15,9655,2017-12-06,2014,018336,NA,3,2,9,3300,0,1,1,NA,2,206,I-10 E/B,MAIN ST,0,NA,N,A,G,Y,NA,NA,10,NA,NA,NA,NA,NA,E,Y,3,0,1,1,C,-,18,NA,NA,N,E,I,A,A,H,-,D,D,0,NA,NA,NA,NA,Y,NA,-,-,0,1,0,0,0,0,0,0,0,-,-,33.91927,-116.76988,RIVERSIDE,UNINCORPORATED,-116.76983318,33.91894139
90618973,2017,2017-12-18,9840,2017-12-11,1625,019361,NA,1,2,7,3313,0,1,3,NA,2,021,SR-91 W/B,ADAMS STREET,1584,E,N,A,-,Y,NA,NA,91,NA,NA,NA,NA,NA,W,N,3,0,1,2,A,-,03,22350,NA,N,C,C,A,A,H,-,B,D,0,NA,NA,NA,NA,Y,NA,D,22,0,1,0,0,0,0,0,0,0,-,-,33.93027,-117.41491,RIVERSIDE,RIVERSIDE,-117.41491943,33.93028631
90622104,2017,2017-12-21,9840,2017-12-15,1010,017893,NA,5,1,6,3315,0,1,3,NA,2,030,SR-91 W/B,SMITH AVE.,100,E,N,A,-,Y,NA,NA,91,NA,NA,NA,NA,NA,W,Y,4,0,1,2,A,-,03,22350,NA,N,C,C,A,A,H,-,A,D,0,NA,NA,NA,Y,Y,NA,F,26,0,0,1,0,0,0,0,0,0,-,-,33.8819,-117.5943,RIVERSIDE,CORONA,-117.59427529,33.88174911
9062438,2020,2020-07-03,3309,2020-02-16,1848,379,DESER,7,5,4,3309,0,0,0,NA,0,004,CLINTON ST,AVE 46,0,NA,Y,A,-,N,NA,NA,NA,NA,NA,NA,NA,NA,NA,Y,4,0,1,2,A,-,09,21804,NA,N,A,C,A,A,H,-,D,A,0,NA,NA,NA,NA,Y,NA,A,01,0,0,1,0,0,0,0,0,0,-,-,NA,NA,RIVERSIDE,INDIO,-116.24266052246094,33.71467971801758
90625552,2017,2017-12-22,9630,2017-12-12,0737,021908,NA,2,1,9,3300,0,1,3,NA,1,074,STATE HIGHWAY 74,CAHUILLA WAY,15840,W,N,A,-,Y,NA,NA,74,NA,NA,NA,NA,NA,NA,Y,2,0,3,1,A,-,08,22107,NA,N,E,I,A,A,H,-,A,D,0,NA,NA,NA,NA,Y,NA,D,22,1,2,0,0,0,0,0,0,0,-,-,33.65423,-116.39806,RIVERSIDE,UNINCORPORATED,-116.39806581,33.654193480000004
90625833,2017,2017-12-25,9840,2017-12-14,1525,014868,NA,4,2,6,3394,0,1,3,NA,2,025,SR-60 W/B,DAY ST.,1500,E,N,A,-,Y,NA,NA,60,NA,NA,NA,NA,NA,W,Y,4,0,2,2,A,-,03,22350,NA,N,C,C,A,A,H,-,A,D,0,NA,NA,NA,NA,Y,NA,A,07,0,0,2,0,0,0,0,0,0,-,-,33.94187,-117.27332,RIVERSIDE,MORENO VALLEY,-117.27333664,33.94177622
90628130,2017,2017-12-27,9840,2017-12-22,1530,014571,NA,5,2,7,3313,0,1,3,NA,2,020,SR-91 W/B,VAN BUREN BLVD.,1584,E,N,A,-,Y,NA,NA,91,NA,NA,NA,NA,NA,W,Y,4,0,1,2,A,-,03,22350,NA,N,C,C,A,A,H,-,A,D,0,NA,NA,NA,NA,Y,NA,A,01,0,0,1,0,0,0,0,0,0,-,-,33.9174,-117.4379,RIVERSIDE,RIVERSIDE,-117.43782927,33.91727605
90629084,2017,2017-12-28,9685,2017-12-12,1600,013925,NA,2,2,5,3341,0,1,1,NA,2,034,I-215 N/B TO NEWPORT RD OFF RAMP,NEWPORT ROAD,660,S,N,A,-,Y,NA,NA,215,NA,NA,NA,R,NA,N,Y,2,0,1,2,A,-,03,22350,NA,N,C,C,A,A,H,-,A,D,0,NA,NA,NA,NA,Y,NA,A,01,1,0,0,0,0,0,0,0,0,-,-,33.68241,-117.17055,RIVERSIDE,MENIFEE,-117.17055,33.68241
90629289,2017,2017-12-29,9840,2017-12-21,1925,018611,NA,4,2,9,3300,0,2,4,NA,2,045,CAJALCO ROAD,CLARK STREET,540,W,N,A,-,N,NA,NA,NA,NA,NA,NA,NA,NA,NA,Y,4,0,1,2,A,-,03,22350,NA,N,C,C,A,A,H,-,D,D,0,NA,NA,NA,NA,Y,NA,D,22,0,0,1,0,0,0,0,0,0,-,-,33.83712,-117.29029,RIVERSIDE,UNINCORPORATED,-117.2894027,33.83720679
90629670,2017,2017-12-29,9630,2017-12-21,0710,019943,NA,4,1,9,3300,0,3,5,NA,2,001,THOMAS AVE,UNITED RD,0,NA,Y,A,-,N,NA,NA,NA,NA,NA,NA,NA,NA,NA,Y,3,0,2,2,A,-,09,21800,B,N,D,C,A,A,H,-,A,D,0,NA,NA,NA,NA,Y,NA,A,01,0,2,0,0,0,0,0,0,0,-,-,33.9504,-116.52966,RIVERSIDE,UNINCORPORATED,-116.52962005,33.95040001
9063000,2020,2020-07-15,3309,2020-04-01,1301,443,3309,3,5,4,3309,0,0,0,NA,0,002,AVE 40,JEFFERSON ST,0,NA,Y,A,-,N,NA,NA,NA,NA,NA,NA,NA,NA,NA,N,4,0,2,2,A,-,09,21801,A,N,D,C,A,A,H,-,A,A,0,NA,NA,NA,NA,Y,NA,A,01,0,0,2,0,0,0,0,0,0,-,-,NA,NA,RIVERSIDE,INDIO,-116.26907348632813,33.75836944580078
90630875,2017,2018-01-02,9630,2017-12-22,1154,018451,NA,5,1,9,3300,0,1,3,NA,1,074,SR-74,CAHUILLA WAY,11088,W,N,B,-,Y,NA,NA,74,NA,NA,NA,NA,NA,NA,Y,3,0,1,1,A,-,08,22107,NA,N,E,I,A,A,H,-,A,D,0,NA,NA,NA,NA,Y,NA,A,07,0,1,0,0,0,0,0,0,0,-,-,33.6604,-116.3983,RIVERSIDE,UNINCORPORATED,-116.3982882,33.66042341
90631437,2017,2018-01-02,9655,2017-10-08,0004,019234,NA,7,3,9,3300,1,3,5,NA,2,003,CHICAGO AVENUE,CEDAR AVENUE,0,NA,Y,A,-,N,NA,NA,NA,NA,NA,NA,NA,NA,NA,Y,1,1,0,2,A,-,01,23152,A,N,E,J,A,A,H,-,C,A,0,NA,NA,NA,NA,Y,Y,A,07,0,0,0,0,0,0,0,0,0,-,-,33.76246,-116.90192,RIVERSIDE,UNINCORPORATED,-116.90189007,33.76229011
90631941,2017,2018-01-03,9840,2017-12-26,1026,012208,NA,2,1,9,3300,0,1,1,NA,2,034,I-15 N/B {CORONA MALL FREEWAY},TEMESCAL CANYON ROAD,483,S,N,B,-,Y,NA,NA,15,NA,NA,NA,NA,NA,N,N,4,0,1,2,A,-,03,22350,NA,F,C,C,A,A,H,-,A,D,0,NA,NA,NA,NA,Y,NA,D,22,0,0,1,0,0,0,0,0,0,-,-,33.77561,-117.48647,RIVERSIDE,UNINCORPORATED,-117.48640357,33.77564911
90632143,2017,2018-01-03,9660,2017-12-25,1700,017464,NA,1,2,9,3300,0,1,1,NA,2,032,I-10 WESTBOUND,EHRENBERG POSTON HWY,4224,W,N,A,-,Y,NA,NA,NA,NA,NA,NA,NA,NA,NA,Y,3,0,2,1,A,-,08,22107,NA,N,E,I,A,A,H,-,C,D,0,NA,NA,NA,NA,Y,NA,A,01,0,1,1,0,0,0,0,0,0,-,-,33.60548,-114.53331,RIVERSIDE,UNINCORPORATED,NA,NA
90634522,2018,2018-01-08,9655,2018-01-07,0210,019049,NA,7,3,3,3302,0,1,1,NA,2,202,I-10 E/B,VEILE AVE,240,E,N,A,-,Y,NA,NA,10,NA,NA,NA,NA,NA,E,Y,3,0,1,1,A,-,08,22107,NA,N,E,I,A,A,H,-,C,D,0,NA,NA,NA,NA,Y,NA,A,01,0,1,0,0,0,0,0,0,0,-,-,33.930789947509766,-116.9853515625,RIVERSIDE,BEAUMONT,-116.985595703125,33.9305305480957
90634864,2017,2018-01-08,9840,2017-12-23,0100,021017,NA,6,3,7,3313,0,1,3,NA,2,010,SR-60 E/B,RUBIDOUX BLVD,1800,W,N,A,-,Y,NA,NA,NA,NA,NA,NA,NA,NA,NA,Y,3,0,1,3,A,-,01,23152,A,N,B,C,A,A,H,-,D,D,0,NA,NA,NA,NA,Y,Y,A,01,0,1,0,0,0,0,0,0,0,-,-,34.00411,-117.40744,RIVERSIDE,RIVERSIDE,-117.40635806,34.00409256
9063502,2020,2020-06-19,3313,2020-02-21,1814,1489,4,5,5,7,3313,0,0,0,NA,0,T44,PHOENIX AV,ENSENADA WY,2,S,N,A,-,N,NA,NA,NA,NA,NA,NA,NA,NA,NA,N,4,0,1,2,A,-,05,21650,1,N,A,G,A,A,H,-,A,D,0,NA,Y,NA,NA,Y,NA,L,04,0,0,1,0,0,0,1,0,0,-,-,33.94736862182617,-117.42530059814452,RIVERSIDE,RIVERSIDE,-117.42520904541016,33.948184967041016
9063503,2020,2020-06-19,3313,2020-02-12,1049,33935634,4,3,5,7,3313,0,0,0,NA,0,T48,MAGNOLIA AV,CANTERBURY RD,0,NA,Y,A,-,N,NA,NA,NA,NA,NA,NA,NA,NA,NA,N,4,0,1,1,A,-,08,22107,NA,M,E,I,A,A,H,-,A,D,0,NA,NA,NA,NA,Y,NA,A,07,0,0,1,0,0,0,0,0,0,-,-,33.935630798339844,-117.4191665649414,RIVERSIDE,RIVERSIDE,-117.41929626464844,33.93592834472656
9063565,2020,2020-07-21,3313,2020-03-13,2146,1964,5,5,5,7,3313,0,0,0,NA,0,3R52,VAN BUREN BL,AUDREY AV,90,N,N,C,-,N,NA,NA,NA,NA,NA,NA,NA,NA,NA,Y,4,0,1,1,A,-,08,22107,NA,N,F,I,A,B,H,-,C,A,0,NA,NA,NA,NA,Y,NA,A,07,0,0,1,0,0,0,0,0,0,-,-,33.93674850463867,-117.45391845703124,RIVERSIDE,RIVERSIDE,-117.4541015625,33.936927795410156
90635662,2017,2018-01-08,9685,2017-12-29,1115,012190,NA,5,1,5,3335,0,1,1,NA,2,030,I-15 S/B,SANTIAGO RD,1056,N,N,A,-,Y,NA,NA,15,NA,NA,NA,NA,NA,S,N,4,0,2,4,A,-,03,22350,NA,N,C,C,A,A,D,-,A,D,0,NA,NA,NA,NA,Y,NA,D,22,0,0,2,0,0,0,0,0,0,-,-,33.49319,-117.14567,RIVERSIDE,TEMECULA,-117.14559879,33.49322954
90635907,2017,2018-01-09,9630,2017-12-29,0425,020645,NA,5,3,4,3309,0,1,1,NA,2,021,I-10 E/B,MONROE ST,251,W,N,A,-,Y,NA,NA,10,NA,NA,NA,NA,NA,E,Y,2,0,1,1,A,-,01,23152,A,N,F,A,A,A,H,-,D,D,0,NA,NA,NA,NA,Y,Y,A,01,1,0,0,0,0,0,0,0,0,-,-,33.73897,-116.23497,RIVERSIDE,INDIO,-116.23501514,33.73924334
9063599,2020,2020-07-23,3300,2020-03-11,1133,5683,910Q,3,5,5,3335,0,0,0,NA,0,069,WOLF CREEK DR N,WOLF VALLEY RD,548,N,N,A,-,N,NA,NA,NA,NA,NA,NA,NA,NA,NA,N,4,0,1,1,A,-,08,22107,NA,N,E,I,A,-,H,-,A,D,0,NA,NA,NA,NA,Y,NA,A,01,0,0,1,0,0,0,0,0,0,-,-,33.46139144897461,-117.10576629638672,RIVERSIDE,TEMECULA,-117.10732269287108,33.46221923828125
90637390,2018,2018-01-10,9840,2018-01-10,0730,016285,NA,3,1,9,3300,0,3,5,NA,2,004,PARSONS ROAD,NANDINA AVENUE,36,E,N,B,-,N,NA,NA,NA,NA,NA,NA,NA,NA,NA,Y,4,0,1,2,A,-,05,21460,A,N,B,C,A,A,H,-,A,D,0,NA,NA,NA,NA,Y,NA,A,01,0,0,1,0,0,0,0,0,0,-,-,33.864898681640625,-117.32730102539063,RIVERSIDE,UNINCORPORATED,-117.3269500732422,33.86555099487305
9063763,2020,2020-03-17,3300,2020-02-16,1930,N5330,001H,7,5,6,3345,0,0,0,NA,0,014,LIMONITE AV,PERALTA PL,181,E,N,A,-,N,NA,NA,NA,NA,NA,NA,NA,NA,NA,Y,3,0,7,4,A,-,03,22350,NA,N,C,C,A,A,H,-,C,A,0,NA,NA,NA,NA,Y,NA,A,01,0,1,6,0,0,0,0,0,0,-,-,33.981441497802734,-117.43953704833984,RIVERSIDE,JURUPA VALLEY,-117.43907165527344,33.981773376464844
9063807,2020,2020-03-19,3300,2020-02-06,1955,N4187,916A,4,5,4,3312,0,0,0,NA,0,031,PERRIS BL,ORANGE AV,0,NA,Y,A,-,N,NA,NA,NA,NA,NA,NA,NA,NA,NA,N,4,0,1,2,A,-,12,21453,A,N,D,C,A,A,H,-,C,A,0,NA,NA,NA,NA,Y,NA,A,07,0,0,1,0,0,0,0,0,0,-,-,33.81565856933594,-117.22599029541016,RIVERSIDE,PERRIS,-117.2261199951172,33.81560134887695
90639175,2017,2018-01-12,9840,2017-12-29,1730,020945,NA,5,2,7,3313,0,1,1,NA,2,022,I-215 S/B,COLUMBIA AVE.,650,N,N,A,-,Y,NA,NA,215,NA,NA,NA,NA,NA,S,Y,4,0,2,3,A,-,03,22350,NA,F,C,C,A,A,H,-,C,D,0,NA,NA,NA,NA,Y,NA,D,22,0,0,2,0,0,0,0,0,0,-,-,34.00479,-117.34978,RIVERSIDE,RIVERSIDE,-117.34980108,34.00480421
90642190,2018,2018-01-17,9655,2018-01-08,2355,017720,NA,1,3,9,3300,0,3,5,NA,2,003,RAMONA EXPRESSWAY,WARREN ROAD,2112,W,N,B,C,N,NA,NA,NA,NA,NA,NA,NA,NA,NA,Y,3,0,1,1,A,-,01,23152,A,N,E,I,A,B,H,-,D,D,0,NA,NA,NA,NA,Y,Y,A,01,0,1,0,0,0,0,0,0,0,-,-,33.82868957519531,-117.04383850097656,RIVERSIDE,UNINCORPORATED,-117.03975677490234,33.826072692871094
90642489,2018,2018-01-18,9630,2018-01-07,2335,021409,NA,7,3,9,3300,0,1,1,NA,2,010,I-10 E/B,WALL ROAD,2112,E,N,A,-,Y,NA,NA,10,NA,NA,NA,NA,NA,E,Y,3,0,1,1,A,-,01,23152,F,N,F,A,A,A,H,-,D,D,0,NA,NA,NA,NA,Y,NA,A,07,0,1,0,0,0,0,0,0,0,-,-,33.911720275878906,-116.59272003173828,RIVERSIDE,UNINCORPORATED,-116.59267425537108,33.911930084228516
90642730,2018,2018-01-18,9685,2018-01-09,0405,017304,NA,2,3,4,3342,0,1,1,NA,2,030,N/B I-15,CAL OAKS RD,300,N,N,C,-,Y,NA,NA,15,NA,NA,NA,NA,NA,NA,Y,4,0,2,1,A,-,03,22350,NA,N,E,I,A,B,H,-,C,D,0,NA,NA,NA,NA,Y,NA,A,01,0,0,2,0,0,0,0,0,0,-,-,33.56612014770508,-117.20767211914063,RIVERSIDE,MURRIETA,-117.20758819580078,33.56622314453125
90642884,2018,2018-01-18,9685,2018-01-11,1918,017285,NA,4,2,5,3335,0,1,1,NA,2,030,I-15 S/B TO TEMECULA PKWY,TEMECULA PARKWAY,1000,N,N,A,-,Y,NA,NA,15,NA,NA,NA,R,NA,S,N,4,0,1,2,A,-,03,22350,NA,N,C,C,A,A,H,-,D,D,0,NA,NA,NA,NA,Y,NA,A,01,0,0,1,0,0,0,0,0,0,-,-,33.484161376953125,-117.14243316650392,RIVERSIDE,TEMECULA,-117.14243316650392,33.484161376953125
90642937,2018,2018-01-18,9685,2018-01-11,1415,016381,NA,4,2,9,3300,0,3,5,NA,2,003,RANCHO CALIFORNIA RD,BUCK RD,30,W,N,A,-,N,NA,NA,NA,NA,NA,NA,NA,NA,NA,Y,4,0,1,2,A,-,03,22350,NA,N,C,C,A,A,H,-,A,D,0,NA,NA,NA,NA,Y,NA,A,01,0,0,1,0,0,0,0,0,0,-,-,33.55440139770508,-117.03579711914063,RIVERSIDE,UNINCORPORATED,-117.03583526611328,33.554412841796875
90643371,2018,2018-01-19,9630,2018-01-10,1555,019943,NA,3,2,9,3300,0,2,S,NA,2,404,MONTEREY AVE,RAMON RD,30,S,N,A,-,N,NA,NA,NA,NA,NA,NA,NA,NA,NA,N,3,0,1,2,A,-,03,22350,NA,N,C,C,A,A,H,-,A,A,0,NA,NA,NA,NA,Y,NA,A,01,0,1,0,0,0,0,0,0,0,-,-,33.81629943847656,-116.38760375976563,RIVERSIDE,UNINCORPORATED,-116.38817596435548,33.81631851196289
90645334,2018,2018-01-23,9840,2018-01-10,0455,020102,NA,3,3,6,3315,0,1,3,NA,2,030,SR-91 W/B,WEST GRAND BLVD,470,W,N,B,-,Y,NA,NA,91,NA,NA,NA,NA,NA,W,Y,2,0,1,2,A,-,03,22350,NA,N,C,C,A,B,H,-,C,D,0,NA,NA,Y,NA,Y,NA,C,02,1,0,0,0,0,0,0,0,1,-,-,33.880680084228516,-117.5730209350586,RIVERSIDE,CORONA,-117.572998046875,33.880897521972656
90645832,2018,2018-01-23,9840,2018-01-16,1014,017903,NA,2,1,7,3313,0,1,1,NA,2,023,I-215 N/B,CENTRAL AVE,1584,S,N,B,-,Y,NA,NA,215,NA,NA,NA,NA,NA,N,Y,4,0,1,2,A,-,03,22350,NA,N,C,C,A,A,H,-,A,D,0,NA,NA,NA,NA,Y,NA,A,01,0,0,1,0,0,0,0,0,0,-,-,33.95330047607422,-117.3036880493164,RIVERSIDE,RIVERSIDE,-117.30390167236328,33.95317840576172
90646263,2018,2018-01-24,9630,2018-01-11,1755,019860,NA,4,2,4,3309,0,1,1,NA,2,021,I-10 E/B,JEFFERSON ST,1584,W,N,A,-,Y,NA,NA,10,NA,NA,NA,NA,NA,E,Y,3,0,1,2,A,-,07,21658,A,N,B,C,A,A,H,-,C,D,0,NA,NA,NA,Y,Y,NA,G,25,0,1,0,0,0,0,0,0,0,-,-,33.751399993896484,-116.27664947509766,RIVERSIDE,INDIO,-116.27668762207033,33.751304626464844
90646825,2018,2018-01-24,9685,2018-01-16,1708,015957,NA,2,2,9,3300,0,1,3,NA,1,031,WINCHESTER RD N/B,SCOTT RD,175,S,N,A,-,Y,NA,NA,NA,NA,NA,NA,NA,NA,NA,N,4,0,2,3,A,-,03,22350,NA,N,C,C,A,A,H,-,C,A,0,NA,NA,NA,NA,Y,NA,A,07,0,0,2,0,0,0,0,0,0,-,-,33.6385612487793,-117.0852508544922,RIVERSIDE,UNINCORPORATED,-117.0849380493164,33.639549255371094
90646939,2018,2018-01-24,9630,2018-01-14,0014,021897,NA,7,3,9,3300,0,1,1,NA,2,021,I-10 E/B,MONTEREY AVE,2112,E,N,A,-,Y,NA,NA,10,NA,NA,NA,NA,NA,E,Y,3,0,1,1,A,-,01,23152,A,N,E,I,A,A,H,-,C,D,0,NA,NA,NA,NA,Y,Y,A,01,0,1,0,0,0,0,0,0,0,-,-,33.802799224853516,-116.3831787109375,RIVERSIDE,UNINCORPORATED,-116.38308715820313,33.802913665771484
9064738,2020,2020-03-25,3308,2020-02-05,1746,10620,525,3,5,5,3308,0,0,0,NA,0,SOUTH,ACACIA AV,LYON AV,12,W,N,A,-,N,NA,NA,NA,NA,NA,NA,NA,NA,NA,N,3,0,1,2,A,-,10,21950,A,N,G,B,B,A,H,-,B,A,0,Y,NA,NA,NA,Y,NA,A,01,0,1,0,0,1,0,0,0,0,-,-,33.74386978149414,-116.98918914794922,RIVERSIDE,HEMET,-116.98912811279295,33.74378204345703
90649363,2018,2018-01-26,9840,2018-01-16,1011,014868,NA,2,1,4,3344,0,1,3,NA,2,010,SR-60 W/B,MILLIKEN AVE,500,E,N,A,-,Y,NA,NA,NA,NA,NA,NA,NA,NA,NA,Y,3,0,2,3,A,-,03,22350,NA,F,C,C,A,A,H,-,A,D,0,NA,NA,NA,Y,Y,NA,G,25,0,1,1,0,0,0,0,0,0,-,-,34.02745819091797,-117.55622100830078,RIVERSIDE,EASTVALE,-117.55670928955078,34.02370071411133
90649401,2018,2018-01-26,9685,2018-01-18,1915,014519,NA,4,2,9,3300,0,3,5,NA,2,003,BUTTERFIELD STAGE ROAD,RANCHO CALIFORNIA ROAD,950,S,N,A,-,N,NA,NA,NA,NA,NA,NA,NA,NA,NA,Y,4,0,2,3,A,-,03,22350,NA,N,C,C,A,A,H,-,C,A,0,NA,NA,NA,NA,Y,NA,D,22,0,0,2,0,0,0,0,0,0,-,-,33.517799377441406,-117.09290313720705,RIVERSIDE,UNINCORPORATED,-117.09251403808594,33.51722717285156
90649491,2018,2018-01-26,9630,2018-01-18,1742,021796,NA,4,2,9,3300,0,2,S,NA,2,502,GRAPEFRUIT BLVD,62ND AVE,0,NA,Y,A,-,N,NA,NA,NA,NA,NA,NA,NA,NA,NA,Y,2,0,1,2,A,-,12,22450,A,N,D,C,A,A,H,-,D,A,0,NA,NA,NA,NA,Y,NA,D,22,1,0,0,0,0,0,0,0,0,-,-,33.59856033325195,-116.10321044921876,RIVERSIDE,UNINCORPORATED,-116.10323,33.59857
90650462,2018,2018-01-29,9685,2018-01-21,1701,015957,NA,7,2,9,3300,0,3,5,NA,2,002,SR-74,MAPES RD,265,E,N,A,-,Y,NA,NA,74,NA,NA,NA,NA,NA,NA,Y,3,0,4,2,A,-,09,21801,A,N,D,C,A,A,H,-,D,D,0,NA,NA,NA,NA,Y,NA,A,01,0,1,3,0,0,0,0,0,0,-,-,33.757930755615234,-117.27117919921876,RIVERSIDE,UNINCORPORATED,-117.27139282226563,33.75819778442383
90650946,2018,2018-01-30,9840,2018-01-21,2328,020220,NA,7,3,7,3313,0,1,1,NA,2,022,I-215 N/B,COLUMBIA AVE,1250,N,N,A,-,Y,NA,NA,215,NA,NA,NA,NA,NA,N,Y,4,0,1,1,C,-,18,NA,NA,N,E,J,A,A,H,-,D,D,0,NA,NA,NA,NA,Y,NA,-,-,0,0,1,0,0,0,0,0,0,-,-,34.004371643066406,-117.34966278076172,RIVERSIDE,RIVERSIDE,-117.3498077392578,34.00446701049805
9065125,2019,2020-05-12,3342,2019-10-22,1444,672,141,2,5,4,3342,0,0,0,NA,0,001,WASHINGTON AV,NIGHTHAWK WY,217,N,N,A,-,N,NA,NA,NA,NA,NA,NA,NA,NA,NA,N,4,0,1,2,A,-,21,22106,NA,N,C,C,A,A,H,-,A,A,0,NA,NA,NA,NA,Y,NA,A,01,0,0,1,0,0,0,0,0,0,-,-,33.56724166870117,-117.22882080078124,RIVERSIDE,MURRIETA,-117.22928619384766,33.56758117675781
9065129,2019,2020-05-12,3342,2019-10-26,0124,1147,305,6,5,4,3342,0,0,0,NA,0,003,ANTELOPE RD,MAPLETON AV,0,NA,Y,A,-,N,NA,NA,NA,NA,NA,NA,NA,NA,NA,Y,4,0,1,2,A,-,01,23152,NA,N,D,C,A,A,H,-,C,A,0,NA,NA,Y,NA,Y,Y,C,06,0,0,1,0,0,0,0,0,1,-,-,33.62702941894531,-117.17041778564452,RIVERSIDE,MURRIETA,-117.1706085205078,33.63206100463867
90653228,2018,2018-02-01,9655,2018-01-25,0910,018587,NA,4,1,9,3300,0,1,1,NA,2,206,I-10 E/B,MAIN ST.,5755,E,N,A,-,Y,NA,NA,10,NA,NA,NA,NA,NA,E,Y,4,0,2,1,A,-,08,22107,NA,N,E,I,A,A,H,-,A,D,0,NA,NA,NA,NA,Y,NA,A,01,0,0,2,0,0,0,0,0,0,-,-,33.920501708984375,-116.7584991455078,RIVERSIDE,UNINCORPORATED,-116.75850677490234,33.92055130004883
90654385,2018,2018-02-05,9840,2018-02-02,1806,021641,NA,5,2,9,3300,0,3,5,NA,2,003,HARLOW AVE,MCKINLEY ST,305,W,N,A,-,N,NA,NA,NA,NA,NA,NA,NA,NA,NA,Y,3,0,3,3,A,-,01,23152,A,N,A,C,A,A,H,-,C,D,0,NA,NA,NA,NA,Y,Y,A,07,0,2,1,0,0,0,0,0,0,-,-,33.880008697509766,-117.51290130615234,RIVERSIDE,UNINCORPORATED,-117.5127410888672,33.880008697509766
90655390,2018,2018-02-05,9840,2018-01-31,1555,014571,NA,3,2,6,3345,0,1,3,NA,2,010,SR-60 E/B,HALL AVE.,792,E,N,A,-,Y,NA,NA,NA,NA,NA,NA,NA,NA,NA,Y,4,0,1,2,A,-,03,22350,NA,N,C,C,A,A,H,-,A,D,0,NA,NA,NA,NA,Y,NA,A,01,0,0,1,0,0,0,0,0,0,-,-,34.02090072631836,-117.5510025024414,RIVERSIDE,JURUPA VALLEY,-117.39078521728516,34.0051383972168
90655878,2018,2018-02-06,9840,2018-01-29,0840,012208,NA,1,1,9,3300,0,3,5,NA,2,003,HARLOW AVE,LINCOLN ST,12,E,N,B,-,N,NA,NA,NA,NA,NA,NA,NA,NA,NA,N,4,0,1,2,A,-,10,21950,A,F,G,B,D,A,H,-,A,A,0,Y,NA,NA,NA,Y,NA,A,07,0,0,1,0,1,0,0,0,0,-,-,33.885169982910156,-117.50450897216795,RIVERSIDE,UNINCORPORATED,-117.50464630126952,33.88507843017578