CASE_ID,ACCIDENT_YEAR,PROC_DATE,JURIS,COLLISION_DATE,COLLISION_TIME,OFFICER_ID,REPORTING_DISTRICT,DAY_OF_WEEK,CHP_SHIFT,POPULATION,CNTY_CITY_LOC,SPECIAL_COND,BEAT_TYPE,CHP_BEAT_TYPE,CITY_DIVISION_LAPD,CHP_BEAT_CLASS,BEAT_NUMBER,PRIMARY_RD,SECONDARY_RD,DISTANCE,DIRECTION,INTERSECTION,WEATHER_1,WEATHER_2,STATE_HWY_IND,CALTRANS_COUNTY,CALTRANS_DISTRICT,STATE_ROUTE,ROUTE_SUFFIX,POSTMILE_PREFIX,POSTMILE,LOCATION_TYPE,RAMP_INTERSECTION,SIDE_OF_HWY,TOW_AWAY,COLLISION_SEVERITY,NUMBER_KILLED,NUMBER_INJURED,PARTY_COUNT,PRIMARY_COLL_FACTOR,PCF_CODE_OF_VIOL,PCF_VIOL_CATEGORY,PCF_VIOLATION,PCF_VIOL_SUBSECTION,HIT_AND_RUN,TYPE_OF_COLLISION,MVIW,PED_ACTION,ROAD_SURFACE,ROAD_COND_1,ROAD_COND_2,LIGHTING,CONTROL_DEVICE,CHP_ROAD_TYPE,PEDESTRIAN_ACCIDENT,BICYCLE_ACCIDENT,MOTORCYCLE_ACCIDENT,TRUCK_ACCIDENT,NOT_PRIVATE_PROPERTY,ALCOHOL_INVOLVED,STWD_VEHTYPE_AT_FAULT,CHP_VEHTYPE_AT_FAULT,COUNT_SEVERE_INJ,COUNT_VISIBLE_INJ,COUNT_COMPLAINT_PAIN,COUNT_PED_KILLED,COUNT_PED_INJURED,COUNT_BICYCLIST_KILLED,COUNT_BICYCLIST_INJURED,COUNT_MC_KILLED,COUNT_MC_INJURED,PRIMARY_RAMP,SECONDARY_RAMP,LATITUDE,LONGITUDE,COUNTY,CITY,POINT_X,POINT_Y
90656137,2018,2018-02-06,9840,2018-01-24,1655,017162,NA,3,2,6,3315,0,1,3,NA,2,030,SR-91 E/B,GREEN RIVER RD,987,W,N,A,-,Y,NA,NA,91,NA,NA,NA,NA,NA,E,Y,3,0,1,2,A,-,03,22350,NA,N,C,C,A,A,H,-,A,D,0,NA,NA,Y,NA,Y,NA,C,02,0,1,0,0,0,0,0,0,1,-,-,33.8726692199707,-117.66445922851563,RIVERSIDE,CORONA,-117.66449737548828,33.87271499633789
90656412,2017,2018-02-27,9840,2017-10-18,0700,016285,NA,3,1,7,3313,0,1,1,NA,2,024,INTERSTATE 215 N/B,EUCALYPTUS AVENUE,1500,S,N,A,-,Y,NA,NA,215,NA,NA,NA,NA,NA,N,Y,4,0,1,2,A,-,03,22350,NA,N,C,C,A,A,H,-,A,D,0,NA,NA,NA,NA,Y,NA,A,01,0,0,1,0,0,0,0,0,0,-,-,33.9314,-117.2891,RIVERSIDE,RIVERSIDE,-117.28882568,33.93145766
90657309,2018,2018-02-08,9840,2018-02-06,0238,020210,NA,2,3,4,3344,0,1,1,NA,2,011,I-15 S/B,BELLGRAVE AVE,227,S,N,A,-,Y,NA,NA,15,NA,NA,NA,NA,NA,S,Y,2,0,1,1,A,-,08,22107,NA,N,E,I,A,A,H,-,D,D,0,NA,NA,NA,NA,Y,NA,A,01,1,0,0,0,0,0,0,0,0,-,-,33.990970611572266,-117.55027770996094,RIVERSIDE,EASTVALE,-117.55027770996094,33.990970611572266
9065754,2020,2020-11-16,3300,2020-05-10,2058,4579,916A,7,5,4,3312,0,0,0,NA,0,031,PERRIS BL,RAMONA EXPWY,315,N,N,A,-,N,NA,NA,NA,NA,NA,NA,NA,NA,NA,Y,3,0,1,1,A,-,03,22350,NA,N,E,I,A,A,H,-,C,D,0,NA,NA,NA,NA,Y,NA,A,01,0,1,0,0,0,0,0,0,0,-,-,33.84458923339844,-117.22599792480467,RIVERSIDE,PERRIS,-117.22617340087892,33.84547424316406
9065859,2020,2020-11-17,3313,2020-05-17,1614,1827,4,7,5,7,3313,0,0,0,NA,0,T43,INDIANA AV,HASKELL ST,131,W,N,A,-,N,NA,NA,NA,NA,NA,NA,NA,NA,NA,Y,4,0,1,1,A,-,08,22107,NA,N,E,I,A,-,H,-,A,D,0,NA,NA,NA,NA,Y,NA,A,01,0,0,1,0,0,0,0,0,0,-,-,33.917991638183594,-117.4337921142578,RIVERSIDE,RIVERSIDE,-117.43366241455078,33.91854476928711
90660390,2018,2018-02-13,9685,2018-02-04,2100,015360,NA,7,2,5,3335,0,1,1,NA,2,030,I-15 SOUTHBOUND,RAINBOW VALLEY BLVD.,2640,N,N,A,-,Y,NA,NA,NA,NA,NA,NA,NA,NA,NA,Y,3,0,1,3,A,-,01,23152,A,N,B,C,A,A,H,-,D,D,0,NA,NA,NA,Y,Y,Y,D,22,0,1,0,0,0,0,0,0,0,-,-,33.456119537353516,-117.1385498046875,RIVERSIDE,TEMECULA,NA,NA
90660813,2018,2018-02-13,9630,2018-02-02,1550,021162,NA,5,2,9,3300,0,1,3,NA,1,074,SR-74,PALOWET DR,7920,E,N,A,-,Y,NA,NA,74,NA,NA,NA,NA,NA,NA,Y,2,0,1,1,A,-,08,22107,NA,N,E,J,A,A,H,-,A,D,0,NA,NA,Y,NA,Y,NA,C,02,1,0,0,0,0,0,0,0,1,-,-,33.645660400390625,-116.40614318847656,RIVERSIDE,UNINCORPORATED,-116.40615081787108,33.645694732666016
90660818,2018,2018-02-13,9685,2018-02-07,1740,013376,NA,3,2,5,3335,0,1,1,NA,2,030,I-15 NORTHBOUND,RANCHO CALIFORNIA ROAD,1000,N,N,B,-,Y,NA,NA,15,NA,NA,NA,NA,NA,N,Y,3,0,1,2,A,-,03,22350,NA,N,C,C,A,A,H,-,C,D,0,NA,NA,Y,NA,Y,NA,C,02,0,1,0,0,0,0,0,0,1,-,-,33.519039154052734,-117.16045379638672,RIVERSIDE,TEMECULA,-117.16043853759766,33.519046783447266
90661088,2018,2018-02-14,9840,2018-02-05,2115,018983,NA,1,2,9,3300,0,3,5,NA,2,003,DE PALMA ROAD,SANTIAGO CANYON ROAD,0,NA,Y,A,-,N,NA,NA,NA,NA,NA,NA,NA,NA,NA,Y,4,0,1,2,D,-,00,NA,NA,N,D,C,A,A,H,-,C,A,0,NA,NA,NA,NA,Y,NA,-,-,0,0,1,0,0,0,0,0,0,-,-,33.746219635009766,-117.45317840576172,RIVERSIDE,UNINCORPORATED,-117.45321655273438,33.746131896972656
9066185,2020,2020-07-15,3300,2020-03-13,0600,5253,420,5,5,2,3336,0,0,0,NA,0,020,BRYANT ST,LORETTA WY,0,NA,Y,B,C,N,NA,NA,NA,NA,NA,NA,NA,NA,NA,Y,4,0,1,1,A,-,00,23142,A,N,E,I,A,B,H,-,C,D,0,NA,NA,NA,NA,Y,Y,A,01,0,0,1,0,0,0,0,0,0,-,-,34.000919342041016,-117.03449249267578,RIVERSIDE,CALIMESA,-117.03449249267578,34.00083923339844
90661966,2018,2018-02-15,9840,2018-02-07,0225,015744,NA,3,3,4,3344,0,1,1,NA,2,011,I-15 S/B,N/RD EGDE OF BELLEGRAVE AVE,20,S,N,A,-,Y,NA,NA,15,NA,NA,NA,NA,NA,S,Y,3,0,1,1,A,-,01,23152,A,N,F,I,A,A,H,-,D,D,0,NA,NA,NA,NA,Y,Y,A,01,0,1,0,0,0,0,0,0,0,-,-,33.990291595458984,-117.55026245117188,RIVERSIDE,EASTVALE,-117.5501708984375,33.99030685424805
90661999,2018,2018-02-15,9655,2018-02-06,0410,017720,NA,2,3,9,3300,0,1,1,NA,2,206,I-10 EASTBOUND,SR-62,3696,W,N,A,-,Y,NA,NA,10,NA,NA,NA,NA,NA,E,Y,3,0,1,1,A,-,08,22107,NA,N,F,A,A,A,H,-,D,D,0,NA,NA,NA,NA,Y,NA,A,01,0,1,0,0,0,0,0,0,0,-,-,33.91733932495117,-116.61956787109376,RIVERSIDE,UNINCORPORATED,-116.61955261230467,33.91741180419922
9066249,2020,2020-07-29,3313,2020-04-27,1515,1977,2,1,5,7,3313,0,0,0,NA,0,T49,CANYON CREST DR,VIA CONCEPCION,12,W,N,A,-,N,NA,NA,NA,NA,NA,NA,NA,NA,NA,N,4,0,1,2,A,-,12,22450,A,N,D,C,A,-,H,-,A,A,0,NA,NA,NA,NA,Y,NA,A,01,0,0,1,0,0,0,0,0,0,-,-,33.94792938232422,-117.33123016357422,RIVERSIDE,RIVERSIDE,-117.33129119873048,33.949615478515625
9066324,2020,2020-09-02,3300,2020-04-19,0709,5564,Y82,7,5,3,3305,0,0,0,NA,0,Y82,CESAR CHAVEZ ST,AVE 53,0,NA,Y,A,-,N,NA,NA,NA,NA,NA,NA,NA,NA,NA,Y,4,0,1,2,A,-,12,21453,A,F,D,C,A,A,H,-,A,A,0,NA,NA,NA,NA,Y,NA,-,99,0,0,1,0,0,0,0,0,0,-,-,NA,NA,RIVERSIDE,COACHELLA,-116.181729,33.663818
9066355,2020,2020-08-27,3300,2020-04-25,2014,5488,916C,6,5,4,3312,0,0,0,NA,0,034,4TH ST,NAVAJO RD,225,W,N,A,-,N,NA,NA,NA,NA,NA,NA,NA,NA,NA,NA,2,0,1,2,A,-,11,21955,NA,N,G,B,D,A,H,-,C,D,0,Y,NA,NA,NA,Y,NA,N,60,1,0,0,0,1,0,0,0,0,-,-,NA,NA,RIVERSIDE,PERRIS,-117.24334716796876,33.781131744384766
9066358,2020,2020-08-27,3300,2020-04-27,1716,3552,916C,1,5,4,3312,0,0,0,NA,0,034,4TH ST,A ST,114,E,N,A,-,N,NA,NA,NA,NA,NA,NA,NA,NA,NA,NA,4,0,1,2,A,-,21,22106,NA,N,C,C,A,A,H,-,A,A,0,NA,NA,NA,NA,Y,NA,A,07,0,0,1,0,0,0,0,0,0,-,-,NA,NA,RIVERSIDE,PERRIS,-117.23438262939452,33.7823486328125
90665523,2018,2018-02-21,9840,2018-02-14,0830,013500,NA,3,1,4,3310,0,1,1,NA,2,011,I-15 N/B,FIFTH ST.,500,S,N,B,-,Y,NA,NA,15,NA,NA,NA,NA,NA,N,Y,4,0,1,2,A,-,03,22350,NA,N,C,C,A,A,H,-,A,D,0,NA,NA,NA,NA,Y,NA,D,22,0,0,1,0,0,0,0,0,0,-,-,33.927940368652344,-117.55625915527344,RIVERSIDE,NORCO,-117.55616760253906,33.92793273925781
90665699,2018,2018-02-21,9840,2018-02-14,1820,019844,NA,3,2,4,3310,0,1,1,NA,2,011,I-15 N/B TO SECOND ST.,SECOND ST.,650,S,N,A,-,Y,NA,NA,15,NA,NA,NA,R,NA,N,N,4,0,1,2,A,-,03,22350,NA,N,C,C,A,A,H,-,D,D,0,NA,NA,NA,NA,Y,NA,A,01,0,0,1,0,0,0,0,0,0,-,-,33.90803909301758,-117.55850219726563,RIVERSIDE,NORCO,-117.55850219726563,33.90803909301758
90666911,2018,2018-02-22,9685,2018-02-11,1540,016185,NA,7,2,9,3300,0,2,4,NA,2,023,SCOTT ROAD,BREIGHTON WOOD STREET,324,W,N,A,-,N,NA,NA,NA,NA,NA,NA,NA,NA,NA,Y,3,0,1,2,A,-,07,21658,A,N,B,C,A,A,H,-,A,D,0,NA,NA,NA,NA,Y,NA,D,22,0,1,0,0,0,0,0,0,0,-,-,33.641361236572266,-117.15096282958984,RIVERSIDE,UNINCORPORATED,-117.15074920654295,33.6414680480957
90668924,2018,2018-02-26,9840,2018-02-17,0400,018072,NA,6,3,9,3300,0,3,5,NA,2,004,MARKHAM STREET,DAY STREET,1634,E,N,A,-,N,NA,NA,NA,NA,NA,NA,NA,NA,NA,Y,2,0,1,3,A,-,01,23152,A,N,E,I,A,A,H,-,D,D,0,NA,NA,NA,NA,Y,Y,A,07,1,0,0,0,0,0,0,0,0,-,-,33.85158157348633,-117.27236938476563,RIVERSIDE,UNINCORPORATED,-117.27362823486328,33.85110855102539
90671948,2018,2018-02-28,9685,2018-02-15,1335,016347,NA,4,1,5,3341,0,1,1,NA,2,020,I-215 S/B TO SCOTT ROAD,SCOTT ROAD,800,N,N,A,-,Y,NA,NA,215,NA,NA,NA,R,NA,S,N,4,0,2,2,A,-,21,22106,NA,N,C,C,A,A,H,-,A,A,0,NA,NA,NA,Y,Y,NA,F,27,0,0,2,0,0,0,0,0,0,-,-,33.64461898803711,-117.17150115966795,RIVERSIDE,MENIFEE,-117.17150115966795,33.64461898803711
90671973,2018,2018-02-28,9840,2018-02-22,1530,014980,NA,4,2,6,3345,0,1,3,NA,2,010,SR-60 E/B,PYRITE ST.,50,E,N,A,-,Y,NA,NA,60,NA,NA,NA,NA,NA,E,Y,3,0,2,4,A,-,03,22350,NA,N,C,C,A,A,H,-,A,D,0,NA,NA,NA,NA,Y,NA,A,01,0,1,1,0,0,0,0,0,0,-,-,34.0159797668457,-117.46125030517578,RIVERSIDE,JURUPA VALLEY,-117.46125030517578,34.015987396240234
90672098,2018,2018-02-28,9685,2018-02-17,1325,016347,NA,6,1,4,3342,0,1,1,NA,2,034,I-215 S/B,MURRIETA HOT SPRINGS,2112,N,N,A,-,Y,NA,NA,215,NA,NA,NA,NA,NA,S,Y,4,0,3,4,A,-,03,22350,NA,N,C,C,A,A,H,-,A,D,0,NA,NA,NA,NA,Y,NA,A,01,0,0,3,0,0,0,0,0,0,-,-,33.56156921386719,-117.18100738525392,RIVERSIDE,MURRIETA,-117.18099212646484,33.56156921386719
90672108,2018,2018-02-28,9630,2018-02-15,1152,021882,NA,4,1,9,3300,0,2,S,NA,2,502,61ST AVE,HARRISON ST,1056,E,N,A,-,N,NA,NA,NA,NA,NA,NA,NA,NA,NA,N,3,0,1,1,C,-,18,NA,NA,N,H,H,A,A,H,-,A,D,0,NA,NA,Y,NA,Y,NA,-,-,0,1,0,0,0,0,0,0,1,-,-,33.605438232421875,-116.1886978149414,RIVERSIDE,UNINCORPORATED,-116.1777572631836,33.605682373046875
90672148,2018,2018-02-28,9685,2018-02-16,1230,015654,NA,5,1,5,3335,0,1,1,NA,2,030,I-15 NORTHBOUND,RANCHO CALIFORNIA ROAD,2118,N,N,A,-,Y,NA,NA,15,NA,NA,NA,NA,NA,N,Y,3,0,1,4,A,-,03,22350,NA,N,C,C,A,A,H,-,A,D,0,NA,NA,NA,NA,Y,NA,D,22,0,1,0,0,0,0,0,0,0,-,-,33.504940032958984,-117.15296173095705,RIVERSIDE,TEMECULA,-117.15306091308594,33.5048942565918
90674509,2018,2018-03-05,9840,2018-02-09,1535,017162,NA,5,2,6,3315,0,1,3,NA,2,031,SR-91 E/B,LINCOLN AVE,500,E,N,A,-,Y,NA,NA,91,NA,NA,NA,NA,NA,E,Y,4,0,1,4,A,-,03,22350,NA,N,C,C,A,A,H,-,A,D,0,NA,NA,NA,NA,Y,NA,D,22,0,0,1,0,0,0,0,0,0,-,-,33.880889892578125,-117.57559967041016,RIVERSIDE,CORONA,-117.57558441162108,33.88103103637695
90674710,2018,2018-03-05,9840,2018-02-04,0027,020601,NA,7,3,7,3313,0,1,1,NA,2,040,I-215 S/B,VAN BUREN BLVD,1000,S,N,A,-,Y,NA,NA,NA,NA,NA,NA,NA,NA,NA,Y,2,0,2,3,A,-,01,23152,A,N,B,C,A,A,H,-,D,D,0,NA,NA,NA,NA,Y,Y,A,01,2,0,0,0,0,0,0,0,0,-,-,33.88090133666992,-117.26789855957033,RIVERSIDE,RIVERSIDE,NA,NA
90674795,2018,2018-03-05,9685,2018-02-22,1900,016113,NA,4,2,4,3312,0,1,1,NA,2,020,I-215 NORTHBOUND,SR-74 U/C (LOWER),4500,N,N,B,-,Y,NA,NA,215,NA,NA,NA,NA,NA,N,Y,3,0,1,1,A,-,08,22107,NA,N,E,I,A,A,H,-,D,D,0,NA,NA,NA,NA,Y,NA,D,22,0,1,0,0,0,0,0,0,0,-,-,33.766910552978516,-117.19033050537108,RIVERSIDE,PERRIS,-117.19041442871094,33.766841888427734
90674912,2018,2018-03-05,9630,2018-03-03,0158,020645,NA,6,3,9,3300,0,2,S,NA,2,505,70TH AVE,CLEVELAND ST.,93,E,N,A,-,N,NA,NA,NA,NA,NA,NA,NA,NA,NA,Y,3,0,2,1,A,-,01,23152,A,N,F,A,A,A,H,-,D,D,0,NA,NA,NA,NA,Y,Y,A,08,0,2,0,0,0,0,0,0,0,-,-,33.54011154174805,-115.97389221191406,RIVERSIDE,UNINCORPORATED,-115.97384643554688,33.5400505065918
90675520,2018,2018-03-06,9840,2018-02-17,1605,019242,NA,6,2,9,3300,0,2,4,NA,2,042,VAN BUREN BOULEVARD,ORANGE TERRACE PARKWAY,4594,E,N,A,-,N,NA,NA,NA,NA,NA,NA,NA,NA,NA,Y,4,0,1,2,D,-,00,NA,NA,N,D,C,A,A,D,-,A,A,0,NA,NA,NA,NA,Y,NA,-,-,0,0,1,0,0,0,0,0,0,-,-,33.885398864746094,-117.28749847412108,RIVERSIDE,UNINCORPORATED,-117.28787994384766,33.885379791259766
9067670,2019,2020-08-03,3306,2019-12-31,1713,08/6,NA,2,5,3,3306,0,0,0,NA,0,3306,PALM DR,PAUL RD,662,S,N,A,-,N,NA,NA,NA,NA,NA,NA,NA,NA,NA,Y,4,0,1,2,A,-,03,22350,NA,N,C,C,A,A,H,-,B,A,0,NA,NA,NA,NA,Y,NA,A,01,0,0,1,0,0,0,0,0,0,-,-,NA,NA,RIVERSIDE,DESERT HOT SPRINGS,-116.50255584716795,33.88133239746094
90677547,2018,2018-03-08,9840,2018-03-03,0100,019874,NA,6,3,9,3300,0,2,4,NA,2,042,VAN BUREN BLVD.,VILLAGE WEST DR,150,E,N,B,C,N,NA,NA,NA,NA,NA,NA,NA,NA,NA,N,4,0,1,2,A,-,03,22350,NA,F,C,C,A,B,D,-,C,D,0,NA,NA,NA,NA,Y,NA,-,99,0,0,1,0,0,0,0,0,0,-,-,33.88666915893555,-117.28482818603516,RIVERSIDE,UNINCORPORATED,-117.2871322631836,33.885684967041016
90677802,2018,2018-03-08,9840,2018-03-07,1513,021613,NA,3,2,7,3313,0,1,3,NA,2,010,SR-60 E/B,MAIN ST,1000,W,N,B,-,Y,NA,NA,60,NA,NA,NA,NA,NA,E,N,4,0,2,3,A,-,03,22350,NA,N,C,C,A,A,H,-,A,D,0,NA,NA,NA,NA,Y,NA,D,22,0,0,2,0,0,0,0,0,0,-,-,33.998191833496094,-117.36921691894533,RIVERSIDE,RIVERSIDE,-117.36922454833984,33.998172760009766
90678259,2018,2018-03-08,9840,2018-03-05,0650,019576,NA,1,1,6,3315,0,1,3,NA,2,031,SR-91 W/B FROM MAIN ST.,MAIN ST,5,W,N,A,-,Y,NA,NA,91,NA,NA,NA,R,NA,W,N,2,0,1,2,A,-,11,21453,D,N,G,B,B,A,H,-,B,A,0,Y,NA,NA,NA,Y,NA,N,60,1,0,0,0,1,0,0,0,0,-,-,33.88069152832031,-117.56574249267578,RIVERSIDE,CORONA,-117.56574249267578,33.88069152832031
90679066,2018,2018-03-12,9840,2018-02-26,1842,021218,NA,1,2,9,3300,0,3,5,NA,2,004,OLD ELSINORE RD,PALM LN,30,N,N,A,-,N,NA,NA,NA,NA,NA,NA,NA,NA,NA,Y,4,0,2,2,A,-,03,22350,NA,N,C,C,A,A,H,-,D,D,0,NA,NA,NA,NA,Y,NA,A,01,0,0,2,0,0,0,0,0,0,-,-,33.82638168334961,-117.2838897705078,RIVERSIDE,UNINCORPORATED,-117.24066162109376,33.708648681640625
90679478,2018,2018-03-12,9655,2018-03-02,0730,019796,NA,5,1,9,3300,0,3,5,NA,2,003,SR-74 E/B,OLD STATE HIGHWAY,237,W,N,A,-,Y,NA,NA,74,NA,NA,NA,NA,NA,E,Y,4,0,1,2,A,-,07,21658,A,N,B,C,A,A,H,-,A,D,0,NA,NA,NA,NA,Y,NA,-,-,0,0,1,0,0,0,0,0,0,-,-,33.73891067504883,-117.08477020263672,RIVERSIDE,UNINCORPORATED,-117.08477020263672,33.738853454589844
90680912,2018,2018-03-13,9685,2018-03-03,1200,015360,NA,6,1,5,3335,0,1,1,NA,2,030,I-15 SOUTHBOUND,WINCHESTER RD.,300,N,N,B,-,Y,NA,NA,15,NA,NA,NA,NA,NA,S,Y,3,0,1,2,A,-,03,22350,NA,N,C,C,A,A,H,-,A,D,0,NA,NA,NA,NA,Y,NA,A,01,0,1,0,0,0,0,0,0,0,-,-,33.511409759521484,-117.15618133544922,RIVERSIDE,TEMECULA,-117.15639495849608,33.51131057739258
90681327,2018,2018-03-13,9655,2018-03-05,1840,015892,NA,1,2,9,3300,0,3,5,NA,2,001,WELLMAN ROAD,TERWILLIGER ROAD,39,W,N,A,-,N,NA,NA,NA,NA,NA,NA,NA,NA,NA,Y,4,0,2,2,A,-,05,21460,NA,N,A,C,A,A,H,-,D,D,0,NA,NA,NA,NA,Y,NA,A,01,0,0,2,0,0,0,0,0,0,-,-,33.54011154174805,-116.63092041015624,RIVERSIDE,UNINCORPORATED,-116.63102722167967,33.5404167175293
9068393,2020,2020-11-10,3300,2020-05-03,1458,N4883,002P,7,5,6,3345,0,0,0,NA,0,024,JURUPA RD,VAN BUREN BL,70,E,N,A,-,N,NA,NA,NA,NA,NA,NA,NA,NA,NA,N,4,0,2,2,A,-,12,21453,A,N,D,C,A,A,H,-,A,A,0,NA,NA,NA,NA,Y,NA,D,22,0,0,2,0,0,0,0,0,0,-,-,33.997169494628906,-117.48551940917967,RIVERSIDE,JURUPA VALLEY,-117.48526763916016,33.99708938598633
90686114,2018,2018-03-20,9655,2018-03-13,1825,018336,NA,2,2,9,3300,0,1,3,NA,1,312,SR-74 E/B,SR-79,280,W,N,C,-,Y,NA,NA,74,NA,NA,NA,NA,NA,E,N,4,0,2,3,A,-,03,22350,NA,N,C,C,A,B,H,-,B,A,0,NA,NA,NA,NA,Y,NA,A,07,0,0,2,0,0,0,0,0,0,-,-,33.73902893066406,-117.07752990722656,RIVERSIDE,UNINCORPORATED,-117.07752990722656,33.7390251159668
90686208,2018,2018-03-20,9630,2018-03-08,1945,021928,NA,4,2,9,3300,0,2,S,NA,2,502,CALHOUN STREET,52ND AVENUE,0,NA,Y,A,-,N,NA,NA,NA,NA,NA,NA,NA,NA,NA,Y,2,0,1,2,A,-,12,22450,A,N,D,C,A,A,H,-,D,A,0,NA,NA,NA,NA,Y,NA,A,01,1,0,0,0,0,0,0,0,0,-,-,33.67102813720703,-116.2164306640625,RIVERSIDE,UNINCORPORATED,-116.2077407836914,33.67087936401367
90686472,2018,2018-03-21,9840,2018-03-09,1510,014868,NA,5,2,6,3345,0,1,1,NA,2,011,I-15 N/B,CANTU-GALLEANO RANCH RD,528,N,N,A,-,Y,NA,NA,15,NA,NA,NA,NA,NA,N,N,4,0,1,2,A,-,03,22350,NA,N,C,C,A,A,H,-,A,D,0,NA,NA,NA,NA,Y,NA,A,01,0,0,1,0,0,0,0,0,0,-,-,34.00368881225586,-117.55039215087892,RIVERSIDE,JURUPA VALLEY,-117.55008697509766,34.003684997558594
90686538,2018,2018-03-21,9840,2018-03-06,1154,017441,NA,2,1,7,3313,0,1,3,NA,2,020,SR-91 E/B,JEFFERSON ST.,110,E,N,A,-,Y,NA,NA,91,NA,NA,NA,NA,NA,E,Y,4,0,2,4,A,-,07,21658,A,N,C,C,A,A,H,-,A,D,0,NA,NA,NA,NA,Y,NA,D,22,0,0,2,0,0,0,0,0,0,-,-,33.931819915771484,-117.41194152832033,RIVERSIDE,RIVERSIDE,-117.41192626953124,33.93179702758789
90687866,2018,2018-03-22,9630,2018-03-11,0330,021513,NA,7,3,9,3300,0,1,3,NA,2,086,SR-86 S/B,72ND AVE,3168,S,N,A,-,Y,NA,NA,86,NA,NA,NA,NA,NA,S,Y,2,0,1,1,A,-,01,23152,A,N,F,A,A,A,H,-,D,D,0,NA,NA,NA,NA,Y,Y,A,07,1,0,0,0,0,0,0,0,0,-,-,33.51552963256836,-116.0988998413086,RIVERSIDE,UNINCORPORATED,-116.09930419921876,33.51535415649414
90688073,2018,2018-03-22,9840,2018-03-15,1340,019361,NA,4,1,7,3313,0,1,1,NA,2,023,I-215 S/B,BLAINE STREET,1584,N,N,A,-,Y,NA,NA,215,NA,NA,NA,NA,NA,S,N,4,0,1,3,A,-,03,22350,NA,N,C,C,A,A,H,-,A,D,0,NA,NA,NA,NA,Y,NA,A,01,0,0,1,0,0,0,0,0,0,-,-,33.987300872802734,-117.34732818603516,RIVERSIDE,RIVERSIDE,-117.3473892211914,33.98723220825195
90690395,2018,2018-03-27,9840,2018-03-17,0300,021017,NA,6,3,7,3313,0,1,1,NA,2,023,I-215 S/B,CENTRAL AVE,600,S,N,B,C,Y,NA,NA,215,NA,NA,NA,NA,NA,S,Y,3,0,1,1,A,-,08,22107,NA,N,E,I,A,B,H,-,D,D,0,NA,NA,NA,NA,Y,NA,A,01,0,1,0,0,0,0,0,0,0,-,-,33.954219818115234,-117.30455017089844,RIVERSIDE,RIVERSIDE,-117.30478668212892,33.95403289794922
90691118,2018,2018-03-27,9655,2018-03-21,0705,018320,NA,3,1,9,3300,0,3,5,NA,2,003,GILMAN SPRINGS RD,SR-79,8976,W,N,A,-,N,NA,NA,NA,NA,NA,NA,NA,NA,NA,Y,4,0,1,1,A,-,08,22107,NA,N,E,I,A,A,H,-,A,D,0,NA,NA,NA,NA,Y,NA,A,01,0,0,1,0,0,0,0,0,0,-,-,33.861541748046875,-117.02456665039063,RIVERSIDE,UNINCORPORATED,-117.01779174804688,33.85569381713867
90691317,2018,2018-03-28,9655,2018-03-26,2205,018677,NA,1,3,9,3300,0,1,3,NA,2,213,SR-79 S/B,GILMAN SPRINGS RD,100,S,N,A,-,Y,NA,NA,79,NA,NA,NA,NA,NA,S,Y,2,0,1,3,A,-,01,23152,A,N,C,C,A,A,H,-,C,D,0,NA,NA,NA,NA,Y,Y,A,01,1,0,0,0,0,0,0,0,0,-,-,33.84326934814453,-117.00351715087892,RIVERSIDE,UNINCORPORATED,-117.00360107421876,33.843265533447266
90691360,2018,2018-03-28,9840,2018-03-19,2020,020102,NA,1,2,6,3394,0,1,3,NA,2,025,SR-60 E/B,GILMAN SPRINGS RD,2000,W,N,B,-,Y,NA,NA,60,NA,NA,NA,NA,NA,E,Y,2,0,1,2,A,-,08,22107,NA,N,B,C,A,A,H,-,D,D,0,NA,NA,NA,NA,Y,NA,A,01,1,0,0,0,0,0,0,0,0,-,-,33.93838119506836,-117.13427734375,RIVERSIDE,MORENO VALLEY,-117.13427734375,33.93838119506836
90691599,2018,2018-03-28,9840,2018-03-23,0833,015705,NA,5,1,4,3310,0,1,1,NA,2,011,I-15 S/B FROM SECOND ST.,SECOND ST.,871,S,N,B,-,Y,NA,NA,15,NA,NA,NA,R,NA,S,Y,3,0,2,2,A,-,03,22350,NA,N,C,C,A,A,H,-,A,A,0,NA,NA,NA,NA,Y,NA,A,01,0,2,0,0,0,0,0,0,0,-,-,33.907569885253906,-117.55963897705078,RIVERSIDE,NORCO,-117.55963897705078,33.907569885253906