CASE_ID,ACCIDENT_YEAR,PROC_DATE,JURIS,COLLISION_DATE,COLLISION_TIME,OFFICER_ID,REPORTING_DISTRICT,DAY_OF_WEEK,CHP_SHIFT,POPULATION,CNTY_CITY_LOC,SPECIAL_COND,BEAT_TYPE,CHP_BEAT_TYPE,CITY_DIVISION_LAPD,CHP_BEAT_CLASS,BEAT_NUMBER,PRIMARY_RD,SECONDARY_RD,DISTANCE,DIRECTION,INTERSECTION,WEATHER_1,WEATHER_2,STATE_HWY_IND,CALTRANS_COUNTY,CALTRANS_DISTRICT,STATE_ROUTE,ROUTE_SUFFIX,POSTMILE_PREFIX,POSTMILE,LOCATION_TYPE,RAMP_INTERSECTION,SIDE_OF_HWY,TOW_AWAY,COLLISION_SEVERITY,NUMBER_KILLED,NUMBER_INJURED,PARTY_COUNT,PRIMARY_COLL_FACTOR,PCF_CODE_OF_VIOL,PCF_VIOL_CATEGORY,PCF_VIOLATION,PCF_VIOL_SUBSECTION,HIT_AND_RUN,TYPE_OF_COLLISION,MVIW,PED_ACTION,ROAD_SURFACE,ROAD_COND_1,ROAD_COND_2,LIGHTING,CONTROL_DEVICE,CHP_ROAD_TYPE,PEDESTRIAN_ACCIDENT,BICYCLE_ACCIDENT,MOTORCYCLE_ACCIDENT,TRUCK_ACCIDENT,NOT_PRIVATE_PROPERTY,ALCOHOL_INVOLVED,STWD_VEHTYPE_AT_FAULT,CHP_VEHTYPE_AT_FAULT,COUNT_SEVERE_INJ,COUNT_VISIBLE_INJ,COUNT_COMPLAINT_PAIN,COUNT_PED_KILLED,COUNT_PED_INJURED,COUNT_BICYCLIST_KILLED,COUNT_BICYCLIST_INJURED,COUNT_MC_KILLED,COUNT_MC_INJURED,PRIMARY_RAMP,SECONDARY_RAMP,LATITUDE,LONGITUDE,COUNTY,CITY,POINT_X,POINT_Y
9069496,2020,2020-07-09,3325,2020-03-10,1311,C538,DESER,2,5,4,3325,0,0,0,NA,0,001,CATHEDRAL CANYON DR,DINAH SHORE DR,67,S,N,A,-,N,NA,NA,NA,NA,NA,NA,NA,NA,NA,Y,3,0,2,2,A,-,03,22350,NA,N,C,C,A,A,H,-,A,A,0,NA,NA,NA,NA,Y,Y,A,01,0,2,0,0,0,0,0,0,0,-,-,NA,NA,RIVERSIDE,CATHEDRAL CITY,-116.46680450439452,33.8011474609375
90696747,2018,2018-04-02,9840,2018-03-23,1515,012191,NA,5,2,4,3344,0,1,1,NA,2,011,I-15 S/B (ONTARIO FWY),SR-60,350,N,N,A,-,Y,NA,NA,15,NA,NA,NA,NA,NA,S,N,4,0,5,2,A,-,03,22350,NA,N,C,C,A,A,H,-,A,D,0,NA,NA,NA,NA,Y,NA,A,01,0,0,5,0,0,0,0,0,0,-,-,34.0283317565918,-117.55037689208984,RIVERSIDE,EASTVALE,-117.55045318603516,34.0283317565918
90697897,2018,2018-04-03,9655,2018-03-22,1750,014602,NA,4,2,9,3300,0,1,1,NA,2,206,I-10 E/B,SR-62,3297,W,N,C,-,Y,NA,NA,10,NA,NA,NA,NA,NA,E,Y,4,0,1,1,A,-,03,22350,NA,N,E,I,A,B,H,-,A,D,0,NA,NA,NA,NA,Y,NA,E,22,0,0,1,0,0,0,0,0,0,-,-,33.917579650878906,-116.619873046875,RIVERSIDE,UNINCORPORATED,-116.61988830566406,33.917476654052734
90699479,2018,2018-04-05,9685,2018-04-04,1201,017285,NA,3,1,5,3335,0,1,1,NA,2,030,I-15 S/B WINCHESTER ROAD OFF-RAMP,WINCHESTER ROAD,1250,N,N,A,-,Y,NA,NA,15,NA,NA,NA,NA,NA,S,N,4,0,1,3,A,-,03,22350,NA,N,C,C,A,A,H,-,A,D,0,NA,NA,NA,NA,Y,NA,D,22,0,0,1,0,0,0,0,0,0,-,-,33.52505874633789,-117.1652374267578,RIVERSIDE,TEMECULA,-117.16500854492188,33.52521514892578
90700214,2018,2018-04-06,9630,2018-03-23,0832,019807,NA,5,1,9,3300,0,1,3,NA,2,086,SR-86 N/B,50TH AVE,1056,N,N,A,-,Y,NA,NA,NA,NA,NA,NA,NA,NA,NA,Y,3,0,1,2,A,-,03,22350,NA,N,C,C,A,A,H,-,A,D,0,NA,NA,NA,NA,Y,NA,A,01,0,1,0,0,0,0,0,0,0,-,-,33.68959045410156,-116.16654205322266,RIVERSIDE,UNINCORPORATED,NA,NA
90702815,2018,2018-04-10,9840,2018-04-03,1420,017441,NA,2,2,7,3313,0,1,1,NA,2,023,I-215 S/B,CHICAGO AVE.,650,S,N,B,-,Y,NA,NA,215,NA,NA,NA,NA,NA,S,Y,4,0,1,4,A,-,07,21658,A,N,B,C,A,A,H,-,A,D,0,NA,NA,NA,Y,Y,NA,A,01,0,0,1,0,0,0,0,0,0,-,-,33.98672866821289,-117.34691619873048,RIVERSIDE,RIVERSIDE,-117.34688568115234,33.98676300048828
90704026,2018,2018-04-12,9840,2018-03-31,1558,020360,NA,6,2,7,3313,0,1,1,NA,2,023,I-215 S/B,FAIR ISLE DR,300,S,N,A,-,Y,NA,NA,215,NA,NA,NA,NA,NA,S,N,4,0,1,3,A,-,07,21658,A,N,B,C,A,A,H,-,A,D,0,NA,NA,NA,NA,Y,NA,A,07,0,0,1,0,0,0,0,0,0,-,-,33.947418212890625,-117.30056762695313,RIVERSIDE,RIVERSIDE,-117.30054473876952,33.94745635986328
90704037,2018,2018-04-12,9840,2018-03-29,0700,020945,NA,4,1,9,3300,0,1,1,NA,2,040,CACTUS AVE.,INNOVATION DR.,0,NA,Y,A,-,N,NA,NA,NA,NA,NA,NA,NA,NA,NA,Y,4,0,1,2,A,-,12,21453,A,N,D,C,A,A,H,-,A,A,0,NA,NA,NA,NA,Y,NA,A,01,0,0,1,0,0,0,0,0,0,-,-,33.90863037109375,-117.28502655029295,RIVERSIDE,UNINCORPORATED,-117.28507232666016,33.9086799621582
90704102,2018,2018-04-12,9840,2018-04-06,1220,019813,NA,5,1,9,3300,0,3,5,NA,2,002,IOWA AVE,MAIN ST,150,S,N,A,-,N,NA,NA,NA,NA,NA,NA,NA,NA,NA,N,4,0,1,2,A,-,21,22106,NA,N,C,C,A,A,H,-,A,D,0,NA,NA,NA,NA,Y,NA,D,22,0,0,1,0,0,0,0,0,0,-,-,34.01832962036133,-117.3393096923828,RIVERSIDE,UNINCORPORATED,-117.33854675292967,34.01939010620117
90705795,2018,2018-04-16,9655,2018-03-29,2215,019484,NA,4,3,9,3300,0,1,3,NA,1,314,SR-74 E/B,BEE CANYON TRUCK TRAIL,2112,E,N,A,-,Y,NA,NA,NA,NA,NA,NA,NA,NA,NA,Y,3,0,1,1,A,-,01,23152,A,N,F,A,A,A,H,-,D,D,0,NA,NA,NA,NA,Y,Y,A,01,0,1,0,0,0,0,0,0,0,-,-,33.73627853393555,-117.81854248046876,RIVERSIDE,UNINCORPORATED,-116.81790924072266,33.73647689819336
90705948,2018,2018-04-16,9630,2018-04-01,1659,021897,NA,7,2,9,3300,0,1,3,NA,2,015,SR-62 W/B,PAINTED HILLS RD,0,NA,Y,A,-,N,NA,NA,62,NA,NA,NA,NA,NA,W,Y,4,0,1,2,A,-,09,21802,A,N,D,C,A,A,H,-,A,D,0,NA,NA,NA,NA,Y,NA,A,08,0,0,1,0,0,0,0,0,0,-,-,33.940731048583984,-116.59664916992188,RIVERSIDE,UNINCORPORATED,-116.59657287597656,33.940711975097656
90706717,2018,2018-04-17,9840,2018-04-01,2115,018983,NA,7,2,9,3300,0,3,5,NA,2,003,TEMESCAL CANYON ROAD,DAWSON CANYON ROAD,1750,N,N,A,-,N,NA,NA,NA,NA,NA,NA,NA,NA,NA,Y,3,0,1,2,A,-,05,21460,A,N,D,C,A,A,H,-,C,D,0,NA,NA,NA,NA,Y,NA,A,01,0,1,0,0,0,0,0,0,0,-,-,33.78712844848633,-117.49224853515624,RIVERSIDE,UNINCORPORATED,-117.492154,33.786959
90707593,2018,2018-04-17,9685,2018-04-09,1950,017285,NA,1,2,9,3300,0,1,3,NA,1,012,SR-74,MOUNTAIN AVENUE,678,E,N,A,-,Y,NA,NA,74,NA,NA,NA,NA,NA,NA,Y,4,0,2,3,A,-,03,22350,NA,N,C,C,A,A,H,-,D,D,0,NA,NA,NA,NA,Y,Y,A,07,0,0,2,0,0,0,0,0,0,-,-,33.76551055908203,-117.2600326538086,RIVERSIDE,UNINCORPORATED,-117.26007843017578,33.76559066772461
90708285,2018,2018-04-18,9840,2018-04-15,2240,017546,NA,7,3,6,3345,0,1,3,NA,2,010,SR-60 W/B,WINEVILLE AVE,750,E,N,B,-,Y,NA,NA,60,NA,NA,NA,NA,NA,W,Y,3,0,1,3,A,-,01,23152,A,N,C,C,A,A,H,-,D,D,0,NA,NA,NA,Y,Y,Y,A,01,0,1,0,0,0,0,0,0,0,-,-,34.01860046386719,-117.53820037841795,RIVERSIDE,JURUPA VALLEY,-117.53818511962892,34.018653869628906
90708671,2018,2018-04-19,9840,2018-04-10,1826,015802,NA,2,2,9,3300,0,3,5,NA,2,004,MOUNTAIN AVE.,THEDA ST.,1048,E,N,A,-,N,NA,NA,NA,NA,NA,NA,NA,NA,NA,N,2,0,1,2,A,-,03,22350,NA,N,G,B,E,A,H,-,A,D,0,Y,NA,NA,NA,Y,Y,A,01,1,0,0,0,1,0,0,0,0,-,-,33.76464080810547,-117.2720184326172,RIVERSIDE,UNINCORPORATED,-117.2721710205078,33.764591217041016
90708704,2018,2018-04-19,9840,2018-03-15,1345,020058,NA,4,1,7,3313,0,1,1,NA,2,022,SR-91 E/B,SPRUCE ST.,1500,E,N,A,-,Y,NA,NA,91,NA,NA,NA,NA,NA,E,Y,4,0,4,6,A,-,03,22350,NA,N,C,C,A,A,H,-,A,D,0,NA,NA,NA,NA,Y,NA,A,01,0,0,4,0,0,0,0,0,0,-,-,33.994808197021484,-117.35649871826172,RIVERSIDE,RIVERSIDE,-117.35628509521484,33.994659423828125
90709523,2018,2018-04-20,9840,2018-04-11,0846,016853,NA,3,1,7,3313,0,1,3,NA,2,010,SR-60 E/B,MAIN ST,100,W,N,A,-,Y,NA,NA,60,NA,NA,NA,NA,NA,E,N,4,0,1,4,A,-,03,22350,NA,N,C,C,A,A,H,-,A,D,0,NA,NA,NA,NA,Y,NA,I,11,0,0,1,0,0,0,0,0,0,-,-,33.99639892578125,-117.36669921875,RIVERSIDE,RIVERSIDE,-117.3664321899414,33.997047424316406
9071056,2019,2020-05-13,3313,2019-12-27,1812,1475,4,5,5,7,3313,0,0,0,NA,0,M19,MADISON ST,GARDEN ST,31,N,N,A,-,N,NA,NA,NA,NA,NA,NA,NA,NA,NA,N,4,0,1,2,A,-,03,22350,NA,M,C,C,A,A,H,-,C,A,0,NA,NA,NA,NA,Y,NA,A,01,0,0,1,0,0,0,0,0,0,-,-,33.937538146972656,-117.40615844726563,RIVERSIDE,RIVERSIDE,-117.40613555908205,33.93736267089844
90710833,2018,2018-04-23,9685,2018-04-11,1840,016185,NA,3,2,9,3300,0,3,5,NA,2,003,DE PORTOLA ROAD,ANZA ROAD,0,NA,Y,A,-,N,NA,NA,NA,NA,NA,NA,NA,NA,NA,Y,3,0,2,2,A,-,12,22450,A,N,D,C,A,A,H,-,A,A,0,NA,NA,NA,NA,Y,NA,A,01,0,2,0,0,0,0,0,0,0,-,-,33.29439926147461,-117.03079986572266,RIVERSIDE,UNINCORPORATED,-117.0523681640625,33.495819091796875
90711039,2018,2018-04-23,9630,2018-04-12,0855,015876,NA,4,1,9,3300,0,1,1,NA,2,010,I-10 E/B,WALL ROAD O/C,1584,W,N,A,G,Y,NA,NA,10,NA,NA,NA,NA,NA,E,Y,2,0,1,1,A,-,03,22350,NA,N,F,A,A,A,H,-,A,D,0,NA,NA,Y,NA,Y,NA,C,02,1,0,0,0,0,0,0,0,1,-,-,33.91109085083008,-116.58767700195313,RIVERSIDE,UNINCORPORATED,-116.58770751953124,33.91094207763672
90712655,2018,2018-04-25,9685,2018-04-14,1738,016944,NA,6,2,4,3342,0,1,1,NA,2,030,I-15 S/B,WINCHESTER RD.,30,S,N,A,-,Y,NA,NA,NA,NA,NA,NA,NA,NA,NA,Y,4,0,1,2,A,-,03,22350,NA,N,C,C,A,A,H,-,A,D,0,NA,NA,NA,NA,Y,NA,A,01,0,0,1,0,0,0,0,0,0,-,-,33.52219009399414,-117.16294097900392,RIVERSIDE,MURRIETA,NA,NA
90712737,2018,2018-04-25,9685,2018-04-15,1525,015757,NA,7,2,5,3335,0,1,1,NA,2,030,I-15 N/B (TEMECULA VALLEY FWY),SANTIAGO RD,250,N,N,A,-,Y,NA,NA,15,NA,NA,NA,NA,NA,N,Y,4,0,1,2,A,-,03,22350,NA,N,F,A,A,A,H,-,A,D,0,NA,NA,Y,NA,Y,NA,C,02,0,0,1,0,0,0,0,0,1,-,-,33.49113845825195,-117.14440155029295,RIVERSIDE,TEMECULA,-117.14431762695313,33.491172790527344
90712969,2018,2018-04-25,9685,2018-04-17,1600,013925,NA,2,2,5,3335,0,1,1,NA,2,030,INTERSTATE 15 NORTHBOUND,TEMECULA PARKWAY,6336,S,N,A,-,Y,NA,NA,15,NA,NA,NA,NA,NA,N,N,4,0,1,2,A,-,03,22350,NA,N,C,C,A,A,H,-,A,D,0,NA,NA,NA,NA,Y,NA,A,01,0,0,1,0,0,0,0,0,0,-,-,33.459659576416016,-117.13587188720705,RIVERSIDE,TEMECULA,-117.13593292236328,33.459651947021484
90713123,2018,2018-04-25,9630,2018-03-04,1448,019843,NA,7,2,9,3300,0,1,3,NA,1,074,STATE ROUTE 74,PALOWET DRIVE,15840,W,N,A,-,Y,NA,NA,74,NA,NA,NA,NA,NA,NA,Y,1,1,0,2,A,-,08,22107,NA,N,A,C,A,A,H,-,A,D,0,NA,NA,Y,NA,Y,NA,C,02,0,0,0,0,0,0,0,1,0,-,-,33.65507125854492,-116.40193939208984,RIVERSIDE,UNINCORPORATED,-116.40194702148438,33.65506362915039
9071390,2020,2020-03-19,3300,2020-02-14,1409,N6635,001L4,5,5,6,3345,0,0,0,NA,0,016,RUBIDOUX BL,MISSION BL,143,S,N,A,-,N,NA,NA,NA,NA,NA,NA,NA,NA,NA,N,4,0,1,2,A,-,09,21804,A,N,D,C,A,A,H,-,A,D,0,NA,NA,NA,NA,Y,NA,A,07,0,0,1,0,0,0,0,0,0,-,-,33.99721908569336,-117.40730285644533,RIVERSIDE,JURUPA VALLEY,-117.40750885009766,33.996673583984375
90715555,2018,2018-04-27,9630,2018-04-14,1325,021921,NA,6,1,9,3300,0,1,1,NA,2,301,I-10 E/B,COTTONWOOD SPRING RD,5280,E,N,A,-,Y,NA,NA,10,NA,NA,NA,NA,NA,E,Y,2,0,1,1,C,-,18,NA,NA,N,F,A,A,A,H,-,A,D,0,NA,NA,NA,NA,Y,NA,-,-,1,0,0,0,0,0,0,0,0,-,-,33.659950256347656,-115.79492950439452,RIVERSIDE,UNINCORPORATED,-115.79492950439452,33.65998458862305
90715566,2018,2018-04-27,9840,2018-04-07,1809,019242,NA,6,2,7,3313,0,1,3,NA,2,020,SR-91 E/B,BUCHANON ST,100,E,N,A,-,Y,NA,NA,91,NA,NA,NA,NA,NA,E,Y,4,0,1,6,A,-,03,22350,NA,F,C,C,A,A,H,-,A,D,0,NA,NA,NA,NA,Y,NA,-,99,0,0,1,0,0,0,0,0,0,-,-,33.895301818847656,-117.49859619140624,RIVERSIDE,RIVERSIDE,-117.49861145019533,33.895320892333984
90718801,2018,2018-05-03,9655,2018-04-15,2135,020963,NA,7,2,9,3300,0,1,3,NA,2,212,STATE ROUTE 60 W/B,WESTERN KNOLLS AVENUE,2450,W,N,A,-,Y,NA,NA,60,NA,NA,NA,NA,NA,W,Y,4,0,1,5,A,-,03,22350,NA,N,C,C,A,A,H,-,D,D,0,NA,NA,NA,NA,Y,NA,E,22,0,0,1,0,0,0,0,0,0,-,-,33.933738708496094,-117.01634216308594,RIVERSIDE,UNINCORPORATED,-117.01634216308594,33.9337272644043
9071894,2019,2020-09-17,3308,2019-12-31,1959,10620,516,2,5,5,3308,0,0,0,NA,0,SOUTH,FLORIDA AV,PALM AV,132,W,N,A,-,Y,RIV,8,74,-,-,40.07,H,-,E,Y,4,0,1,2,A,-,09,21804,A,M,D,C,A,A,H,-,C,D,0,NA,NA,NA,NA,Y,NA,A,01,0,0,1,0,0,0,0,0,0,-,-,33.74755859375,-116.98046875,RIVERSIDE,HEMET,-116.98069763183594,33.747459411621094
90718949,2018,2018-05-03,9630,2018-04-21,0215,021409,NA,6,3,9,3300,0,2,S,NA,2,502,JACKSON ST,53RD AVE,1584,S,N,A,-,N,NA,NA,NA,NA,NA,NA,NA,NA,NA,Y,2,0,3,2,A,-,01,23152,A,N,C,C,A,A,H,-,D,D,0,NA,NA,NA,NA,Y,Y,A,07,1,2,0,0,0,0,0,0,0,-,-,33.65945816040039,-116.21659088134766,RIVERSIDE,UNINCORPORATED,-116.21658325195313,33.659446716308594
90719484,2018,2018-05-03,9655,2018-04-27,1917,019462,NA,5,2,9,3300,0,3,5,NA,2,003,FLORIDA AVE,CORNELL ST,0,NA,Y,A,-,Y,NA,NA,NA,NA,NA,NA,NA,NA,NA,Y,4,0,1,2,A,-,09,21802,A,N,D,C,A,A,H,-,A,D,0,NA,NA,NA,NA,Y,Y,A,07,0,0,1,0,0,0,0,0,0,-,-,33.74739074707031,-116.94132232666016,RIVERSIDE,UNINCORPORATED,-116.94125366210938,33.7476806640625
9071978,2020,2020-05-21,3313,2020-02-24,1430,1827,5,1,5,7,3313,0,0,0,NA,0,T43,ROBINSON AV,TYLER ST,15,E,N,A,-,N,NA,NA,NA,NA,NA,NA,NA,NA,NA,N,4,0,1,2,A,-,10,21950,A,M,G,B,B,A,H,-,A,A,0,Y,NA,NA,NA,Y,NA,A,01,0,0,1,0,1,0,0,0,0,-,-,33.937198638916016,-117.47933959960938,RIVERSIDE,RIVERSIDE,-117.4790496826172,33.9375
90720648,2018,2018-05-07,9840,2018-04-23,0120,020305,NA,1,3,9,3300,0,2,4,NA,2,043,RAMONA EXPY,MARTIN ST,400,E,N,A,-,N,NA,NA,NA,NA,NA,NA,NA,NA,NA,Y,2,0,1,1,A,-,01,23152,A,N,E,I,A,A,H,-,D,D,0,NA,NA,NA,NA,Y,Y,A,07,1,0,0,0,0,0,0,0,0,-,-,33.84014892578125,-117.1493911743164,RIVERSIDE,UNINCORPORATED,-117.14166259765624,33.84154510498047
90720650,2018,2018-05-07,9840,2018-04-24,0525,019042,NA,2,3,9,3300,0,2,4,NA,2,043,RAMONA EXPY,5TH ST,1481,E,N,A,-,N,NA,NA,NA,NA,NA,NA,NA,NA,NA,Y,4,0,1,2,A,-,03,22350,NA,N,C,C,A,A,H,-,B,D,0,NA,NA,NA,NA,Y,NA,A,01,0,0,1,0,0,0,0,0,0,-,-,33.84001159667969,-117.09629821777344,RIVERSIDE,UNINCORPORATED,-117.09632110595705,33.83989334106445
9072124,2020,2020-05-19,3300,2020-02-22,1045,4850,601E1,6,5,6,3394,0,0,0,NA,0,MV16,IRONWOOD AV,KEVIN ST,0,NA,Y,B,-,N,NA,NA,NA,NA,NA,NA,NA,NA,NA,N,3,0,3,2,A,-,09,21801,A,N,D,C,A,A,H,-,A,D,0,NA,NA,NA,NA,Y,NA,A,01,0,1,2,0,0,0,0,0,0,-,-,33.946720123291016,-117.23799896240234,RIVERSIDE,MORENO VALLEY,-117.2379913330078,33.94664001464844
90723207,2018,2018-05-09,9840,2018-05-08,1025,014497,NA,2,1,7,3313,0,1,1,NA,2,023,I-215 N/B,FAIR ISLE DRIVE,1056,S,N,A,-,Y,NA,NA,215,NA,NA,NA,NA,NA,N,N,4,0,1,2,A,-,03,22350,NA,N,C,C,A,A,H,-,A,D,0,NA,NA,NA,NA,Y,NA,A,07,0,0,1,0,0,0,0,0,0,-,-,33.946720123291016,-117.29826354980467,RIVERSIDE,RIVERSIDE,-117.2982940673828,33.946617126464844
90723636,2018,2018-05-10,9840,2018-05-03,1330,017893,NA,4,1,7,3313,0,1,3,NA,2,020,SR-91 E/B,TYLER ST,2400,E,N,A,-,Y,NA,NA,91,NA,NA,NA,NA,NA,E,Y,4,0,1,3,A,-,03,22350,NA,N,C,C,A,A,H,-,A,D,0,NA,NA,NA,NA,Y,NA,A,01,0,0,1,0,0,0,0,0,0,-,-,33.910499572753906,-117.44930267333984,RIVERSIDE,RIVERSIDE,-117.44931030273438,33.9105224609375
90723781,2018,2018-05-10,9840,2018-05-09,0830,012208,NA,3,1,7,3313,0,1,3,NA,2,020,SR-91 W/B {RIVERSIDE FREEWAY},LA SIERRA AVENUE,0,NA,N,B,-,Y,NA,NA,91,NA,NA,NA,NA,NA,W,N,3,0,1,2,A,-,03,22350,NA,N,F,A,A,A,H,-,A,D,0,NA,NA,Y,NA,Y,NA,C,02,0,1,0,0,0,0,0,0,1,-,-,33.899879455566406,-117.47406768798828,RIVERSIDE,RIVERSIDE,-117.47406768798828,33.899879455566406
90723818,2018,2018-05-10,9655,2018-05-01,1050,013757,NA,2,1,9,3300,0,3,5,NA,2,003,RAWLINGS RD.,VISTA DEL VALLE`,85,W,N,B,-,N,NA,NA,NA,NA,NA,NA,NA,NA,NA,Y,3,0,1,1,A,-,01,23152,A,N,E,I,A,A,H,-,A,D,0,NA,NA,NA,NA,Y,Y,A,01,0,1,0,0,0,0,0,0,0,-,-,33.715370178222656,-116.92542266845705,RIVERSIDE,UNINCORPORATED,-116.92527770996094,33.71535110473633
90724702,2018,2018-06-13,9685,2018-05-08,0940,017285,NA,2,1,5,3335,0,1,1,NA,2,030,I-15 S/B,RANCHO CALIFORNIA ROAD,590,N,N,A,-,Y,NA,NA,15,NA,NA,NA,NA,NA,S,Y,4,0,1,5,A,-,03,22350,NA,M,C,C,A,A,H,-,A,D,0,NA,NA,NA,NA,Y,NA,A,01,0,0,1,0,0,0,0,0,0,-,-,33.50233840942383,-117.15223693847656,RIVERSIDE,TEMECULA,-117.1522979736328,33.502315521240234
90725370,2018,2018-05-14,9655,2018-04-20,2138,021008,NA,5,2,9,3300,0,1,3,NA,2,212,STATE ROUTE 60,GILMAN SPRINGS ROAD,12144,E,N,A,-,Y,NA,NA,60,NA,NA,NA,NA,NA,NA,N,4,0,2,4,A,-,03,22350,NA,M,C,C,A,A,H,-,D,D,0,NA,NA,NA,NA,Y,NA,A,01,0,0,2,0,0,0,0,0,0,-,-,33.94194030761719,-117.0888214111328,RIVERSIDE,UNINCORPORATED,-117.08882904052734,33.94196319580078
90727258,2018,2018-05-16,9840,2018-05-10,0546,019719,NA,4,3,7,3313,0,1,1,NA,2,022,I-215 S/B,CENTER ST,750,S,N,A,-,Y,NA,NA,215,NA,NA,NA,NA,NA,S,Y,4,0,1,4,A,-,07,21658,A,N,B,C,A,A,H,-,A,D,0,NA,NA,NA,Y,Y,NA,F,26,0,0,1,0,0,0,0,0,0,-,-,34.01308059692383,-117.34417724609376,RIVERSIDE,RIVERSIDE,-117.34423065185548,34.01311492919922
90728425,2018,2018-05-17,9840,2018-05-13,1045,019813,NA,7,1,7,3313,0,1,3,NA,2,251,SR-60 W/B,DAY ST,400,W,N,B,-,Y,NA,NA,NA,NA,NA,NA,NA,NA,NA,Y,4,0,2,2,A,-,03,22350,NA,N,C,C,A,A,H,-,A,D,0,NA,NA,NA,NA,Y,NA,D,22,0,0,2,0,0,0,0,0,0,-,-,33.94662094116211,-117.28669738769533,RIVERSIDE,RIVERSIDE,-117.28023529052734,33.94292068481445
90728640,2018,2018-05-17,9840,2018-05-11,1519,018611,NA,5,2,6,3315,0,1,3,NA,2,030,SR-91 E/B,SMITH AVENUE,200,W,N,B,-,Y,NA,NA,91,NA,NA,NA,NA,NA,E,Y,4,0,3,2,A,-,03,22350,NA,N,C,C,A,A,H,-,A,D,0,NA,NA,NA,NA,Y,NA,A,01,0,0,3,0,0,0,0,0,0,-,-,33.881500244140625,-117.59480285644533,RIVERSIDE,CORONA,-117.59480285644533,33.881507873535156
90729035,2018,2018-05-18,9840,2018-04-18,1134,015789,NA,3,1,7,3313,0,1,1,NA,2,023,I-215 NB,CENTRAL AVE,50,S,N,A,-,Y,NA,NA,NA,NA,NA,NA,NA,NA,NA,N,4,0,1,2,A,-,03,22350,NA,N,C,C,A,A,H,-,A,D,0,NA,NA,NA,NA,Y,NA,A,01,0,0,1,0,0,0,0,0,0,-,-,33.95880126953125,-117.30909729003906,RIVERSIDE,RIVERSIDE,NA,NA
90729054,2018,2018-05-18,9840,2018-05-06,0730,021261,NA,7,1,9,3300,0,3,5,NA,2,002,IOWA AVE,LA CADENA DR EAST,0,NA,Y,A,-,N,NA,NA,NA,NA,NA,NA,NA,NA,NA,Y,4,0,1,2,A,-,09,21802,A,N,D,C,A,A,H,-,A,A,0,NA,NA,NA,NA,Y,NA,A,01,0,0,1,0,0,0,0,0,0,-,-,34.01818084716797,-117.33998107910156,RIVERSIDE,UNINCORPORATED,-117.3397216796875,34.018760681152344
90730123,2018,2018-05-21,9840,2018-05-15,2025,020210,NA,2,2,7,3313,0,1,3,NA,2,021,SR-91 E/B,MISSION INN AVE,275,W,N,A,-,Y,NA,NA,91,NA,NA,NA,NA,NA,E,Y,4,0,2,2,A,-,03,22350,NA,N,C,C,A,A,H,-,D,D,0,NA,NA,NA,NA,Y,NA,D,22,0,0,2,0,0,0,0,0,0,-,-,33.980159759521484,-117.369873046875,RIVERSIDE,RIVERSIDE,-117.3698272705078,33.9801139831543
90730927,2018,2018-05-22,9840,2018-05-15,0953,017459,NA,2,1,7,3313,0,1,3,NA,2,021,SR-91 W/B,3RD STREET,1000,E,N,A,-,Y,NA,NA,91,NA,NA,NA,NA,NA,W,Y,3,0,4,4,A,-,08,22107,NA,N,C,E,A,A,H,-,A,D,0,NA,NA,NA,NA,Y,NA,A,08,0,3,1,0,0,0,0,0,0,-,-,33.9858283996582,-117.36495208740234,RIVERSIDE,RIVERSIDE,-117.36495208740234,33.98583221435547
90731670,2018,2018-07-30,9840,2018-05-14,1620,017441,NA,1,2,7,3313,0,1,1,NA,2,023,I-215 N/B,BLAINE ST.,50,N,N,A,-,Y,NA,NA,215,NA,NA,NA,NA,NA,N,Y,3,0,2,4,A,-,07,21658,A,N,C,C,A,A,H,-,A,D,0,NA,NA,NA,NA,Y,NA,-,-,0,1,1,0,0,0,0,0,0,-,-,33.98324966430664,-117.34300994873048,RIVERSIDE,RIVERSIDE,-117.34297943115234,33.983280181884766
90732531,2018,2018-05-23,9840,2018-05-22,1616,016853,NA,2,2,7,3313,0,1,1,NA,2,022,I-215 N/B,COLUMBIA AVE,200,S,N,A,-,Y,NA,NA,215,NA,NA,NA,NA,NA,N,N,4,0,1,3,A,-,03,22350,NA,N,C,C,A,A,H,-,A,D,0,NA,NA,NA,NA,Y,NA,D,22,0,0,1,0,0,0,0,0,0,-,-,34.000301361083984,-117.35250091552734,RIVERSIDE,RIVERSIDE,-117.35253143310548,34.00032043457031
90732835,2018,2018-05-24,9840,2018-05-21,1755,015663,NA,1,2,9,3300,0,3,5,NA,2,003,WEIRICK RD,I-15,120,W,N,A,-,N,NA,NA,NA,NA,NA,NA,NA,NA,NA,Y,4,0,1,2,A,-,03,22350,NA,N,C,C,A,A,H,-,A,A,0,NA,NA,NA,NA,Y,NA,A,01,0,0,1,0,0,0,0,0,0,-,-,33.80686950683594,-117.50814056396484,RIVERSIDE,UNINCORPORATED,-117.50846862792967,33.806663513183594