CASE_ID,ACCIDENT_YEAR,PROC_DATE,JURIS,COLLISION_DATE,COLLISION_TIME,OFFICER_ID,REPORTING_DISTRICT,DAY_OF_WEEK,CHP_SHIFT,POPULATION,CNTY_CITY_LOC,SPECIAL_COND,BEAT_TYPE,CHP_BEAT_TYPE,CITY_DIVISION_LAPD,CHP_BEAT_CLASS,BEAT_NUMBER,PRIMARY_RD,SECONDARY_RD,DISTANCE,DIRECTION,INTERSECTION,WEATHER_1,WEATHER_2,STATE_HWY_IND,CALTRANS_COUNTY,CALTRANS_DISTRICT,STATE_ROUTE,ROUTE_SUFFIX,POSTMILE_PREFIX,POSTMILE,LOCATION_TYPE,RAMP_INTERSECTION,SIDE_OF_HWY,TOW_AWAY,COLLISION_SEVERITY,NUMBER_KILLED,NUMBER_INJURED,PARTY_COUNT,PRIMARY_COLL_FACTOR,PCF_CODE_OF_VIOL,PCF_VIOL_CATEGORY,PCF_VIOLATION,PCF_VIOL_SUBSECTION,HIT_AND_RUN,TYPE_OF_COLLISION,MVIW,PED_ACTION,ROAD_SURFACE,ROAD_COND_1,ROAD_COND_2,LIGHTING,CONTROL_DEVICE,CHP_ROAD_TYPE,PEDESTRIAN_ACCIDENT,BICYCLE_ACCIDENT,MOTORCYCLE_ACCIDENT,TRUCK_ACCIDENT,NOT_PRIVATE_PROPERTY,ALCOHOL_INVOLVED,STWD_VEHTYPE_AT_FAULT,CHP_VEHTYPE_AT_FAULT,COUNT_SEVERE_INJ,COUNT_VISIBLE_INJ,COUNT_COMPLAINT_PAIN,COUNT_PED_KILLED,COUNT_PED_INJURED,COUNT_BICYCLIST_KILLED,COUNT_BICYCLIST_INJURED,COUNT_MC_KILLED,COUNT_MC_INJURED,PRIMARY_RAMP,SECONDARY_RAMP,LATITUDE,LONGITUDE,COUNTY,CITY,POINT_X,POINT_Y
90834031,2018,2018-10-11,9840,2018-10-02,2235,020210,NA,2,3,9,3300,0,1,1,NA,2,037,I-15 N/B,INDIAN TRUCK TRAIL,2600,S,N,A,-,Y,NA,NA,15,NA,NA,NA,NA,NA,N,Y,2,0,1,1,A,-,01,23152,F,N,E,I,A,A,H,-,D,D,0,NA,NA,NA,NA,Y,NA,A,07,1,0,0,0,0,0,0,0,0,-,-,33.74489974975586,-117.4447021484375,RIVERSIDE,UNINCORPORATED,-117.44467163085938,33.74495315551758
90835615,2018,2018-10-15,9655,2018-10-06,1448,019796,NA,6,2,9,3300,0,1,3,NA,1,314,SR-74 E/B,BEE CANYON TRUCK TRAIL,1056,E,N,A,-,Y,NA,NA,74,NA,NA,NA,NA,NA,E,Y,3,0,1,1,A,-,08,22107,NA,N,E,I,A,A,H,-,A,A,0,NA,NA,Y,NA,Y,NA,C,02,0,1,0,0,0,0,0,0,1,-,-,33.736270904541016,-116.81903839111328,RIVERSIDE,UNINCORPORATED,-116.81903839111328,33.73628234863281
90835859,2018,2018-10-15,9685,2018-10-05,1125,015295,NA,5,1,9,3300,0,3,5,NA,2,004,WILSON VALLEY ROAD,SAGE ROAD,8448,E,N,A,-,N,NA,NA,NA,NA,NA,NA,NA,NA,NA,Y,3,0,1,1,A,-,08,22107,NA,N,E,I,A,A,H,-,A,D,0,NA,NA,Y,NA,Y,NA,C,02,0,1,0,0,0,0,0,0,1,-,-,33.5225715637207,-116.87326049804688,RIVERSIDE,UNINCORPORATED,-116.87441253662108,33.5233039855957
90836266,2018,2018-10-15,9655,2018-10-05,1123,018320,NA,5,1,9,3300,0,3,5,NA,2,002,14350 S. HIGHLAND HOME ROAD,LAIRD RD,1056,N,N,A,-,N,NA,NA,NA,NA,NA,NA,NA,NA,NA,Y,3,0,1,1,A,-,01,23152,A,N,E,I,A,A,H,-,A,D,0,NA,NA,NA,NA,Y,Y,A,01,0,1,0,0,0,0,0,0,0,-,-,33.912349700927734,-116.92874145507813,RIVERSIDE,UNINCORPORATED,-116.92874145507813,33.912349700927734
90836913,2018,2018-10-16,9840,2018-10-05,1155,019219,NA,5,1,9,3300,0,2,4,NA,2,042,VAN BUREN BOULEVARD,MERIDIAN PARKWAY,0,NA,Y,A,-,N,NA,NA,NA,NA,NA,NA,NA,NA,NA,Y,4,0,1,2,D,-,00,NA,NA,N,A,C,A,A,H,-,A,A,0,NA,NA,NA,NA,Y,NA,-,-,0,0,1,0,0,0,0,0,0,-,-,33.88777160644531,-117.27999114990234,RIVERSIDE,UNINCORPORATED,-117.27995300292967,33.88779830932617
90839174,2018,2018-10-18,9840,2018-10-11,1345,020945,NA,4,1,7,3313,0,1,3,NA,2,021,SR-91 E/B,ARLINGTON AVE.,500,E,N,A,-,Y,NA,NA,91,NA,NA,NA,NA,NA,E,Y,4,0,1,3,A,-,03,22350,NA,N,C,C,A,A,H,-,A,D,0,NA,NA,NA,NA,Y,NA,A,01,0,0,1,0,0,0,0,0,0,-,-,33.94873046875,-117.38623046875,RIVERSIDE,RIVERSIDE,-117.38623809814452,33.948734283447266
90839634,2018,2018-10-19,9840,2018-09-24,0931,015789,NA,1,1,4,3307,0,1,1,NA,2,037,I-15 S/B,LAKE ST.,6072,S,N,A,-,Y,NA,NA,NA,NA,NA,NA,NA,NA,NA,Y,2,0,1,1,A,-,08,22107,NA,N,E,I,A,A,H,-,A,D,0,NA,NA,NA,NA,Y,NA,A,07,1,0,0,0,0,0,0,0,0,-,-,33.725868225097656,-117.72586822509766,RIVERSIDE,LAKE ELSINORE,-117.3935317993164,33.729881286621094
90839834,2018,2018-10-19,9840,2018-10-15,0830,012208,NA,1,1,4,3344,0,1,1,NA,2,011,I-15 S/B {CORONA MALL FREEWAY},BELLEGRAVE AVENUE,694,N,N,A,-,Y,NA,NA,15,NA,NA,NA,NA,NA,S,N,4,0,1,2,A,-,08,22107,NA,N,C,C,A,A,H,-,A,D,0,NA,NA,NA,NA,Y,NA,A,01,0,0,1,0,0,0,0,0,0,-,-,33.99298095703125,-117.550537109375,RIVERSIDE,EASTVALE,-117.55046844482422,33.99298095703125
90840561,2018,2018-10-22,9630,2018-10-16,1332,018451,NA,2,1,9,3300,0,1,1,NA,2,301,I-10 W/B,BOX CANYON RD,5280,W,N,A,-,Y,NA,NA,10,NA,NA,NA,NA,NA,W,Y,3,0,1,1,A,-,08,22107,NA,N,F,A,A,A,H,-,A,D,0,NA,NA,NA,NA,Y,NA,A,07,0,1,0,0,0,0,0,0,0,-,-,33.66099166870117,-115.8188018798828,RIVERSIDE,UNINCORPORATED,-115.8188018798828,33.66098403930664
90841715,2018,2018-10-22,9685,2018-10-12,0615,016838,NA,5,1,5,3335,0,1,3,NA,1,039,SR-79 (TEMECULA PARKWAY),HORIZON VIEW STREET,0,NA,Y,A,-,Y,NA,NA,NA,NA,NA,NA,NA,NA,NA,Y,4,0,2,2,A,-,09,21802,A,N,D,C,A,A,H,-,D,D,0,NA,NA,NA,NA,Y,NA,A,01,0,0,2,0,0,0,0,0,0,-,-,33.488929748535156,-117.06668853759766,RIVERSIDE,TEMECULA,-117.0667724609375,33.48931121826172
90843188,2018,2018-10-24,9655,2018-10-14,2255,021008,NA,7,3,9,3300,0,1,3,NA,1,314,STATE ROUTE 74,BEE CANYON TRUCK TRAIL,2112,W,N,A,-,N,NA,NA,74,NA,NA,NA,NA,NA,NA,Y,3,0,4,2,A,-,01,23153,A,N,A,C,A,A,H,-,D,D,0,NA,NA,NA,NA,Y,Y,A,01,0,1,3,0,0,0,0,0,0,-,-,33.736881256103516,-116.82749176025392,RIVERSIDE,UNINCORPORATED,-116.82749176025392,33.73683547973633
90843314,2018,2018-10-24,9840,2018-10-17,0741,014868,NA,3,1,7,3313,0,1,3,NA,2,201,SR-91 E/B,TYLER ST,60,W,N,A,-,Y,NA,NA,91,NA,NA,NA,NA,NA,E,N,4,0,2,2,A,-,03,22350,NA,N,C,C,A,A,H,-,A,D,0,NA,NA,NA,NA,Y,NA,A,01,0,0,2,0,0,0,0,0,0,-,-,33.9061393737793,-117.45703125,RIVERSIDE,RIVERSIDE,-117.45703887939452,33.90615463256836
90844814,2018,2018-10-25,9840,2018-10-17,1558,020945,NA,3,2,9,3300,0,3,5,NA,2,003,TEMESCAL CANYON RD.,MINNESOTA RD.,15,S,N,A,-,N,NA,NA,NA,NA,NA,NA,NA,NA,NA,N,4,0,1,2,A,-,03,22350,NA,N,C,C,A,A,H,-,A,D,0,NA,NA,NA,NA,Y,NA,D,22,0,0,1,0,0,0,0,0,0,-,-,33.83567810058594,-117.52233123779295,RIVERSIDE,UNINCORPORATED,-117.5223388671875,33.835662841796875
90844942,2018,2018-10-25,9685,2018-10-23,1830,015757,NA,2,2,9,3300,0,1,1,NA,2,030,I-15 N/B (TEMECULA VALLEY FWY),RAINBOW VALLEY BLVD,2640,N,N,A,-,Y,NA,NA,15,NA,NA,NA,NA,NA,N,N,3,0,2,2,A,-,03,22350,NA,N,C,C,A,A,H,-,D,D,0,NA,NA,NA,NA,Y,NA,A,07,0,1,1,0,0,0,0,0,0,-,-,33.43767166137695,-117.13950347900392,RIVERSIDE,UNINCORPORATED,-117.13941192626952,33.43762969970703
90846525,2018,2018-10-26,9840,2018-10-14,2027,020535,NA,7,2,9,3300,0,3,5,NA,2,004,NUEVO RD.,ROSARY AVE,500,E,N,A,-,N,NA,NA,NA,NA,NA,NA,NA,NA,NA,Y,4,0,2,2,A,-,09,21801,A,N,D,C,A,A,H,-,D,D,0,NA,NA,NA,NA,Y,NA,A,01,0,0,2,0,0,0,0,0,0,-,-,33.80128860473633,-117.1415786743164,RIVERSIDE,UNINCORPORATED,-117.1416473388672,33.80126190185547
90846531,2018,2018-10-26,9840,2018-10-17,0120,019017,NA,3,3,9,3300,0,3,5,NA,2,003,ONTARIO AVENUE,RISING SUN ROAD,150,E,N,A,-,N,NA,NA,NA,NA,NA,NA,NA,NA,NA,Y,3,0,1,2,A,-,03,22350,NA,F,C,C,A,A,H,-,C,D,0,NA,NA,NA,NA,Y,NA,-,99,0,1,0,0,0,0,0,0,0,-,-,33.83879852294922,-117.52768707275392,RIVERSIDE,UNINCORPORATED,-117.5277099609375,33.838829040527344
90846856,2018,2018-10-26,9655,2018-10-21,1655,021048,NA,7,2,9,3300,0,1,3,NA,2,212,SR-60 W/B,GILMAN SPRINGS RD,5808,E,N,A,-,Y,NA,NA,60,NA,NA,NA,NA,NA,W,Y,4,0,1,1,A,-,03,22350,NA,N,H,A,A,A,H,-,A,D,0,NA,NA,NA,NA,Y,NA,E,22,0,0,1,0,0,0,0,0,0,-,-,33.93600082397461,-117.10709381103516,RIVERSIDE,UNINCORPORATED,-117.1070556640625,33.93593215942383
9084698,2020,2020-06-26,3300,2020-03-19,0911,4323,910B,4,5,5,3335,0,0,0,NA,0,063,WINCHESTER RD,RORIPAUGH RD,0,NA,Y,C,-,N,NA,NA,NA,NA,NA,NA,NA,NA,NA,Y,3,0,1,2,A,-,09,21453,C,N,D,C,A,B,H,-,A,A,0,NA,NA,NA,NA,Y,NA,A,01,0,1,0,0,0,0,0,0,0,-,-,NA,NA,RIVERSIDE,TEMECULA,-117.14856719970705,33.53361892700195
90848607,2018,2018-10-30,9630,2018-10-21,0009,021796,NA,7,3,9,3300,0,1,3,NA,1,074,SR-74 E/B,PALOWET DR,6864,W,N,A,-,Y,NA,NA,74,NA,NA,NA,NA,NA,E,Y,3,0,1,1,A,-,01,23152,A,N,F,I,A,A,H,-,D,D,0,NA,NA,NA,NA,Y,Y,A,01,0,1,0,0,0,0,0,0,0,-,-,33.65938186645508,-116.3973388671875,RIVERSIDE,UNINCORPORATED,-116.39739990234376,33.65938949584961
90848614,2018,2018-10-30,9685,2018-10-24,1245,015906,NA,3,1,9,3300,0,1,1,NA,2,034,I-215 NORTHBOUND,SCOTT ROAD,2640,S,N,A,-,Y,NA,NA,NA,NA,NA,NA,NA,NA,NA,Y,4,0,2,3,A,-,03,22350,NA,N,C,A,A,A,H,-,A,D,0,NA,NA,NA,NA,Y,NA,A,01,0,0,2,0,0,0,0,0,0,-,-,33.63471984863281,-117.17117309570313,RIVERSIDE,UNINCORPORATED,-117.17105865478516,33.63431930541992
90848818,2018,2018-10-30,9655,2018-10-21,0330,021008,NA,7,3,2,3336,0,1,1,NA,2,202,I-10 E/B,SINGLETON ROAD,60,W,N,A,-,Y,NA,NA,10,NA,NA,NA,NA,NA,E,Y,4,0,2,2,A,-,03,22350,NA,N,C,C,A,A,H,-,D,D,0,NA,NA,NA,NA,Y,Y,A,01,0,0,2,0,0,0,0,0,0,-,-,33.979148864746094,-117.05034637451172,RIVERSIDE,CALIMESA,-117.05036163330078,33.97914123535156
90850952,2018,2018-11-01,9840,2018-10-25,1155,017882,NA,4,1,7,3313,0,1,1,NA,2,024,I-215 N/B TO EUCALYPTUS AVE. E/B,EUCALYPTUS AVE,50,S,N,A,-,Y,NA,NA,215,NA,NA,NA,R,NA,N,Y,4,0,1,2,A,-,21,22106,NA,N,C,C,A,A,H,-,A,A,0,NA,NA,NA,NA,Y,NA,D,22,0,0,1,0,0,0,0,0,0,-,-,33.93122100830078,-117.28778076171876,RIVERSIDE,RIVERSIDE,-117.28778076171876,33.93122100830078
90851843,2018,2018-11-02,9840,2018-10-27,0120,020210,NA,6,3,7,3313,0,1,1,NA,2,022,I-215 N/B,CENTER ST,2500,S,N,A,-,Y,NA,NA,215,NA,NA,NA,NA,NA,N,Y,3,0,3,2,A,-,01,23152,A,N,C,C,A,A,H,-,D,D,0,NA,NA,NA,NA,Y,Y,A,01,0,1,2,0,0,0,0,0,0,-,-,34.0093994140625,-117.34654998779295,RIVERSIDE,RIVERSIDE,-117.34652709960938,34.00938415527344
90851950,2018,2018-11-02,9840,2018-10-27,1907,020945,NA,6,2,6,3345,0,1,3,NA,2,010,SR-60 E/B,ETIWANDA AVE.,1000,E,N,A,-,Y,NA,NA,60,NA,NA,NA,NA,NA,E,Y,4,0,1,1,A,-,08,22107,NA,N,E,I,A,A,H,-,C,D,0,NA,NA,NA,NA,Y,NA,A,07,0,0,1,0,0,0,0,0,0,-,-,34.01839828491211,-117.51387786865234,RIVERSIDE,JURUPA VALLEY,-117.51388549804688,34.018470764160156
90852698,2018,2018-11-05,9655,2018-10-30,1155,020669,NA,2,1,9,3300,0,1,3,NA,1,119,SR-371,HAMILTON CREEK,1884,E,N,A,-,Y,NA,NA,371,NA,NA,NA,NA,NA,NA,Y,3,0,1,1,A,-,03,22350,NA,N,H,A,A,A,H,-,A,D,0,NA,NA,Y,NA,Y,NA,C,02,0,1,0,0,0,0,0,0,1,-,-,33.561279296875,-116.62291717529295,RIVERSIDE,UNINCORPORATED,-116.62289428710938,33.56135559082031
90853585,2018,2018-11-06,9840,2018-10-25,1710,021198,NA,4,2,7,3313,0,1,1,NA,2,022,I-215 S/B,CENTER ST,1745,S,N,A,-,Y,NA,NA,215,NA,NA,NA,NA,NA,S,Y,3,0,1,2,A,-,03,22350,NA,N,C,C,A,A,H,-,A,D,0,NA,NA,Y,NA,Y,NA,C,02,0,1,0,0,0,0,0,0,1,-,-,34.01121139526367,-117.34542083740234,RIVERSIDE,RIVERSIDE,-117.3454818725586,34.01124954223633
90855223,2018,2018-11-07,9840,2018-11-05,1630,018564,NA,1,2,6,3345,0,1,1,NA,2,011,I-15 N/B,SR-60,528,N,N,A,-,Y,NA,NA,15,NA,NA,NA,NA,NA,N,Y,4,0,1,2,A,-,03,22350,NA,N,C,C,A,A,H,-,A,D,0,NA,NA,NA,NA,Y,NA,A,01,0,0,1,0,0,0,0,0,0,-,-,34.024051666259766,-117.550048828125,RIVERSIDE,JURUPA VALLEY,-117.55010986328124,34.024051666259766
90856679,2018,2018-11-08,9840,2018-11-08,0651,018248,NA,4,1,7,3313,0,1,3,NA,2,020,SR-91 W/B FROM LA SIERRA AVE,LA SIERRA AVE,100,W,N,A,-,Y,NA,NA,NA,NA,NA,NA,NA,NA,NA,N,4,0,1,2,A,-,07,21658,A,N,B,C,A,A,H,-,A,A,0,NA,NA,NA,NA,Y,NA,A,01,0,0,1,0,0,0,0,0,0,-,-,33.543209075927734,-117.12345123291016,RIVERSIDE,RIVERSIDE,-117.47378540039063,33.89999771118164
90857579,2018,2018-11-09,9630,2018-11-03,1114,021162,NA,6,1,4,3311,0,1,1,NA,2,010,I-10 E/B,NORTH INDIAN CANYON DR,3168,E,N,A,-,Y,NA,NA,10,NA,NA,NA,NA,NA,E,Y,4,0,1,3,A,-,07,21658,A,N,B,C,A,A,H,-,A,D,0,NA,NA,NA,NA,Y,NA,A,07,0,0,1,0,0,0,0,0,0,-,-,33.90523147583008,-116.5453872680664,RIVERSIDE,PALM SPRINGS,-116.54544067382813,33.90460205078125
90857747,2018,2018-11-12,9630,2018-11-03,1200,021162,NA,6,1,9,3300,0,1,3,NA,2,015,SR-62 E/B,NORTH INDIAN CANYON DRIVE,3168,E,N,A,-,Y,NA,NA,62,NA,NA,NA,NA,NA,E,Y,2,0,1,1,A,-,08,22107,NA,N,E,I,A,A,H,-,A,D,0,NA,NA,Y,NA,Y,NA,C,02,1,0,0,0,0,0,0,0,1,-,-,34.01211929321289,-116.57520294189452,RIVERSIDE,UNINCORPORATED,-116.5754165649414,34.01203155517578
90858607,2018,2018-11-13,9840,2018-10-29,1255,017802,NA,1,1,6,3394,0,1,3,NA,2,025,SR-60 W/B,PERRIS BLVD.,1500,W,N,A,-,Y,NA,NA,60,NA,NA,NA,NA,NA,W,Y,4,0,2,3,A,-,08,22107,NA,N,B,C,A,A,H,-,A,D,0,NA,NA,NA,NA,Y,NA,A,01,0,0,2,0,0,0,0,0,0,-,-,33.9411506652832,-117.22869873046876,RIVERSIDE,MORENO VALLEY,-117.22887420654295,33.9403190612793
9085881,2020,2020-07-28,3300,2020-04-05,1200,N2171,24B3,7,5,3,3317,0,0,0,NA,0,5S372,DINAH SHORE,BOB HOPE,35,E,N,A,-,N,NA,NA,NA,NA,NA,NA,NA,NA,NA,N,4,0,1,2,A,-,21,22106,NA,N,C,C,A,A,H,-,A,A,0,NA,NA,NA,NA,Y,NA,A,01,0,0,1,0,0,0,0,0,0,-,-,NA,NA,RIVERSIDE,RANCHO MIRAGE,-116.40590667724608,33.801788330078125
90858922,2018,2018-11-13,9685,2018-11-05,1315,015757,NA,1,1,9,3300,0,3,5,NA,2,003,POURROY RD,GENOA ST,0,NA,Y,A,-,N,NA,NA,NA,NA,NA,NA,NA,NA,NA,Y,4,0,2,3,A,-,09,21801,A,N,A,C,A,A,H,-,A,A,0,NA,NA,NA,NA,Y,NA,D,22,0,0,2,0,0,0,0,0,0,-,-,33.595821380615234,-117.10115051269533,RIVERSIDE,UNINCORPORATED,-117.10105895996094,33.59579086303711
90859374,2018,2018-11-14,9840,2018-11-02,1310,015705,NA,5,1,7,3313,0,1,1,NA,2,022,I-215 S/B,CENTER ST.,2112,S,N,A,-,Y,NA,NA,215,NA,NA,NA,NA,NA,S,N,4,0,1,2,A,-,07,21658,A,F,B,C,A,A,H,-,A,D,0,NA,NA,NA,NA,Y,NA,A,01,0,0,1,0,0,0,0,0,0,-,-,34.009521484375,-117.34658813476563,RIVERSIDE,RIVERSIDE,-117.34662628173828,34.009544372558594
90859396,2018,2018-11-14,9840,2018-11-05,0635,015705,NA,1,1,7,3313,0,1,3,NA,2,020,SR-91 W/B,JACKSON ST.,960,E,N,A,-,Y,NA,NA,91,NA,NA,NA,NA,NA,W,Y,3,0,2,2,A,-,08,22107,NA,N,B,C,A,A,H,-,A,D,0,NA,NA,NA,NA,Y,NA,D,22,0,1,1,0,0,0,0,0,0,-,-,33.92026901245117,-117.43254852294922,RIVERSIDE,RIVERSIDE,-117.43255615234376,33.92028045654297
90859700,2018,2018-11-14,9840,2018-11-09,0915,017162,NA,5,1,7,3313,0,1,3,NA,2,020,SR-91 W/B,LA SIERRA AVE,528,W,N,A,-,Y,NA,NA,91,NA,NA,NA,NA,NA,W,Y,3,0,1,2,A,-,08,22107,NA,N,B,C,A,A,H,-,A,D,0,NA,NA,NA,Y,Y,NA,A,01,0,1,0,0,0,0,0,0,0,-,-,33.89704895019531,-117.480712890625,RIVERSIDE,RIVERSIDE,-117.48072052001952,33.89710235595703
9086034,2020,2020-08-03,3300,2020-03-12,0658,5221,30J2,4,5,4,3318,0,0,0,NA,0,MO872,RT 111,DEEP CANYON RD,0,NA,Y,C,-,N,NA,NA,NA,NA,NA,NA,NA,NA,NA,Y,4,0,1,2,A,-,12,21453,A,N,D,C,A,B,H,-,A,A,0,NA,NA,NA,NA,Y,NA,A,01,0,0,1,0,0,0,0,0,0,-,-,33.72129821777344,-116.36509704589844,RIVERSIDE,PALM DESERT,-116.36504364013672,33.72126007080078
90860385,2018,2018-11-15,9630,2018-11-05,0753,021063,NA,1,1,9,3300,0,1,3,NA,2,015,SR-62 W/B,DILLON RD,50,E,N,A,-,Y,NA,NA,62,NA,NA,NA,NA,NA,W,N,4,0,1,2,A,-,21,22106,NA,N,C,C,A,A,H,-,A,A,0,NA,NA,NA,NA,Y,NA,A,01,0,0,1,0,0,0,0,0,0,-,-,33.92584991455078,-116.60016632080078,RIVERSIDE,UNINCORPORATED,-116.60022735595705,33.925865173339844
90861388,2018,2018-11-16,9840,2018-11-10,0555,018221,NA,6,3,6,3315,0,1,3,NA,2,031,SR-91 E/B,MCKINLEY ST.,1630,W,N,A,-,Y,NA,NA,91,NA,NA,NA,NA,NA,E,Y,2,0,1,1,A,-,08,22107,NA,N,E,I,A,A,H,-,B,D,0,NA,NA,NA,NA,Y,NA,D,22,1,0,0,0,0,0,0,0,0,-,-,33.884220123291016,-117.52281951904295,RIVERSIDE,CORONA,-117.52285003662108,33.884361267089844
90863568,2018,2018-11-20,9840,2018-11-12,1427,021096,NA,1,2,7,3313,0,1,3,NA,2,020,SR-91 E/B TO VAN BUREN BOULEVARD,VAN BUREN BLVD,885,W,N,A,-,Y,NA,NA,91,NA,NA,NA,R,NA,E,Y,4,0,2,3,A,-,03,22350,NA,N,C,C,A,A,H,-,A,D,0,NA,NA,NA,Y,Y,NA,F,26,0,0,2,0,0,0,0,0,0,-,-,33.91313171386719,-117.44429779052734,RIVERSIDE,RIVERSIDE,-117.44429779052734,33.91313171386719
90864223,2018,2018-11-20,9630,2018-11-14,1253,018647,NA,3,1,9,3300,0,3,5,NA,2,001,AUGUSTA AVE,CLUBHOUSE BLVD,100,W,N,A,-,N,NA,NA,NA,NA,NA,NA,NA,NA,NA,N,4,0,1,1,C,-,18,NA,NA,N,E,I,A,A,H,-,A,D,0,NA,NA,NA,NA,Y,NA,-,-,0,0,1,0,0,0,0,0,0,-,-,33.98722839355469,-116.53687286376952,RIVERSIDE,UNINCORPORATED,-116.5364990234375,33.987178802490234
90864662,2018,2018-11-21,9630,2018-11-13,1758,021796,NA,2,2,9,3300,0,3,5,NA,2,001,N. INDIAN CANYON DR,THUMB DR,16,S,N,A,-,N,NA,NA,NA,NA,NA,NA,NA,NA,NA,N,3,0,1,2,A,-,09,21802,A,F,F,A,A,A,H,-,D,A,0,NA,NA,Y,NA,Y,NA,A,01,0,1,0,0,0,0,0,0,1,-,-,33.92300033569336,-116.54528045654295,RIVERSIDE,UNINCORPORATED,-116.54531097412108,33.92295455932617
90864722,2018,2018-11-21,9840,2018-11-17,1430,019527,NA,6,2,6,3315,0,1,3,NA,2,031,SR-91 E/B,E. GRAND BLVD,50,W,N,A,-,Y,NA,NA,91,NA,NA,NA,NA,NA,E,Y,4,0,1,2,A,-,03,22350,NA,N,C,C,A,A,H,-,A,D,0,NA,NA,NA,NA,Y,NA,A,01,0,0,1,0,0,0,0,0,0,-,-,33.87921905517578,-117.5605926513672,RIVERSIDE,CORONA,-117.5605697631836,33.8793830871582
90865362,2018,2018-11-21,9685,2018-11-13,0650,014267,NA,2,1,9,3300,0,3,5,NA,2,003,TECHNOLOGY DRIVE,SKY CANYON DRIVE,320,E,N,A,-,N,NA,NA,NA,NA,NA,NA,NA,NA,NA,Y,3,0,2,2,A,-,08,22107,NA,N,D,C,A,A,H,-,A,D,0,NA,NA,NA,NA,Y,NA,A,01,0,1,1,0,0,0,0,0,0,-,-,33.559661865234375,-117.13530731201172,RIVERSIDE,UNINCORPORATED,-117.13530731201172,33.55971908569336
90865442,2018,2018-11-22,9630,2018-11-09,1634,019228,NA,5,2,9,3300,0,1,1,NA,2,021,I-10 W/B,WASHINGTON ST,9504,W,N,A,G,Y,NA,NA,10,NA,NA,NA,NA,NA,W,N,4,0,1,2,A,-,03,22350,NA,N,C,C,A,A,H,-,A,D,0,NA,NA,NA,NA,Y,NA,D,22,0,0,1,0,0,0,0,0,0,-,-,33.771690368652344,-116.33040618896484,RIVERSIDE,UNINCORPORATED,-116.33037567138672,33.77174758911133
90865943,2018,2018-11-23,9840,2018-11-18,1707,021194,NA,7,2,6,3394,0,1,3,NA,2,025,SR-60 W/B,DAY STREET,1584,W,N,A,-,Y,NA,NA,60,NA,NA,NA,NA,NA,W,Y,3,0,1,1,A,-,03,22350,NA,N,F,A,A,A,H,-,D,D,0,NA,NA,Y,NA,Y,NA,C,02,0,1,0,0,0,0,0,0,1,-,-,33.943870544433594,-117.28539276123048,RIVERSIDE,MORENO VALLEY,-117.285400390625,33.943809509277344
90866800,2018,2018-11-26,9840,2018-10-14,2008,021298,NA,7,2,9,3300,0,2,4,NA,2,045,CAJALCO RD,WOOD RD,1000,W,N,A,-,N,NA,NA,NA,NA,NA,NA,NA,NA,NA,N,2,0,1,2,A,-,08,22107,NA,N,G,B,E,A,H,-,D,D,0,Y,NA,NA,NA,Y,NA,A,01,1,0,0,0,1,0,0,0,0,-,-,33.83647155761719,-117.33448028564452,RIVERSIDE,UNINCORPORATED,-117.33440399169922,33.83646011352539
90867590,2018,2018-11-26,9685,2018-11-14,1517,017285,NA,3,2,9,3300,0,3,5,NA,2,003,HIGH VISTA DRIVE,POURROY ROAD,6,W,N,A,-,N,NA,NA,NA,NA,NA,NA,NA,NA,NA,N,4,0,1,2,A,-,09,21804,A,N,D,G,A,A,H,-,A,A,0,NA,Y,NA,NA,Y,NA,L,04,0,0,1,0,0,0,1,0,0,-,-,33.579280853271484,-117.1013412475586,RIVERSIDE,UNINCORPORATED,-117.1012725830078,33.579368591308594
90868703,2018,2018-11-27,9840,2018-11-21,1515,012208,NA,3,2,6,3315,0,1,S,NA,2,300,SR-91 E/B {RIVERSIDE FREEWAY},SERFAS CLUB DRIVE,4794,W,N,B,-,Y,NA,NA,91,NA,NA,NA,NA,NA,E,N,4,0,1,2,A,-,03,22350,NA,N,C,C,A,A,H,-,A,D,0,NA,NA,NA,NA,Y,NA,D,22,0,0,1,0,0,0,0,0,0,-,-,33.883941650390625,-117.62860870361328,RIVERSIDE,CORONA,-117.62860107421876,33.88396453857422
90868852,2018,2018-11-28,9840,2018-11-19,1701,021194,NA,1,2,7,3313,0,1,1,NA,2,231,I-215 N/B,CENTRAL AVE,2112,N,N,A,-,Y,NA,NA,NA,NA,NA,NA,NA,NA,NA,N,4,0,2,3,A,-,03,22350,NA,F,C,C,A,A,H,-,D,D,0,NA,NA,NA,NA,Y,NA,A,01,0,0,2,0,0,0,0,0,0,-,-,33.573909759521484,-117.18566131591795,RIVERSIDE,RIVERSIDE,NA,NA