CASE_ID,ACCIDENT_YEAR,PROC_DATE,JURIS,COLLISION_DATE,COLLISION_TIME,OFFICER_ID,REPORTING_DISTRICT,DAY_OF_WEEK,CHP_SHIFT,POPULATION,CNTY_CITY_LOC,SPECIAL_COND,BEAT_TYPE,CHP_BEAT_TYPE,CITY_DIVISION_LAPD,CHP_BEAT_CLASS,BEAT_NUMBER,PRIMARY_RD,SECONDARY_RD,DISTANCE,DIRECTION,INTERSECTION,WEATHER_1,WEATHER_2,STATE_HWY_IND,CALTRANS_COUNTY,CALTRANS_DISTRICT,STATE_ROUTE,ROUTE_SUFFIX,POSTMILE_PREFIX,POSTMILE,LOCATION_TYPE,RAMP_INTERSECTION,SIDE_OF_HWY,TOW_AWAY,COLLISION_SEVERITY,NUMBER_KILLED,NUMBER_INJURED,PARTY_COUNT,PRIMARY_COLL_FACTOR,PCF_CODE_OF_VIOL,PCF_VIOL_CATEGORY,PCF_VIOLATION,PCF_VIOL_SUBSECTION,HIT_AND_RUN,TYPE_OF_COLLISION,MVIW,PED_ACTION,ROAD_SURFACE,ROAD_COND_1,ROAD_COND_2,LIGHTING,CONTROL_DEVICE,CHP_ROAD_TYPE,PEDESTRIAN_ACCIDENT,BICYCLE_ACCIDENT,MOTORCYCLE_ACCIDENT,TRUCK_ACCIDENT,NOT_PRIVATE_PROPERTY,ALCOHOL_INVOLVED,STWD_VEHTYPE_AT_FAULT,CHP_VEHTYPE_AT_FAULT,COUNT_SEVERE_INJ,COUNT_VISIBLE_INJ,COUNT_COMPLAINT_PAIN,COUNT_PED_KILLED,COUNT_PED_INJURED,COUNT_BICYCLIST_KILLED,COUNT_BICYCLIST_INJURED,COUNT_MC_KILLED,COUNT_MC_INJURED,PRIMARY_RAMP,SECONDARY_RAMP,LATITUDE,LONGITUDE,COUNTY,CITY,POINT_X,POINT_Y
91536813,2021,2021-08-04,9655,2021-07-25,1200,015892,NA,7,1,9,3300,0,1,3,NA,1,312,STATE ROUTE 74,STATE ROUTE 79,0,NA,Y,A,-,Y,NA,NA,74,NA,NA,NA,NA,NA,NA,N,2,0,1,2,A,-,11,21456,B,N,G,B,B,A,H,-,A,A,0,Y,NA,NA,NA,Y,NA,N,60,1,0,0,0,1,0,0,0,0,-,-,33.73915100097656,-117.07656097412108,RIVERSIDE,UNINCORPORATED,-117.07656097412108,33.73914337158203
91537269,2021,2021-08-05,9840,2021-07-27,2110,016619,NA,2,2,4,3312,0,1,1,NA,2,041,I-215 N/B S/O NUEVO RD,NUEVO RD,1056,S,N,A,-,Y,NA,NA,215,NA,NA,NA,NA,NA,N,N,4,0,1,1,A,-,08,22107,NA,N,E,I,A,A,H,-,C,D,0,NA,NA,NA,NA,Y,NA,A,07,0,0,1,0,0,0,0,0,0,-,-,33.796630859375,-117.23104095458984,RIVERSIDE,PERRIS,-117.23103332519533,33.796634674072266
91537877,2021,2021-08-05,9655,2021-07-26,0500,021048,NA,1,3,9,3300,0,1,1,NA,2,204,INTERSTATE 10 E/B,MALKI ROAD,100,W,N,C,-,Y,NA,NA,NA,NA,NA,NA,NA,NA,NA,Y,3,0,1,4,A,-,03,22350,NA,N,E,I,A,B,H,-,D,D,0,NA,NA,NA,NA,Y,NA,A,01,0,1,0,0,0,0,0,0,0,-,-,33.93014907836914,-116.82285308837892,RIVERSIDE,UNINCORPORATED,-116.82202911376952,33.93095397949219
9153858,2020,2020-11-14,3313,2020-09-08,1330,581,5,2,5,7,3313,0,0,0,NA,0,M25,DIANA AV,PARK SIERRA DR,0,NA,Y,B,-,N,NA,NA,NA,NA,NA,NA,NA,NA,NA,NA,4,0,2,3,A,-,09,21801,A,N,D,C,A,A,H,-,A,A,0,NA,NA,NA,NA,Y,NA,A,01,0,0,2,0,0,0,0,0,0,-,-,33.90119934082031,-117.46929168701172,RIVERSIDE,RIVERSIDE,-117.46936798095705,33.9013786315918
9153894,2020,2020-11-14,3313,2020-09-03,0809,1641,2,4,5,7,3313,0,0,0,NA,0,T55,CENTRAL AV,RT 91,1350,E,N,A,-,N,NA,NA,NA,NA,NA,NA,NA,NA,NA,Y,4,0,1,3,A,-,12,21453,A,N,D,C,A,A,H,-,A,A,0,NA,NA,NA,NA,Y,NA,A,01,0,0,1,0,0,0,0,0,0,-,EO,NA,NA,RIVERSIDE,RIVERSIDE,-117.38365173339844,33.9536018371582
91541121,2021,2021-08-10,9840,2021-07-21,0830,017441,NA,3,1,7,3313,0,3,5,NA,2,004,I-215 N/B,MARTIN LUTHER KING BLVD.,1160,N,N,A,-,Y,NA,NA,215,NA,NA,NA,NA,NA,N,Y,2,0,2,3,A,-,03,22350,NA,N,B,C,A,A,H,-,A,D,0,NA,NA,Y,NA,Y,NA,C,02,1,1,0,0,0,0,0,0,1,-,-,33.971370697021484,-117.3308334350586,RIVERSIDE,RIVERSIDE,-117.33081817626952,33.97138595581055
91542676,2021,2021-08-11,9840,2021-08-01,2350,019492,NA,7,3,6,3345,0,1,3,NA,2,010,SR-60 E/B,PYRITE ST.,800,E,N,A,-,Y,NA,NA,60,NA,NA,NA,NA,NA,E,N,4,0,2,2,A,-,08,22107,NA,N,C,C,A,A,H,-,C,D,0,NA,NA,NA,NA,Y,NA,A,01,0,0,2,0,0,0,0,0,0,-,-,34.018741607666016,-117.478759765625,RIVERSIDE,JURUPA VALLEY,-117.47875213623048,34.01877975463867
91544416,2021,2021-08-13,9840,2021-08-06,0005,022180,NA,5,3,6,3345,0,1,3,NA,2,010,SR-60 E/B,"RUBIDOUX BLVD,",500,E,N,A,-,Y,NA,NA,60,NA,NA,NA,NA,NA,E,Y,3,0,1,2,A,-,03,22350,NA,F,C,C,A,A,H,-,D,D,0,NA,NA,NA,NA,Y,NA,-,99,0,1,0,0,0,0,0,0,0,-,-,34.005149841308594,-117.39198303222656,RIVERSIDE,JURUPA VALLEY,-117.39198303222656,34.005165100097656
91545314,2021,2021-08-16,9840,2021-08-03,0010,021943,NA,2,3,9,3300,0,3,5,NA,2,002,IOWA AVE,CENTER ST,25,N,N,A,-,N,NA,NA,NA,NA,NA,NA,NA,NA,NA,N,3,0,1,2,A,-,12,21453,A,N,B,G,A,A,H,-,C,A,0,NA,Y,NA,NA,Y,NA,L,04,0,1,0,0,0,0,1,0,0,-,-,34.01578903198242,-117.33981323242188,RIVERSIDE,UNINCORPORATED,-117.33995819091795,34.015777587890625
91546529,2021,2021-11-01,9840,2021-08-06,2245,021261,NA,5,3,7,3313,0,1,3,NA,2,021,SR-91 E/B,14TH ST,750,E,N,A,-,Y,NA,NA,91,NA,NA,NA,NA,NA,E,N,4,0,1,2,A,-,08,22107,NA,N,B,C,A,A,H,-,D,D,0,NA,NA,NA,NA,Y,NA,-,-,0,0,1,0,0,0,0,0,0,-,-,33.97568130493164,-117.37191772460938,RIVERSIDE,RIVERSIDE,-117.3720245361328,33.97572708129883
91546843,2021,2021-08-17,9840,2021-08-09,0801,012208,NA,1,1,6,3394,0,1,1,NA,2,023,STATE ROUTE 60 W/B {MORENO VALLEY FREEWAY},DAY STREET,2934,W,N,A,-,Y,NA,NA,60,NA,NA,NA,NA,NA,W,Y,4,0,1,2,A,-,03,22350,NA,N,C,C,A,A,H,-,A,D,0,NA,NA,NA,NA,Y,NA,A,01,0,0,1,0,0,0,0,0,0,-,-,33.944210052490234,-117.28858947753906,RIVERSIDE,MORENO VALLEY,-117.28855895996094,33.94437789916992
91549396,2021,2021-08-19,9840,2021-08-14,1427,018611,NA,6,2,6,3315,0,1,1,NA,2,034,I-15 S/B,PARKRIDGE AVENUE,600,S,N,A,-,Y,NA,NA,15,NA,NA,NA,NA,NA,S,Y,4,0,3,3,A,-,03,22350,NA,N,C,C,A,A,H,-,A,D,0,NA,NA,NA,NA,Y,NA,A,01,0,0,3,0,0,0,0,0,0,-,-,33.884910583496094,-117.54956817626952,RIVERSIDE,CORONA,-117.549560546875,33.884918212890625
9155004,2020,2020-11-06,3300,2020-08-26,1731,5132,002,3,5,6,3345,0,0,0,NA,0,022,ETIWANDA,HOPKINS ST,160,N,N,A,-,N,NA,NA,NA,NA,NA,NA,NA,NA,NA,N,4,0,1,2,A,-,03,22350,NA,N,C,C,A,A,H,-,A,A,0,NA,NA,NA,NA,Y,NA,A,01,0,0,1,0,0,0,0,0,0,-,-,34.02582931518555,-117.52307891845705,RIVERSIDE,JURUPA VALLEY,-117.5244369506836,34.02705764770508
91551087,2021,2021-08-23,9840,2021-08-13,1641,021047,NA,5,2,6,3345,0,1,3,NA,2,010,SR-60 W/B,COUNTRY VILLAGE RD.,2890,E,N,A,-,Y,NA,NA,60,NA,NA,NA,NA,NA,W,Y,3,0,1,3,A,-,08,22107,NA,F,B,C,A,A,H,-,A,D,0,NA,NA,NA,Y,Y,NA,-,99,0,1,0,0,0,0,0,0,0,-,-,34.01926040649414,-117.4970474243164,RIVERSIDE,JURUPA VALLEY,-117.49705505371094,34.01936340332031
91551956,2021,2021-08-23,9840,2021-08-16,2125,016619,NA,1,2,6,3315,0,1,3,NA,2,031,SR-91 W/B,I-15 S/B,50,W,N,A,-,Y,NA,NA,91,NA,NA,NA,NA,NA,W,N,4,0,1,2,A,-,08,22107,NA,N,C,C,A,A,D,-,D,D,0,NA,NA,NA,NA,Y,NA,A,01,0,0,1,0,0,0,0,0,0,-,-,33.881771087646484,-117.54805755615234,RIVERSIDE,CORONA,-117.54804229736328,33.8817024230957
91552615,2021,2021-08-24,9630,2021-08-17,1418,019228,NA,2,2,9,3300,0,3,5,NA,2,504,62ND AVENUE,GENE WELMAS ROAD,118,W,N,A,-,N,NA,NA,NA,NA,NA,NA,NA,NA,NA,Y,4,0,3,2,A,-,03,22350,NA,N,C,C,A,A,H,-,A,D,0,NA,NA,NA,NA,Y,NA,A,01,0,0,3,0,0,0,0,0,0,-,-,33.59859085083008,-116.08660888671876,RIVERSIDE,UNINCORPORATED,-116.08657836914063,33.598628997802734
9155274,2020,2020-11-20,3300,2020-09-02,2215,5825,916A,3,5,4,3312,0,0,0,NA,0,031,PERRRIS BL,LIGHT POLE P4457,102,N,N,A,-,N,NA,NA,NA,NA,NA,NA,NA,NA,NA,Y,2,0,1,1,A,-,03,22350,NA,N,E,I,A,A,H,-,C,D,0,NA,NA,Y,NA,Y,NA,C,02,1,0,0,0,0,0,0,0,1,-,-,33.857269287109375,-117.2258529663086,RIVERSIDE,PERRIS,NA,NA
91555408,2021,2021-08-26,9630,2021-08-08,1805,021409,NA,7,2,9,3300,0,1,1,NA,2,020,I-10 W/B TO PALM DRIVE,PALM DRIVE OVERCROSSING,60,E,N,A,-,Y,NA,NA,NA,NA,NA,NA,NA,NA,NA,Y,4,0,1,2,A,-,03,22350,NA,M,C,C,A,A,H,-,A,D,0,NA,NA,NA,NA,Y,NA,A,07,0,0,1,0,0,0,0,0,0,-,-,33.8803596496582,-116.50274658203124,RIVERSIDE,UNINCORPORATED,-116.50350952148438,33.87957000732422
9155550,2020,2020-11-12,3300,2020-09-09,1150,N1673,38D2,3,5,4,3318,0,0,0,NA,0,T38,GERALD FORD DR,TECHNOLOGY DR,0,NA,Y,A,-,N,NA,NA,NA,NA,NA,NA,NA,NA,NA,N,4,0,1,2,A,-,12,21453,A,N,D,C,A,A,H,-,A,A,0,NA,NA,NA,NA,Y,NA,A,07,0,0,1,0,0,0,0,0,0,-,-,33.781639099121094,-116.35874176025392,RIVERSIDE,PALM DESERT,-116.3586883544922,33.781829833984375
91557329,2021,2021-08-27,9840,2021-08-22,1515,021873,NA,7,2,6,3315,0,3,5,NA,2,003,TEMESCAL CANYION RD.,TRILOGY PARKWAY,3000,N,N,A,-,N,NA,NA,NA,NA,NA,NA,NA,NA,NA,N,3,0,1,2,A,-,09,21804,A,N,A,C,A,A,H,-,A,D,0,NA,NA,Y,NA,Y,NA,A,01,0,1,0,0,0,0,0,0,1,-,-,33.774749755859375,-117.48805236816406,RIVERSIDE,CORONA,-117.48806762695313,33.77485656738281
91557415,2021,2021-08-27,9655,2021-08-25,0515,018905,NA,3,3,9,3300,0,1,1,NA,2,204,I-10 E/B,APACHE TRL,1584,E,N,A,-,Y,NA,NA,10,NA,NA,NA,NA,NA,E,Y,3,0,1,2,A,-,01,23152,A,N,B,C,A,A,D,-,D,D,0,NA,NA,NA,NA,Y,Y,D,22,0,1,0,0,0,0,0,0,0,-,-,33.919090270996094,-116.80039215087892,RIVERSIDE,UNINCORPORATED,-116.80040740966795,33.91900634765625
9156164,2020,2020-11-23,3300,2020-09-10,1935,5825,916A,4,5,4,3312,0,0,0,NA,0,032,WILSON AV,GRANITE VIEW DR,0,NA,Y,A,-,N,NA,NA,NA,NA,NA,NA,NA,NA,NA,Y,2,0,1,2,A,-,17,25650,5,N,A,C,A,A,H,-,C,A,0,NA,NA,Y,NA,Y,NA,C,02,1,0,0,0,0,0,0,0,1,-,-,33.80952072143555,-117.21295166015624,RIVERSIDE,PERRIS,-117.21302032470705,33.80955123901367
91562082,2021,2021-09-03,9840,2021-09-02,1520,022028,NA,4,2,4,3312,0,1,1,NA,2,041,I-215 NB,RAMONA EXPRESSWAY,2218,S,N,A,-,Y,NA,NA,215,NA,NA,NA,NA,NA,N,N,4,0,1,2,A,-,03,22350,NA,N,C,C,A,A,H,-,A,D,0,NA,NA,NA,NA,Y,NA,A,01,0,0,1,0,0,0,0,0,0,-,-,33.837890625,-117.2488021850586,RIVERSIDE,PERRIS,-117.24878692626952,33.83789825439453
91564697,2021,2021-09-07,9840,2021-09-03,2142,021872,NA,5,2,6,3345,0,1,3,NA,2,010,SR-60 W/B,PYRITE ST,2000,E,N,A,-,Y,NA,NA,60,NA,NA,NA,NA,NA,W,Y,3,0,1,1,A,-,08,22107,NA,N,F,A,A,A,H,-,C,D,0,NA,NA,NA,NA,Y,NA,A,07,0,1,0,0,0,0,0,0,0,-,-,34.015499114990234,-117.45635986328124,RIVERSIDE,JURUPA VALLEY,-117.45636749267578,34.01542282104492
9156554,2020,2020-11-25,3300,2020-09-20,1303,N4588,001F,7,5,6,3345,0,0,0,NA,0,012,ARMSTRONG RD,34TH ST,50,W,N,A,-,N,NA,NA,NA,NA,NA,NA,NA,NA,NA,Y,3,0,1,1,A,-,03,22350,NA,N,E,I,A,A,H,-,A,A,0,NA,NA,NA,NA,Y,NA,D,22,0,1,0,0,0,0,0,0,0,-,-,34.01557922363281,-117.42809295654295,RIVERSIDE,JURUPA VALLEY,-117.42810821533205,34.01538848876953
91566517,2021,2021-09-09,9840,2021-08-31,0333,021042,NA,2,3,6,3315,0,1,3,NA,2,030,SR-91 E/B,MAPLE ST.,400,E,N,A,-,Y,NA,NA,91,NA,NA,NA,NA,NA,E,Y,4,0,1,2,A,-,01,23152,A,N,C,C,A,A,H,-,C,D,0,NA,NA,NA,Y,Y,Y,D,22,0,0,1,0,0,0,0,0,0,-,-,33.880279541015625,-117.60186004638672,RIVERSIDE,CORONA,-117.60187530517578,33.88037109375
91566810,2021,2021-09-09,9840,2021-09-08,0725,018221,NA,3,1,6,3315,0,1,3,NA,2,030,SR 91 WB,SERFAS CLUB DR.,3000,W,N,A,-,Y,NA,NA,91,NA,NA,NA,NA,NA,W,Y,4,0,2,4,A,-,03,22350,NA,N,C,C,A,A,H,-,A,D,0,NA,NA,NA,NA,Y,NA,A,07,0,0,2,0,0,0,0,0,0,-,-,33.88277053833008,-117.62384796142578,RIVERSIDE,CORONA,-117.62391662597656,33.882591247558594
9156823,2020,2021-02-23,3309,2020-12-01,1644,443,3309,2,5,4,3309,0,0,0,NA,0,002,JACKSON ST,KENNER AV,20,N,N,A,-,N,NA,NA,NA,NA,NA,NA,NA,NA,NA,N,4,0,2,2,A,-,03,22350,NA,N,C,C,A,A,H,-,C,A,0,NA,NA,NA,NA,Y,NA,A,07,0,0,2,0,0,0,0,0,0,-,-,NA,NA,RIVERSIDE,INDIO,-116.21640014648438,33.73313522338867
91568346,2021,2021-10-13,9840,2021-08-28,2250,022180,NA,6,3,9,3300,0,3,5,NA,2,003,INDIANA AVE,SOMERDALE ST,490,W,N,A,-,N,NA,NA,NA,NA,NA,NA,NA,NA,NA,Y,3,0,1,2,A,-,08,22107,NA,F,A,C,A,A,H,-,C,D,0,NA,NA,NA,NA,Y,NA,A,07,0,1,0,0,0,0,0,0,0,-,-,33.873321533203125,-117.51473236083984,RIVERSIDE,UNINCORPORATED,-117.51461029052734,33.87297439575195
9156901,2020,2020-10-22,3300,2020-08-22,2225,3613,916B,6,5,4,3312,0,0,0,NA,0,032,SAN JACINTO RD,MURRIETA RD.,1972,E,N,A,-,N,NA,NA,NA,NA,NA,NA,NA,NA,NA,Y,3,0,1,1,A,-,01,23152,A,N,E,I,A,A,H,-,D,D,0,NA,NA,NA,NA,Y,Y,D,22,0,1,0,0,0,0,0,0,0,-,-,NA,NA,RIVERSIDE,PERRIS,NA,NA
9157280,2020,2020-11-20,3302,2020-09-04,1542,764,3302,5,5,3,3302,0,0,0,NA,0,003,1ST ST,BEAUMONT AV,294,E,N,A,-,N,NA,NA,NA,NA,NA,NA,NA,NA,NA,Y,4,0,1,3,A,-,03,22350,NA,N,C,C,A,A,H,-,A,D,0,NA,NA,NA,NA,Y,NA,A,01,0,0,1,0,0,0,0,0,0,-,-,33.92169952392578,-116.9771728515625,RIVERSIDE,BEAUMONT,-116.9761962890625,33.92169952392578
91574562,2021,2021-09-20,9655,2021-09-18,1552,019466,NA,6,2,9,3300,0,1,1,NA,2,202,I-10 WESTBOUND,SINGLETON ROAD,2640,E,N,A,-,Y,NA,NA,NA,NA,NA,NA,NA,NA,NA,Y,3,0,2,2,A,-,03,22350,NA,N,C,C,A,A,H,-,A,D,0,NA,NA,NA,NA,Y,NA,A,01,0,1,1,0,0,0,0,0,0,-,-,33.97412872314453,-117.04402923583984,RIVERSIDE,UNINCORPORATED,-117.04386138916016,33.974098205566406
9157514,2020,2020-11-18,3300,2020-09-27,1854,5397,905D,7,5,4,3307,0,0,0,NA,0,91`,MISSION TRL,DIAMOND DR,0,NA,Y,A,-,N,NA,NA,NA,NA,NA,NA,NA,NA,NA,N,4,0,1,2,A,-,12,21453,A,N,D,C,A,A,H,-,C,A,0,NA,NA,NA,NA,Y,NA,A,01,0,0,1,0,0,0,0,0,0,-,-,33.659950256347656,-117.3002471923828,RIVERSIDE,LAKE ELSINORE,-117.30027770996094,33.659950256347656
91575353,2021,2021-09-21,9840,2021-09-14,0519,022652,NA,2,3,6,3345,0,1,3,NA,2,010,WB SR-60,VALLEY WAY,3420,E,N,A,-,Y,NA,NA,NA,NA,NA,NA,NA,NA,NA,Y,3,0,1,2,A,-,08,22107,NA,N,B,C,A,A,H,-,C,D,0,NA,NA,NA,Y,Y,NA,D,22,0,1,0,0,0,0,0,0,0,-,-,34.01234817504883,-117.42223358154295,RIVERSIDE,JURUPA VALLEY,-117.4314422607422,34.011138916015625
91575904,2021,2021-09-21,9655,2021-09-16,1539,019983,NA,4,2,9,3300,0,3,5,NA,2,003,DOMENIGONI PKY,RED ROOT,45,E,N,A,-,N,NA,NA,NA,NA,NA,NA,NA,NA,NA,Y,4,0,1,2,A,-,03,22350,NA,N,C,C,A,A,H,-,A,A,0,NA,NA,NA,NA,Y,NA,A,01,0,0,1,0,0,0,0,0,0,-,-,33.69240951538086,-117.12377166748048,RIVERSIDE,UNINCORPORATED,-117.123777,33.692435
91576026,2021,2021-09-21,9840,2021-08-27,0545,017441,NA,5,3,6,3345,0,1,3,NA,2,010,SR-60 E/B,I-15,1025,E,N,A,-,Y,NA,NA,60,NA,NA,NA,NA,NA,E,N,2,0,1,2,D,-,00,NA,NA,F,C,C,A,A,H,-,B,D,0,NA,NA,NA,NA,Y,NA,-,-,1,0,0,0,0,0,0,0,0,-,-,34.02058029174805,-117.54676818847656,RIVERSIDE,JURUPA VALLEY,-117.5467529296875,34.0206298828125
91577736,2021,2021-09-23,9655,2021-09-21,1215,016658,NA,2,1,9,3300,0,1,1,NA,2,204,I-10 E/B,HIGHLAND SPRINGS AVE. U/C,5808,E,N,A,-,Y,NA,NA,NA,NA,NA,NA,NA,NA,NA,Y,3,0,2,2,A,-,07,21658,A,N,B,C,A,A,D,-,A,D,0,NA,NA,NA,NA,Y,NA,A,01,0,1,1,0,0,0,0,0,0,-,-,33.92597961425781,-116.9264678955078,RIVERSIDE,UNINCORPORATED,-116.92781829833984,33.92604446411133
91577741,2021,2021-09-23,9840,2021-09-19,0010,022616,NA,7,3,7,3313,0,1,1,NA,2,024,INTERSTATE 215 NORTHBOUND,FAIR ISLE DRIVE,1320,S,N,A,-,Y,NA,NA,215,NA,NA,NA,NA,NA,N,N,4,0,1,2,A,-,03,22350,NA,N,C,C,A,A,H,-,D,D,0,NA,NA,NA,NA,Y,NA,A,01,0,0,1,0,0,0,0,0,0,-,-,33.9468994140625,-117.29930114746094,RIVERSIDE,RIVERSIDE,-117.29925537109376,33.946990966796875
91578231,2021,2021-09-23,9840,2021-09-19,1813,022457,NA,7,2,9,3300,0,3,5,NA,2,004,SAN JACINTO AVE,COWIE AVE,0,NA,Y,A,-,N,NA,NA,NA,NA,NA,NA,NA,NA,NA,Y,4,0,2,2,A,-,09,21801,A,N,D,C,A,A,H,-,A,D,0,NA,NA,NA,NA,Y,NA,A,01,0,0,2,0,0,0,0,0,0,-,-,33.78649139404297,-117.26995086669922,RIVERSIDE,UNINCORPORATED,-117.26992797851563,33.78651428222656
91578248,2021,2021-09-23,9685,2021-09-15,1240,016347,NA,3,1,9,3300,0,1,3,NA,1,031,MURRIETA HOT SPRINGS,SKY CANYON DRIVE,0,NA,Y,A,-,N,NA,NA,NA,NA,NA,NA,NA,NA,NA,Y,3,0,1,2,A,-,03,22350,NA,N,C,C,A,A,D,-,A,A,0,NA,NA,NA,NA,Y,NA,A,01,0,1,0,0,0,0,0,0,0,-,-,33.65227127075195,-117.1377410888672,RIVERSIDE,UNINCORPORATED,-117.13770294189452,33.55228805541992
91578258,2021,2021-09-23,9685,2021-09-15,1615,016185,NA,3,2,9,3300,0,1,1,NA,2,030,I-15,RAINBOW VALLEY BOULEVARD,4752,N,N,A,-,Y,NA,NA,15,NA,NA,NA,NA,NA,NA,Y,3,0,1,2,A,-,03,22350,NA,N,C,C,A,A,D,-,A,D,0,NA,NA,NA,NA,Y,NA,A,07,0,1,0,0,0,0,0,0,0,-,-,33.44234085083008,-117.13755798339844,RIVERSIDE,UNINCORPORATED,-117.1374969482422,33.44232177734375
91578662,2021,2021-09-24,9840,2021-09-13,0642,018248,NA,1,1,9,3300,0,1,1,NA,2,037,I-15 N/B,LAKE ST,137,S,N,A,-,Y,NA,NA,NA,NA,NA,NA,NA,NA,NA,N,3,0,1,2,A,-,08,22107,NA,N,C,C,A,A,H,-,A,D,0,NA,NA,Y,NA,Y,NA,A,01,0,1,0,0,0,0,0,0,1,-,-,33.73017883300781,-117.39305877685548,RIVERSIDE,UNINCORPORATED,-117.39286041259766,33.73019027709961
91579289,2021,2021-09-24,9630,2021-09-17,1455,021513,NA,5,2,9,3300,0,3,5,NA,2,501,MONROE ST,52ND AVENUE,690,S,N,A,-,N,NA,NA,NA,NA,NA,NA,NA,NA,NA,Y,3,0,3,4,A,-,03,22350,NA,N,C,C,A,A,H,-,A,A,0,NA,NA,NA,NA,Y,NA,A,01,0,1,2,0,0,0,0,0,0,-,-,33.669029235839844,-116.23384857177734,RIVERSIDE,UNINCORPORATED,-116.23390197753906,33.66914367675781
91579307,2021,2021-09-24,9630,2021-09-10,1135,021513,NA,5,1,9,3300,0,1,1,NA,2,010,I-10 E/B,NORTH INDIAN CANYON DRIVE,5280,W,N,A,-,Y,NA,NA,NA,NA,NA,NA,NA,NA,NA,Y,3,0,1,2,A,-,08,22107,NA,F,E,I,A,A,H,-,A,D,0,NA,NA,NA,NA,Y,NA,A,01,0,1,0,0,0,0,0,0,0,-,-,33.906028747558594,-116.5639190673828,RIVERSIDE,UNINCORPORATED,-116.56266784667967,33.90583801269531
91579951,2021,2021-09-27,9840,2021-09-19,1800,022028,NA,7,2,7,3313,0,1,1,NA,2,024,I-215 NB,EUCALYPTUS AVE,400,S,N,A,-,Y,NA,NA,215,NA,NA,NA,NA,NA,N,N,4,0,1,2,A,-,03,22350,NA,N,C,C,A,A,H,-,A,D,0,NA,NA,Y,NA,Y,NA,C,02,0,0,1,0,0,0,0,0,1,-,-,33.92873001098633,-117.28865814208984,RIVERSIDE,RIVERSIDE,-117.28861236572266,33.92873001098633
91580066,2021,2021-09-27,9630,2021-09-19,0055,021515,NA,7,3,9,3300,0,3,5,NA,2,404,DATIL RD.,ARBOL REAL AVE.,0,NA,Y,A,-,N,NA,NA,NA,NA,NA,NA,NA,NA,NA,Y,3,0,3,4,A,-,01,23152,A,N,D,C,A,A,H,-,C,A,0,NA,NA,NA,NA,Y,Y,A,01,0,1,2,0,0,0,0,0,0,-,-,33.817291259765625,-116.39026641845705,RIVERSIDE,UNINCORPORATED,-116.39028167724608,33.817283630371094
91580154,2021,2021-09-27,9655,2021-09-19,0135,021048,NA,7,3,9,3300,0,2,4,NA,2,322,STETSON AVENUE,CORNELL AVENUE,0,NA,Y,A,-,N,NA,NA,NA,NA,NA,NA,NA,NA,NA,Y,3,0,1,1,A,-,01,23152,A,N,E,I,A,A,H,-,D,A,0,NA,NA,NA,NA,Y,Y,A,01,0,1,0,0,0,0,0,0,0,-,-,33.72943115234375,-116.94136810302734,RIVERSIDE,UNINCORPORATED,-116.94113159179688,33.72954177856445
91581371,2021,2021-09-28,9840,2021-09-07,0117,022652,NA,2,3,7,3313,0,1,3,NA,2,020,STATE ROUTE 91 WESTBOUND,TYLER STREET,1000,E,N,A,-,Y,NA,NA,NA,NA,NA,NA,NA,NA,NA,N,2,0,1,2,A,-,08,22107,NA,N,G,B,E,A,H,-,C,D,0,Y,NA,NA,NA,Y,NA,A,01,1,0,0,0,1,0,0,0,0,-,-,33.91225051879883,-117.46108245849608,RIVERSIDE,RIVERSIDE,-117.45416259765624,33.90793228149414
91581634,2021,2021-09-28,9840,2021-09-24,2158,022616,NA,5,2,7,3313,0,1,1,NA,2,023,INTERSTATE 215 SOUTHBOUND,CENTRAL AVENUE,800,S,N,A,-,Y,NA,NA,215,NA,NA,NA,NA,NA,S,Y,4,0,1,2,A,-,03,22350,NA,N,C,C,A,A,H,-,D,D,0,NA,NA,NA,NA,Y,NA,A,01,0,0,1,0,0,0,0,0,0,-,-,33.95425033569336,-117.304931640625,RIVERSIDE,RIVERSIDE,-117.30494689941406,33.9542350769043
91583655,2021,2021-09-30,9840,2021-09-21,0630,014335,NA,2,1,6,3315,0,1,1,NA,2,034,I-15 NB,E. 6TH STREET,300,N,N,A,-,Y,NA,NA,15,NA,NA,NA,NA,NA,N,Y,4,0,1,2,A,-,03,22350,NA,N,C,C,A,A,H,-,A,D,0,NA,NA,NA,NA,Y,NA,D,22,0,0,1,0,0,0,0,0,0,-,-,33.87466049194336,-117.54531097412108,RIVERSIDE,CORONA,-117.54512786865234,33.87469482421875
9158415,2020,2020-10-20,3300,2020-08-21,0525,3610,901D,5,5,4,3310,0,0,0,NA,0,050,TEMESCAL AV,CURTIS DR,0,NA,Y,A,D,N,NA,NA,NA,NA,NA,NA,NA,NA,NA,Y,3,0,1,3,A,-,03,22350,NA,N,C,E,F,A,H,-,C,D,0,Y,NA,NA,NA,Y,NA,D,82,0,1,0,0,1,0,0,0,0,-,-,33.92116928100586,-117.54432678222656,RIVERSIDE,NORCO,-117.54427337646484,33.921241760253906