CASE_ID,ACCIDENT_YEAR,PROC_DATE,JURIS,COLLISION_DATE,COLLISION_TIME,OFFICER_ID,REPORTING_DISTRICT,DAY_OF_WEEK,CHP_SHIFT,POPULATION,CNTY_CITY_LOC,SPECIAL_COND,BEAT_TYPE,CHP_BEAT_TYPE,CITY_DIVISION_LAPD,CHP_BEAT_CLASS,BEAT_NUMBER,PRIMARY_RD,SECONDARY_RD,DISTANCE,DIRECTION,INTERSECTION,WEATHER_1,WEATHER_2,STATE_HWY_IND,CALTRANS_COUNTY,CALTRANS_DISTRICT,STATE_ROUTE,ROUTE_SUFFIX,POSTMILE_PREFIX,POSTMILE,LOCATION_TYPE,RAMP_INTERSECTION,SIDE_OF_HWY,TOW_AWAY,COLLISION_SEVERITY,NUMBER_KILLED,NUMBER_INJURED,PARTY_COUNT,PRIMARY_COLL_FACTOR,PCF_CODE_OF_VIOL,PCF_VIOL_CATEGORY,PCF_VIOLATION,PCF_VIOL_SUBSECTION,HIT_AND_RUN,TYPE_OF_COLLISION,MVIW,PED_ACTION,ROAD_SURFACE,ROAD_COND_1,ROAD_COND_2,LIGHTING,CONTROL_DEVICE,CHP_ROAD_TYPE,PEDESTRIAN_ACCIDENT,BICYCLE_ACCIDENT,MOTORCYCLE_ACCIDENT,TRUCK_ACCIDENT,NOT_PRIVATE_PROPERTY,ALCOHOL_INVOLVED,STWD_VEHTYPE_AT_FAULT,CHP_VEHTYPE_AT_FAULT,COUNT_SEVERE_INJ,COUNT_VISIBLE_INJ,COUNT_COMPLAINT_PAIN,COUNT_PED_KILLED,COUNT_PED_INJURED,COUNT_BICYCLIST_KILLED,COUNT_BICYCLIST_INJURED,COUNT_MC_KILLED,COUNT_MC_INJURED,PRIMARY_RAMP,SECONDARY_RAMP,LATITUDE,LONGITUDE,COUNTY,CITY,POINT_X,POINT_Y
92167962,2023,2023-09-12,9630,2023-09-01,1920,020445,NA,5,2,4,3309,0,1,1,NA,2,021,I-10 E/B TO GOLF CENTER PARKWAY,GOLF CENTER PARKWAY,675,W,N,B,C,Y,RIV,NA,10,NA,R,56.806,H,NA,R,N,4,0,1,2,A,-,03,22350,NA,M,C,C,A,B,H,-,C,D,0,NA,NA,NA,NA,Y,NA,-,99,0,0,1,0,0,0,0,0,0,-,-,33.72711944580078,-116.2036590576172,RIVERSIDE,INDIO,-116.2034912109375,33.72728729248047
92168885,2023,2023-09-13,9655,2023-09-04,1535,020669,NA,1,2,9,3300,0,1,3,NA,1,116,SR-74,E/OF DRY CREEK,0,NA,Y,A,-,Y,RIV,NA,74,NA,NA,54.4,H,NA,R,Y,3,0,1,1,A,-,08,22107,NA,N,E,8,A,A,H,-,A,D,0,NA,NA,NA,NA,Y,NA,D,22,0,1,0,0,0,0,0,0,0,-,-,33.706241607666016,-116.75491333007813,RIVERSIDE,UNINCORPORATED,-116.75495147705078,33.70623016357422
92169449,2023,2023-09-13,9685,2023-09-12,520,015757,NA,2,3,3,3343,0,1,3,NA,1,031,SR-79 S/B (WINCHESTER RD),MAX GILLIS BLVD,1000,N,N,A,-,Y,RIV,NA,79,NA,R,8.647,H,NA,L,Y,4,0,1,4,A,-,03,22350,NA,N,C,C,A,A,H,-,A,A,0,NA,NA,NA,NA,Y,NA,D,22,0,0,1,0,0,0,0,0,0,-,-,33.60015106201172,-117.11681365966795,RIVERSIDE,WILDOMAR,-117.11680603027344,33.60014724731445
92170475,2023,2023-09-14,9655,2023-09-07,930,015892,NA,4,1,9,3300,0,1,3,NA,1,115,STATE ROUTE 243,STATE ROUTE 74,10560,N,N,A,-,Y,RIV,NA,243,NA,NA,1.852,H,NA,R,N,3,0,1,1,A,-,08,22107,NA,N,F,A,A,A,H,-,A,D,0,NA,NA,Y,NA,Y,NA,C,02,0,1,0,0,0,0,0,0,1,-,-,33.71921157836914,-116.72167205810548,RIVERSIDE,UNINCORPORATED,-116.7216796875,33.71918487548828
9217087,2021,2021-03-16,3311,2021-01-18,1054,15919,NA,1,5,4,3311,0,0,0,NA,0,006,TAHQUITZ CANYON WY,SUNSET WY,14,W,N,A,-,N,NA,NA,NA,NA,NA,NA,NA,NA,NA,Y,4,0,1,2,A,-,09,21801,A,N,D,C,A,A,H,-,A,A,0,NA,NA,NA,NA,Y,NA,A,01,0,0,1,0,0,0,0,0,0,-,-,33.82318115234375,-116.52179718017578,RIVERSIDE,PALM SPRINGS,-116.52161407470705,33.82307815551758
92174644,2023,2023-09-20,9685,2023-09-13,420,016722,NA,3,3,9,3300,0,1,3,NA,1,039,SR-79 EASTBOUND,RAINBOW RD.,32,W,N,E,-,N,NA,NA,NA,NA,NA,NA,NA,NA,NA,Y,3,0,1,1,A,-,08,22107,NA,N,F,A,A,A,H,-,D,D,0,NA,NA,NA,Y,Y,NA,F,26,0,1,0,0,0,0,0,0,0,-,-,33.44927978515625,-116.89476776123048,RIVERSIDE,UNINCORPORATED,-116.89476013183594,33.44938659667969
92175090,2023,2023-09-20,9655,2023-09-14,1040,021578,NA,4,1,9,3300,0,1,3,NA,1,314,SR-74,FAIRVIEW AVE.,0,NA,Y,A,-,Y,RIV,NA,74,NA,NA,45.103,H,NA,R,Y,4,0,2,2,A,-,12,21453,A,N,D,C,A,A,H,-,A,A,0,NA,NA,NA,NA,Y,NA,A,01,0,0,2,0,0,0,0,0,0,-,-,33.74790954589844,-116.89320373535156,RIVERSIDE,UNINCORPORATED,-116.89319610595705,33.747802734375
92176201,2023,2023-09-21,9685,2023-09-15,1310,016885,NA,5,1,5,3335,0,1,1,NA,2,030,I-15 NORTHBOUND,SR-79 (WINCHESTER ROAD),5000,N,N,A,-,Y,RIV,NA,15,NA,NA,7.59,H,NA,R,Y,3,0,3,3,A,-,03,22350,NA,N,C,C,A,A,D,-,A,D,0,NA,NA,NA,NA,Y,NA,A,07,0,2,1,0,0,0,0,0,0,-,-,33.534969329833984,-117.17101287841795,RIVERSIDE,TEMECULA,-117.17101287841795,33.534969329833984
92176987,2023,2023-09-22,9685,2023-09-15,1640,016113,NA,5,2,5,3341,0,1,1,NA,2,020,I-215 NORTHBOUND,NEWPORT ROAD,6494,N,N,A,-,Y,RIV,NA,215,NA,R,19.762,H,NA,R,N,4,0,1,2,A,-,07,21658,A,F,B,C,A,A,H,-,A,D,0,NA,NA,NA,NA,Y,NA,D,22,0,0,1,0,0,0,0,0,0,-,-,33.701011657714844,-117.18131256103516,RIVERSIDE,MENIFEE,-117.18125915527344,33.70103454589844
92177081,2023,2023-09-22,9685,2023-09-16,416,018849,NA,6,3,5,3341,0,1,1,NA,2,020,I-215 S/B,MCCALL BLVD,5280,S,N,A,-,Y,RIV,NA,215,NA,R,19.729,H,NA,L,Y,3,0,1,1,A,-,08,22107,NA,N,F,A,A,A,H,-,D,D,0,NA,NA,NA,NA,Y,Y,A,01,0,1,0,0,0,0,0,0,0,-,-,33.7005500793457,-117.18142700195313,RIVERSIDE,MENIFEE,-117.18125915527344,33.700626373291016
92177095,2023,2023-09-22,9840,2023-09-16,325,021872,NA,6,3,7,3313,0,1,3,NA,2,020,SR-91 W/B,MONROE ST,1170,E,N,A,-,Y,RIV,NA,91,NA,NA,15.334,H,NA,L,Y,3,0,1,2,A,-,03,22350,NA,N,C,2,A,A,H,-,D,D,0,NA,NA,NA,NA,Y,NA,D,22,0,1,0,0,0,0,0,0,0,-,-,33.92512893676758,-117.42401885986328,RIVERSIDE,RIVERSIDE,-117.42400360107422,33.92510986328125
92177111,2023,2023-09-22,9840,2023-09-14,610,016358,NA,4,1,7,3313,0,1,1,NA,2,023,I-215 N/B,EASTRIDGE AVE.,5280,N,N,B,-,Y,RIV,NA,215,NA,R,37.878,H,NA,R,Y,4,0,1,3,A,-,08,22107,NA,M,B,C,A,A,H,-,A,D,0,NA,NA,Y,NA,Y,NA,-,99,0,0,1,0,0,0,0,0,1,-,-,33.937599182128906,-117.29065704345705,RIVERSIDE,RIVERSIDE,-117.29060363769533,33.9376106262207
92177171,2023,2023-09-22,9685,2023-09-16,1030,016885,NA,6,1,9,3300,0,1,3,NA,1,045,SR-371,WILSON VALLEY ROAD,3500,N,N,A,-,N,NA,NA,NA,NA,NA,NA,NA,NA,NA,N,3,0,1,1,A,-,08,22107,NA,N,E,I,A,A,H,-,A,D,0,NA,NA,NA,NA,Y,NA,A,01,0,1,0,0,0,0,0,0,0,-,-,33.49013900756836,-116.82649230957033,RIVERSIDE,UNINCORPORATED,-116.82652282714844,33.49020767211914
92179568,2023,2023-09-26,9655,2023-09-11,105,021732,NA,1,3,9,3300,0,3,5,NA,2,003,CALIFORNIA AVE,SIMPSON ROAD,2112,N,N,A,-,N,NA,NA,NA,NA,NA,NA,NA,NA,NA,Y,4,0,1,2,A,-,01,23152,F,N,B,C,A,A,H,-,D,D,0,NA,NA,NA,NA,Y,NA,J,48,0,0,1,0,0,0,0,0,0,-,-,33.71324920654297,-117.04863739013672,RIVERSIDE,UNINCORPORATED,-117.04875946044922,33.712520599365234
92179706,2023,2023-09-26,9685,2023-09-14,30,016986,NA,4,3,9,3300,0,1,3,NA,1,026,SR-74 E/B,LEON RD.,8,W,N,A,-,N,NA,NA,NA,NA,NA,NA,NA,NA,NA,N,4,0,1,2,A,-,03,22350,NA,F,C,C,A,A,H,-,C,A,0,NA,NA,NA,NA,Y,Y,-,99,0,0,1,0,0,0,0,0,0,-,-,33.743160247802734,-117.11932373046876,RIVERSIDE,UNINCORPORATED,-117.11932373046876,33.7431755065918
92180373,2023,2023-09-26,9655,2023-09-18,310,020690,NA,1,3,3,3302,0,1,1,NA,2,202,I-10 E/B,OAK VALLEY PARKWAY,500,E,N,A,-,Y,RIV,NA,10,NA,R,5.559,H,NA,R,N,4,0,1,1,A,-,08,22107,NA,N,F,A,A,A,H,-,D,D,0,NA,NA,NA,NA,Y,NA,A,01,0,0,1,0,0,0,0,0,0,-,-,33.94453811645508,-117.00292205810548,RIVERSIDE,BEAUMONT,-117.00287628173828,33.94456481933594
92180376,2023,2023-09-26,9840,2023-08-29,2152,018949,NA,2,2,6,3315,0,1,1,NA,2,034,I-15 S/B TO ONTARIO AVE,ONTARIO AVE,973,N,N,A,-,Y,RIV,NA,15,NA,NA,38.931,H,NA,L,Y,4,0,2,1,A,-,08,22107,NA,N,E,I,A,A,H,-,C,D,0,NA,NA,NA,NA,Y,NA,A,07,0,0,2,0,0,0,0,0,0,-,-,33.84724044799805,-117.53497314453124,RIVERSIDE,CORONA,-117.53475189208984,33.84721374511719
92181680,2023,2023-09-27,9630,2023-09-15,1554,022858,NA,5,2,4,3309,0,1,1,NA,2,021,I-10 E/B FROM JEFFERSON ST,JEFFERSON ST,106,W,N,A,-,Y,NA,NA,NA,NA,NA,NA,NA,NA,NA,Y,3,0,1,1,A,-,03,22350,NA,N,F,0,A,A,H,-,A,D,0,NA,NA,NA,Y,Y,NA,F,27,0,1,0,0,0,0,0,0,0,-,-,33.74884033203125,-116.26962280273438,RIVERSIDE,INDIO,-116.26962280273438,33.74884033203125
92182371,2023,2023-09-28,9840,2023-07-29,1936,021080,NA,6,2,7,3313,0,1,3,NA,2,020,SR-91 EB TO VAN BUREN BLVD.,VAN BUREN BLVD.,528,W,N,A,-,Y,NA,NA,NA,NA,NA,NA,NA,NA,NA,Y,4,0,2,3,A,-,01,23152,A,N,B,C,A,A,H,-,A,D,0,NA,NA,NA,NA,Y,Y,A,01,0,0,2,0,0,0,0,0,0,-,-,33.91339111328125,-117.44329071044922,RIVERSIDE,RIVERSIDE,-117.44329071044922,33.91339111328125
92188862,2023,2023-10-03,9655,2023-09-26,1608,020695,NA,2,2,9,3300,0,1,1,NA,2,204,I-10 E/B,MAIN STREET,1817,W,N,A,-,Y,RIV,NA,10,NA,R,19.052,H,NA,R,Y,3,0,3,3,A,-,08,22107,NA,N,C,2,A,A,H,-,A,D,0,NA,NA,NA,Y,Y,NA,A,01,0,1,2,0,0,0,0,0,0,-,-,33.9186897277832,-116.78311157226563,RIVERSIDE,UNINCORPORATED,-116.78311157226563,33.91864776611328
92188982,2023,2023-10-03,9840,2023-09-19,245,022028,NA,2,3,7,3313,0,1,3,NA,2,020,SR-91 E/B,PIERCE ST,500,W,N,A,-,Y,RIV,NA,91,NA,NA,10.471,H,NA,R,Y,3,0,1,1,A,-,01,23152,A,N,E,I,A,A,H,-,C,D,0,NA,NA,NA,NA,Y,Y,A,01,0,1,0,0,0,0,0,0,0,-,-,33.89542007446289,-117.49836730957033,RIVERSIDE,RIVERSIDE,-117.49837493896484,33.89543151855469
92191940,2023,2023-10-05,9655,2023-10-03,1238,018320,NA,2,1,9,3300,0,1,3,NA,2,213,SR-79,CALIFORNIA AVE,0,NA,Y,A,-,Y,RIV,NA,79,NA,NA,39.298,H,NA,R,Y,4,0,3,2,A,-,09,21802,A,N,D,C,A,A,H,-,A,A,0,NA,NA,NA,NA,Y,NA,A,01,0,0,3,0,0,0,0,0,0,-,-,33.911041259765625,-116.9806900024414,RIVERSIDE,UNINCORPORATED,-116.98058319091795,33.910987854003906
92192117,2023,2023-10-05,9630,2023-09-18,34,023092,NA,1,3,9,3300,0,1,1,NA,2,021,I-10 E/B,JEFFERSON ST,3168,W,N,A,-,Y,RIV,NA,10,NA,NA,51.787,H,NA,R,Y,3,0,1,1,A,-,08,22107,NA,M,E,I,A,A,H,-,C,D,0,NA,NA,NA,NA,Y,NA,A,07,0,1,0,0,0,0,0,0,0,-,-,33.752708435058594,-116.28028106689452,RIVERSIDE,UNINCORPORATED,-116.2802505493164,33.75275421142578
92192472,2023,2023-10-05,9840,2023-09-27,443,021943,NA,3,3,7,3313,0,1,1,NA,2,023,INTERSTATE 215 NORTHBOUND,MARTIN LUTHER KING BOULEVARD,140,N,N,A,-,Y,RIV,NA,215,NA,NA,40.899,H,NA,R,Y,4,0,1,4,A,-,03,22350,NA,N,C,C,A,A,H,-,D,D,0,NA,NA,NA,NA,Y,NA,A,07,0,0,1,0,0,0,0,0,0,-,-,33.96918869018555,-117.32868957519533,RIVERSIDE,RIVERSIDE,-117.32869720458984,33.96918487548828
92194240,2023,2023-10-09,9685,2023-09-25,2245,016722,NA,1,3,5,3335,0,1,1,NA,2,030,I-15 NORTHBOUND,TEMECULA PARKWAY (SR-79),1808,N,N,A,-,Y,RIV,NA,15,NA,NA,3.792,H,NA,R,N,4,0,1,2,A,-,03,22350,NA,N,C,C,A,A,H,-,D,D,0,NA,NA,NA,NA,Y,Y,D,22,0,0,1,0,0,0,0,0,0,-,-,33.48548889160156,-117.14227294921876,RIVERSIDE,TEMECULA,-117.14228057861328,33.48548889160156
92194263,2023,2023-10-09,9840,2023-09-24,533,021311,NA,7,3,7,3313,0,1,3,NA,2,010,SR-60 E/B,RUBIDOUX BL,15,W,N,A,-,Y,RIV,NA,60,NA,NA,9.55,H,NA,R,Y,4,0,2,2,A,-,03,22350,NA,N,C,C,A,A,H,-,D,D,0,NA,NA,NA,NA,Y,NA,A,01,0,0,2,0,0,0,0,0,0,-,-,34.004520416259766,-117.40054321289063,RIVERSIDE,RIVERSIDE,-117.40053558349608,34.0045166015625
92195233,2023,2023-10-10,9840,2023-10-06,1635,019566,NA,5,2,6,3315,0,1,1,NA,2,034,I-15 S/B,ONTARIO AVE,300,S,N,A,-,Y,RIV,NA,15,NA,NA,38.616,H,NA,L,Y,4,0,1,2,A,-,03,22350,NA,N,C,C,A,A,H,-,A,D,0,NA,NA,NA,NA,Y,NA,A,01,0,0,1,0,0,0,0,0,0,-,-,33.8426399230957,-117.5348892211914,RIVERSIDE,CORONA,-117.53506469726563,33.842620849609375
92195393,2023,2023-10-10,9630,2023-10-01,445,023183,NA,7,3,9,3300,0,1,1,NA,2,301,I-10 W/B,BOX CANYON RD,23232,W,N,A,-,Y,RIV,NA,10,NA,R,79.268,H,NA,L,Y,2,0,1,1,A,-,08,22107,NA,N,E,I,A,A,H,-,D,D,0,NA,NA,NA,Y,Y,NA,G,25,1,0,0,0,0,0,0,0,0,-,-,33.662471771240234,-115.84162139892578,RIVERSIDE,UNINCORPORATED,-115.84161376953124,33.66250228881836
92195440,2023,2023-10-10,9840,2023-10-09,1622,021872,NA,1,2,9,3300,0,2,4,NA,2,045,CAJALCO RD,DECKER RD,1500,W,N,A,-,N,NA,NA,NA,NA,NA,NA,NA,NA,NA,Y,4,0,1,3,A,-,03,22350,NA,M,C,C,A,A,H,-,A,D,0,NA,NA,NA,NA,Y,NA,-,99,0,0,1,0,0,0,0,0,0,-,-,33.837310791015625,-117.27278900146484,RIVERSIDE,UNINCORPORATED,-117.2730712890625,33.83734130859375
92196045,2023,2023-10-11,9685,2023-09-30,514,018849,NA,6,3,9,3300,0,3,5,NA,2,001,SR-74,GRAND AVE.,16896,W,N,A,-,Y,RIV,NA,74,NA,NA,8.735,H,NA,R,Y,2,0,1,1,A,-,08,22107,NA,N,F,A,A,A,H,-,D,D,0,NA,NA,NA,NA,Y,NA,A,01,1,0,0,0,0,0,0,0,0,-,-,33.64942932128906,-117.38584136962892,RIVERSIDE,UNINCORPORATED,-117.38579559326172,33.649497985839844
92196659,2023,2023-10-11,9655,2023-10-08,1810,019871,NA,7,2,3,3302,0,1,1,NA,2,202,I-10 W/B,BEAUMONT AVE,1500,W,N,A,-,Y,RIV,NA,10,NA,NA,7.275,H,NA,L,Y,3,0,4,3,A,-,07,21658,A,N,B,C,A,A,H,-,A,D,0,NA,NA,NA,NA,Y,NA,A,01,0,2,2,0,0,0,0,0,0,-,-,33.92811965942383,-116.98211669921876,RIVERSIDE,BEAUMONT,-116.9821319580078,33.9281005859375
92197102,2023,2023-10-12,9840,2023-10-11,823,023116,NA,3,1,9,3300,0,1,3,NA,2,030,SR-91 EB TO SERFAS CLUB DRIVE,SERFAS CLUB DRIVE,0,NA,Y,A,-,N,NA,NA,NA,NA,NA,NA,NA,NA,NA,Y,4,0,1,2,A,-,12,21453,A,N,D,C,A,A,H,-,A,A,0,NA,NA,NA,NA,Y,NA,-,-,0,0,1,0,0,0,0,0,0,-,-,33.88011169433594,-117.6133270263672,RIVERSIDE,UNINCORPORATED,-117.61320495605467,33.880287170410156
92198310,2023,2023-10-13,9840,2023-03-05,349,021042,NA,7,3,7,3313,0,1,3,NA,2,031,STATE ROUTE 91 EASTBOUND,PROMENADE AVENUE,1865,W,N,A,-,Y,RIV,NA,91,NA,NA,7.692,H,NA,R,Y,1,2,1,3,A,-,01,23152,A,N,A,C,A,A,H,-,C,D,0,NA,NA,NA,NA,Y,Y,A,01,0,0,1,0,0,0,0,0,0,-,-,33.88283157348633,-117.5431671142578,RIVERSIDE,RIVERSIDE,-117.54315948486328,33.88278579711914
92200075,2023,2023-10-16,9685,2023-09-26,700,015360,NA,2,1,5,3335,0,1,1,NA,2,030,I-15 NORTHBOUND,RANCHO CALIFORNIA ROAD,200,S,N,A,-,Y,RIV,NA,15,NA,NA,4.938,H,NA,R,N,2,0,1,2,A,-,03,22350,NA,N,C,C,A,A,H,-,A,D,0,NA,NA,Y,NA,Y,NA,C,02,1,0,0,0,0,0,0,0,1,-,-,33.500301361083984,-117.15122985839844,RIVERSIDE,TEMECULA,-117.15095520019533,33.50040054321289
92201206,2023,2023-10-17,9685,2023-10-09,1558,015957,NA,1,2,9,3300,0,1,3,NA,1,026,SR-74 EASTBOUND,HOMELAND AVE,200,W,N,A,-,Y,RIV,NA,74,NA,NA,32.126,H,NA,R,N,4,0,2,2,A,-,03,22350,NA,N,C,C,A,A,H,-,A,D,0,NA,NA,NA,NA,Y,NA,A,01,0,0,2,0,0,0,0,0,0,-,-,33.74327850341797,-117.11341094970705,RIVERSIDE,UNINCORPORATED,-117.11341094970705,33.74325942993164
92201588,2023,2023-10-18,9840,2023-09-21,1900,019874,NA,4,2,9,3300,0,3,5,NA,2,004,SEATON AVENUE,RIDER STREET,14,N,N,A,-,N,NA,NA,NA,NA,NA,NA,NA,NA,NA,N,4,0,2,2,A,-,08,22107,NA,M,A,C,A,A,H,-,B,D,0,NA,NA,NA,NA,Y,NA,A,01,0,0,2,0,0,0,0,0,0,-,-,33.83015060424805,-117.26158142089844,RIVERSIDE,UNINCORPORATED,-117.26158142089844,33.830379486083984
92202624,2023,2023-10-18,9840,2023-10-04,1605,015444,NA,3,2,7,3313,0,1,3,NA,2,020,SR-91 W/B,TYLER STREET,325,W,N,A,-,Y,RIV,NA,91,NA,NA,12.812,H,NA,L,N,3,0,1,4,A,-,03,22350,NA,N,C,D,A,A,H,-,A,D,0,NA,NA,NA,NA,Y,NA,A,01,0,1,0,0,0,0,0,0,0,-,-,33.904441833496094,-117.46024322509766,RIVERSIDE,RIVERSIDE,-117.46027374267578,33.90447998046875
92204897,2023,2023-10-20,9685,2023-10-13,740,015295,NA,5,1,3,3343,0,1,1,NA,2,030,INTERSTATE 15 SOUTHBOUND,CLINTON KEITH ROAD,1584,S,N,B,-,Y,RIV,NA,15,NA,NA,13.304,H,NA,L,Y,3,0,2,3,A,-,03,22350,NA,N,C,C,A,A,H,-,A,D,0,NA,NA,NA,NA,Y,NA,A,01,0,2,0,0,0,0,0,0,0,-,-,33.59183883666992,-117.24166107177734,RIVERSIDE,WILDOMAR,-117.24160003662108,33.591880798339844
92205699,2023,2023-10-23,9630,2023-10-14,350,022858,NA,6,3,9,3300,0,3,5,NA,2,404,THOUSAND PALMS CANYON RD,RAMON RD,8,S,N,A,-,N,NA,NA,NA,NA,NA,NA,NA,NA,NA,Y,3,0,1,1,A,-,03,22350,NA,N,E,9,A,A,H,-,D,D,0,NA,NA,NA,NA,Y,NA,A,01,0,1,0,0,0,0,0,0,0,-,-,33.816558837890625,-116.3267822265625,RIVERSIDE,UNINCORPORATED,-116.54677581787108,33.815818786621094
92206262,2023,2023-10-23,9655,2023-10-18,620,020051,NA,3,1,9,3300,0,1,3,NA,2,315,SR-79 S/B,GARBONI RD,200,N,N,A,-,Y,RIV,NA,79,NA,R,13.315,H,NA,L,N,4,0,1,2,A,-,07,21658,A,M,B,C,A,A,H,-,A,D,0,NA,NA,NA,NA,Y,NA,D,22,0,0,1,0,0,0,0,0,0,-,-,33.657440185546875,-117.08466339111328,RIVERSIDE,UNINCORPORATED,-117.0846710205078,33.657440185546875
92207164,2023,2023-10-24,9840,2023-10-17,909,018248,NA,2,1,7,3313,0,1,3,NA,2,020,SR-91 W/B,ADAMS ST,3696,W,N,A,-,Y,RIV,NA,91,NA,NA,14.919,H,NA,L,Y,3,0,1,2,A,-,08,22107,NA,N,F,2,A,A,H,-,A,D,0,NA,NA,Y,NA,Y,NA,C,02,0,1,0,0,0,0,0,0,1,-,-,33.92169952392578,-117.42996215820313,RIVERSIDE,RIVERSIDE,-117.42998504638672,33.921730041503906
9220845,2020,2021-02-26,3313,2020-10-30,1813,1934,5,5,5,7,3313,0,0,0,NA,0,3R54,ARLINGTON AV,VALLEY DR,226,E,N,A,-,N,NA,NA,NA,NA,NA,NA,NA,NA,NA,N,4,0,1,1,A,-,08,22107,NA,N,A,I,A,A,H,-,B,D,0,NA,NA,NA,NA,Y,NA,A,01,0,0,1,0,0,0,0,0,0,-,-,33.944889068603516,-117.49591064453124,RIVERSIDE,RIVERSIDE,-117.49505615234376,33.94508743286133
92209441,2023,2023-10-26,9840,2023-10-20,1050,019650,NA,5,1,7,3313,0,1,1,NA,2,023,I-215 S/B,CENTRAL AVE.,550,N,N,A,-,Y,RIV,NA,215,NA,NA,39.606,H,NA,L,Y,4,0,1,3,A,-,08,22107,NA,M,B,2,A,A,H,-,A,D,0,NA,NA,NA,NA,Y,NA,A,01,0,0,1,0,0,0,0,0,0,-,-,33.95978927612305,-117.31096649169922,RIVERSIDE,RIVERSIDE,-117.31095886230467,33.959800720214844
9221211,2020,2021-02-09,3308,2020-12-23,1558,10610,514,3,5,5,3308,0,0,0,NA,0,NORTH,FLORIDA AV,SANDERSON AV,320,E,N,A,-,Y,RIV,8,74,-,-,38.55,H,-,W,N,4,0,1,2,A,-,03,22350,NA,N,C,C,A,A,H,-,A,A,0,NA,NA,NA,NA,Y,NA,A,01,0,0,1,0,0,0,0,0,0,-,-,33.74763107299805,-117.0066375732422,RIVERSIDE,HEMET,-117.00540924072266,33.747440338134766
9222100,2021,2021-03-16,3325,2021-01-01,0429,1702,DESER,5,5,4,3325,0,0,0,NA,0,003,VARNER RD,BOB HOPE DR,1320,W,N,A,-,N,NA,NA,NA,NA,NA,NA,NA,NA,NA,Y,2,0,1,1,A,-,03,22350,NA,N,F,-,A,A,H,-,D,D,0,NA,NA,NA,NA,Y,NA,A,01,1,0,0,0,0,0,0,0,0,-,-,NA,NA,RIVERSIDE,CATHEDRAL CITY,-116.40932464599608,33.82540512084961
92221653,2023,2023-10-27,9685,2023-10-20,1250,016765,NA,5,1,4,3342,0,1,1,NA,2,034,I-215 SOUTHBOUND FROM LOS ALAMOS RD,LOS ALAMOS RD,530,N,N,A,-,Y,NA,NA,NA,NA,NA,NA,NA,NA,NA,N,3,0,1,2,A,-,03,22350,NA,N,C,C,A,A,H,-,A,A,0,NA,NA,NA,NA,Y,NA,A,01,0,1,0,0,0,0,0,0,0,-,-,33.57088851928711,-117.181396484375,RIVERSIDE,MURRIETA,-117.181396484375,33.57088851928711
92224062,2023,2023-10-31,9840,2023-10-14,2304,022448,NA,6,3,7,3313,0,1,3,NA,2,020,SR-91 E/B,TYLER ST.,1109,W,N,A,-,Y,RIV,NA,91,NA,NA,12.83,H,NA,R,Y,3,0,2,2,A,-,01,23152,G,M,C,2,A,A,H,-,C,D,0,NA,NA,NA,NA,Y,Y,A,07,0,1,1,0,0,0,0,0,0,-,-,33.904449462890625,-117.45986175537108,RIVERSIDE,RIVERSIDE,-117.45990753173828,33.90450668334961
92226424,2023,2023-11-02,9655,2023-10-20,2110,021008,NA,5,2,9,3300,0,1,3,NA,2,311,GILMAN SPRINGS RD,KENNEDY HILLS RD,200,W,N,A,-,N,NA,NA,NA,NA,NA,NA,NA,NA,NA,N,4,0,1,2,A,-,06,21755,A,N,B,2,A,A,H,-,D,A,0,NA,NA,NA,NA,Y,NA,A,01,0,0,1,0,0,0,0,0,0,-,-,33.86674880981445,-117.03456878662108,RIVERSIDE,UNINCORPORATED,-117.03465270996094,33.866676330566406
92227532,2023,2023-11-03,9840,2023-10-26,1818,017546,NA,4,2,6,3345,0,1,1,NA,2,011,I-15 N/B,RIVERSIDE DRIVE,480,S,N,A,-,Y,RIV,NA,15,NA,NA,51.179,H,NA,R,Y,4,0,1,2,A,-,03,22350,NA,N,C,C,A,A,H,-,D,D,0,NA,NA,NA,NA,Y,NA,A,01,0,0,1,0,0,0,0,0,0,-,-,34.01742935180664,-117.55014038085938,RIVERSIDE,JURUPA VALLEY,-117.55007934570313,34.01742935180664
92231976,2023,2023-11-09,9655,2023-11-08,2042,021784,NA,3,2,9,3300,0,3,5,NA,2,003,CLARK DR.,SAN JACINTO ST.,262,E,N,A,-,N,NA,NA,NA,NA,NA,NA,NA,NA,NA,Y,3,0,1,2,A,-,08,22107,NA,N,C,C,A,A,H,-,C,D,0,NA,NA,NA,NA,Y,NA,A,01,0,1,0,0,0,0,0,0,0,-,-,33.741729736328125,-116.95765686035156,RIVERSIDE,UNINCORPORATED,-116.9577407836914,33.741703033447266