CASE_ID,ACCIDENT_YEAR,PROC_DATE,JURIS,COLLISION_DATE,COLLISION_TIME,OFFICER_ID,REPORTING_DISTRICT,DAY_OF_WEEK,CHP_SHIFT,POPULATION,CNTY_CITY_LOC,SPECIAL_COND,BEAT_TYPE,CHP_BEAT_TYPE,CITY_DIVISION_LAPD,CHP_BEAT_CLASS,BEAT_NUMBER,PRIMARY_RD,SECONDARY_RD,DISTANCE,DIRECTION,INTERSECTION,WEATHER_1,WEATHER_2,STATE_HWY_IND,CALTRANS_COUNTY,CALTRANS_DISTRICT,STATE_ROUTE,ROUTE_SUFFIX,POSTMILE_PREFIX,POSTMILE,LOCATION_TYPE,RAMP_INTERSECTION,SIDE_OF_HWY,TOW_AWAY,COLLISION_SEVERITY,NUMBER_KILLED,NUMBER_INJURED,PARTY_COUNT,PRIMARY_COLL_FACTOR,PCF_CODE_OF_VIOL,PCF_VIOL_CATEGORY,PCF_VIOLATION,PCF_VIOL_SUBSECTION,HIT_AND_RUN,TYPE_OF_COLLISION,MVIW,PED_ACTION,ROAD_SURFACE,ROAD_COND_1,ROAD_COND_2,LIGHTING,CONTROL_DEVICE,CHP_ROAD_TYPE,PEDESTRIAN_ACCIDENT,BICYCLE_ACCIDENT,MOTORCYCLE_ACCIDENT,TRUCK_ACCIDENT,NOT_PRIVATE_PROPERTY,ALCOHOL_INVOLVED,STWD_VEHTYPE_AT_FAULT,CHP_VEHTYPE_AT_FAULT,COUNT_SEVERE_INJ,COUNT_VISIBLE_INJ,COUNT_COMPLAINT_PAIN,COUNT_PED_KILLED,COUNT_PED_INJURED,COUNT_BICYCLIST_KILLED,COUNT_BICYCLIST_INJURED,COUNT_MC_KILLED,COUNT_MC_INJURED,PRIMARY_RAMP,SECONDARY_RAMP,LATITUDE,LONGITUDE,COUNTY,CITY,POINT_X,POINT_Y
92290503,2024,2024-01-18,9685,2024-01-11,1820,016096,NA,4,2,9,3300,0,1,3,NA,2,011,SR-74,GRAND AVE,14256,W,N,A,-,Y,RIV,NA,74,NA,NA,9.254,H,NA,R,N,3,0,1,1,A,-,08,22107,NA,N,E,I,A,A,H,-,D,D,0,NA,NA,Y,NA,Y,NA,C,02,0,1,0,0,0,0,0,0,1,-,-,33.642738342285156,-117.3845672607422,RIVERSIDE,UNINCORPORATED,-117.38462829589844,33.64271926879883
92293319,2023,2024-01-22,9840,2023-12-16,1841,021080,NA,6,2,7,3313,0,1,3,NA,2,010,SR-60 E/B,MAIN ST,1056,E,N,A,-,Y,RIV,NA,60,NA,NA,11.943,H,NA,R,N,4,0,2,2,A,-,03,22350,NA,M,C,C,A,A,H,-,C,D,0,NA,NA,NA,NA,Y,NA,A,01,0,0,2,0,0,0,0,0,0,-,-,33.99507141113281,-117.3615493774414,RIVERSIDE,RIVERSIDE,-117.3615493774414,33.99507522583008
92293870,2023,2024-01-22,9840,2023-12-17,759,021872,NA,7,1,7,3313,0,1,1,NA,2,040,I-215 N/B,ALESSANDRO BLVD,1055,S,N,A,-,Y,RIV,NA,215,NA,R,36.246,H,NA,R,N,4,0,1,3,A,-,08,22107,NA,F,C,C,A,A,H,-,A,D,0,NA,NA,NA,Y,Y,NA,A,01,0,0,1,0,0,0,0,0,0,-,-,33.91447067260742,-117.28610229492188,RIVERSIDE,RIVERSIDE,-117.28602600097656,33.914512634277344
92296833,2024,2024-01-25,9660,2024-01-23,805,019480,NA,2,1,9,3300,0,1,1,NA,2,030,I-10 EASTBOUND,MILE MARKER 106,1236,E,N,B,-,Y,RIV,NA,10,NA,R,106.087,H,NA,R,Y,3,0,1,1,A,-,08,22107,NA,N,E,I,A,B,D,-,A,D,0,NA,NA,NA,NA,Y,NA,A,07,0,1,0,0,0,0,0,0,0,-,-,33.710670471191406,-115.38316345214844,RIVERSIDE,UNINCORPORATED,-115.38315582275392,33.7104606628418
92298099,2024,2024-01-26,9685,2024-01-25,738,016347,NA,4,1,9,3300,0,1,3,NA,1,012,SR-74 W/B,WASSON CANYON ROAD,30,E,N,B,-,Y,NA,NA,NA,NA,NA,NA,NA,NA,NA,Y,3,0,3,2,A,-,03,22350,NA,N,C,C,A,A,H,-,A,A,0,NA,NA,NA,NA,Y,NA,A,01,0,1,2,0,0,0,0,0,0,-,-,33.71641159057617,-117.30011749267578,RIVERSIDE,UNINCORPORATED,-117.30010986328124,33.71638488769531
92298121,2024,2024-01-26,9840,2024-01-24,1540,016358,NA,3,2,9,3300,0,3,5,NA,2,004,NANDINA AVE.,LAUREL GROVE RD.,0,NA,Y,B,-,N,NA,NA,NA,NA,NA,NA,NA,NA,NA,Y,4,0,1,2,A,-,09,21801,A,N,D,C,A,A,H,-,A,D,0,NA,NA,NA,NA,Y,NA,A,01,0,0,1,0,0,0,0,0,0,-,-,33.86526870727539,-117.36109924316406,RIVERSIDE,UNINCORPORATED,-117.36109161376952,33.865272521972656
92299544,2024,2024-01-29,9655,2024-01-20,1230,020664,NA,6,1,9,3300,0,1,3,NA,2,213,SR-79 N/B,GILMAN SPRINGS RD.,6336,N,N,B,C,Y,RIV,NA,79,NA,R,35.134,H,NA,R,Y,3,0,1,1,A,-,08,22107,NA,N,E,I,A,B,H,-,A,D,0,NA,NA,NA,NA,Y,NA,D,22,0,1,0,0,0,0,0,0,0,-,-,33.86280059814453,-117.00775146484376,RIVERSIDE,UNINCORPORATED,-117.00784301757813,33.86280059814453
92299956,2024,2024-01-29,9655,2024-01-22,1112,021399,NA,1,1,9,3300,0,1,3,NA,2,213,SR-79 S/B,GILMAN SPRINGS RD,7445,N,N,C,-,Y,RIV,NA,79,NA,R,35.294,H,NA,L,Y,2,0,1,1,A,-,08,22107,NA,N,E,I,A,B,H,-,A,D,0,NA,NA,NA,NA,Y,NA,A,01,1,0,0,0,0,0,0,0,0,-,-,33.86513137817383,-117.00850677490234,RIVERSIDE,UNINCORPORATED,-117.00839233398438,33.86513137817383
92303291,2024,2024-02-01,9655,2024-02-01,550,018320,NA,4,3,9,3300,0,1,3,NA,2,212,SR-60 E/B,JACK RABBIT TRL,230,E,N,B,C,Y,RIV,NA,60,NA,NA,28.019,H,NA,R,Y,3,0,1,2,A,-,05,21651,A,N,C,C,A,B,H,-,B,D,0,NA,NA,NA,NA,Y,NA,A,07,0,1,0,0,0,0,0,0,0,-,-,33.933650970458984,-117.03265380859376,RIVERSIDE,UNINCORPORATED,-117.0326690673828,33.93361282348633
92303907,2024,2024-02-02,9840,2024-01-25,1548,019527,NA,4,2,7,3313,0,1,1,NA,2,023,I-215 S/B,MARTIN LUTHER KING BLVD.,25,N,N,A,-,Y,RIV,NA,215,NA,NA,40.875,H,NA,L,Y,4,0,1,2,A,-,08,22107,NA,N,B,C,A,A,H,-,A,D,0,NA,NA,NA,NA,Y,NA,A,01,0,0,1,0,0,0,0,0,0,-,-,33.96881866455078,-117.32868957519533,RIVERSIDE,RIVERSIDE,-117.32872772216795,33.96879577636719
92305157,2024,2024-02-05,9630,2024-02-01,1015,021409,NA,4,1,9,3300,0,1,1,NA,2,301,I-10 W/B,FRONTAGE RD,17424,E,N,C,-,Y,RIV,NA,10,NA,R,78.649,H,NA,L,Y,4,0,1,2,A,-,08,22107,NA,N,C,C,A,B,H,-,A,D,0,NA,NA,NA,Y,Y,NA,M,47,0,0,1,0,0,0,0,0,0,-,-,33.663230895996094,-115.85233306884766,RIVERSIDE,UNINCORPORATED,-115.85233306884766,33.6632080078125
92305332,2024,2024-02-05,9685,2024-02-01,1040,016347,NA,4,1,9,3300,0,1,1,NA,2,034,I-15 N/B,RAINBOW VALLEY BLVD,4435,N,N,B,C,Y,RIV,NA,15,NA,R,0.654,H,NA,R,Y,4,0,1,1,A,-,08,22107,NA,N,E,I,A,B,H,-,A,D,0,NA,NA,NA,NA,Y,NA,A,07,0,0,1,0,0,0,0,0,0,-,-,33.44099044799805,-117.13803100585938,RIVERSIDE,UNINCORPORATED,-117.13792419433594,33.44096755981445
92305981,2024,2024-02-05,9840,2024-02-03,351,023250,NA,6,3,7,3313,0,1,3,NA,2,020,SR-91 E/B,PIERCE ST,1637,W,N,A,-,Y,RIV,NA,91,NA,NA,10.465,H,NA,R,N,4,0,1,2,A,-,03,22350,NA,N,C,D,A,A,H,-,C,D,0,NA,NA,NA,NA,Y,NA,D,22,0,0,1,0,0,0,0,0,0,-,-,33.895408630371094,-117.49848175048828,RIVERSIDE,RIVERSIDE,-117.49846649169922,33.895389556884766
92306542,2024,2024-02-06,9685,2024-02-03,1030,016743,NA,6,1,5,3341,0,1,1,NA,2,020,I-215 NORTHBOUND,NEWPORT ROAD,2112,N,N,A,-,Y,RIV,NA,215,NA,R,18.914,H,NA,R,Y,2,0,1,1,A,-,01,23152,A,N,E,I,A,A,H,-,A,D,0,NA,NA,NA,NA,Y,Y,A,07,1,0,0,0,0,0,0,0,0,-,-,33.6903190612793,-117.1740493774414,RIVERSIDE,MENIFEE,-117.17414093017578,33.69028091430664
92306962,2024,2024-02-06,9655,2024-02-05,1654,020695,NA,1,2,4,3301,0,1,1,NA,2,204,I-10 E/B,RAMSEY ST,2288,E,N,B,C,Y,RIV,NA,10,NA,R,15.223,H,NA,R,Y,3,0,1,1,A,-,08,22107,NA,N,E,I,A,B,H,-,A,D,0,NA,NA,NA,NA,Y,NA,A,01,0,1,0,0,0,0,0,0,0,-,-,33.92831039428711,-116.84442901611328,RIVERSIDE,BANNING,-116.84439849853516,33.9282112121582
92306986,2024,2024-02-06,9655,2024-02-05,2130,022260,NA,1,2,9,3300,0,3,5,NA,2,003,DOMENIGONI PKWY E/B,ALAMAR MESA DR,528,W,N,C,-,N,NA,NA,NA,NA,NA,NA,NA,NA,NA,Y,4,0,2,2,A,-,05,21651,A,N,A,C,A,B,H,-,D,D,0,NA,NA,NA,NA,Y,NA,D,22,0,0,2,0,0,0,0,0,0,-,-,33.707801818847656,-117.0228271484375,RIVERSIDE,UNINCORPORATED,-117.02238464355467,33.707862854003906
92309047,2024,2024-02-08,9655,2024-02-07,443,021048,NA,3,3,9,3300,0,1,3,NA,2,213,SR-79 N/B,GILMAN SPRINGS RD,5702,N,N,A,-,Y,RIV,NA,79,NA,R,34.958,H,NA,R,Y,4,0,1,2,A,-,08,22107,NA,N,B,D,A,B,H,-,D,D,0,NA,NA,NA,NA,Y,NA,D,22,0,0,1,0,0,0,0,0,0,-,-,33.860408782958984,-117.0088119506836,RIVERSIDE,UNINCORPORATED,-117.0088119506836,33.86041259765625
92309218,2024,2024-02-08,9840,2024-01-29,1315,020913,NA,1,1,9,3300,0,3,5,NA,2,002,RECHE CANYON RD,WHITTIER ST,0,NA,Y,A,-,N,NA,NA,NA,NA,NA,NA,NA,NA,NA,N,4,0,2,2,A,-,08,22107,NA,N,B,C,A,A,H,-,A,D,0,NA,NA,NA,NA,Y,NA,A,07,0,0,2,0,0,0,0,0,0,-,-,34.01631164550781,-117.26856994628906,RIVERSIDE,UNINCORPORATED,-117.26864624023438,34.01633834838867
92310542,2024,2024-02-09,9840,2024-02-03,1347,020913,NA,6,1,6,3394,0,1,3,NA,2,025,SR-60 W/B FROM GILMAN SPRINGS,GILMAN SPRINGS RD,1870,W,N,A,-,Y,RIV,NA,60,NA,NA,21.737,H,NA,L,N,4,0,1,1,A,-,08,22107,NA,N,F,A,A,A,H,-,A,D,0,NA,NA,NA,NA,Y,NA,E,22,0,0,1,0,0,0,0,0,0,-,-,33.93846893310547,-117.1330795288086,RIVERSIDE,MORENO VALLEY,-117.1331024169922,33.9383659362793
92312509,2023,2024-02-13,9685,2023-08-05,41,015906,NA,6,3,3,3343,0,1,1,NA,2,010,INTERSTATE 15 SOUTHBOUND,WILDOMAR TRAIL OVERCROSSING,486,S,N,A,-,Y,RIV,NA,15,NA,NA,14.979,H,NA,L,Y,3,0,5,2,A,-,01,23152,A,N,C,C,A,A,H,-,D,D,0,NA,NA,NA,NA,Y,Y,A,01,0,2,3,0,0,0,0,0,0,-,-,33.611328125,-117.25942993164063,RIVERSIDE,WILDOMAR,-117.25942230224608,33.61133575439453
92315129,2024,2024-02-15,9685,2024-02-15,601,017285,NA,4,1,9,3300,0,1,3,NA,2,011,SR-74 (ORTEGA HWY),COUNTY LINE,2640,E,N,A,-,Y,RIV,NA,74,NA,NA,0.378,H,NA,R,Y,3,0,1,1,A,-,08,22107,NA,N,E,I,A,A,H,-,A,D,0,NA,NA,NA,NA,Y,NA,-,-,0,1,0,0,0,0,0,0,0,-,-,33.603389739990234,-117.45162963867188,RIVERSIDE,UNINCORPORATED,-117.45162963867188,33.60334014892578
92315282,2024,2024-02-15,9655,2024-02-14,645,018320,NA,3,1,9,3300,0,3,5,NA,2,003,DOMENIGONI PKY W/B,SR-79,1320,E,N,B,-,N,NA,NA,NA,NA,NA,NA,NA,NA,NA,Y,4,0,1,2,A,-,07,21658,A,N,C,C,A,A,H,-,A,D,0,NA,NA,NA,NA,Y,NA,D,22,0,0,1,0,0,0,0,0,0,-,-,33.6962890625,-117.08039855957033,RIVERSIDE,UNINCORPORATED,-117.08052825927734,33.69609069824219
92315347,2023,2024-02-15,9840,2023-12-11,2012,021261,NA,1,2,7,3313,0,1,3,NA,2,020,STATE ROUTE 91 E/B FROM TYLER STREET,TYLER STREET,823,E,N,A,-,Y,RIV,NA,91,NA,NA,13.212,H,NA,R,N,1,1,0,2,A,-,11,21954,A,N,G,B,E,A,H,-,D,D,0,Y,NA,NA,NA,Y,NA,N,60,0,0,0,1,0,0,0,0,0,-,-,33.90755081176758,-117.45433807373048,RIVERSIDE,RIVERSIDE,-117.45440673828124,33.90763854980469
92317372,2024,2024-02-19,9685,2024-02-16,1725,018360,NA,5,2,5,3335,0,1,1,NA,2,030,I-15,SANTIAGO ROAD,500,S,N,A,-,Y,RIV,NA,15,NA,NA,4.037,H,NA,R,N,4,0,1,2,A,-,03,22350,NA,N,C,C,A,A,H,-,A,D,0,NA,NA,NA,NA,Y,NA,A,07,0,0,1,0,0,0,0,0,0,-,-,33.4888916015625,-117.1435089111328,RIVERSIDE,TEMECULA,-117.14349365234376,33.488895416259766
92317381,2024,2024-02-19,9685,2024-02-16,2033,015295,NA,5,2,5,3335,0,1,1,NA,2,030,INTERSTATE 15 NORTHBOUND,OVERLAND AVENUE,2112,S,N,A,-,Y,RIV,NA,15,NA,NA,5.831,H,NA,R,Y,3,0,2,2,A,-,03,22350,NA,N,C,C,A,A,H,-,D,D,0,NA,NA,NA,NA,Y,NA,A,07,0,2,0,0,0,0,0,0,0,-,-,33.512508392333984,-117.15660858154295,RIVERSIDE,TEMECULA,-117.15652465820313,33.512535095214844
92320892,2024,2024-02-22,9630,2024-02-11,146,022858,NA,7,3,9,3300,0,3,5,NA,2,502,GRAPEFRUIT BLVD,FILLMORE ST,331,S,N,A,-,N,NA,NA,NA,NA,NA,NA,NA,NA,NA,Y,4,0,1,2,A,-,03,22350,NA,M,A,C,A,A,H,-,D,D,0,NA,NA,NA,NA,Y,NA,A,01,0,0,1,0,0,0,0,0,0,-,-,33.63291931152344,-116.13284301757813,RIVERSIDE,UNINCORPORATED,-116.13300323486328,33.633060455322266
92321757,2024,2024-02-23,9840,2024-02-16,859,021080,NA,5,1,9,3300,0,3,5,NA,2,003,TEMESCAL CANYON RD.,EL CERRITO RD,0,NA,Y,A,-,N,NA,NA,NA,NA,NA,NA,NA,NA,NA,N,3,0,1,2,A,-,09,21801,A,N,D,C,A,A,H,-,D,D,0,NA,NA,Y,NA,Y,NA,A,01,0,1,0,0,0,0,0,0,1,-,-,33.83597946166992,-117.52291870117188,RIVERSIDE,UNINCORPORATED,-117.52276611328124,33.835960388183594
9232224,2021,2021-06-01,3308,2021-05-07,1137,4189,525,5,5,5,3308,0,0,0,NA,0,SOUTH,SANDERSON AV,ACACIA AV,538,S,N,A,-,N,NA,NA,NA,NA,NA,NA,NA,NA,NA,Y,4,0,2,2,A,-,03,22350,NA,N,C,C,A,A,H,-,A,A,0,NA,NA,NA,NA,Y,NA,J,48,0,0,2,0,0,0,0,0,0,-,-,33.742061614990234,-117.00325775146484,RIVERSIDE,HEMET,-117.00666809082033,33.742427825927734
92324386,2024,2024-02-27,9840,2024-01-13,1920,023114,NA,6,2,6,3315,0,1,3,NA,2,030,SR-71 S/B,SR-91,3200,N,N,A,-,Y,RIV,NA,71,NA,NA,2.333,H,NA,L,Y,3,0,1,2,A,-,08,22107,NA,N,C,C,A,A,H,-,C,D,0,NA,NA,Y,NA,Y,NA,C,02,0,1,0,0,0,0,0,0,1,-,-,33.89133071899414,-117.64674377441406,RIVERSIDE,CORONA,-117.64665222167967,33.89134216308594
92325221,2024,2024-02-28,9630,2024-02-18,1945,021897,NA,7,2,9,3300,0,3,5,NA,2,003,BOX CANYON RD,PAINTED CANYON RD,13200,W,N,A,-,N,NA,NA,NA,NA,NA,NA,NA,NA,NA,N,2,0,1,1,A,-,08,22107,NA,N,F,A,A,A,H,-,D,D,0,NA,NA,Y,NA,Y,NA,C,02,1,0,0,0,0,0,0,0,1,-,-,33.59231185913086,-115.96758270263672,RIVERSIDE,UNINCORPORATED,-115.99598693847656,33.575809478759766
92329098,2024,2024-03-04,9840,2024-02-27,713,019650,NA,2,1,7,3313,0,1,3,NA,2,020,SR-91 W/B,TYLER ST.,780,E,N,B,-,Y,RIV,NA,91,NA,NA,13.385,H,NA,L,N,4,0,1,2,A,-,03,22350,NA,N,C,C,A,B,H,-,A,D,0,NA,NA,NA,NA,Y,NA,D,22,0,0,1,0,0,0,0,0,0,-,-,33.90916061401367,-117.45200347900392,RIVERSIDE,RIVERSIDE,-117.45201110839844,33.909175872802734
92329401,2024,2024-03-04,9655,2024-03-01,1525,018320,NA,5,2,9,3300,0,1,3,NA,2,212,SR-60 W/B,JACK RABBIT TRL,12144,W,N,A,-,Y,RIV,NA,60,NA,R,25.652,H,NA,L,Y,4,0,1,2,A,-,07,21658,A,N,B,2,A,A,H,-,A,D,0,NA,NA,NA,Y,Y,NA,D,22,0,0,1,0,0,0,0,0,0,-,-,33.94601058959961,-117.06887817382813,RIVERSIDE,UNINCORPORATED,-117.0688705444336,33.94598388671875
92330542,2024,2024-03-05,9655,2024-03-02,2250,021977,NA,6,3,9,3300,0,1,3,NA,2,213,STATE ROUTE 79 SOUTHBOUND,CALIFORNIA AVENUE,3960,S,N,B,C,Y,RIV,NA,79,NA,NA,38.429,H,NA,L,Y,3,0,1,1,A,-,03,22350,NA,N,E,I,A,B,H,-,D,D,0,NA,NA,NA,NA,Y,NA,A,01,0,1,0,0,0,0,0,0,0,-,-,33.89973831176758,-116.98690032958984,RIVERSIDE,UNINCORPORATED,-116.9867935180664,33.899662017822266
92332337,2024,2024-03-07,9840,2024-02-28,1348,017247,NA,3,1,7,3313,0,1,1,NA,2,023,I-215 S/B TO SR-60 E/B (TRUCK BYPASS),SR-60,600,S,N,A,-,Y,RIV,NA,215,NA,R,38.234,H,NA,L,N,3,0,1,1,A,-,08,22107,NA,N,E,I,A,A,H,-,A,D,0,NA,NA,NA,NA,Y,NA,A,07,0,1,0,0,0,0,0,0,0,-,-,33.94255828857422,-117.2925033569336,RIVERSIDE,RIVERSIDE,-117.29244232177734,33.942588806152344
92335345,2023,2024-03-11,9630,2023-12-17,200,022858,NA,7,3,9,3300,0,3,5,NA,2,502,GRAPEFRUIT BOULEVARD,64TH AVENUE,1056,N,N,A,-,N,NA,NA,NA,NA,NA,NA,NA,NA,NA,Y,3,0,1,2,A,-,03,22350,NA,F,C,C,A,A,H,-,D,D,0,NA,NA,NA,NA,Y,NA,A,07,0,1,0,0,0,0,0,0,0,-,-,33.592018127441406,-116.09767150878906,RIVERSIDE,UNINCORPORATED,-116.0983428955078,33.59287643432617
92336238,2024,2024-03-12,9630,2024-03-03,1815,021652,NA,7,2,9,3300,0,3,5,NA,2,405,42ND AVENUE,HOPEWELL AVE,1056,E,N,A,-,N,NA,NA,NA,NA,NA,NA,NA,NA,NA,Y,3,0,1,2,A,-,03,22350,NA,N,C,C,A,A,H,-,C,D,0,NA,NA,NA,NA,Y,NA,A,01,0,1,0,0,0,0,0,0,0,-,-,33.743831634521484,-116.27971649169922,RIVERSIDE,UNINCORPORATED,-116.27851104736328,33.74369430541992
92337249,2024,2024-03-13,9685,2024-02-22,640,015757,NA,4,1,4,3342,0,1,1,NA,2,034,I-215 S/B (ESCONDIDO FWY),MURRIETA HOT SPRINGS RD,250,S,N,A,-,Y,RIV,NA,215,NA,R,9.465,H,NA,L,Y,3,0,1,2,A,-,03,22350,NA,N,B,C,A,A,H,-,A,D,0,NA,NA,Y,NA,Y,NA,C,02,0,1,0,0,0,0,0,0,1,-,-,33.55556106567383,-117.18096923828124,RIVERSIDE,MURRIETA,-117.18099975585938,33.55556106567383
92338222,2024,2024-03-14,9840,2024-03-12,1705,019566,NA,2,2,9,3300,0,3,5,NA,2,003,TEMESCAL CANYON RD,BEN GARRETT RD,0,NA,Y,A,-,N,NA,NA,NA,NA,NA,NA,NA,NA,NA,N,4,0,1,2,A,-,09,21804,A,N,D,C,A,A,H,-,A,D,0,NA,NA,NA,NA,Y,NA,A,01,0,0,1,0,0,0,0,0,0,-,-,33.774078369140625,-117.48805236816406,RIVERSIDE,UNINCORPORATED,-117.48802947998048,33.77406692504883
92338400,2024,2024-03-14,9685,2024-03-08,1605,016113,NA,5,2,9,3300,0,1,3,NA,1,026,SR-74,HOMELAND AVENUE,0,NA,Y,A,-,Y,RIV,NA,74,NA,NA,32.183,H,NA,R,Y,4,0,1,2,A,-,09,21801,A,N,D,C,A,A,H,-,A,D,0,NA,NA,NA,NA,Y,NA,A,01,0,0,1,0,0,0,0,0,0,-,-,33.74327087402344,-117.1124267578125,RIVERSIDE,UNINCORPORATED,-117.1124267578125,33.74327087402344
92338421,2024,2024-03-14,9840,2024-03-02,1530,018611,NA,6,2,9,3300,0,1,3,NA,2,030,SR-91 W/B,SR-71,1000,E,N,B,C,Y,RIV,NA,91,NA,R,2.136,H,NA,L,Y,4,0,1,3,A,-,03,22350,NA,N,C,C,A,B,H,-,A,D,0,NA,NA,NA,NA,Y,NA,A,08,0,0,1,0,0,0,0,0,0,-,-,33.88383865356445,-117.63997650146484,RIVERSIDE,UNINCORPORATED,-117.63998413085938,33.88384246826172
92338452,2024,2024-03-14,9685,2024-03-09,1225,018539,NA,6,1,9,3300,0,1,3,NA,1,039,SR-79 N/B,LOS CABALLOS ROAD,0,NA,Y,A,-,Y,RIV,NA,79,NA,NA,13.859,H,NA,R,Y,4,0,5,2,A,-,09,21801,A,N,A,C,A,A,H,-,A,D,0,NA,NA,NA,NA,Y,NA,A,01,0,0,5,0,0,0,0,0,0,-,-,33.4852409362793,-117.04451751708984,RIVERSIDE,UNINCORPORATED,-117.04454040527344,33.4852180480957
92338467,2024,2024-03-14,9840,2024-03-03,314,021872,NA,7,3,9,3300,0,2,4,NA,2,042,VAN BUREN BLVD,REGENCY RANCH RD,470,W,N,B,C,N,NA,NA,NA,NA,NA,NA,NA,NA,NA,Y,4,0,1,1,A,-,03,22350,NA,N,E,I,A,B,H,-,D,D,0,NA,NA,NA,NA,Y,NA,A,01,0,0,1,0,0,0,0,0,0,-,-,33.88111114501953,-117.40181732177734,RIVERSIDE,UNINCORPORATED,-117.40164184570313,33.88115692138672
92338554,2024,2024-03-14,9655,2024-03-04,2156,023543,NA,1,2,9,3300,0,1,1,NA,2,204,I-10 W/B,22ND ST,90,E,N,A,-,Y,RIV,NA,10,NA,R,11.989,H,NA,L,Y,4,0,1,2,C,-,18,NA,NA,N,A,C,A,A,H,-,D,D,0,NA,NA,NA,NA,Y,Y,-,-,0,0,1,0,0,0,0,0,0,-,-,33.924468994140625,-116.90055084228516,RIVERSIDE,UNINCORPORATED,-116.90055084228516,33.92445755004883
92339511,2024,2024-03-15,9840,2024-03-06,310,019650,NA,3,3,4,3310,0,1,1,NA,2,011,I-15 S/B,4TH ST,110,N,N,A,-,Y,RIV,NA,15,NA,NA,44.705,H,NA,L,Y,4,0,2,2,A,-,08,22107,NA,N,C,C,A,A,H,-,D,D,0,NA,NA,NA,NA,Y,NA,A,01,0,0,2,0,0,0,0,0,0,-,-,33.92491149902344,-117.5566635131836,RIVERSIDE,NORCO,-117.55669403076172,33.92491149902344
92340583,2024,2024-03-18,9655,2024-03-09,1835,021578,NA,6,2,9,3300,0,3,5,NA,2,003,STANFORD ST.,MARINE DR.,170,N,N,A,-,N,NA,NA,NA,NA,NA,NA,NA,NA,NA,N,2,0,1,2,D,-,00,NA,NA,N,B,C,A,A,H,-,C,D,0,NA,NA,Y,NA,Y,NA,-,-,1,0,0,0,0,0,0,0,1,-,-,33.74692153930664,-116.93251037597656,RIVERSIDE,UNINCORPORATED,-116.93255615234376,33.74684524536133
92341830,2024,2024-03-19,9685,2024-03-12,2315,016096,NA,2,3,5,3335,0,1,1,NA,2,030,I-15 N/B FWY,WINCHESTER RD.,5160,N,N,B,-,Y,RIV,NA,15,NA,NA,7.598,H,NA,R,N,3,0,1,4,A,-,03,22350,NA,N,E,8,A,A,H,-,D,D,0,NA,NA,NA,NA,Y,NA,A,01,0,1,0,0,0,0,0,0,0,-,-,33.53506088256836,-117.1710968017578,RIVERSIDE,TEMECULA,-117.17108154296876,33.53506851196289
92342730,2024,2024-03-20,9655,2024-03-13,2038,021908,NA,3,2,9,3300,0,3,5,NA,2,003,FAIRVIEW AVE,STETSON AVE,440,S,N,A,-,N,NA,NA,NA,NA,NA,NA,NA,NA,NA,Y,3,0,1,1,A,-,01,23152,A,N,E,I,A,A,H,-,D,A,0,NA,NA,NA,NA,Y,NA,A,01,0,1,0,0,0,0,0,0,0,-,-,33.72848129272461,-116.89337158203124,RIVERSIDE,UNINCORPORATED,-116.89327239990234,33.72853469848633
92342758,2024,2024-03-20,9685,2024-02-29,205,016986,NA,4,3,9,3300,0,1,3,NA,1,012,SR-74 (PERRIS),BETTY RD.,1584,E,N,B,F,Y,NA,NA,NA,NA,NA,NA,NA,NA,NA,Y,3,0,1,1,A,-,08,22107,NA,N,E,J,A,A,H,-,D,D,0,NA,NA,NA,NA,Y,NA,A,01,0,1,0,0,0,0,0,0,0,-,-,33.76176071166992,-117.26611328125,RIVERSIDE,UNINCORPORATED,-117.26602172851563,33.7615966796875
92344047,2024,2024-03-21,9840,2024-03-15,1630,015444,NA,5,2,6,3315,0,1,S,NA,2,300,SR-91 E/B,SMITH AVE,125,E,N,B,-,Y,RIV,NA,91,NA,NA,4.768,H,NA,R,Y,3,0,1,2,A,-,07,21658,A,N,B,C,A,A,H,-,A,A,0,NA,NA,NA,NA,Y,NA,D,22,0,1,0,0,0,0,0,0,0,-,-,33.881778717041016,-117.59317016601563,RIVERSIDE,CORONA,-117.59317016601563,33.881771087646484