CASE_ID,ACCIDENT_YEAR,PROC_DATE,JURIS,COLLISION_DATE,COLLISION_TIME,OFFICER_ID,REPORTING_DISTRICT,DAY_OF_WEEK,CHP_SHIFT,POPULATION,CNTY_CITY_LOC,SPECIAL_COND,BEAT_TYPE,CHP_BEAT_TYPE,CITY_DIVISION_LAPD,CHP_BEAT_CLASS,BEAT_NUMBER,PRIMARY_RD,SECONDARY_RD,DISTANCE,DIRECTION,INTERSECTION,WEATHER_1,WEATHER_2,STATE_HWY_IND,CALTRANS_COUNTY,CALTRANS_DISTRICT,STATE_ROUTE,ROUTE_SUFFIX,POSTMILE_PREFIX,POSTMILE,LOCATION_TYPE,RAMP_INTERSECTION,SIDE_OF_HWY,TOW_AWAY,COLLISION_SEVERITY,NUMBER_KILLED,NUMBER_INJURED,PARTY_COUNT,PRIMARY_COLL_FACTOR,PCF_CODE_OF_VIOL,PCF_VIOL_CATEGORY,PCF_VIOLATION,PCF_VIOL_SUBSECTION,HIT_AND_RUN,TYPE_OF_COLLISION,MVIW,PED_ACTION,ROAD_SURFACE,ROAD_COND_1,ROAD_COND_2,LIGHTING,CONTROL_DEVICE,CHP_ROAD_TYPE,PEDESTRIAN_ACCIDENT,BICYCLE_ACCIDENT,MOTORCYCLE_ACCIDENT,TRUCK_ACCIDENT,NOT_PRIVATE_PROPERTY,ALCOHOL_INVOLVED,STWD_VEHTYPE_AT_FAULT,CHP_VEHTYPE_AT_FAULT,COUNT_SEVERE_INJ,COUNT_VISIBLE_INJ,COUNT_COMPLAINT_PAIN,COUNT_PED_KILLED,COUNT_PED_INJURED,COUNT_BICYCLIST_KILLED,COUNT_BICYCLIST_INJURED,COUNT_MC_KILLED,COUNT_MC_INJURED,PRIMARY_RAMP,SECONDARY_RAMP,LATITUDE,LONGITUDE,COUNTY,CITY,POINT_X,POINT_Y
94814590,2025,2025-08-22,9840,2025-08-09,1414,023816,NA,6,2,7,3313,0,1,1,NA,2,023,INTERSTATE 215 NORTHBOUND,MARTIN LUTHER KING BOULEVARD,2085,S,N,A,-,Y,RIV,NA,215,NA,NA,40.476,H,NA,R,Y,4,0,5,2,A,-,03,22350,NA,N,B,C,A,A,H,-,A,D,0,NA,NA,NA,NA,Y,NA,A,01,0,0,5,0,0,0,0,0,0,-,-,33.963890075683594,-117.32488250732422,RIVERSIDE,RIVERSIDE,-117.32489013671876,33.96387481689453
94815552,2025,2025-08-25,9655,2025-08-18,230,023934,NA,1,3,9,3300,0,1,3,NA,2,213,STATE ROUTE 79 SOUTHBOUND,GILMAN SPRINGS ROAD,3960,N,N,A,-,Y,RIV,NA,79,NA,R,34.631,H,NA,L,N,4,0,1,2,A,-,07,21658,A,M,B,2,A,A,H,-,D,D,0,NA,NA,NA,NA,Y,NA,-,99,0,0,1,0,0,0,0,0,0,-,-,33.85581970214844,-117.00914764404295,RIVERSIDE,UNINCORPORATED,-117.00909423828124,33.855831146240234
9481899,2022,2022-08-09,3313,2022-03-17,1926,1696,4,4,5,7,3313,0,0,0,NA,0,3R42,CALIFORNIA AV,VAN BUREN BL,72,E,N,A,-,N,NA,NA,NA,NA,NA,NA,NA,NA,NA,Y,4,0,2,2,A,-,08,22107,NA,N,D,C,A,A,H,-,C,A,0,NA,NA,NA,NA,Y,NA,A,07,0,0,2,0,0,0,0,0,0,-,-,33.926658630371094,-117.45171356201172,RIVERSIDE,RIVERSIDE,-117.45155334472656,33.92667770385742
94818995,2025,2025-08-26,9685,2025-07-27,524,020637,NA,7,3,5,3335,0,1,1,NA,2,030,I-15 NORTHBOUND,TEMECULA PARKWAY,1000,N,N,A,-,Y,RIV,NA,15,NA,NA,3.756,H,NA,R,Y,4,0,1,2,A,-,08,22107,NA,N,D,C,A,A,H,-,D,D,0,NA,NA,NA,NA,Y,NA,A,01,0,0,1,0,0,0,0,0,0,-,-,33.48497009277344,-117.14219665527344,RIVERSIDE,TEMECULA,-117.14210510253906,33.48499298095703
94820059,2025,2025-08-27,9840,2025-08-26,901,021080,NA,2,1,9,3300,0,3,5,NA,2,003,TEMESCAL CANYON  RD,HORSETHIEF RD,1478,N,N,A,-,N,NA,NA,NA,NA,NA,NA,NA,NA,NA,N,3,0,1,1,A,-,08,22107,NA,N,E,I,A,A,H,-,A,D,0,NA,NA,NA,NA,Y,NA,A,01,0,1,0,0,0,0,0,0,0,-,-,33.74335861206055,-117.43167877197266,RIVERSIDE,UNINCORPORATED,-117.4315185546875,33.743221282958984
94820733,2025,2025-08-27,9840,2025-08-21,534,021080,NA,4,3,7,3313,0,1,3,NA,2,025,SR-60 W/B,DAY ST,2112,W,N,A,-,Y,RIV,NA,60,NA,R,12.598,H,NA,L,N,4,0,1,2,A,-,07,21658,A,M,B,A,A,A,H,-,A,D,0,NA,NA,NA,NA,Y,NA,-,99,0,0,1,0,0,0,0,0,0,-,-,33.943870544433594,-117.2857666015625,RIVERSIDE,RIVERSIDE,-117.2857666015625,33.943870544433594
94821821,2025,2025-08-28,9655,2025-08-22,635,019871,NA,5,1,3,3302,0,1,3,NA,2,212,SR-60 W/B,WESTERN KNOLLS AVE,1350,E,N,A,-,Y,RIV,NA,60,NA,NA,30.244,H,NA,L,N,4,0,1,3,A,-,03,22350,NA,M,C,C,A,A,H,-,A,D,0,NA,NA,NA,NA,Y,NA,-,99,0,0,1,0,0,0,0,0,0,-,-,33.933349609375,-116.9944305419922,RIVERSIDE,BEAUMONT,-116.9944305419922,33.93332290649414
94822009,2025,2025-08-28,9840,2025-08-28,757,019893,NA,4,1,9,3300,0,1,1,NA,2,034,I-15 N/B,TEMESCAL CANYON ROAD,3294,N,N,B,-,Y,RIV,NA,15,NA,NA,33.886,H,NA,R,N,4,0,1,2,A,-,03,22350,NA,N,C,C,A,A,H,-,A,D,0,NA,NA,NA,NA,Y,NA,A,07,0,0,1,0,0,0,0,0,0,-,-,33.78485870361328,-117.49221801757813,RIVERSIDE,UNINCORPORATED,-117.4921875,33.78487777709961
94822101,2025,2025-08-28,9685,2025-08-18,730,017056,NA,1,1,9,3300,0,3,5,NA,2,003,POURROY RD. (36100 BLOCK),GENOA ST.,111,S,N,A,-,N,NA,NA,NA,NA,NA,NA,NA,NA,NA,N,3,0,1,1,A,-,03,22350,NA,N,F,A,A,A,G,-,A,D,0,NA,Y,NA,NA,Y,NA,M,91,0,1,0,0,0,0,1,0,0,-,-,33.595458984375,-117.1010513305664,RIVERSIDE,UNINCORPORATED,-117.10106658935548,33.59548568725586
94822266,2025,2025-08-28,9840,2025-07-16,2355,022103,NA,3,3,7,3313,0,1,3,NA,2,020,STATE ROUTE 91 WESTBOUND,LA SIERRA AVENUE,233,W,N,A,-,Y,RIV,NA,91,NA,NA,11.933,H,NA,L,Y,1,1,0,2,A,-,01,23152,A,N,C,E,A,A,H,-,D,D,0,NA,NA,NA,Y,Y,Y,A,01,0,0,0,0,0,0,0,0,0,-,-,33.899871826171875,-117.4743881225586,RIVERSIDE,RIVERSIDE,-117.4743194580078,33.89976501464844
94826538,2025,2025-10-22,9685,2025-08-21,1600,019577,NA,4,2,5,3335,0,1,1,NA,2,030,I-15 N/B,RANCHO CALIFORNIA RD.,2464,N,N,A,-,Y,RIV,NA,15,NA,NA,5.444,H,NA,R,N,3,0,1,2,A,-,07,21658,A,N,B,C,A,A,H,-,A,D,0,NA,NA,Y,NA,Y,NA,A,08,0,1,0,0,0,0,0,0,1,-,-,33.50728988647461,-117.15424346923828,RIVERSIDE,TEMECULA,-117.1541748046875,33.5073127746582
94827252,2025,2025-09-02,9655,2025-08-26,840,021578,NA,2,1,9,3300,0,1,3,NA,2,213,SR-79 N/B,LAMB CANYON RD.,7392,S,N,A,-,Y,RIV,NA,79,NA,R,35.695,H,NA,R,Y,3,0,1,1,A,-,08,22107,NA,N,E,I,A,A,H,-,A,D,0,NA,NA,NA,NA,Y,NA,D,22,0,1,0,0,0,0,0,0,0,-,-,33.86835861206055,-117.00318908691406,RIVERSIDE,UNINCORPORATED,-117.00318908691406,33.86831283569336
9482882,2022,2022-07-28,3309,2022-05-24,1320,332,3309,2,5,4,3309,0,0,0,NA,0,002,AVENUE 44,JACKSON ST,14,E,N,A,-,N,NA,NA,NA,NA,NA,NA,NA,NA,NA,Y,3,0,1,1,A,-,01,23152,NA,N,B,I,A,A,H,-,A,A,0,NA,NA,NA,NA,Y,Y,A,01,0,1,0,0,0,0,0,0,0,-,-,NA,NA,RIVERSIDE,INDIO,-116.2162628173828,33.72943878173828
94830583,2025,2025-09-04,9840,2025-07-25,1502,024362,NA,5,2,7,3313,0,1,1,NA,2,023,I-215 NORTHBOUND,MARTIN LUTHER KING BLVD,158,S,N,A,-,Y,RIV,NA,215,NA,NA,40.639,H,NA,R,N,2,0,1,2,A,-,01,23152,A,N,C,C,A,A,H,-,A,D,0,NA,NA,NA,NA,Y,Y,D,22,1,0,0,0,0,0,0,0,0,-,-,33.965728759765625,-117.32657623291016,RIVERSIDE,RIVERSIDE,-117.32664489746094,33.965702056884766
94831844,2025,2025-09-05,9840,2025-09-04,1037,023734,NA,4,1,7,3313,0,1,1,NA,2,023,I-215 N/B,MARTIN LUTHER KING BLVD,1425,S,N,A,-,Y,RIV,NA,215,NA,NA,40.599,H,NA,R,N,4,0,1,2,A,-,07,21658,A,N,B,C,A,A,H,-,A,D,0,NA,NA,NA,NA,Y,NA,-,31,0,0,1,0,0,0,0,0,0,-,-,33.9652099609375,-117.32627105712892,RIVERSIDE,RIVERSIDE,-117.3262939453125,33.96519470214844
94835528,2025,2025-09-08,9685,2025-09-01,1255,017169,NA,1,1,5,3335,0,1,1,NA,2,030,I-15 NORTHBOUND,TEMECULA PARKWAY,180,N,N,A,-,Y,RIV,NA,15,NA,NA,3.489,H,NA,R,Y,4,0,2,4,A,-,03,22350,NA,N,C,C,A,A,H,-,A,D,0,NA,NA,NA,NA,Y,NA,A,07,0,0,2,0,0,0,0,0,0,-,-,33.48128128051758,-117.1408233642578,RIVERSIDE,TEMECULA,-117.14076232910156,33.481292724609375
94837167,2025,2025-09-09,9685,2025-08-31,505,020720,NA,7,3,4,3312,0,1,1,NA,2,020,I-215 N/B,SR-74 (UPPER),5280,S,N,A,-,Y,RIV,NA,215,NA,NA,25.295,H,NA,R,Y,3,0,1,1,A,-,08,22107,NA,N,F,A,A,A,H,-,D,D,0,NA,NA,NA,NA,Y,NA,A,01,0,1,0,0,0,0,0,0,0,-,-,33.77494812011719,-117.2021713256836,RIVERSIDE,PERRIS,-117.20224761962892,33.774871826171875
94837610,2025,2025-09-09,9840,2025-09-04,2355,023193,NA,4,3,9,3300,0,3,5,NA,2,004,INNOVATION DRIVE,MERIDIAN PARKWAY,19,E,N,A,-,N,NA,NA,NA,NA,NA,NA,NA,NA,NA,N,4,0,1,2,A,-,08,22100,A,N,B,C,A,A,H,-,C,D,0,NA,NA,NA,Y,Y,NA,G,25,0,0,1,0,0,0,0,0,0,-,-,33.90122985839844,-117.28514099121094,RIVERSIDE,UNINCORPORATED,-117.28520965576172,33.90115737915039
94837896,2025,2025-09-09,9685,2025-08-30,2005,016113,NA,6,2,9,3300,0,1,3,NA,1,026,SR-74 (EASTBOUND),JOPPE AVENUE,10,E,N,A,-,Y,RIV,NA,74,NA,NA,33.28,H,NA,R,Y,3,0,1,2,A,-,09,21802,A,F,D,C,A,A,H,-,D,A,0,NA,NA,NA,NA,Y,NA,E,22,0,1,0,0,0,0,0,0,0,-,-,33.73894119262695,-117.09465789794922,RIVERSIDE,UNINCORPORATED,-117.09465789794922,33.73894119262695
9483986,2022,2022-08-01,3313,2022-04-20,2206,2047,NA,3,5,7,3313,0,0,0,NA,0,3R50,INDIANA AV,RACINE DR,0,NA,Y,A,-,N,NA,NA,NA,NA,NA,NA,NA,NA,NA,Y,4,0,1,2,A,-,12,22450,A,N,D,C,A,A,H,-,C,A,0,NA,NA,NA,NA,Y,NA,A,01,0,0,1,0,0,0,0,0,0,-,-,33.90319061279297,-117.45993041992188,RIVERSIDE,RIVERSIDE,-117.45999145507813,33.90291976928711
94840583,2025,2025-09-11,9840,2025-09-10,1041,019893,NA,3,1,9,3300,0,1,3,NA,2,030,SR-91 W/B,SR-71,515,E,N,B,-,Y,RIV,NA,91,NA,R,2.192,H,NA,L,Y,4,0,2,2,A,-,03,22350,NA,N,C,C,A,A,H,-,A,D,0,NA,NA,NA,NA,Y,NA,A,07,0,0,2,0,0,0,0,0,0,-,-,33.88407897949219,-117.63903045654295,RIVERSIDE,UNINCORPORATED,-117.63902282714844,33.88405990600586
94841454,2025,2025-09-23,9685,2025-08-14,1540,019577,NA,4,2,5,3335,1,4,S,NA,2,901,NICOLAS RD.,WINCHESTER AVE.,251,W,N,A,-,N,NA,NA,NA,NA,NA,NA,NA,NA,NA,N,3,0,1,1,C,-,18,NA,NA,N,H,A,A,A,H,-,A,A,0,NA,NA,NA,NA,Y,NA,-,-,0,1,0,0,0,0,0,0,0,-,-,33.539459228515625,-117.14569091796876,RIVERSIDE,TEMECULA,-117.14554595947266,33.53944778442383
94842375,2025,2025-09-12,9840,2025-09-09,2030,022103,NA,2,2,9,3300,0,1,1,NA,2,037,I-15 NORTHBOUND,LAKE STREET,440,N,N,A,-,Y,RIV,NA,15,NA,NA,26.788,H,NA,R,Y,4,0,1,3,A,-,03,22350,NA,N,C,C,A,A,H,-,D,D,0,NA,NA,NA,NA,Y,NA,A,01,0,0,1,0,0,0,0,0,0,-,-,33.730159759521484,-117.39514923095705,RIVERSIDE,UNINCORPORATED,-117.39514923095705,33.730194091796875
94842745,2025,2025-09-12,9685,2025-08-30,1907,022028,NA,6,2,4,3342,0,1,1,NA,2,030,I-15 NB TO MURRIETA HOT SPRINGS RD,MURRIETA HOT SPRINGS RD,35,S,N,A,-,Y,NA,NA,NA,NA,NA,NA,NA,NA,NA,N,4,0,1,2,A,-,01,23152,A,N,C,C,A,A,H,-,A,A,0,NA,NA,NA,NA,Y,Y,D,22,0,0,1,0,0,0,0,0,0,-,-,33.5548210144043,-117.19087982177734,RIVERSIDE,MURRIETA,-117.19197082519533,33.554908752441406
94848369,2025,2025-09-17,9840,2025-08-28,1545,020659,NA,4,2,9,3300,0,3,5,NA,2,004,MARKHAM ST,COLE AVE,0,NA,Y,B,-,N,NA,NA,NA,NA,NA,NA,NA,NA,NA,Y,2,0,5,2,A,-,12,22450,A,N,D,C,A,A,H,-,A,A,0,NA,NA,NA,NA,Y,NA,A,07,3,0,2,0,0,0,0,0,0,-,-,33.85826110839844,-117.32263946533205,RIVERSIDE,UNINCORPORATED,-117.32264709472656,33.85824203491211
94849973,2025,2025-09-18,9685,2025-09-13,1025,019652,NA,6,1,4,3342,0,1,1,NA,2,034,I-215 SOUTHBOUND,LOS ALAMOS RD,1300,N,N,A,-,Y,RIV,NA,215,NA,R,11.089,H,NA,L,N,4,0,1,3,A,-,03,22350,NA,N,C,C,A,A,H,-,A,D,0,NA,NA,NA,NA,Y,NA,D,22,0,0,1,0,0,0,0,0,0,-,-,33.57939147949219,-117.18097686767578,RIVERSIDE,MURRIETA,-117.18104553222656,33.57939147949219
94854671,2025,2025-09-22,9630,2025-09-06,545,015165,NA,6,3,9,3300,0,3,5,NA,2,404,RAMON ROAD,SIERRA DEL SOL,10,E,N,A,-,N,NA,NA,NA,NA,NA,NA,NA,NA,NA,Y,4,0,1,2,A,-,08,22107,NA,F,D,C,A,A,H,-,B,A,0,NA,NA,NA,NA,Y,NA,-,99,0,0,1,0,0,0,0,0,0,-,-,33.81637954711914,-116.38797760009766,RIVERSIDE,UNINCORPORATED,-116.38814544677734,33.81639862060547
94857006,2025,2025-09-23,9655,2025-09-16,1556,017546,NA,2,2,9,3300,0,3,5,NA,2,003,MAYBERRY AVENUE,DARTMOUTH STREET,555,E,N,A,-,N,NA,NA,NA,NA,NA,NA,NA,NA,NA,N,4,0,1,2,A,-,11,21954,A,N,D,B,D,A,H,-,A,D,0,Y,NA,NA,NA,Y,NA,N,60,0,0,1,0,1,0,0,0,0,-,-,33.740478515625,-116.9350128173828,RIVERSIDE,UNINCORPORATED,-116.93504333496094,33.7404670715332
94858049,2025,2025-09-24,9655,2025-09-18,1247,021048,NA,4,1,4,3301,0,1,1,NA,2,204,INTERSTATE 10 EASTBOUND,RAMSEY STREET,2640,E,N,B,C,Y,RIV,NA,10,NA,R,15.174,H,NA,R,N,4,0,1,1,A,-,08,22107,NA,N,E,I,A,B,H,-,A,D,0,NA,NA,NA,NA,Y,NA,A,01,0,0,1,0,0,0,0,0,0,-,-,33.92811965942383,-116.84525299072266,RIVERSIDE,BANNING,-116.84521484375,33.928016662597656
94858166,2025,2025-09-24,9685,2025-09-16,1700,019183,NA,2,2,9,3300,0,3,5,NA,2,003,SCOTT ROAD,BRIGGS ROAD,75,E,N,A,-,N,NA,NA,NA,NA,NA,NA,NA,NA,NA,N,4,0,2,2,A,-,03,22350,NA,N,C,C,A,A,H,-,A,A,0,NA,NA,NA,NA,Y,NA,D,22,0,0,2,0,0,0,0,0,0,-,-,33.64154052734375,-117.1364288330078,RIVERSIDE,UNINCORPORATED,-117.13660430908205,33.641510009765625
94859674,2025,2025-09-25,9840,2025-09-09,1506,020659,NA,2,2,9,3300,0,3,5,NA,2,002,RECHE VISTA DR,HEACOCK ST,3370,N,N,A,-,N,NA,NA,NA,NA,NA,NA,NA,NA,NA,Y,4,0,2,3,A,-,05,21460,A,N,B,C,A,A,H,-,A,D,0,NA,NA,NA,NA,Y,NA,A,01,0,0,2,0,0,0,0,0,0,-,-,33.98535919189453,-117.2330322265625,RIVERSIDE,UNINCORPORATED,-117.23287963867188,33.984580993652344
94860261,2025,2025-09-25,9685,2025-09-22,2058,015906,NA,1,2,9,3300,0,1,3,NA,1,039,SR-79,TEMECULA CREEK UNDERCROSSING,686,N,N,A,-,Y,RIV,NA,79,NA,L,7.246,H,NA,R,Y,3,0,1,1,A,-,08,22107,NA,N,F,A,A,A,D,-,D,D,0,NA,NA,NA,NA,Y,NA,D,22,0,1,0,0,0,0,0,0,0,-,-,33.468379974365234,-116.93563079833984,RIVERSIDE,UNINCORPORATED,-116.93565368652344,33.46834945678711
94861575,2025,2025-09-26,9685,2025-09-17,210,021828,NA,3,3,5,3341,0,1,1,NA,2,020,I-215 NORTHBOUND TO NEWPORT RD.,NEWPORT RD.,195,S,N,A,-,Y,NA,NA,NA,NA,NA,NA,NA,NA,NA,Y,4,0,1,1,A,-,08,22107,NA,N,E,I,A,A,H,-,C,D,0,NA,NA,NA,NA,Y,Y,A,07,0,0,1,0,0,0,0,0,0,-,-,33.683589935302734,-117.17037963867188,RIVERSIDE,MENIFEE,-117.17121124267578,33.68462371826172
94864803,2025,2025-11-13,9840,2025-09-27,1049,023734,NA,6,1,9,3300,0,1,1,NA,2,037,I-15 S/B,INDIAN TRUCK TRAIL,1640,S,N,A,-,Y,RIV,NA,15,NA,NA,30.072,H,NA,L,Y,4,0,1,3,A,-,07,21658,A,N,C,C,A,A,H,-,A,D,0,NA,NA,NA,NA,Y,NA,A,07,0,0,1,0,0,0,0,0,0,-,-,33.746150970458984,-117.4473114013672,RIVERSIDE,UNINCORPORATED,-117.44745635986328,33.74591827392578
94866547,2025,2025-09-30,9685,2025-09-22,810,015295,NA,1,1,9,3300,0,3,5,NA,2,003,AULD ROAD,POURROY ROAD,0,NA,Y,A,-,N,NA,NA,NA,NA,NA,NA,NA,NA,NA,N,3,0,1,2,A,-,09,21802,A,N,D,C,A,A,H,-,A,A,0,NA,NA,NA,NA,Y,NA,D,22,0,1,0,0,0,0,0,0,0,-,-,33.583740234375,-117.09944915771484,RIVERSIDE,UNINCORPORATED,-117.10115051269533,33.58367156982422
94871396,2025,2025-10-03,9630,2025-09-24,2130,022321,NA,3,2,9,3300,0,3,5,NA,2,404,RAMON RD,ROSEMARY LN,0,NA,Y,A,-,N,NA,NA,NA,NA,NA,NA,NA,NA,NA,Y,3,0,1,3,A,-,09,21802,A,N,D,C,A,A,H,-,C,A,0,NA,NA,NA,NA,Y,NA,D,22,0,1,0,0,0,0,0,0,0,-,-,33.816349029541016,-116.39290618896484,RIVERSIDE,UNINCORPORATED,-116.39308166503906,33.81645584106445
94876270,2025,2025-10-07,9630,2025-08-21,2225,021409,NA,4,3,9,3300,0,3,5,NA,2,501,CALHOUN STREET,52ND AVENUE,250,S,N,A,-,N,NA,NA,NA,NA,NA,NA,NA,NA,NA,N,1,1,2,3,A,-,01,23152,A,N,E,I,A,A,H,-,D,A,0,NA,NA,NA,NA,Y,Y,A,01,0,0,2,0,0,0,0,0,0,-,-,33.67137145996094,-116.20777893066406,RIVERSIDE,UNINCORPORATED,-116.2077407836914,33.670196533203125
94877770,2025,2025-10-08,9840,2025-09-27,1420,023689,NA,6,2,7,3313,0,1,3,NA,2,020,SR-91 E/B,BUCHANAN STREET,300,E,N,A,-,Y,RIV,NA,91,NA,NA,10.332,H,NA,R,Y,4,0,1,3,A,-,03,22350,NA,N,C,C,A,A,H,-,A,D,0,NA,NA,NA,NA,Y,NA,A,01,0,0,1,0,0,0,0,0,0,-,-,33.89442825317383,-117.50047302246094,RIVERSIDE,RIVERSIDE,-117.50048065185548,33.89445114135742
94878044,2025,2025-10-08,9840,2025-10-07,1735,015444,NA,2,2,9,3300,0,3,5,NA,2,004,WASHINGTON ST,KRAMERIA AVE,50,N,N,A,-,N,NA,NA,NA,NA,NA,NA,NA,NA,NA,N,3,0,1,2,A,-,21,22106,NA,N,C,C,A,A,H,-,A,A,0,NA,NA,NA,NA,Y,NA,A,07,0,1,0,0,0,0,0,0,0,-,-,33.880069732666016,-117.3661880493164,RIVERSIDE,UNINCORPORATED,-117.36617279052734,33.87999725341797
94878160,2025,2025-10-08,9840,2025-09-23,846,017802,NA,2,1,6,3345,0,1,3,NA,2,010,SR-60 E/B,WINEVILLE AVE.,200,E,N,A,-,Y,RIV,NA,60,NA,R,1.016,H,NA,R,N,3,0,1,3,A,-,08,22107,NA,F,B,C,A,A,H,-,A,D,0,NA,NA,NA,NA,Y,NA,A,01,0,1,0,0,0,0,0,0,0,-,-,34.01945114135742,-117.5415267944336,RIVERSIDE,JURUPA VALLEY,-117.5416259765625,34.01919174194336
94879376,2025,2025-10-09,9630,2025-09-14,1713,022441,NA,7,2,9,3300,0,3,5,NA,2,505,HARBOR DR,DOLPHIN DR,15,S,N,A,-,N,NA,NA,NA,NA,NA,NA,NA,NA,NA,N,4,0,1,2,A,-,08,22107,NA,M,D,C,A,A,H,-,A,A,0,NA,NA,NA,NA,Y,NA,-,99,0,0,1,0,0,0,0,0,0,-,-,33.53416061401367,-115.93170928955078,RIVERSIDE,UNINCORPORATED,-115.93173217773438,33.534210205078125
94879549,2025,2025-10-09,9630,2025-10-06,412,024018,NA,1,3,9,3300,0,3,5,NA,2,401,MOUNTAIN VIEW ROAD,20TH AVENUE,2640,S,N,A,-,N,NA,NA,NA,NA,NA,NA,NA,NA,NA,Y,4,0,1,1,A,-,08,22107,NA,N,E,I,A,A,H,-,D,D,0,NA,NA,NA,NA,Y,NA,A,01,0,0,1,0,0,0,0,0,0,-,-,33.89509963989258,-116.47553253173828,RIVERSIDE,UNINCORPORATED,-116.47550964355467,33.89592742919922
94879974,2025,2025-10-09,9840,2025-09-22,1045,024713,NA,1,1,7,3313,0,1,1,NA,2,040,I-215 N/B,EUCALYPTUS AVE,1360,S,N,A,-,Y,RIV,NA,215,NA,R,37.17,H,NA,R,N,3,0,1,2,A,-,03,22350,NA,M,C,C,A,A,H,-,A,D,0,NA,NA,NA,NA,Y,NA,-,99,0,1,0,0,0,0,0,0,0,-,-,33.927520751953125,-117.28865051269533,RIVERSIDE,RIVERSIDE,-117.28858947753906,33.927520751953125
94881728,2025,2025-10-10,9685,2025-09-27,1005,019652,NA,6,1,3,3343,0,1,1,NA,2,010,I-15 SOUTHBOUND,BUNDY CANYON RD,150,N,N,A,-,Y,RIV,NA,15,NA,NA,16.363,H,NA,L,N,3,0,1,2,A,-,07,21658,A,F,F,A,A,A,H,-,A,D,0,NA,NA,Y,NA,Y,NA,-,99,0,1,0,0,0,0,0,0,1,-,-,33.62749099731445,-117.27362060546876,RIVERSIDE,WILDOMAR,-117.27361297607422,33.62749099731445
94887729,2025,2025-10-15,9655,2025-09-05,1645,019466,NA,5,2,9,3300,0,1,1,NA,2,204,I-10 EASTBOUND,MALKI ROAD,528,W,N,A,-,Y,RIV,NA,10,NA,R,16.474,H,NA,R,Y,3,0,1,3,A,-,02,22400,A,F,F,A,A,A,H,-,A,D,0,NA,NA,NA,NA,Y,NA,A,01,0,1,0,0,0,0,0,0,0,-,-,33.93117904663086,-116.82315063476563,RIVERSIDE,UNINCORPORATED,-116.82315826416016,33.93115997314453
94889287,2025,2025-10-16,9630,2025-10-04,2011,024032,NA,6,2,9,3300,0,1,1,NA,2,010,I-10 W/B,N. INDIAN CANYON DR,1584,E,N,A,-,Y,RIV,NA,10,NA,NA,33.487,H,NA,L,N,4,0,2,2,A,-,08,22107,NA,M,B,C,A,A,H,-,C,D,0,NA,NA,NA,NA,Y,NA,-,99,0,0,2,0,0,0,0,0,0,-,-,33.9032096862793,-116.53948974609376,RIVERSIDE,UNINCORPORATED,-116.53945922851563,33.90327453613281
94891045,2025,2025-10-17,9655,2025-10-11,1927,023543,NA,6,2,9,3300,0,1,3,NA,2,315,SR-79 N/B,OLIVE AVE,100,S,N,A,-,Y,RIV,NA,79,NA,R,16.137,H,NA,R,N,4,0,2,3,A,-,03,22350,NA,N,C,C,A,A,H,-,D,D,0,NA,NA,NA,NA,Y,NA,A,07,0,0,2,0,0,0,0,0,0,-,-,33.69963073730469,-117.08487701416016,RIVERSIDE,UNINCORPORATED,-117.08488464355467,33.69963073730469
94891084,2025,2025-12-01,9630,2025-10-10,1635,023809,NA,5,2,9,3300,0,1,1,NA,2,021,I-10 E/B,COOK ST,7920,E,N,B,-,Y,RIV,NA,10,NA,NA,48.457,H,NA,R,N,4,0,1,3,A,-,03,22350,NA,N,C,2,A,A,H,-,A,D,0,NA,NA,NA,NA,Y,NA,A,07,0,0,1,0,0,0,0,0,0,-,-,33.77275085449219,-116.3324966430664,RIVERSIDE,UNINCORPORATED,-116.33251953125,33.77272415161133
94894811,2025,2025-10-21,9840,2025-10-08,1950,022745,NA,3,2,7,3313,0,1,3,NA,2,010,SR-60 W/B,ORANGE ST.,2000,E,N,A,-,Y,RIV,NA,60,NA,NA,12.197,H,NA,L,N,4,0,1,2,A,-,03,22350,NA,N,C,C,A,A,H,-,C,D,0,NA,NA,NA,NA,Y,NA,A,01,0,0,1,0,0,0,0,0,0,-,-,33.993629455566406,-117.3573989868164,RIVERSIDE,RIVERSIDE,-117.35747528076172,33.99351501464844
94895701,2025,2025-10-21,9840,2025-10-09,700,019527,NA,4,1,6,3345,0,1,3,NA,2,010,SR-60 E/B,HALL AVE,450,E,N,A,-,Y,RIV,NA,60,NA,NA,10.052,H,NA,R,N,4,0,1,3,A,-,03,22350,NA,N,C,C,A,A,H,-,A,D,0,NA,NA,NA,NA,Y,NA,A,01,0,0,1,0,0,0,0,0,0,-,-,34.00516891479492,-117.39183807373048,RIVERSIDE,JURUPA VALLEY,-117.39183807373048,34.005184173583984