CASE_ID,ACCIDENT_YEAR,PROC_DATE,JURIS,COLLISION_DATE,COLLISION_TIME,OFFICER_ID,REPORTING_DISTRICT,DAY_OF_WEEK,CHP_SHIFT,POPULATION,CNTY_CITY_LOC,SPECIAL_COND,BEAT_TYPE,CHP_BEAT_TYPE,CITY_DIVISION_LAPD,CHP_BEAT_CLASS,BEAT_NUMBER,PRIMARY_RD,SECONDARY_RD,DISTANCE,DIRECTION,INTERSECTION,WEATHER_1,WEATHER_2,STATE_HWY_IND,CALTRANS_COUNTY,CALTRANS_DISTRICT,STATE_ROUTE,ROUTE_SUFFIX,POSTMILE_PREFIX,POSTMILE,LOCATION_TYPE,RAMP_INTERSECTION,SIDE_OF_HWY,TOW_AWAY,COLLISION_SEVERITY,NUMBER_KILLED,NUMBER_INJURED,PARTY_COUNT,PRIMARY_COLL_FACTOR,PCF_CODE_OF_VIOL,PCF_VIOL_CATEGORY,PCF_VIOLATION,PCF_VIOL_SUBSECTION,HIT_AND_RUN,TYPE_OF_COLLISION,MVIW,PED_ACTION,ROAD_SURFACE,ROAD_COND_1,ROAD_COND_2,LIGHTING,CONTROL_DEVICE,CHP_ROAD_TYPE,PEDESTRIAN_ACCIDENT,BICYCLE_ACCIDENT,MOTORCYCLE_ACCIDENT,TRUCK_ACCIDENT,NOT_PRIVATE_PROPERTY,ALCOHOL_INVOLVED,STWD_VEHTYPE_AT_FAULT,CHP_VEHTYPE_AT_FAULT,COUNT_SEVERE_INJ,COUNT_VISIBLE_INJ,COUNT_COMPLAINT_PAIN,COUNT_PED_KILLED,COUNT_PED_INJURED,COUNT_BICYCLIST_KILLED,COUNT_BICYCLIST_INJURED,COUNT_MC_KILLED,COUNT_MC_INJURED,PRIMARY_RAMP,SECONDARY_RAMP,LATITUDE,LONGITUDE,COUNTY,CITY,POINT_X,POINT_Y
9801738,2025,2025-12-17,3325,2025-03-03,1628,1708,3325,1,5,4,3325,0,0,0,NA,0,001,EAST PALM CANYON DR,SOUTHERN CALIFORNIA EDISON POLE #4920090E,148,W,N,A,-,N,NA,NA,NA,NA,NA,NA,NA,NA,NA,Y,3,0,4,4,A,-,03,22350,NA,N,F,J,A,A,H,-,A,D,0,NA,NA,NA,NA,Y,NA,A,01,0,2,2,0,0,0,0,0,0,-,-,NA,NA,RIVERSIDE,CATHEDRAL CITY,NA,NA
9801777,2025,2025-04-10,3325,2025-02-11,1732,1906,3325,2,5,4,3325,0,0,0,NA,0,003,RAMON RD,AVENIDA LOS NINOS,0,NA,Y,A,-,N,NA,NA,NA,NA,NA,NA,NA,NA,NA,Y,4,0,1,2,A,-,09,21801,A,N,D,C,A,A,H,-,C,D,0,NA,NA,Y,NA,Y,NA,A,07,0,0,1,0,0,0,0,0,1,-,-,NA,NA,RIVERSIDE,CATHEDRAL CITY,-116.45985412597656,33.81600570678711
9806009,2024,2025-05-09,3309,2024-12-13,1504,W2302,DESER,5,5,4,3309,0,0,0,NA,0,002,GOLF CENTER PKWY,AVENUE 43,0,NA,Y,A,-,N,NA,NA,NA,NA,NA,NA,NA,NA,NA,N,2,0,1,2,A,-,09,21804,A,N,D,C,A,A,H,-,A,A,0,NA,NA,NA,NA,Y,NA,A,01,1,0,0,0,0,0,0,0,0,-,-,33.736671447753906,-116.19940185546876,RIVERSIDE,INDIO,-116.19947052001952,33.736690521240234
9815574,2025,2025-06-03,3325,2025-05-09,2038,544,NA,5,5,4,3325,0,0,0,NA,0,NA,AVENIDA LOS NINOS,30TH AV,0,NA,Y,A,-,N,NA,NA,NA,NA,NA,NA,NA,NA,NA,N,4,0,1,2,A,-,00,21954,NA,N,G,B,D,A,H,-,C,-,0,Y,NA,NA,NA,Y,NA,A,01,0,0,1,0,1,0,0,0,0,-,-,NA,NA,RIVERSIDE,CATHEDRAL CITY,-116.45989227294922,33.83045959472656
9867200,2025,2026-02-26,3311,2025-12-13,322,16393,NA,6,5,4,3311,0,0,0,NA,0,001,RT 111,TIPTON RD,5280,N,N,A,-,Y,RIV,8,111,-,R,61.95,H,-,N,Y,1,1,1,2,D,-,00,NA,NA,N,G,B,E,A,H,-,D,D,0,Y,NA,NA,NA,Y,NA,-,-,0,1,0,1,0,0,0,0,0,-,-,33.90317153930664,-116.64321136474608,RIVERSIDE,PALM SPRINGS,-116.65835571289063,33.911651611328125
9878370,2025,2025-09-26,3325,2025-08-28,1430,20233,3325,4,5,4,3325,0,0,0,NA,0,002,CATHEDRAL CANYON DR,CORRAL RD,0,NA,Y,B,C,N,NA,NA,NA,NA,NA,NA,NA,NA,NA,Y,4,0,1,2,A,-,09,21804,NA,N,D,C,A,A,H,-,A,D,0,NA,NA,NA,NA,Y,NA,D,22,0,0,1,0,0,0,0,0,0,-,-,NA,NA,RIVERSIDE,CATHEDRAL CITY,-116.46682739257813,33.81227111816406
9878411,2025,2025-09-24,3325,2025-08-15,2500,20241,3325,5,5,4,3325,0,0,0,NA,0,002,WHISPERING PALMS TRL,ORTEGA RD,447,N,N,A,-,N,NA,NA,NA,NA,NA,NA,NA,NA,NA,N,4,0,1,3,A,-,08,22107,NA,F,C,B,E,A,H,-,A,A,0,Y,NA,NA,NA,Y,Y,A,01,0,0,1,0,1,0,0,0,0,-,-,NA,NA,RIVERSIDE,CATHEDRAL CITY,-116.47117614746094,33.80636215209961
9897714,2025,2026-01-28,3325,2025-12-26,248,544,NA,5,5,4,3325,0,0,0,NA,0,NA,CALLE TAMPICO,PALOMA DEL NORTE,406,S,N,A,-,N,NA,NA,NA,NA,NA,NA,NA,NA,NA,Y,3,0,1,3,A,-,03,22350,NA,N,B,E,A,A,H,-,C,D,0,NA,NA,NA,NA,Y,NA,A,01,0,1,0,0,0,0,0,0,0,-,-,NA,NA,RIVERSIDE,CATHEDRAL CITY,-116.44247436523438,33.832340240478516
9901433,2025,2026-02-19,3325,2025-10-16,728,1708,3325,4,5,4,3325,0,0,0,NA,0,003,DATE PALM DR,RT 10,0,NA,Y,A,-,Y,RIV,8,10,-,-,39.235,R,4,W,Y,3,0,1,3,A,-,03,22350,NA,N,C,C,A,A,H,-,A,A,0,NA,NA,NA,Y,Y,NA,A,01,0,1,0,0,0,0,0,0,0,-,-,NA,NA,RIVERSIDE,CATHEDRAL CITY,-116.46202850341795,33.85167694091797
5912132,2014,2015-12-21,3313,2014-01-05,1547,1073,NORTH,7,5,7,3313,0,0,0,NA,0,T42,CENTRAL AV,RUMSEY DR,1097,W,N,A,-,N,NA,NA,NA,NA,NA,NA,NA,NA,NA,Y,1,1,0,2,A,-,01,23152,A,F,H,G,A,A,H,-,A,D,0,NA,Y,NA,NA,Y,Y,A,01,0,0,0,0,0,1,0,0,0,-,-,NA,NA,RIVERSIDE,RIVERSIDE,-117.37725495,33.95377
5912138,2014,2014-02-19,9630,2014-01-10,2317,20500,NA,5,3,4,3309,0,1,1,NA,2,022,RT 10,MONROE ST,764,W,N,A,-,Y,RIV,8,10,-,R,54.524,R,2,E,Y,1,1,0,1,A,-,01,23152,A,N,F,A,A,A,H,-,D,D,1,NA,NA,Y,NA,Y,Y,C,02,0,0,0,0,0,0,0,1,0,TO,-,33.73871,-116.23553,RIVERSIDE,INDIO,-116.23751639,33.73875032
5912140,2014,2014-02-18,3311,2014-01-12,0857,15652,3311,7,5,4,3311,0,0,0,NA,0,NA,EAST PALM CANYON DR,SOUTHRIDGE RD,547,W,N,A,-,N,NA,NA,NA,NA,NA,NA,NA,NA,NA,N,1,1,0,1,D,-,00,NA,NA,N,E,I,A,A,H,-,A,D,0,NA,Y,NA,NA,Y,NA,-,-,0,0,0,0,0,1,0,0,0,-,-,NA,NA,RIVERSIDE,PALM SPRINGS,-116.51151275,33.79829291
5912221,2014,2014-04-04,9630,2014-02-08,1209,15876,NA,6,1,9,3300,0,2,4,NA,2,053,HARRISON ST,60TH AV,0,NA,Y,A,-,N,NA,NA,NA,NA,NA,NA,NA,NA,NA,N,1,1,0,2,A,-,12,22450,A,N,H,G,A,A,H,-,A,A,0,NA,Y,NA,NA,Y,NA,L,04,0,0,0,0,0,1,0,0,0,-,-,33.61291,-116.18124,RIVERSIDE,UNINCORPORATED,-116.18123012,33.61288012
6291124,2014,2015-12-29,9685,2014-05-30,1437,15050,NA,5,2,9,3300,0,1,3,NA,2,011,RT 74,GRAND AV,8448,W,N,A,-,Y,RIV,8,74,-,-,10.2,H,-,W,Y,1,1,0,1,A,-,03,22350,NA,N,F,A,A,A,H,-,A,A,0,NA,NA,Y,NA,Y,Y,C,02,0,0,0,0,0,0,0,1,0,-,-,33.64672,-117.37312,RIVERSIDE,UNINCORPORATED,-117.37182549,33.64648332
6291275,2014,2014-10-23,9655,2014-08-16,1415,15892,NA,6,2,9,3300,0,1,3,NA,1,115,RT 243,RT 74,5808,N,N,A,-,Y,RIV,8,243,-,-,1.15,H,-,S,Y,1,1,2,2,A,-,05,21460,A,N,A,C,A,A,H,-,A,D,0,NA,NA,Y,NA,Y,NA,C,02,0,0,2,0,0,0,0,1,0,-,-,33.7135,-116.71596,RIVERSIDE,UNINCORPORATED,-116.71653172,33.71296773
6291970,2014,2015-02-24,3342,2014-02-21,1605,506,265,5,5,4,3342,0,0,0,NA,0,00B,LAS BRISAS RD,BOLINA DR,0,W,N,A,-,N,NA,NA,NA,NA,NA,NA,NA,NA,NA,Y,1,1,0,2,A,-,12,22450,A,N,H,G,A,A,H,-,A,A,0,NA,Y,NA,NA,Y,NA,L,04,0,0,0,0,0,1,0,0,0,-,-,NA,NA,RIVERSIDE,MURRIETA,-117.19125003,33.58225005
6292466,2015,2017-04-06,3313,2015-07-15,1806,0399,E,3,5,7,3313,0,0,0,NA,0,M18,ALESSANDRO BL,GEM LN,368,W,N,A,-,N,NA,NA,NA,NA,NA,NA,NA,NA,NA,Y,1,1,0,2,A,-,08,22107,NA,F,G,B,E,A,H,-,A,D,0,Y,NA,NA,NA,Y,Y,A,07,0,0,0,1,0,0,0,0,0,-,-,NA,NA,RIVERSIDE,RIVERSIDE,-117.30185921,33.91672966
6292576,2015,2017-05-09,9630,2015-06-04,1930,19153,NA,4,2,9,3300,0,1,3,NA,1,074,RT 74,BIG HORN DR,1056,E,N,A,-,Y,RIV,8,74,-,-,85.37,H,-,E,Y,1,1,0,1,A,-,08,22107,NA,N,F,A,A,A,H,-,A,D,0,NA,NA,Y,NA,Y,NA,C,02,0,0,0,0,0,0,0,1,0,-,-,33.62299,-116.40811,RIVERSIDE,UNINCORPORATED,-116.40878668,33.62272782
6292580,2015,2015-09-11,3325,2015-06-18,2326,534,3325,4,5,4,3325,0,0,0,NA,0,003,PALM DR,RT 10,0,NA,Y,A,G,Y,RIV,8,10,-,-,39.713,R,4,W,Y,1,1,0,2,A,-,11,21954,A,N,G,B,D,A,H,-,C,D,0,Y,NA,NA,NA,Y,Y,A,01,0,0,0,1,0,0,0,0,0,-,-,NA,NA,RIVERSIDE,CATHEDRAL CITY,-116.45525409,33.84767591
6292874,2015,2017-03-30,3300,2015-09-13,2107,4254,WI804,7,5,3,3343,0,0,0,NA,0,084,MONTE VISTA DR,FREDERICK ST,0,NA,Y,A,-,N,NA,NA,NA,NA,NA,NA,NA,NA,NA,Y,1,1,0,1,A,-,01,23152,A,N,E,I,A,A,H,-,D,D,0,NA,NA,Y,NA,Y,Y,C,02,0,0,0,0,0,0,0,1,0,-,-,NA,NA,RIVERSIDE,WILDOMAR,-117.25808,33.61293
6292962,2017,2017-10-25,3300,2017-05-19,2241,4773,NA,5,5,3,3343,0,0,0,NA,0,NA,PALOMAR ST,WESLEY ST,312,S,N,A,-,N,NA,NA,NA,NA,NA,NA,NA,NA,NA,Y,1,1,0,1,A,-,01,23152,A,N,E,I,A,A,H,-,C,A,0,NA,NA,NA,NA,Y,Y,A,01,0,0,0,0,0,0,0,0,0,-,-,NA,NA,RIVERSIDE,WILDOMAR,-117.28267368,33.6098661
6328048,2014,2014-06-02,9685,2014-01-04,1500,15360,NA,6,2,9,3300,0,1,3,NA,1,039,SAGE RD,EAST BENTON RD,3696,S,N,A,-,N,NA,NA,NA,NA,NA,NA,NA,NA,NA,Y,2,0,2,1,A,-,08,22107,NA,N,F,A,A,A,H,-,A,D,0,NA,NA,Y,NA,Y,NA,C,02,1,1,0,0,0,0,0,0,2,-,-,NA,NA,RIVERSIDE,UNINCORPORATED,-116.92660828,33.57305207
6337108,2014,2016-01-14,9685,2014-01-09,1245,15757,NA,4,1,5,3335,0,1,1,NA,2,030,RT 15,WINCHESTER RD,2640,S,N,A,-,Y,SBD,8,15,-,-,6.12,H,-,N,Y,4,0,1,2,A,-,03,22350,NA,N,C,C,A,A,H,-,A,D,1,NA,NA,NA,NA,Y,NA,A,01,0,0,1,0,0,0,0,0,0,-,-,33.51674,-117.15832,RIVERSIDE,TEMECULA,-117.52190633,34.11460154
6337342,2014,2014-06-16,3313,2014-01-09,2026,1721,NA,4,5,7,3313,0,0,0,NA,0,NA,HARRISON AV,MAGNOLIA AV,274,N,N,A,-,N,NA,NA,NA,NA,NA,NA,NA,NA,NA,N,3,0,1,2,A,-,11,21954,A,N,G,B,D,A,H,-,D,D,0,Y,NA,NA,NA,Y,Y,N,60,0,1,0,0,1,0,0,0,0,-,-,NA,NA,RIVERSIDE,RIVERSIDE,-117.45403,33.91619
6340881,2014,2015-10-12,3309,2014-01-05,0929,W256,3309,7,5,4,3309,0,0,0,NA,0,005,JEFFERSON ST,RT 111,29,S,N,A,-,N,NA,NA,NA,NA,NA,NA,NA,NA,NA,N,4,0,1,2,A,-,03,22350,NA,N,C,C,A,A,H,-,A,A,0,NA,NA,NA,NA,Y,NA,A,01,0,0,1,0,0,0,0,0,0,-,-,NA,NA,RIVERSIDE,INDIO,-116.26884,33.70735066
6342527,2014,2016-03-11,9840,2014-01-25,0346,19630,NA,6,3,9,3300,0,1,3,NA,2,030,RT 91,GREEN RIVER RD,2640,W,N,A,-,Y,RIV,8,91,-,R,0.53,H,-,W,Y,4,0,1,1,A,-,08,22107,NA,N,E,I,A,A,H,-,D,D,1,NA,NA,NA,NA,Y,NA,D,22,0,0,1,0,0,0,0,0,0,-,-,33.87631,-117.83361,RIVERSIDE,UNINCORPORATED,-117.66410697,33.87333126
6345070,2014,2014-06-03,9630,2014-01-13,0719,12477,NA,1,1,9,3300,0,3,5,NA,2,005,DESERT CACTUS DR,58TH AV,1056,N,N,A,-,N,NA,NA,NA,NA,NA,NA,NA,NA,NA,Y,2,0,1,1,A,-,03,22350,NA,N,F,A,A,A,H,-,A,D,0,NA,NA,Y,NA,Y,NA,C,02,1,0,0,0,0,0,0,0,1,-,-,33.6296,-116.1289,RIVERSIDE,UNINCORPORATED,-116.12926937,33.63009531
6350436,2016,2016-04-06,3300,2016-03-09,0719,N6426,910B,3,5,5,3335,0,0,0,NA,0,063,NICOLAS RD,N GENERAL KEARNEY RD,182,W,N,A,-,N,NA,NA,NA,NA,NA,NA,NA,NA,NA,Y,3,0,1,2,A,-,03,22350,NA,N,C,C,A,A,H,-,A,D,0,NA,NA,NA,NA,Y,NA,A,01,0,1,0,0,0,0,0,0,0,-,-,NA,NA,RIVERSIDE,TEMECULA,-117.13484248,33.53799329
6353922,2014,2014-06-11,3300,2014-01-24,0624,2403,920E,5,5,4,3314,0,0,0,NA,0,072,RAMONA EXPWY,EAGLE RD,23,W,N,A,-,N,NA,NA,NA,NA,NA,NA,NA,NA,NA,Y,4,0,3,2,A,-,03,22350,NA,N,C,C,A,A,D,-,B,A,0,NA,NA,NA,NA,Y,NA,A,08,0,0,3,0,0,0,0,0,0,-,-,NA,NA,RIVERSIDE,SAN JACINTO,-116.96778545,33.80179
6353930,2014,2015-10-06,9655,2014-01-08,0710,012408,NA,3,1,9,3300,0,1,3,NA,2,315,RT 79,PATTERSON AV,719,S,N,A,-,N,NA,NA,79,NA,NA,NA,NA,NA,NA,Y,2,0,2,3,A,-,08,22107,NA,F,A,C,A,A,H,-,A,D,0,NA,NA,NA,NA,Y,NA,A,01,2,0,0,0,0,0,0,0,0,-,-,33.71489,-117.07804,RIVERSIDE,UNINCORPORATED,-117.07806555,33.71492901
6353986,2014,2014-06-06,9655,2014-01-10,2052,019228,NA,5,2,9,3300,0,3,5,NA,2,002,LINCOLN ST,WINESAP AV,17,W,N,A,-,N,NA,NA,NA,NA,NA,NA,NA,NA,NA,Y,4,0,1,2,A,-,08,22100,B,N,A,C,A,A,H,-,D,A,0,NA,NA,NA,NA,Y,NA,D,22,0,0,1,0,0,0,0,0,0,-,-,33.96427,-116.95552,RIVERSIDE,UNINCORPORATED,-116.95545587,33.96421938
6357092,2014,2014-06-05,9655,2014-01-12,1150,12074,NA,7,1,9,3300,0,3,5,NA,2,002,LEMON ST,DATE AV,56,S,N,A,-,N,NA,NA,NA,NA,NA,NA,NA,NA,NA,Y,2,0,1,1,A,-,08,22107,NA,N,E,I,A,A,H,-,A,D,0,NA,NA,Y,NA,Y,NA,C,06,1,0,0,0,0,0,0,0,1,-,-,33.90171,-116.74999,RIVERSIDE,UNINCORPORATED,-116.75,33.90170669
6357096,2014,2016-03-16,9655,2014-01-14,1846,17784,NA,2,2,9,3300,0,1,3,NA,1,314,RT 74,LINCOLN AV,100,W,N,A,-,Y,RIV,8,74,-,-,45.59,H,-,E,N,4,0,1,2,A,-,11,21954,A,N,G,B,E,A,H,-,D,D,0,Y,NA,NA,NA,Y,NA,N,60,0,0,1,0,1,0,0,0,0,-,-,33.74779,-116.88552,RIVERSIDE,UNINCORPORATED,-116.88473141,33.7478871
6358584,2014,2016-03-17,9840,2014-01-26,1310,018727,NA,7,1,6,3315,0,1,3,NA,2,031,RT 15,MAGNOLIA AV,30,N,N,B,-,Y,RIV,8,15,-,-,40.36,H,-,N,Y,3,0,1,1,A,-,08,22107,NA,N,E,I,A,A,H,-,A,D,1,NA,NA,NA,NA,Y,NA,A,08,0,1,0,0,0,0,0,0,0,-,-,33.86584,-117.54223,RIVERSIDE,CORONA,-117.54214016,33.86603065
6359807,2014,2015-01-20,3300,2014-01-14,1735,4453,508B,2,5,5,3341,0,0,0,NA,0,058,BUNDY CANYON,WRIGHT RD,26,E,N,A,-,N,NA,NA,NA,NA,NA,NA,NA,NA,NA,Y,4,0,1,3,A,-,03,22350,NA,N,C,C,A,A,H,-,D,D,0,NA,NA,NA,NA,Y,NA,A,01,0,0,1,0,0,0,0,0,0,-,-,NA,NA,RIVERSIDE,MENIFEE,-117.21731706999999,33.64175618
6361839,2014,2014-06-09,3308,2014-01-01,2251,10515,518,3,5,5,3308,0,0,0,NA,0,NORTH,PARK AV,CAJON ST,31,S,N,A,-,N,NA,NA,NA,NA,NA,NA,NA,NA,NA,Y,2,0,1,1,A,-,01,23152,A,N,E,I,A,A,H,-,D,A,0,NA,NA,NA,NA,Y,Y,D,22,1,0,0,0,0,0,0,0,0,-,-,NA,NA,RIVERSIDE,HEMET,-116.95159501,33.76155521
6362796,2014,2015-01-08,3313,2014-01-29,1156,1427,EAST,3,5,7,3313,0,0,0,NA,0,B215,CANYON CREST DR,MISSION GROVE PKWY,0,NA,Y,A,-,N,NA,NA,NA,NA,NA,NA,NA,NA,NA,Y,4,0,2,2,A,-,03,22350,NA,N,C,C,A,A,H,-,A,D,0,NA,NA,NA,NA,Y,NA,D,22,0,0,2,0,0,0,0,0,0,-,-,NA,NA,RIVERSIDE,RIVERSIDE,-117.3359601,33.93041009
6365987,2014,2016-02-03,9840,2014-02-05,0730,13500,NA,3,1,7,3313,0,1,1,NA,2,022,RT 215,COLUMBIA AV,1000,S,N,B,-,Y,RIV,8,215,-,-,43.71,H,-,S,Y,4,0,1,1,A,-,08,22107,NA,N,E,I,A,A,D,-,A,D,1,NA,NA,NA,NA,Y,NA,A,01,0,0,1,0,0,0,0,0,0,-,-,33.9975,-117.35506,RIVERSIDE,RIVERSIDE,-117.35391603,33.99886481
6367479,2014,2014-06-09,3308,2014-01-23,1907,10377,547,4,5,5,3308,0,0,0,NA,0,SOUTH,STESON AV,BUENA VISTA ST,0,NA,Y,A,-,N,NA,NA,NA,NA,NA,NA,NA,NA,NA,Y,4,0,2,2,A,-,09,21801,A,N,A,C,A,A,H,-,C,A,0,NA,NA,NA,NA,Y,NA,A,07,0,0,2,0,0,0,0,0,0,-,-,NA,NA,RIVERSIDE,HEMET,-116.96720008,33.72942008
6369356,2014,2014-06-12,3313,2014-02-04,0607,127,EAST,2,5,7,3313,0,0,0,NA,0,T53,SYCAMORE BL,EASTRIDGE AV,1225,S,N,B,-,N,NA,NA,NA,NA,NA,NA,NA,NA,NA,Y,4,0,1,2,A,-,03,22350,NA,N,C,C,A,A,H,-,C,D,0,NA,NA,NA,Y,Y,NA,A,01,0,0,1,0,0,0,0,0,0,-,-,NA,NA,RIVERSIDE,RIVERSIDE,NA,NA
6373147,2014,2014-06-06,9685,2014-01-25,0725,014488,NA,6,1,9,3300,0,3,5,NA,2,001,AVENIDA LA CRESTA,CLINTON KEITH,10560,W,N,A,-,N,NA,NA,NA,NA,NA,NA,NA,NA,NA,Y,3,0,1,1,A,-,08,22107,NA,N,F,I,A,A,H,-,A,D,0,NA,NA,NA,NA,Y,NA,A,01,0,1,0,0,0,0,0,0,0,-,-,33.55954,-117.29132,RIVERSIDE,UNINCORPORATED,-117.27025,33.54615
6376702,2014,2015-10-06,3309,2014-02-19,0845,443,3309,3,5,4,3309,0,0,0,NA,0,001,RT 111,ARABIA ST,10,W,N,A,-,N,NA,NA,NA,NA,NA,NA,NA,NA,NA,N,4,0,1,2,A,-,11,21456,B,N,G,B,B,A,H,-,A,A,0,Y,NA,NA,NA,Y,NA,N,60,0,0,1,0,1,0,0,0,0,-,-,NA,NA,RIVERSIDE,INDIO,-116.225118,33.7149
6377144,2014,2016-03-11,9840,2014-02-16,1330,18248,NA,7,1,6,3315,0,1,3,NA,2,030,RT 91,LINCOLN AV,1056,W,N,A,-,Y,RIV,8,91,-,-,5.18,H,-,E,Y,4,0,1,4,A,-,03,22350,NA,N,C,C,A,A,H,-,A,D,1,NA,NA,NA,NA,Y,NA,A,01,0,0,1,0,0,0,0,0,0,-,-,33.88193,-117.59119,RIVERSIDE,CORONA,-117.58599848,33.88216587
6377225,2014,2016-03-21,9840,2014-02-27,1222,12608,NA,4,1,6,3345,0,1,3,NA,2,010,RT 60,ETIWANDA AV,2112,W,N,B,-,Y,RIV,8,60,-,R,1.59,H,-,E,N,4,0,1,2,A,-,07,21658,A,N,B,C,A,A,H,-,A,D,1,NA,NA,NA,NA,Y,NA,A,01,0,0,1,0,0,0,0,0,0,-,-,34.01784,-117.53427,RIVERSIDE,JURUPA VALLEY,-117.53163676,34.01783414
6377265,2014,2016-03-11,9840,2014-02-16,1204,18248,NA,7,1,6,3315,0,1,3,NA,2,030,RT 91,SERFAS CLUB DR,528,W,N,A,-,Y,RIV,8,91,-,R,3.61,H,-,W,Y,2,0,1,4,C,-,18,NA,NA,N,F,A,A,A,C,-,A,D,1,NA,NA,Y,NA,Y,NA,-,-,1,0,0,0,0,0,0,0,1,-,-,33.88188,-117.62042,RIVERSIDE,CORONA,-117.61485348,33.88106496
6377825,2014,2016-01-22,9630,2014-01-24,0612,015876,NA,5,1,9,3300,0,1,3,NA,2,086,RT 86,81ST AV,0,NA,Y,B,-,Y,RIV,8,86,-,R,3.484,I,5,S,Y,4,0,1,2,A,-,09,21802,A,N,D,C,A,A,H,-,C,A,5,NA,NA,NA,NA,Y,NA,A,01,0,0,1,0,0,0,0,0,0,-,-,33.46263,-116.09130999999999,RIVERSIDE,UNINCORPORATED,-116.09151833,33.46235111
6380482,2014,2016-02-20,9840,2014-02-07,1753,19630,NA,5,2,7,3313,0,1,1,NA,2,023,RT 215,UNIVERSITY AV,800,N,N,A,-,Y,RIV,8,215,-,-,41.66,H,-,N,Y,4,0,3,3,A,-,03,22350,NA,N,C,C,A,A,H,-,D,D,1,NA,NA,NA,NA,Y,NA,A,01,0,0,3,0,0,0,0,0,0,-,-,33.97734,-117.337,RIVERSIDE,RIVERSIDE,-117.33700907,33.97746579
6381815,2014,2016-02-03,9685,2014-02-12,1343,012190,NA,3,1,4,3342,0,1,1,NA,2,020,RT 215,SCOTT RD,144,N,N,A,-,Y,RIV,8,215,-,R,15.55,H,-,N,N,3,0,3,3,A,-,03,22350,NA,N,C,C,A,A,D,-,A,D,1,NA,NA,NA,NA,Y,NA,A,01,0,1,2,0,0,0,0,0,0,-,-,NA,NA,RIVERSIDE,MURRIETA,-117.17106965,33.64204658
6385351,2014,2016-02-20,9840,2014-02-10,0554,015705,NA,1,3,7,3313,0,1,1,NA,2,023,RT 215,BLAINE ST,100,S,N,A,-,Y,RIV,8,215,-,-,42.14,H,-,N,Y,4,0,1,3,A,-,03,22350,NA,N,C,C,A,B,H,-,A,D,1,NA,NA,NA,NA,Y,NA,A,01,0,0,1,0,0,0,0,0,0,-,-,NA,NA,RIVERSIDE,RIVERSIDE,-117.34245778,33.98277038
6386010,2014,2016-03-21,9840,2014-02-07,1018,12608,NA,5,1,6,3345,0,1,3,NA,2,010,RT 60,PACIFIC AV,500,W,N,B,-,Y,RIV,8,60,-,-,8.3,H,-,W,N,4,0,1,4,A,-,03,22349,A,N,C,C,A,A,H,-,A,D,1,NA,NA,NA,NA,Y,NA,A,01,0,0,1,0,0,0,0,0,0,-,-,34.00814,-117.42152,RIVERSIDE,JURUPA VALLEY,-117.42139565,34.00803937
6386025,2014,2016-03-17,9840,2014-02-11,0815,12191,NA,2,1,9,3300,0,1,1,NA,2,034,RT 15,DOS LAGOS DR,4224,S,N,A,-,Y,RIV,8,15,-,-,34.84,H,-,N,Y,4,0,1,2,A,-,03,22350,NA,N,C,C,A,A,H,-,A,D,1,NA,NA,NA,NA,Y,NA,A,01,0,0,1,0,0,0,0,0,0,-,-,33.79051,-117.49668,RIVERSIDE,UNINCORPORATED,-117.50095964,33.79650565
6386765,2014,2016-01-14,9630,2014-02-21,2010,020500,NA,5,2,9,3300,0,1,1,NA,2,020,RT 10,DATE PALM DR,7920,E,N,A,-,Y,RIV,8,10,-,-,40.97,H,-,W,N,4,0,2,2,A,-,03,22350,NA,N,C,C,A,A,H,-,D,D,1,NA,NA,NA,NA,Y,NA,A,01,0,0,2,0,0,0,0,0,0,-,-,33.8352,-116.43441,RIVERSIDE,UNINCORPORATED,-116.43738697,33.8370821
6386769,2014,2014-06-17,9630,2014-02-25,1315,012442,NA,2,1,9,3300,0,3,5,NA,2,003,BOX CANYON RD,PAINTED CANYON RD,1.5,N,N,A,-,N,NA,NA,NA,NA,NA,NA,NA,NA,NA,Y,4,0,1,1,A,-,08,22107,NA,N,F,A,A,A,H,-,A,D,0,NA,NA,Y,NA,Y,NA,C,02,0,0,1,0,0,0,0,0,1,-,-,33.5892,-115.98022,RIVERSIDE,UNINCORPORATED,-115.99595971,33.5758141
6388119,2014,2016-03-17,9685,2014-02-08,1735,16113,NA,6,2,5,3335,0,1,1,NA,2,030,RT 15,RANCHO CALIFORNIA RD,1800,N,N,A,-,Y,RIV,8,15,-,-,5.32,H,-,N,N,4,0,2,3,A,-,03,22350,NA,N,C,C,A,A,H,-,B,D,1,NA,NA,NA,NA,Y,NA,A,07,0,0,2,0,0,0,0,0,0,-,-,33.50332,-117.15247,RIVERSIDE,TEMECULA,-117.15337877,33.50559162
6388774,2014,2015-09-01,3300,2014-01-30,2220,3613,501B,4,5,5,3341,0,0,0,NA,0,051,MATTHEWS RD,ANTELOPE RD,539,E,N,B,C,N,NA,NA,NA,NA,NA,NA,NA,NA,NA,Y,4,0,1,1,A,-,03,22350,NA,N,F,I,A,B,A,-,D,D,0,NA,NA,NA,NA,Y,NA,A,07,0,0,1,0,0,0,0,0,0,-,-,NA,NA,RIVERSIDE,MENIFEE,-117.170037,33.742617
6388778,2014,2014-06-04,3300,2014-01-22,2200,3613,501B,3,5,5,3341,0,0,0,NA,0,051,PALOMAR RD,RT 74,977,S,N,A,-,Y,NA,NA,NA,NA,NA,NA,NA,NA,NA,Y,3,0,1,2,A,-,13,22502,A,F,C,C,A,A,H,-,D,D,0,NA,NA,NA,NA,Y,NA,A,07,0,1,0,0,0,0,0,0,0,-,-,NA,NA,RIVERSIDE,MENIFEE,-117.16299788,33.74032417
6389291,2014,2014-06-25,3313,2014-02-07,1508,1724,EST,5,5,7,3313,0,0,0,NA,0,T44,SPEYSIDE RD,CANNICH RD,139,W,N,A,-,N,NA,NA,NA,NA,NA,NA,NA,NA,NA,Y,3,0,1,1,A,-,01,23152,A,M,E,I,A,A,H,-,A,A,0,NA,NA,NA,NA,Y,Y,A,01,0,1,0,0,0,0,0,0,0,-,-,NA,NA,RIVERSIDE,RIVERSIDE,-117.31187529,33.94238056