CASE_ID,ACCIDENT_YEAR,PROC_DATE,JURIS,COLLISION_DATE,COLLISION_TIME,OFFICER_ID,REPORTING_DISTRICT,DAY_OF_WEEK,CHP_SHIFT,POPULATION,CNTY_CITY_LOC,SPECIAL_COND,BEAT_TYPE,CHP_BEAT_TYPE,CITY_DIVISION_LAPD,CHP_BEAT_CLASS,BEAT_NUMBER,PRIMARY_RD,SECONDARY_RD,DISTANCE,DIRECTION,INTERSECTION,WEATHER_1,WEATHER_2,STATE_HWY_IND,CALTRANS_COUNTY,CALTRANS_DISTRICT,STATE_ROUTE,ROUTE_SUFFIX,POSTMILE_PREFIX,POSTMILE,LOCATION_TYPE,RAMP_INTERSECTION,SIDE_OF_HWY,TOW_AWAY,COLLISION_SEVERITY,NUMBER_KILLED,NUMBER_INJURED,PARTY_COUNT,PRIMARY_COLL_FACTOR,PCF_CODE_OF_VIOL,PCF_VIOL_CATEGORY,PCF_VIOLATION,PCF_VIOL_SUBSECTION,HIT_AND_RUN,TYPE_OF_COLLISION,MVIW,PED_ACTION,ROAD_SURFACE,ROAD_COND_1,ROAD_COND_2,LIGHTING,CONTROL_DEVICE,CHP_ROAD_TYPE,PEDESTRIAN_ACCIDENT,BICYCLE_ACCIDENT,MOTORCYCLE_ACCIDENT,TRUCK_ACCIDENT,NOT_PRIVATE_PROPERTY,ALCOHOL_INVOLVED,STWD_VEHTYPE_AT_FAULT,CHP_VEHTYPE_AT_FAULT,COUNT_SEVERE_INJ,COUNT_VISIBLE_INJ,COUNT_COMPLAINT_PAIN,COUNT_PED_KILLED,COUNT_PED_INJURED,COUNT_BICYCLIST_KILLED,COUNT_BICYCLIST_INJURED,COUNT_MC_KILLED,COUNT_MC_INJURED,PRIMARY_RAMP,SECONDARY_RAMP,LATITUDE,LONGITUDE,COUNTY,CITY,POINT_X,POINT_Y
6658031,2014,2016-05-02,9840,2014-09-07,2205,020124,NA,7,3,6,3315,0,1,3,NA,2,031,RT 91,RT 15,273,E,N,A,-,Y,RIV,8,15,-,-,41.658,R,2,N,Y,3,0,1,1,A,-,01,23152,A,N,E,J,A,A,H,-,C,D,1,NA,NA,Y,NA,Y,Y,C,02,0,1,0,0,0,0,0,0,1,-,-,33.88342,-117.54718,RIVERSIDE,CORONA,-117.54851866,33.88423463
6658059,2014,2016-05-12,9840,2014-09-27,0150,18849,NA,6,3,6,3345,0,1,3,NA,2,010,RT 60,VALLEY WY,2500,E,N,A,-,Y,RIV,8,60,-,-,8.02,H,-,W,Y,3,0,1,1,A,-,08,22107,NA,F,E,I,A,A,H,-,D,D,1,NA,NA,NA,NA,Y,NA,A,01,0,1,0,0,0,0,0,0,0,-,-,34.01014,-117.4279,RIVERSIDE,JURUPA VALLEY,-117.42590154,34.00943007
6661338,2014,2014-12-16,9630,2014-10-03,0015,020845,NA,5,3,9,3300,0,3,5,NA,2,002,VISTA CHINO,RIO DEL SOL RD,10,E,N,A,-,N,NA,NA,NA,NA,NA,NA,NA,NA,NA,Y,3,0,1,1,A,-,01,23152,A,N,F,A,A,A,B,-,D,D,0,NA,NA,NA,NA,Y,Y,A,07,0,1,0,0,0,0,0,0,0,-,-,33.84552,-116.40539,RIVERSIDE,UNINCORPORATED,-116.405575,33.845442
6663938,2014,2014-11-17,9840,2014-10-09,1450,017169,NA,4,2,6,3315,0,1,3,NA,2,030,RT 91,GREEN RIVER RD,5280,W,N,A,-,Y,NA,NA,91,NA,NA,NA,NA,NA,NA,Y,4,0,1,2,A,-,03,22350,NA,N,C,C,A,A,H,-,A,D,0,NA,NA,Y,NA,Y,NA,C,02,0,0,1,0,0,0,0,0,1,-,-,33.88431,-117.63559,RIVERSIDE,CORONA,-117.63562261,33.88457465
6664408,2014,2014-10-24,3300,2014-08-25,1400,2836,916A,1,5,4,3312,0,0,0,NA,0,031,MAY RANCH PKWY,MORGAN ST,110,W,N,A,-,N,NA,NA,NA,NA,NA,NA,NA,NA,NA,Y,4,0,1,1,A,-,03,22350,NA,N,F,I,A,A,H,-,A,D,0,NA,NA,NA,NA,Y,NA,A,01,0,0,1,0,0,0,0,0,0,-,-,NA,NA,RIVERSIDE,PERRIS,-117.19745979,33.83719928
6664455,2014,2014-10-20,3300,2014-08-29,1118,4304,002J,5,5,6,3345,0,0,0,NA,0,022,VAN BUREN BL,ETIWANDA AV,160,S,N,A,-,N,NA,NA,NA,NA,NA,NA,NA,NA,NA,N,3,0,1,1,A,-,03,22350,NA,N,H,-,A,A,H,-,A,D,0,NA,NA,Y,NA,Y,NA,C,02,0,1,0,0,0,0,0,0,1,-,-,NA,NA,RIVERSIDE,JURUPA VALLEY,-117.5240792,34.01620792
6665010,2014,2014-12-17,3300,2014-10-01,0748,N3558,916B,3,5,4,3312,0,0,0,NA,0,393,NUEVO RD,NORTH PERRIS BL,632,E,N,A,-,N,NA,NA,NA,NA,NA,NA,NA,NA,NA,Y,4,0,1,2,A,-,08,22107,NA,N,B,C,A,A,H,-,A,D,0,NA,NA,NA,NA,Y,NA,A,01,0,0,1,0,0,0,0,0,0,-,-,NA,NA,RIVERSIDE,PERRIS,-117.22613,33.80109
6665314,2014,2014-12-15,3300,2014-10-02,1230,4776,002K,4,5,6,3345,0,0,0,NA,0,2JV72,CANTU GALLEANO RANCH RD,ETIWANDA AV,528,W,N,A,-,N,NA,NA,NA,NA,NA,NA,NA,NA,NA,Y,4,0,1,2,A,-,09,21801,A,N,D,C,A,A,H,-,A,D,0,NA,NA,NA,NA,Y,NA,A,01,0,0,1,0,0,0,0,0,0,-,-,NA,NA,RIVERSIDE,JURUPA VALLEY,-117.52622689,34.00418063
6665478,2014,2015-06-01,3300,2014-10-10,1510,4575,901B,5,5,4,3310,0,0,0,NA,0,050,HAMNER AV,ALHAMBRA ST,63,N,N,A,-,N,NA,NA,NA,NA,NA,NA,NA,NA,NA,Y,4,0,1,2,A,-,03,22350,NA,N,C,C,A,A,H,-,A,D,0,NA,NA,NA,NA,Y,NA,-,NA,0,0,1,0,0,0,0,0,0,-,-,NA,NA,RIVERSIDE,NORCO,-117.55818189,33.93957236
6666148,2014,2015-01-05,3313,2014-09-28,1155,1736,N,7,5,7,3313,0,0,0,NA,0,B117,14TH ST,RT 91,0,NA,Y,A,-,Y,NA,NA,NA,NA,NA,NA,NA,NA,NA,Y,4,0,2,2,A,-,03,22350,NA,N,-,C,A,A,H,-,A,A,0,NA,NA,NA,NA,Y,NA,A,01,0,0,2,0,0,0,0,0,0,-,EF,NA,NA,RIVERSIDE,RIVERSIDE,-117.37332003,33.97378009
6668168,2014,2014-10-27,3313,2014-09-20,2346,1763,E,6,5,7,3313,0,0,0,NA,0,A239,UNIVERSITY AV,KANSAS AV,25,E,N,A,-,N,NA,NA,NA,NA,NA,NA,NA,NA,NA,NA,4,0,1,2,A,-,12,21453,A,N,D,C,A,A,H,-,C,A,0,NA,NA,NA,NA,Y,NA,-,NA,0,0,1,0,0,0,0,0,0,-,-,NA,NA,RIVERSIDE,RIVERSIDE,-117.3570978,33.97565144
6668325,2014,2014-12-15,3313,2014-10-04,0052,1724,W,6,5,7,3313,0,0,0,NA,0,C436,JONES AV,COCHRAN AV,174,N,N,A,-,N,NA,NA,NA,NA,NA,NA,NA,NA,NA,Y,3,0,1,2,A,-,01,23152,NA,N,A,E,A,A,H,-,C,A,0,NA,NA,Y,NA,Y,Y,C,02,0,1,0,0,0,0,0,0,1,-,-,NA,NA,RIVERSIDE,RIVERSIDE,-117.47419352,33.91039352
6669990,2014,2015-02-19,3300,2014-10-03,1130,N5073,36Q1,5,5,4,3318,0,0,0,NA,0,T390,MONTEREY AV,FRED WARING DR,0,NA,Y,A,-,N,NA,NA,NA,NA,NA,NA,NA,NA,NA,N,4,0,1,2,A,-,10,21950,A,N,G,B,B,A,H,-,A,A,0,Y,NA,NA,NA,Y,NA,A,01,0,0,1,0,1,0,0,0,0,-,-,NA,NA,RIVERSIDE,PALM DESERT,-116.39125004,33.72863001
6671488,2014,2014-11-12,3300,2014-09-26,1209,N5539,905D,5,5,4,3307,0,0,0,NA,0,091,AUTO CENTER DR,DIAMOND DR,565,W,N,A,-,N,NA,NA,NA,NA,NA,NA,NA,NA,NA,N,4,0,1,2,A,-,09,21804,A,N,D,C,A,A,H,-,A,D,0,NA,NA,Y,NA,Y,NA,A,07,0,0,1,0,0,0,0,0,1,-,-,NA,NA,RIVERSIDE,LAKE ELSINORE,-117.30116639,33.6618048
6671500,2014,2016-06-07,3300,2014-09-08,0743,4767,905D,1,5,4,3307,0,0,0,NA,0,093,RIVERSIDE DR,WALNUT DR,0,NA,Y,B,C,Y,RIV,8,74,-,-,13.985,I,5,W,Y,3,0,3,2,A,-,09,21801,A,N,D,C,A,B,H,-,A,D,0,NA,NA,NA,NA,Y,NA,A,07,0,2,1,0,0,0,0,0,0,-,-,NA,NA,RIVERSIDE,LAKE ELSINORE,-117.36881073,33.68216108
6674379,2014,2014-12-16,9685,2014-10-15,0040,016347,NA,3,3,9,3300,0,1,3,NA,1,031,RT 79,MURRIETA HOT SPRINGS,10,S,N,B,-,Y,NA,NA,79,NA,NA,NA,NA,NA,NA,N,4,0,1,2,A,-,03,22350,NA,N,C,C,A,A,H,-,C,A,0,NA,NA,NA,NA,Y,NA,A,01,0,0,1,0,0,0,0,0,0,-,-,33.5524,-117.14037,RIVERSIDE,UNINCORPORATED,-117.14044158,33.55241656
6676422,2014,2015-02-09,9840,2014-11-25,1335,15789,NA,2,1,6,3315,0,1,1,NA,2,034,RT 15,ONTARIO AV,10,N,N,A,-,Y,NA,NA,15,NA,NA,NA,NA,NA,NA,N,4,0,2,2,A,-,03,22350,NA,N,C,C,A,A,H,-,A,D,0,NA,NA,NA,NA,Y,NA,A,01,0,0,2,0,0,0,0,0,0,-,-,33.84845,-117.53405,RIVERSIDE,CORONA,-117.53414774,33.84845594
6678152,2015,2017-04-04,3313,2015-12-24,1740,1773,W,4,5,7,3313,0,0,0,NA,0,C422,TYLER ST,MAGNOLIA AV,435,N,N,A,-,N,NA,NA,NA,NA,NA,NA,NA,NA,NA,Y,1,1,0,2,A,-,03,22350,NA,N,D,C,A,A,H,-,C,A,0,NA,NA,Y,NA,Y,NA,C,02,0,0,0,0,0,0,0,1,0,-,-,NA,NA,RIVERSIDE,RIVERSIDE,-117.46198006,33.9127153
6678544,2014,2014-12-11,9840,2014-10-08,1840,18498,NA,3,2,7,3313,0,1,3,NA,2,025,RT 60,DAY ST,4415,W,N,A,-,Y,NA,NA,60,NA,NA,NA,NA,NA,NA,Y,4,0,2,2,A,-,07,21658,A,F,E,I,A,A,H,-,D,D,0,NA,NA,NA,NA,Y,NA,A,07,0,0,2,0,0,0,0,0,0,TO,-,33.94526,-117.29342,RIVERSIDE,RIVERSIDE,-117.29344316,33.94517231
6681375,2014,2014-12-12,3300,2014-10-02,0858,4406,602C4,4,5,6,3394,0,0,0,NA,0,602C6,ALESSANDRO BL,GRAHAM ST,244,W,N,A,-,N,NA,NA,NA,NA,NA,NA,NA,NA,NA,Y,4,0,1,2,A,-,03,22350,NA,N,C,C,A,A,H,-,A,A,0,NA,NA,NA,NA,Y,NA,A,01,0,0,1,0,0,0,0,0,0,-,-,NA,NA,RIVERSIDE,MORENO VALLEY,-117.25323176,33.91732
6681379,2014,2014-12-12,3300,2014-10-04,1617,N4224,602C2,6,5,6,3394,0,0,0,NA,0,024,SUNNYMEAD BL,GRAHAM ST,0,NA,Y,A,-,N,NA,NA,NA,NA,NA,NA,NA,NA,NA,N,4,0,1,2,A,-,07,21658,A,N,B,C,A,A,H,-,A,A,0,NA,NA,NA,NA,Y,NA,A,01,0,0,1,0,0,0,0,0,0,-,-,NA,NA,RIVERSIDE,MORENO VALLEY,-117.25268006,33.93890007
6682483,2014,2014-12-22,3308,2014-10-04,1408,8344,514,6,5,5,3308,0,0,0,NA,0,SOUTH,FLORIDA AV,PROMENADE DR,0,NA,Y,A,-,Y,NA,NA,NA,NA,NA,NA,NA,NA,NA,Y,4,0,3,2,A,-,12,21453,A,N,D,C,A,A,H,-,A,A,0,NA,NA,NA,NA,Y,NA,A,01,0,0,3,0,0,0,0,0,0,-,-,NA,NA,RIVERSIDE,HEMET,NA,NA
6682744,2014,2014-11-07,3308,2014-09-30,2102,10377,299,2,5,5,3308,0,0,0,NA,0,NORTH,MERIDIAN ST,WASHINGTON AV,37,S,N,A,-,N,NA,NA,NA,NA,NA,NA,NA,NA,NA,Y,3,0,1,1,A,-,08,22107,NA,N,F,I,A,A,H,-,C,A,0,NA,NA,NA,NA,Y,NA,A,07,0,1,0,0,0,0,0,0,0,-,-,NA,NA,RIVERSIDE,HEMET,-116.92822093,33.76524868
6688968,2014,2014-12-23,9685,2014-10-23,1604,016381,NA,4,2,9,3300,0,2,4,NA,2,016,GRAND AV,WOOD ST,20,S,N,A,-,N,NA,NA,NA,NA,NA,NA,NA,NA,NA,Y,4,0,2,2,A,-,08,22100,B,N,D,C,A,A,H,-,A,D,0,NA,NA,NA,NA,Y,NA,A,01,0,0,2,0,0,0,0,0,0,-,-,33.6349,-117.33785,RIVERSIDE,UNINCORPORATED,-117.33794834,33.63484631
6691765,2014,2016-06-04,3308,2014-09-06,2242,10459,515,6,5,5,3308,0,0,0,NA,0,NORTH,FLORIDA AV,KIRBY ST,24,W,N,B,-,Y,RIV,8,74,-,-,38.99,I,5,W,Y,3,0,1,1,A,-,08,22107,NA,N,E,I,A,A,H,-,C,A,0,NA,NA,NA,NA,Y,NA,A,01,0,1,0,0,0,0,0,0,0,-,-,NA,NA,RIVERSIDE,HEMET,-116.99775872,33.7474335
6691788,2014,2014-11-20,3313,2014-08-02,2023,1696,W,6,5,7,3313,0,0,0,NA,0,C420,ARLINGTON AV,CHADBOURNE,469,W,N,C,-,N,NA,NA,NA,NA,NA,NA,NA,NA,NA,Y,3,0,1,1,A,-,03,22350,NA,M,E,I,A,B,H,-,C,D,0,NA,NA,NA,NA,Y,NA,A,01,0,1,0,0,0,0,0,0,0,-,-,NA,NA,RIVERSIDE,RIVERSIDE,-117.48472939,33.94563887
6691794,2014,2016-06-04,3300,2014-08-29,1642,4254,905I,5,5,4,3307,0,0,0,NA,0,095,CENTRAL ST,RT 15,0,W,N,A,-,Y,RIV,8,15,-,-,22.428,R,4,S,N,4,0,1,2,A,-,03,22350,NA,N,C,C,A,A,H,-,A,A,0,NA,NA,NA,NA,Y,NA,A,01,0,0,1,0,0,0,0,0,0,-,-,NA,NA,RIVERSIDE,LAKE ELSINORE,-117.33982859,33.69384992
6691926,2014,2014-11-20,3308,2014-02-14,0824,10470,527,5,5,5,3308,0,0,0,NA,0,SOUTH,ACACIA AV,SAN JACINTO ST,0,NA,Y,A,-,N,NA,NA,NA,NA,NA,NA,NA,NA,NA,N,3,0,1,2,A,-,05,21202,A,N,D,G,A,A,H,-,A,A,0,NA,Y,NA,NA,Y,NA,L,04,0,1,0,0,0,0,1,0,0,-,-,NA,NA,RIVERSIDE,HEMET,-116.95862003,33.74397007
6691955,2014,2014-11-20,3325,2014-01-13,0947,9207,3050,1,5,4,3325,0,0,0,NA,0,003,LANDAU BL,TACHEVAH DR,0,NA,Y,A,-,N,NA,NA,NA,NA,NA,NA,NA,NA,NA,Y,4,0,1,2,A,-,09,21804,NA,N,D,C,A,A,H,-,A,A,0,NA,NA,NA,NA,Y,NA,A,01,0,0,1,0,0,0,0,0,0,-,-,NA,NA,RIVERSIDE,CATHEDRAL CITY,-116.47576001,33.83767003
6693763,2014,2014-12-23,9655,2014-10-21,0645,013757,NA,2,1,9,3300,0,3,5,NA,2,003,RAMONA EXPWY,WARREN RD,200,E,N,E,-,N,NA,NA,NA,NA,NA,NA,NA,NA,NA,Y,4,0,2,4,A,-,03,22350,NA,N,C,C,A,A,H,-,A,A,0,NA,NA,NA,NA,Y,NA,A,01,0,0,2,0,0,0,0,0,0,-,-,33.82354,-117.53282,RIVERSIDE,UNINCORPORATED,-117.03306377,33.82346706
6694203,2014,2014-12-31,9840,2014-10-25,2213,19165,NA,6,3,6,3345,0,1,3,NA,2,010,RT 60,PEDLEY RD,2500,E,N,A,-,Y,NA,NA,60,NA,NA,NA,NA,NA,NA,Y,3,0,1,1,A,-,08,22107,NA,N,-,A,A,A,H,-,C,D,0,NA,NA,NA,NA,Y,NA,A,07,0,1,0,0,0,0,0,0,0,-,-,34.01835,-117.47403,RIVERSIDE,JURUPA VALLEY,-117.47404776,34.01825955
6694304,2014,2015-01-05,3300,2014-10-15,1509,4996,601G4,3,5,6,3394,0,0,0,NA,0,MV18,REDLANDS BL,SPRUCE AV,186,N,N,A,-,N,NA,NA,NA,NA,NA,NA,NA,NA,NA,N,4,0,1,1,A,-,03,22350,NA,N,-,I,A,A,H,-,A,A,0,NA,NA,Y,NA,Y,NA,C,02,0,0,1,0,0,0,0,0,1,-,-,NA,NA,RIVERSIDE,MORENO VALLEY,-117.15673,33.94191948
6695778,2014,2015-01-05,3300,2014-10-06,1720,N4815,920A,1,5,4,3314,0,0,0,NA,0,070,COMMUNITY COLLEGE DR,STATE ST,0,NA,Y,A,-,N,NA,NA,NA,NA,NA,NA,NA,NA,NA,N,3,0,1,2,A,-,08,22107,NA,N,G,G,A,A,H,-,A,A,0,NA,Y,NA,NA,Y,NA,A,07,0,1,0,0,0,0,1,0,0,-,-,NA,NA,RIVERSIDE,SAN JACINTO,-116.97208013,33.80559004
6698890,2014,2014-12-09,3300,2014-08-23,0215,3973,002V,6,5,6,3345,0,0,0,NA,0,024,BELLEGRAVE AV,BELLEGRAVE AV 10254,6,E,N,A,-,N,NA,NA,NA,NA,NA,NA,NA,NA,NA,N,3,0,1,3,A,-,21,22106,NA,F,G,B,E,A,A,B,D,D,0,Y,NA,NA,NA,Y,Y,-,NA,0,1,0,0,1,0,0,0,0,-,-,NA,NA,RIVERSIDE,JURUPA VALLEY,NA,NA
6700927,2014,2014-12-02,9840,2014-10-29,1730,013968,NA,3,2,7,3313,0,1,1,NA,2,023,RT 215,RT 91,500,N,N,A,-,Y,NA,NA,NA,NA,NA,NA,NA,NA,NA,Y,4,0,1,2,A,-,03,22350,NA,N,C,C,A,A,H,-,A,D,0,NA,NA,NA,NA,Y,NA,A,01,0,0,1,0,0,0,0,0,0,-,-,33.99425,-117.35875,RIVERSIDE,RIVERSIDE,-117.35587212,33.99601774
6702498,2014,2014-12-05,9840,2014-10-24,0900,17162,NA,5,1,6,3315,0,1,3,NA,2,031,RT 91,RT 15,528,E,N,A,-,Y,NA,NA,NA,NA,NA,NA,NA,NA,NA,Y,4,0,2,2,A,-,03,22350,NA,N,C,C,A,A,H,-,A,D,0,NA,NA,NA,NA,Y,NA,A,07,0,0,2,0,0,0,0,0,0,-,-,33.23765,-117.12389,RIVERSIDE,CORONA,-117.54704,33.88179
6702573,2014,2014-12-10,3313,2014-10-28,0921,102,NPC,2,5,7,3313,0,0,0,NA,0,M38,14TH ST,MAIN ST,0,NA,Y,A,-,N,NA,NA,NA,NA,NA,NA,NA,NA,NA,Y,4,0,1,2,A,-,09,21801,A,N,D,C,A,A,H,-,A,D,0,NA,NA,NA,NA,Y,NA,A,01,0,0,1,0,0,0,0,0,0,-,-,NA,NA,RIVERSIDE,RIVERSIDE,-117.37839007,33.97617009
6702601,2014,2014-12-10,3313,2014-10-11,1019,1666,N,6,5,7,3313,0,0,0,NA,0,A1B3,PALOMAR WY,ARLINGTON AV,0,NA,Y,A,-,N,NA,NA,NA,NA,NA,NA,NA,NA,NA,Y,4,0,2,3,A,-,12,21453,A,N,D,C,A,A,H,-,A,A,0,NA,NA,NA,NA,Y,NA,A,07,0,0,2,0,0,0,0,0,0,-,-,NA,NA,RIVERSIDE,RIVERSIDE,-117.41312007,33.94611012
6702617,2014,2014-12-10,3313,2014-10-28,1328,127,WEST,2,5,7,3313,0,0,0,NA,0,T53,PIERCE ST,RT 91,0,NA,Y,A,-,Y,NA,NA,NA,NA,NA,NA,NA,NA,NA,Y,4,0,2,2,A,-,12,21453,A,N,D,C,A,A,H,-,A,A,0,NA,NA,NA,NA,Y,NA,A,01,0,0,2,0,0,0,0,0,0,-,WO,NA,NA,RIVERSIDE,RIVERSIDE,-117.49298006,33.89740007
6702976,2014,2015-01-12,9840,2014-11-03,1720,013968,NA,1,2,6,3394,0,1,3,NA,2,025,RT 60,FREDERICK ST,2640,W,N,A,-,Y,NA,NA,60,NA,NA,NA,NA,NA,NA,Y,4,0,1,3,A,-,03,22350,NA,N,C,C,A,A,H,-,B,D,0,NA,NA,NA,NA,Y,NA,A,01,0,0,1,0,0,0,0,0,0,-,-,33.94078,-117.2696,RIVERSIDE,MORENO VALLEY,-117.26958058,33.94089352
6704525,2014,2015-01-12,3313,2014-11-16,1520,1730,EAST,7,5,7,3313,0,0,0,NA,0,C210,CENTRAL AV,RT 91,10,W,N,A,-,Y,NA,NA,NA,NA,NA,NA,NA,NA,NA,Y,4,0,1,2,A,-,01,23152,A,N,C,C,A,A,H,-,A,A,0,NA,NA,NA,NA,Y,Y,A,01,0,0,1,0,0,0,0,0,0,-,WF,NA,NA,RIVERSIDE,RIVERSIDE,-117.38394287,33.95358949
6704796,2014,2015-01-06,3300,2014-10-16,2354,4863,809D,4,5,3,3343,0,0,0,NA,0,089,PALOMAR ST,LAURA DR,528,N,N,A,-,N,NA,NA,NA,NA,NA,NA,NA,NA,NA,N,3,0,1,1,A,-,03,22350,NA,N,F,I,A,A,H,-,C,D,0,NA,NA,NA,NA,Y,Y,A,01,0,1,0,0,0,0,0,0,0,-,-,NA,NA,RIVERSIDE,WILDOMAR,NA,NA
6704828,2014,2014-12-30,3300,2014-10-21,0625,2403,920H,2,5,4,3314,0,0,0,NA,0,074,SAN JACINTO AV,MIDWAY ST,346,N,N,E,-,N,NA,NA,NA,NA,NA,NA,NA,NA,NA,Y,2,0,1,1,A,-,03,22350,NA,N,E,I,A,A,D,-,D,D,0,NA,NA,Y,NA,Y,NA,C,02,1,0,0,0,0,0,0,0,1,-,-,NA,NA,RIVERSIDE,SAN JACINTO,-116.95876901,33.76485746
6705639,2014,2014-11-21,3300,2014-10-21,1030,N2646,602C6,2,5,6,3394,0,0,0,NA,0,024,ALESSANDRO BL,ALESSANDRO PLZ,40,E,N,A,-,N,NA,NA,NA,NA,NA,NA,NA,NA,NA,N,4,0,1,2,A,-,12,21453,A,N,D,C,A,A,H,-,A,A,0,NA,NA,NA,NA,Y,NA,A,07,0,0,1,0,0,0,0,0,0,-,-,NA,NA,RIVERSIDE,MORENO VALLEY,-117.24790856,33.91733
6707031,2014,2015-01-08,3300,2014-11-05,1019,4211,36Q1,3,5,4,3318,0,0,0,NA,0,T36,FRED WARING DR,SAN ANSELMO AV,0,NA,Y,A,-,N,NA,NA,NA,NA,NA,NA,NA,NA,NA,Y,4,0,1,2,A,-,09,21802,A,N,D,C,A,A,H,-,A,A,0,NA,NA,NA,NA,Y,NA,A,08,0,0,1,0,0,0,0,0,0,-,-,NA,NA,RIVERSIDE,PALM DESERT,-116.38655012,33.72881007
6707550,2014,2015-01-09,9685,2014-11-02,1110,015857,NA,7,1,9,3300,0,3,5,NA,2,002,MAPES RD,PHILLIPS ST,188,N,N,A,-,N,NA,NA,NA,NA,NA,NA,NA,NA,NA,Y,4,0,1,1,A,-,08,22107,NA,N,E,I,A,A,H,-,A,D,0,NA,NA,NA,NA,Y,NA,A,01,0,0,1,0,0,0,0,0,0,-,-,33.75744,-117.25592,RIVERSIDE,UNINCORPORATED,-117.25407,33.75746
6707722,2014,2014-11-24,9630,2014-10-31,0430,019228,NA,5,3,9,3300,0,3,5,NA,2,005,HAMMOND RD,70TH AV,450,N,N,A,-,N,NA,NA,NA,NA,NA,NA,NA,NA,NA,Y,4,0,1,1,A,-,08,22107,NA,N,F,A,A,A,H,-,D,D,0,NA,NA,NA,NA,Y,NA,A,01,0,0,1,0,0,0,0,0,0,-,-,33.5407,-116.02993,RIVERSIDE,UNINCORPORATED,-116.03012518,33.54078176
6709065,2014,2015-06-05,9840,2014-10-29,0835,16285,NA,3,1,7,3313,0,1,3,NA,2,021,RT 91,CENTRAL AV,25,E,N,A,-,Y,NA,NA,NA,NA,NA,NA,NA,NA,NA,N,4,0,1,2,A,-,03,22350,NA,N,C,C,A,A,D,-,A,D,0,NA,NA,NA,NA,Y,NA,A,01,0,0,1,0,0,0,0,0,0,-,-,NA,NA,RIVERSIDE,RIVERSIDE,-117.38385979,33.95364423
6710873,2014,2015-01-06,9840,2014-10-12,1051,17765,NA,7,1,6,3315,0,1,1,NA,2,034,RT 15,6TH ST,3125,N,N,A,-,Y,NA,NA,NA,NA,NA,NA,NA,NA,NA,Y,4,0,1,1,A,-,01,23152,A,N,E,J,A,A,H,-,A,D,0,NA,NA,NA,NA,Y,Y,A,07,0,0,1,0,0,0,0,0,0,TO,-,33.88261,-117.54128,RIVERSIDE,CORONA,NA,NA
6713275,2014,2015-01-06,3300,2014-10-14,0829,3774,604A1,2,5,6,3394,0,0,0,NA,0,042,NASON ST,RT 60,0,NA,Y,A,-,Y,NA,NA,NA,NA,NA,NA,NA,NA,NA,N,3,0,1,2,A,-,11,21461,5,N,G,B,B,A,H,-,A,A,0,Y,NA,NA,NA,Y,NA,N,60,0,1,0,0,1,0,0,0,0,-,EO,NA,NA,RIVERSIDE,MORENO VALLEY,-117.19156,33.93934007
6715112,2014,2015-01-13,3300,2014-11-15,1616,4254,803A,6,5,3,3343,0,0,0,NA,0,083,BUNDY CANYON RD,ORCHARD ST,0,NA,Y,A,-,N,NA,NA,NA,NA,NA,NA,NA,NA,NA,Y,2,0,2,2,A,-,09,21802,A,N,D,C,A,A,H,-,A,D,0,NA,NA,NA,NA,Y,NA,A,01,1,1,0,0,0,0,0,0,0,-,-,NA,NA,RIVERSIDE,WILDOMAR,-117.28404006,33.62689006
6715225,2014,2015-01-12,9840,2014-11-12,0500,15663,NA,3,3,6,3315,0,1,1,NA,2,034,RT 15,PARKRIDGE AV,500,N,N,A,-,Y,NA,NA,15,NA,NA,NA,NA,NA,NA,Y,4,0,2,2,A,-,03,22350,NA,N,C,C,A,A,H,-,D,D,0,NA,NA,NA,NA,Y,NA,A,01,0,0,2,0,0,0,0,0,0,-,-,33.88771,-117.55223,RIVERSIDE,CORONA,-117.55215572,33.88777688
6716963,2014,2015-01-12,3308,2014-11-10,1003,6289,509,1,5,5,3308,0,0,0,NA,0,NORTH,MERIDIAN ST,BORDEAUX LN,20,S,N,A,-,N,NA,NA,NA,NA,NA,NA,NA,NA,NA,N,4,0,1,2,A,-,03,22350,NA,F,C,C,A,A,H,-,A,D,0,NA,NA,NA,NA,Y,NA,-,99,0,0,1,0,0,0,0,0,0,-,-,NA,NA,RIVERSIDE,HEMET,-116.92825736,33.76092528
6717368,2014,2015-01-15,9840,2014-11-18,0720,12075,NA,2,1,9,3300,0,2,4,NA,2,042,VAN BUREN BL,GARDNER AV,250,W,N,A,-,N,NA,NA,NA,NA,NA,NA,NA,NA,NA,N,4,0,2,3,A,-,03,22350,NA,N,C,C,A,A,H,-,A,A,0,NA,NA,NA,NA,Y,NA,D,22,0,0,2,0,0,0,0,0,0,-,-,NA,NA,RIVERSIDE,UNINCORPORATED,-117.36261122,33.88243373
6717439,2014,2015-01-20,9840,2014-11-15,0005,17037,NA,6,3,7,3313,0,1,3,NA,2,020,RT 91,TYLER ST,100,E,N,A,-,Y,NA,NA,91,NA,NA,NA,NA,NA,NA,Y,4,0,2,2,A,-,08,22107,NA,N,E,I,A,A,H,-,C,D,0,NA,NA,NA,NA,Y,NA,A,01,0,0,2,0,0,0,0,0,0,-,-,33.90682,-117.45664,RIVERSIDE,RIVERSIDE,-117.45651698,33.90660506
6717829,2014,2015-05-12,3300,2014-09-16,1215,N2647,901C,2,5,4,3310,0,0,0,NA,0,051,HAMNER AV,AUTO MALL,645,N,N,A,-,N,NA,NA,NA,NA,NA,NA,NA,NA,NA,Y,3,0,1,2,A,-,09,21801,A,N,D,C,A,A,H,-,A,D,0,NA,NA,Y,NA,Y,NA,D,22,0,1,0,0,0,0,0,0,1,-,-,NA,NA,RIVERSIDE,NORCO,-117.560457,33.913861
6718095,2014,2015-12-30,9655,2014-12-19,1715,17106,NA,5,2,9,3300,0,1,3,NA,1,312,RT 74,CALIFORNIA AV,19,E,N,A,-,Y,RIV,8,74,-,-,35.94,H,-,E,N,1,1,0,2,A,-,11,21954,A,N,G,B,D,A,H,-,D,D,0,Y,NA,NA,NA,Y,NA,N,60,0,0,0,1,0,0,0,0,0,-,-,33.74382,-117.04987,RIVERSIDE,UNINCORPORATED,-117.04994688,33.74380504
6718356,2015,2015-07-21,3300,2015-01-02,1425,5132,42A2,5,5,3,3392,0,0,0,NA,0,LA42,WASHINGTON ST,LAKE LA QUINTA DR,0,NA,Y,A,-,N,NA,NA,NA,NA,NA,NA,NA,NA,NA,Y,1,1,1,2,A,-,09,21801,A,N,D,C,A,A,H,-,A,D,0,NA,NA,NA,NA,Y,NA,A,01,0,0,1,0,0,0,0,0,0,-,-,NA,NA,RIVERSIDE,LA QUINTA,-116.29478003,33.7040401
6718426,2014,2015-12-30,3300,2014-07-22,0115,3717,002D,2,5,6,3345,0,0,0,NA,0,020,MISSION BL,GLEN ST,0,NA,N,A,-,N,NA,NA,NA,NA,NA,NA,NA,NA,NA,N,1,1,0,2,A,-,11,21956,A,N,G,B,D,A,H,-,C,A,0,Y,NA,NA,NA,Y,NA,N,60,0,0,0,1,0,0,0,0,0,-,-,NA,NA,RIVERSIDE,JURUPA VALLEY,-117.48179002,34.01179003