CASE_ID,ACCIDENT_YEAR,PROC_DATE,JURIS,COLLISION_DATE,COLLISION_TIME,OFFICER_ID,REPORTING_DISTRICT,DAY_OF_WEEK,CHP_SHIFT,POPULATION,CNTY_CITY_LOC,SPECIAL_COND,BEAT_TYPE,CHP_BEAT_TYPE,CITY_DIVISION_LAPD,CHP_BEAT_CLASS,BEAT_NUMBER,PRIMARY_RD,SECONDARY_RD,DISTANCE,DIRECTION,INTERSECTION,WEATHER_1,WEATHER_2,STATE_HWY_IND,CALTRANS_COUNTY,CALTRANS_DISTRICT,STATE_ROUTE,ROUTE_SUFFIX,POSTMILE_PREFIX,POSTMILE,LOCATION_TYPE,RAMP_INTERSECTION,SIDE_OF_HWY,TOW_AWAY,COLLISION_SEVERITY,NUMBER_KILLED,NUMBER_INJURED,PARTY_COUNT,PRIMARY_COLL_FACTOR,PCF_CODE_OF_VIOL,PCF_VIOL_CATEGORY,PCF_VIOLATION,PCF_VIOL_SUBSECTION,HIT_AND_RUN,TYPE_OF_COLLISION,MVIW,PED_ACTION,ROAD_SURFACE,ROAD_COND_1,ROAD_COND_2,LIGHTING,CONTROL_DEVICE,CHP_ROAD_TYPE,PEDESTRIAN_ACCIDENT,BICYCLE_ACCIDENT,MOTORCYCLE_ACCIDENT,TRUCK_ACCIDENT,NOT_PRIVATE_PROPERTY,ALCOHOL_INVOLVED,STWD_VEHTYPE_AT_FAULT,CHP_VEHTYPE_AT_FAULT,COUNT_SEVERE_INJ,COUNT_VISIBLE_INJ,COUNT_COMPLAINT_PAIN,COUNT_PED_KILLED,COUNT_PED_INJURED,COUNT_BICYCLIST_KILLED,COUNT_BICYCLIST_INJURED,COUNT_MC_KILLED,COUNT_MC_INJURED,PRIMARY_RAMP,SECONDARY_RAMP,LATITUDE,LONGITUDE,COUNTY,CITY,POINT_X,POINT_Y
6781170,2015,2016-10-07,9840,2015-01-09,2232,017817,NA,5,3,7,3313,0,1,1,NA,2,024,RT 215,DAY ST,3700,W,N,B,-,Y,RIV,8,215,-,R,38.157,R,2,N,Y,3,0,2,1,A,-,01,23152,A,N,E,I,A,A,H,-,C,D,1,NA,NA,NA,NA,Y,Y,D,22,0,2,0,0,0,0,0,0,0,TO,-,33.94362,-117.29122,RIVERSIDE,RIVERSIDE,-117.29158643,33.94156475
6781256,2015,2016-10-05,9840,2015-01-05,1420,13500,NA,1,2,6,3345,0,1,3,NA,2,010,RT 60,PEDLEY RD,150,E,N,A,-,Y,RIV,8,60,-,R,4.58,H,-,W,Y,3,0,1,3,A,-,03,22350,NA,F,B,C,A,A,H,-,A,D,1,NA,NA,NA,NA,Y,NA,A,01,0,1,0,0,0,0,0,0,0,-,-,NA,NA,RIVERSIDE,JURUPA VALLEY,-117.47994305,34.01927447
6781264,2015,2016-09-28,9840,2015-01-06,1500,013968,NA,2,2,6,3315,0,1,3,NA,2,031,RT 91,RT 15,2112,W,N,A,-,Y,RIV,8,91,-,-,7.85,H,-,E,Y,3,0,1,4,A,-,03,22350,NA,N,C,C,A,A,D,-,A,D,1,NA,NA,NA,NA,Y,NA,D,22,0,1,0,0,0,0,0,0,0,-,-,33.87969,-117.55444,RIVERSIDE,CORONA,-117.54052865,33.8831462
6781615,2015,2016-10-05,9840,2015-01-20,0730,13500,NA,2,1,6,3345,0,1,3,NA,2,010,RT 60,RUBIDOUX BL,500,W,N,B,-,Y,RIV,8,60,-,-,9.39,R,2,W,Y,4,0,1,2,A,-,03,22350,NA,N,C,C,A,A,H,-,A,D,1,NA,NA,NA,NA,Y,NA,A,01,0,0,1,0,0,0,0,0,0,FR,-,34.0046,-117.40271,RIVERSIDE,JURUPA VALLEY,-117.40318497,34.00443137
6781920,2014,2015-01-28,3300,2014-11-30,0021,4789,001L,7,5,6,3345,0,0,0,NA,0,016,RUBIDOUX BL,TILTON AV,473,N,N,A,-,N,NA,NA,NA,NA,NA,NA,NA,NA,NA,Y,3,0,1,3,A,-,00,20002,A,M,B,E,A,A,H,-,C,D,0,NA,NA,NA,NA,Y,NA,D,22,0,1,0,0,0,0,0,0,0,-,-,NA,NA,RIVERSIDE,JURUPA VALLEY,-117.41034,33.99376
6782178,2015,2016-10-11,9655,2015-01-07,1315,12614,NA,3,1,9,3300,0,3,5,NA,2,002,RT 243,TWIN PINES RD,1584,N,N,A,-,Y,RIV,8,243,-,-,22.21,H,-,S,Y,4,0,1,1,A,-,08,22107,NA,N,E,I,A,A,H,-,A,D,0,NA,NA,NA,NA,Y,NA,A,01,0,0,1,0,0,0,0,0,0,-,-,33.88042,-116.84846,RIVERSIDE,UNINCORPORATED,-116.8479338,33.8805156
6782231,2015,2015-02-18,9840,2015-01-08,1350,12075,NA,4,1,9,3300,0,3,5,NA,2,004,BRIGGS RD,MAPES RD,600,N,N,A,-,N,NA,NA,NA,NA,NA,NA,NA,NA,NA,Y,4,0,3,2,A,-,05,21650,NA,N,A,C,A,-,H,-,A,D,0,NA,NA,NA,NA,Y,NA,A,01,0,0,3,0,0,0,0,0,0,-,-,NA,NA,RIVERSIDE,UNINCORPORATED,-117.13625736,33.75920317
6784095,2015,2016-09-06,9685,2015-01-04,0900,014488,NA,7,1,9,3300,0,1,3,NA,2,011,RT 74,GRAND AV,8448,W,N,A,-,Y,RIV,8,74,-,-,10.4,H,-,W,Y,2,0,1,1,A,-,03,22350,NA,N,F,A,A,-,H,-,A,D,0,NA,NA,Y,NA,Y,NA,C,02,1,0,0,0,0,0,0,0,1,-,-,NA,NA,RIVERSIDE,UNINCORPORATED,-117.36905406,33.64593648
6784238,2015,2015-02-20,9840,2015-01-01,1535,12075,NA,4,2,9,3300,0,3,5,NA,2,004,OLD ELSINORE RD,ALOHA RD,4000,N,N,A,-,N,NA,NA,NA,NA,NA,NA,NA,NA,NA,NA,4,0,1,1,A,-,08,22107,NA,N,E,I,A,A,H,-,A,D,0,NA,NA,NA,NA,Y,NA,A,01,0,0,1,0,0,0,0,0,0,-,-,NA,NA,RIVERSIDE,UNINCORPORATED,-117.27476812,33.8037557
6785394,2015,2016-09-19,9840,2015-01-01,1145,17169,NA,4,1,7,3313,0,1,3,NA,2,021,RT 91,14TH ST,1056,W,N,A,-,Y,RIV,8,91,-,-,19.8,H,-,E,Y,4,0,1,2,A,-,08,22107,NA,N,E,J,A,A,H,-,A,D,1,NA,NA,NA,NA,Y,NA,A,01,0,0,1,0,0,0,0,0,0,-,-,33.89784,-117.55853,RIVERSIDE,RIVERSIDE,-117.37485472,33.97119176
6785990,2014,2015-02-17,3308,2014-12-10,1712,4189,523,3,5,5,3308,0,0,0,NA,0,SOUTH,FLORIDA AV,WARREN RD,163,E,N,A,-,Y,NA,NA,NA,NA,NA,NA,NA,NA,NA,Y,4,0,3,2,A,-,09,21801,A,N,D,C,A,A,H,-,B,A,0,NA,NA,NA,NA,Y,NA,A,08,0,0,3,0,0,0,0,0,0,-,-,NA,NA,RIVERSIDE,HEMET,-117.03220563000001,33.74386
6786162,2014,2015-02-13,3300,2014-12-06,0750,N4575,508A,6,5,5,3341,0,0,0,NA,0,058,MURIETTA RD,CORSON AV,0,NA,Y,E,-,N,NA,NA,NA,NA,NA,NA,NA,NA,NA,N,3,0,2,2,A,-,09,21800,A,N,D,C,A,A,H,-,A,D,0,NA,NA,NA,NA,Y,NA,A,01,0,2,0,0,0,0,0,0,0,-,-,NA,NA,RIVERSIDE,MENIFEE,-117.2060901,33.66720006
6786175,2014,2015-02-13,9840,2014-12-29,0830,017828,NA,1,1,9,3300,0,1,1,NA,2,037,RT 15,NICHOLS RD,11000,N,N,A,-,Y,NA,NA,NA,NA,NA,NA,NA,NA,NA,Y,4,0,1,1,A,-,08,22107,NA,N,F,A,A,A,H,-,A,D,0,NA,NA,NA,NA,Y,NA,A,01,0,0,1,0,0,0,0,0,0,FR,-,33.71017,-117.35935,RIVERSIDE,UNINCORPORATED,-117.38053834,33.72795867
6787054,2015,2015-02-17,9630,2015-01-06,1816,20883,NA,2,2,9,3300,0,3,5,NA,2,002,VARNER RD,BERKEY DR,0,NA,Y,A,-,N,NA,NA,NA,NA,NA,NA,NA,NA,NA,N,3,0,1,2,A,-,12,22450,A,N,D,C,A,A,H,-,C,A,0,NA,NA,NA,NA,Y,NA,A,07,0,1,0,0,0,0,0,0,0,-,-,33.7616,-116.30368,RIVERSIDE,UNINCORPORATED,-116.30376013,33.7617301
6788551,2014,2015-02-02,3300,2014-11-20,0432,4163,010B,4,5,6,3394,0,0,0,NA,0,022,CACTUS AV,RT 215 OLD FRONTAGE RD,162,E,N,A,-,Y,NA,NA,NA,NA,NA,NA,NA,NA,NA,N,2,0,1,2,A,-,03,22350,NA,N,C,C,A,A,H,-,C,A,0,NA,NA,Y,NA,Y,NA,A,01,1,0,0,0,0,0,0,0,1,-,-,NA,NA,RIVERSIDE,MORENO VALLEY,NA,NA
6788770,2015,2016-10-05,9840,2015-01-24,2205,019630,NA,6,3,6,3315,0,1,1,NA,2,034,RT 15,ONTARIO AV,600,N,N,A,-,Y,RIV,8,15,-,-,38.84,H,-,N,Y,4,0,1,2,A,-,07,21658,A,N,B,C,A,A,D,H,D,D,1,NA,NA,NA,NA,Y,NA,D,22,0,0,1,0,0,0,0,0,0,-,-,33.85589,-117.5354,RIVERSIDE,CORONA,-117.53453078,33.84582881
6790715,2015,2015-02-19,3300,2015-01-03,1535,N6000,916D,6,5,4,3312,0,0,0,NA,0,035,CASE RD,ELLIS AV,0,NA,Y,A,-,N,NA,NA,NA,NA,NA,NA,NA,NA,NA,Y,4,0,1,2,A,-,09,21802,A,N,D,C,A,A,H,-,A,A,0,NA,NA,NA,NA,Y,NA,D,22,0,0,1,0,0,0,0,0,0,-,-,NA,NA,RIVERSIDE,PERRIS,-117.21944013,33.77205006
6792218,2015,2016-09-27,9660,2015-01-17,0800,020863,NA,6,1,3,3303,0,1,1,NA,2,032,RT 10,ARROWHEAD RD,168,E,N,A,-,Y,RIV,8,10,-,R,150.19,H,-,W,Y,3,0,1,1,A,-,08,22107,NA,N,F,A,A,A,H,-,A,D,1,NA,NA,NA,NA,Y,NA,A,01,0,1,0,0,0,0,0,0,0,-,-,33.60658,-114.63998,RIVERSIDE,BLYTHE,-114.63967167,33.60671248
6792230,2015,2015-02-18,3300,2015-01-15,0801,4838,NA,4,5,5,3335,0,0,0,NA,0,NA,WINCHESTER RD,NICOLAS RD,16,N,N,A,-,N,NA,NA,NA,NA,NA,NA,NA,NA,NA,N,4,0,1,2,A,-,03,22350,NA,N,C,C,A,A,H,-,A,A,0,NA,NA,NA,NA,Y,NA,A,01,0,0,1,0,0,0,0,0,0,-,-,NA,NA,RIVERSIDE,TEMECULA,-117.14472928,33.5393529
6794137,2015,2016-09-12,3311,2015-01-17,0747,15763,3311,6,5,4,3311,0,0,0,NA,0,001,HWY 111,GATEWAY DR,0,NA,Y,A,-,Y,RIV,8,111,-,-,55.27,H,-,S,Y,4,0,1,5,A,-,03,22350,NA,N,C,C,A,A,H,-,B,A,0,NA,NA,NA,NA,Y,NA,I,11,0,0,1,0,0,0,0,0,0,-,-,NA,NA,RIVERSIDE,PALM SPRINGS,-116.56147245,33.86146901
6795528,2014,2015-01-30,3306,2014-10-28,0727,124,NA,2,5,3,3306,0,0,0,NA,0,NA,PALM DR,CAMINO CAMPESINO,226,S,N,A,-,N,NA,NA,NA,NA,NA,NA,NA,NA,NA,Y,3,0,2,4,A,-,03,22350,NA,N,C,C,A,A,H,-,A,A,0,NA,NA,NA,NA,Y,NA,A,01,0,2,0,0,0,0,0,0,0,-,-,NA,NA,RIVERSIDE,DESERT HOT SPRINGS,-116.50163095,33.93526173
6795536,2014,2015-01-30,3300,2014-10-30,1545,2744,001C,4,5,6,3345,0,0,0,NA,0,010,MARKET ST,HALL AV,0,NA,Y,A,-,N,NA,NA,NA,NA,NA,NA,NA,NA,NA,Y,4,0,1,2,A,-,09,21802,A,N,D,C,A,A,H,-,A,A,0,NA,NA,NA,NA,Y,NA,-,NA,0,0,1,0,0,0,0,0,0,-,-,NA,NA,RIVERSIDE,JURUPA VALLEY,-117.38443012,34.01464006
6795567,2014,2015-01-30,3309,2014-10-23,1740,180,3309,4,5,4,3309,0,0,0,NA,0,005,MILES AV,SWINGLE ST,342,W,N,A,-,N,NA,NA,NA,NA,NA,NA,NA,NA,NA,Y,3,0,2,2,A,-,01,23152,A,N,C,C,A,A,H,-,A,A,0,NA,NA,Y,NA,Y,Y,C,02,0,1,1,0,0,0,0,0,1,-,-,NA,NA,RIVERSIDE,INDIO,-116.24940972,33.72199
6795935,2015,2015-02-23,3313,2015-01-13,1504,1575,EAST,2,5,7,3313,0,0,0,NA,0,M12,CENTRAL AV,EL CERRITO DR,0,NA,Y,A,-,N,NA,NA,NA,NA,NA,NA,NA,NA,NA,N,3,0,3,3,D,-,00,NA,NA,N,C,C,A,A,H,-,A,A,0,NA,NA,NA,NA,Y,NA,-,-,0,2,1,0,0,0,0,0,0,-,-,NA,NA,RIVERSIDE,RIVERSIDE,-117.33299006,33.95465005
6798486,2014,2015-02-04,3300,2014-12-09,1805,3536,601E2,2,5,6,3394,0,0,0,NA,0,MV16,PERRIS BL,VIA VON BOTSCH,370,N,N,A,-,N,NA,NA,NA,NA,NA,NA,NA,NA,NA,Y,4,0,1,2,A,-,03,22350,NA,N,C,C,A,A,H,-,C,A,0,NA,NA,NA,NA,Y,NA,A,07,0,0,1,0,0,0,0,0,0,-,-,NA,NA,RIVERSIDE,MORENO VALLEY,-117.2265122,33.95037354
6798557,2014,2015-02-04,3300,2014-12-05,1610,N4224,602E2,5,5,6,3394,0,0,0,NA,0,028,EUCALYPTUS AV,KITCHING ST,0,NA,Y,A,-,N,NA,NA,NA,NA,NA,NA,NA,NA,NA,Y,4,0,1,2,A,-,09,21802,A,N,D,C,A,A,H,-,B,A,0,NA,NA,NA,NA,Y,NA,-,-,0,0,1,0,0,0,0,0,0,-,-,NA,NA,RIVERSIDE,MORENO VALLEY,-117.2176601,33.93182007
6799247,2015,2015-02-26,3311,2015-01-24,2200,15310,NA,6,5,4,3311,0,0,0,NA,0,002,NORTH INDIAN CANYON DR,TRAMVIEW RD,3696,NA,N,A,-,N,NA,NA,NA,NA,NA,NA,NA,NA,NA,Y,3,0,1,1,A,-,07,21658,A,N,F,I,A,A,H,-,D,A,0,NA,NA,NA,NA,Y,NA,A,01,0,1,0,0,0,0,0,0,0,-,-,NA,NA,RIVERSIDE,PALM SPRINGS,-116.54593004,33.86668008
6799297,2015,2016-10-20,9655,2015-01-24,2050,018163,NA,6,2,9,3300,0,1,3,NA,1,314,RT 74,LAS FLORES DR,334,W,N,A,-,Y,RIV,8,74,-,-,42.44,H,-,E,Y,4,0,1,2,A,-,03,22350,NA,N,C,C,A,A,H,-,C,D,1,NA,NA,NA,NA,Y,NA,A,01,0,0,1,0,0,0,0,0,0,-,-,33.74762,-116.93949,RIVERSIDE,UNINCORPORATED,-116.93946664,33.7477199
6799590,2015,2016-09-19,9685,2015-01-18,0128,015857,NA,7,3,4,3307,0,1,1,NA,2,010,RT 15,FRANKLIN ST,1584,N,N,A,-,Y,RIV,8,15,-,-,20.15,H,-,S,Y,3,0,1,2,A,-,01,23152,A,N,C,D,A,A,H,-,D,D,1,NA,NA,NA,Y,Y,Y,A,01,0,1,0,0,0,0,0,0,0,-,-,33.67117,-117.3114,RIVERSIDE,LAKE ELSINORE,-117.31203989,33.67139417
6799596,2015,2016-10-13,9685,2015-01-14,1500,012111,NA,3,2,9,3300,0,1,3,NA,1,045,RT 371,BARBARA TRL,528,W,N,A,-,Y,RIV,8,371,-,-,61.99,H,-,W,Y,3,0,1,1,A,-,08,22107,NA,N,F,A,A,A,H,-,A,D,0,NA,NA,NA,NA,Y,NA,D,22,0,1,0,0,0,0,0,0,0,-,-,33.49957,-116.80187,RIVERSIDE,UNINCORPORATED,-116.80979314,33.4986388
6799751,2015,2015-02-23,3313,2015-01-16,1401,1537,W,5,5,7,3313,0,0,0,NA,0,T40,DIANA AV,PARK SIERRA DR,0,NA,Y,A,-,N,NA,NA,NA,NA,NA,NA,NA,NA,NA,Y,3,0,2,2,A,-,09,21801,A,N,D,C,A,A,H,-,A,D,0,NA,NA,NA,NA,Y,NA,A,01,0,1,1,0,0,0,0,0,0,-,-,NA,NA,RIVERSIDE,RIVERSIDE,-117.46937004,33.90138011
6799982,2015,2016-10-24,9685,2015-01-21,1256,014349,NA,3,1,4,3312,0,1,1,NA,2,020,RT 215,REDLANDS AV,800,S,N,A,-,Y,RIV,8,215,-,-,26.16,H,-,S,N,4,0,1,2,A,-,03,22350,NA,N,C,C,A,A,D,-,A,D,1,NA,NA,NA,NA,Y,NA,A,01,0,0,1,0,0,0,0,0,0,-,-,NA,NA,RIVERSIDE,PERRIS,-117.214181,33.78255139
6800893,2015,2015-03-17,3313,2015-02-01,1925,1738,NA,7,5,7,3313,0,0,0,NA,0,C120,PALM ST,WRONG WAY,0,NA,N,A,-,N,NA,NA,NA,NA,NA,NA,NA,NA,NA,N,4,0,1,2,A,-,12,22450,NA,N,D,G,A,A,H,-,C,D,0,NA,Y,NA,NA,Y,NA,L,04,0,0,1,0,0,0,1,0,0,-,-,NA,NA,RIVERSIDE,RIVERSIDE,NA,NA
6804966,2015,2016-10-05,9840,2015-02-03,1021,12208,NA,2,1,6,3315,0,1,3,NA,2,031,RT 91,SOUTH PROMENADE AV,839,E,N,B,-,Y,RIV,8,91,-,-,8.18,H,-,W,Y,4,0,2,3,A,-,07,21658,A,N,C,C,A,A,H,-,A,D,1,NA,NA,NA,NA,Y,NA,A,01,0,0,2,0,0,0,0,0,0,-,-,33.53043,-117.32121,RIVERSIDE,CORONA,-117.53492483,33.88364798
6805324,2015,2016-09-28,9840,2015-01-16,0635,16727,NA,5,1,6,3315,0,1,3,NA,2,030,RT 91,GREEN RIVER RD,2112,E,N,A,-,Y,RIV,8,91,-,R,1.43,H,-,W,Y,2,0,1,2,A,-,07,21658,A,N,-,C,A,A,D,-,A,D,1,NA,NA,Y,NA,Y,NA,A,01,1,0,0,0,0,0,0,0,1,-,-,33.88067,-117.65238,RIVERSIDE,CORONA,-117.65164581,33.88101674
6806590,2015,2016-09-27,9655,2015-01-23,1132,14583,NA,5,1,9,3300,0,1,1,NA,2,206,RT 10,RT 111,520,E,N,A,-,Y,RIV,8,10,-,R,25.3,H,-,E,Y,3,0,2,1,A,-,08,22107,NA,N,E,I,A,A,H,-,A,D,1,NA,NA,NA,NA,Y,NA,D,22,0,1,1,0,0,0,0,0,0,-,-,33.92269,-116.6739,RIVERSIDE,UNINCORPORATED,-116.67666291,33.92257993
6807506,2015,2016-09-16,9685,2015-01-24,1220,014267,NA,6,1,4,3307,0,1,1,NA,2,010,RAILROAD CANYON RD,RT 15,12,E,N,A,-,Y,RIV,8,15,-,-,19.308,R,3,N,Y,4,0,2,2,D,-,00,NA,NA,N,B,C,A,A,H,-,A,D,1,NA,NA,NA,Y,Y,NA,-,-,0,0,2,0,0,0,0,0,0,TO,NO,33.6639,-117.29985,RIVERSIDE,LAKE ELSINORE,-117.30033579,33.66403305
6807524,2015,2016-10-24,9685,2015-01-18,0105,00983,NA,7,3,4,3312,0,1,1,NA,2,020,RT 215,REDLANDS AV,792,S,N,A,-,Y,RIV,8,215,-,-,26.16,H,-,S,Y,3,0,1,1,A,-,01,23152,A,N,E,J,A,A,D,-,C,A,1,NA,NA,NA,NA,Y,Y,A,07,0,1,0,0,0,0,0,0,0,-,-,33.46873,-117.12739,RIVERSIDE,PERRIS,-117.214181,33.78255139
6807528,2015,2016-09-19,9685,2015-01-27,1031,013006,NA,2,1,4,3307,0,1,1,NA,2,010,RT 15,RT 74,150,S,N,A,-,Y,RIV,8,15,-,-,22.21,H,-,N,Y,4,0,1,2,A,-,03,22350,NA,N,C,C,A,A,H,-,A,D,1,NA,NA,NA,NA,Y,NA,A,01,0,0,1,0,0,0,0,0,0,-,-,NA,NA,RIVERSIDE,LAKE ELSINORE,-117.33693809,33.69170103
6807975,2015,2015-02-26,3300,2015-01-03,1729,4237,001H,6,5,6,3345,0,0,0,NA,0,014,FAIRBANKS AV,JURUPA RD,109,S,N,A,-,N,NA,NA,NA,NA,NA,NA,NA,NA,NA,N,4,0,1,1,A,-,08,22107,NA,N,E,I,A,A,B,-,C,A,0,NA,NA,NA,NA,Y,NA,D,22,0,0,1,0,0,0,0,0,0,-,-,NA,NA,RIVERSIDE,JURUPA VALLEY,-117.43735963,34.00826144
6808038,2015,2015-02-25,3300,2015-01-15,1401,3671,910B,4,5,5,3335,0,0,0,NA,0,063,MARGARITA RD,OVERLAND DR,0,NA,Y,A,-,N,NA,NA,NA,NA,NA,NA,NA,NA,NA,N,3,0,2,2,A,-,09,21453,C,N,D,C,A,A,H,-,A,A,0,NA,NA,NA,NA,Y,NA,A,01,0,2,0,0,0,0,0,0,0,-,-,NA,NA,RIVERSIDE,TEMECULA,-117.15092003,33.51997009
6808400,2015,2015-02-27,3300,2015-01-01,0143,4038,001G,4,5,6,3345,0,0,0,NA,0,014,VALLEY WY,GRANITE HILL DR,75,N,N,A,-,N,NA,NA,NA,NA,NA,NA,NA,NA,NA,N,4,0,1,2,A,-,21,22106,NA,N,C,C,A,A,H,-,C,A,0,NA,NA,NA,NA,Y,NA,A,01,0,0,1,0,0,0,0,0,0,-,-,NA,NA,RIVERSIDE,JURUPA VALLEY,-117.43294978,34.01227013
6808564,2015,2016-10-20,3300,2015-02-03,1505,N2176,505H,2,5,5,3341,0,0,0,NA,0,055,RT 74,BRIGGS RD,300,W,N,A,-,Y,RIV,8,74,-,-,30.75,H,-,E,Y,4,0,6,4,A,-,03,22350,NA,N,C,C,A,A,H,-,A,D,0,NA,NA,NA,NA,Y,NA,A,01,0,0,6,0,0,0,0,0,0,-,-,NA,NA,RIVERSIDE,MENIFEE,-117.1376274,33.74312206
6808652,2015,2016-09-12,3311,2015-01-27,1430,15648,NA,2,5,4,3311,0,0,0,NA,0,006,RT 111,BROADMOOR DR,0,NA,Y,A,-,Y,RIV,8,111,-,-,47.633,I,5,N,Y,4,0,2,3,A,-,09,21802,A,N,C,C,A,A,H,-,A,A,0,NA,NA,NA,NA,Y,Y,A,01,0,0,2,0,0,0,0,0,0,-,-,NA,NA,RIVERSIDE,PALM SPRINGS,-116.49260382,33.79269156
6808770,2015,2015-03-05,3311,2015-02-06,0018,15931,NA,5,5,4,3311,0,0,0,NA,0,001,PALM SPRINGS STATION RD,INDIAN CANYON DR,0,NA,Y,A,-,N,NA,NA,NA,NA,NA,NA,NA,NA,NA,Y,4,0,1,1,A,-,07,21658,A,N,H,-,A,A,H,-,C,D,0,NA,NA,NA,NA,Y,NA,A,01,0,0,1,0,0,0,0,0,0,-,-,NA,NA,RIVERSIDE,PALM SPRINGS,NA,NA
6809337,2015,2015-02-26,3311,2015-01-22,2100,15621,3311,4,5,4,3311,0,0,0,NA,0,005,SOUTH PALM CANYON DR,SONORA RD,134,S,N,A,-,N,NA,NA,NA,NA,NA,NA,NA,NA,NA,N,4,0,1,2,A,-,11,21954,A,N,G,B,D,A,H,-,C,D,0,Y,NA,NA,NA,Y,NA,N,60,0,0,1,0,1,0,0,0,0,-,-,NA,NA,RIVERSIDE,PALM SPRINGS,-116.54562399,33.80456326
6811048,2014,2015-02-13,3300,2014-12-14,2040,4130,002W,7,5,6,3345,0,0,0,NA,0,026,LYRA AV,GALAXY LN,4,W,N,A,-,N,NA,NA,NA,NA,NA,NA,NA,NA,NA,N,4,0,1,2,A,-,21,22106,NA,N,G,B,E,A,H,-,C,A,0,Y,NA,NA,NA,Y,NA,A,01,0,0,1,0,1,0,0,0,0,-,-,NA,NA,RIVERSIDE,JURUPA VALLEY,-117.52700226,33.98633397
6811143,2015,2015-03-05,9655,2015-02-03,0735,015795,NA,2,1,9,3300,0,3,5,NA,2,003,MAYBERRY AV,DARTMOUTH ST,200,E,N,A,-,N,NA,NA,NA,NA,NA,NA,NA,NA,NA,N,4,0,1,2,A,-,21,22106,NA,N,D,C,A,A,H,-,A,D,0,NA,NA,NA,NA,Y,NA,A,07,0,0,1,0,0,0,0,0,0,-,-,NA,NA,RIVERSIDE,UNINCORPORATED,-116.93620452,33.740448550000004
6812504,2015,2016-10-20,9685,2015-01-07,1755,16502,NA,3,2,9,3300,0,1,3,NA,1,026,RT 74,OLSON AV,92,E,N,A,-,Y,RIV,8,74,-,-,32.65,H,-,W,Y,2,0,6,3,A,-,04,21703,NA,N,C,C,A,A,H,-,B,D,0,NA,NA,NA,Y,Y,NA,A,01,1,1,4,0,0,0,0,0,0,-,-,33.7431,-117.10471,RIVERSIDE,UNINCORPORATED,-117.10445661,33.74304937
6812706,2015,2016-10-07,9840,2015-01-22,1340,017169,NA,4,1,7,3313,0,1,3,NA,2,020,RT 91,ADAMS ST,500,W,N,A,-,Y,RIV,8,91,-,-,15.54,H,-,E,Y,4,0,3,3,A,-,03,22350,NA,N,C,C,A,A,D,-,A,D,1,NA,NA,NA,NA,Y,NA,A,01,0,0,3,0,0,0,0,0,0,-,-,33.92693,-117.42036,RIVERSIDE,RIVERSIDE,-117.42093657,33.92665118
6814401,2015,2016-09-28,9840,2015-02-18,0555,12208,NA,3,3,6,3315,0,1,3,NA,2,311,RT 91,LINCOLN AV,1370,E,N,B,E,Y,RIV,8,91,-,-,5.64,H,-,W,N,3,0,1,2,A,-,07,21658,A,N,B,C,A,A,D,-,B,A,1,NA,NA,NA,NA,Y,NA,D,22,0,1,0,0,0,0,0,0,0,-,-,33.5253,-117.34405,RIVERSIDE,CORONA,-117.57808036,33.88147391
6815063,2015,2016-10-11,9840,2015-02-26,0813,14831,NA,4,1,9,3300,0,1,1,NA,2,037,RT 15,INDIAN TRUCK TRL,700,S,N,A,-,Y,RIV,8,15,-,-,30.12,H,-,S,Y,3,0,1,4,A,-,08,22107,NA,N,E,I,A,A,H,-,A,D,1,NA,NA,NA,Y,Y,NA,D,22,0,1,0,0,0,0,0,0,0,-,-,33.74593,-117.44753,RIVERSIDE,UNINCORPORATED,-117.44839803,33.74634187
6816150,2015,2016-10-05,9840,2015-02-05,1610,017169,NA,4,2,6,3315,0,1,3,NA,2,031,RT 91,RT 15,50,E,N,A,-,Y,RIV,8,91,-,-,7.46,H,-,E,N,4,0,1,2,A,-,03,22350,NA,N,C,C,A,A,D,-,A,D,1,NA,NA,NA,NA,Y,NA,D,22,0,0,1,0,0,0,0,0,0,-,-,33.88188,-117.54632,RIVERSIDE,CORONA,-117.54712983,33.88183816
6816236,2015,2015-03-05,3313,2015-02-03,0548,1783,CNTRL,2,5,7,3313,0,0,0,NA,0,A213,WASHINGTON ST,MARGUERITA AV,0,NA,Y,A,-,N,NA,NA,NA,NA,NA,NA,NA,NA,NA,N,3,0,1,2,A,-,09,21802,A,N,B,C,A,A,H,-,C,D,0,NA,NA,Y,NA,Y,NA,A,01,0,1,0,0,0,0,0,0,1,-,-,NA,NA,RIVERSIDE,RIVERSIDE,-117.39445005,33.93640002
6820759,2015,2016-04-26,3300,2015-01-23,1825,4814,20D3,5,5,3,3317,0,0,0,NA,0,S20,RT 111,AVENIDA LAS PALMAS,275,S,N,A,-,N,NA,NA,NA,NA,NA,NA,NA,NA,NA,N,4,0,1,2,B,-,22,NA,NA,F,C,C,A,A,H,-,B,D,0,NA,NA,NA,NA,Y,Y,A,08,0,0,1,0,0,0,0,0,0,-,-,NA,NA,RIVERSIDE,RANCHO MIRAGE,-116.38398,33.72143
6825552,2015,2015-03-09,3309,2015-01-31,2023,276,3309,6,5,4,3309,0,0,0,NA,0,NA,AV 48,JEFFERSON ST,117,E,N,A,-,N,NA,NA,NA,NA,NA,NA,NA,NA,NA,Y,3,0,1,3,A,-,03,22350,NA,M,C,C,A,A,H,-,C,A,0,NA,NA,NA,NA,Y,NA,A,01,0,1,0,0,0,0,0,0,0,-,-,NA,NA,RIVERSIDE,INDIO,-116.26881192,33.69976571
6825590,2015,2016-09-20,3308,2015-01-29,1709,8322,513,4,5,5,3308,0,0,0,NA,0,SOUTH,FLORIDA AV,WARREN RD,128,W,N,A,-,Y,RIV,8,74,-,-,36.91,H,-,E,Y,4,0,1,2,A,-,03,22350,NA,N,C,C,A,A,H,-,B,A,0,NA,NA,NA,NA,Y,NA,A,01,0,0,1,0,0,0,0,0,0,-,-,NA,NA,RIVERSIDE,HEMET,-117.03312968,33.74383185
6826119,2015,2016-10-20,3308,2015-02-09,0950,4189,516,1,5,5,3308,0,0,0,NA,0,NORTH,FLORIDA AV,GILMORE ST,0,NA,Y,A,-,Y,RIV,8,74,-,-,39.237,I,5,W,Y,4,0,2,2,A,-,12,21453,A,N,D,C,A,A,H,-,A,A,0,NA,NA,NA,NA,Y,NA,A,01,0,0,2,0,0,0,0,0,0,-,-,NA,NA,RIVERSIDE,HEMET,-116.99347291,33.74748996