CASE_ID,ACCIDENT_YEAR,PROC_DATE,JURIS,COLLISION_DATE,COLLISION_TIME,OFFICER_ID,REPORTING_DISTRICT,DAY_OF_WEEK,CHP_SHIFT,POPULATION,CNTY_CITY_LOC,SPECIAL_COND,BEAT_TYPE,CHP_BEAT_TYPE,CITY_DIVISION_LAPD,CHP_BEAT_CLASS,BEAT_NUMBER,PRIMARY_RD,SECONDARY_RD,DISTANCE,DIRECTION,INTERSECTION,WEATHER_1,WEATHER_2,STATE_HWY_IND,CALTRANS_COUNTY,CALTRANS_DISTRICT,STATE_ROUTE,ROUTE_SUFFIX,POSTMILE_PREFIX,POSTMILE,LOCATION_TYPE,RAMP_INTERSECTION,SIDE_OF_HWY,TOW_AWAY,COLLISION_SEVERITY,NUMBER_KILLED,NUMBER_INJURED,PARTY_COUNT,PRIMARY_COLL_FACTOR,PCF_CODE_OF_VIOL,PCF_VIOL_CATEGORY,PCF_VIOLATION,PCF_VIOL_SUBSECTION,HIT_AND_RUN,TYPE_OF_COLLISION,MVIW,PED_ACTION,ROAD_SURFACE,ROAD_COND_1,ROAD_COND_2,LIGHTING,CONTROL_DEVICE,CHP_ROAD_TYPE,PEDESTRIAN_ACCIDENT,BICYCLE_ACCIDENT,MOTORCYCLE_ACCIDENT,TRUCK_ACCIDENT,NOT_PRIVATE_PROPERTY,ALCOHOL_INVOLVED,STWD_VEHTYPE_AT_FAULT,CHP_VEHTYPE_AT_FAULT,COUNT_SEVERE_INJ,COUNT_VISIBLE_INJ,COUNT_COMPLAINT_PAIN,COUNT_PED_KILLED,COUNT_PED_INJURED,COUNT_BICYCLIST_KILLED,COUNT_BICYCLIST_INJURED,COUNT_MC_KILLED,COUNT_MC_INJURED,PRIMARY_RAMP,SECONDARY_RAMP,LATITUDE,LONGITUDE,COUNTY,CITY,POINT_X,POINT_Y
8058980,2016,2016-06-15,3301,2016-05-07,1246,U450,3,6,5,4,3301,0,0,0,NA,0,003,W RAMSEY,OMAR ST,5,W,N,A,-,N,NA,NA,NA,NA,NA,NA,NA,NA,NA,N,4,0,2,2,A,-,09,21802,A,N,B,C,A,A,H,-,A,D,0,NA,NA,NA,NA,Y,NA,A,07,0,0,2,0,0,0,0,0,0,-,-,33.92662,-116.92406,RIVERSIDE,BANNING,-116.92404642,33.92695038
8062116,2016,2016-07-11,3315,2016-06-10,1203,11227,6B,5,5,6,3315,0,0,0,NA,0,NA,WEST GRAND BL,WEST 2ND ST,0,NA,Y,A,-,N,NA,NA,NA,NA,NA,NA,NA,NA,NA,Y,3,0,1,2,A,-,12,21453,A,N,D,C,A,A,H,-,A,A,0,NA,NA,NA,NA,Y,NA,-,NA,0,1,0,0,0,0,0,0,0,-,-,NA,NA,RIVERSIDE,CORONA,-117.57153003,33.88012008
8062278,2016,2016-07-07,3300,2016-05-14,1317,3775,601C6,6,5,6,3394,0,0,0,NA,0,MV14,IRONWOOD AV,MEDLEY DR,190,E,N,A,-,N,NA,NA,NA,NA,NA,NA,NA,NA,NA,N,3,0,1,2,A,-,09,21804,A,N,D,C,A,A,H,-,A,D,0,NA,NA,NA,NA,Y,NA,D,22,0,1,0,0,0,0,0,0,0,-,-,33.94662,-117.26359,RIVERSIDE,MORENO VALLEY,-117.26303545,33.94659
8062680,2016,2017-02-09,3308,2016-05-21,1355,6955,515,6,5,5,3308,0,0,0,NA,0,NORTH,RT 74,KIRBY ST,410,E,N,A,-,Y,RIV,8,74,-,-,39.07,H,-,W,Y,4,0,2,3,A,-,03,22350,NA,M,C,C,A,A,H,-,A,A,0,NA,NA,NA,NA,Y,NA,A,01,0,0,2,0,0,0,0,0,0,-,-,NA,NA,RIVERSIDE,HEMET,-116.99637074,33.74745241
8063965,2016,2016-06-20,3300,2016-06-08,1911,4985,916B,3,5,4,3312,0,0,0,NA,0,032,REDLANDS AV,DALE ST,294,N,N,A,-,N,NA,NA,NA,NA,NA,NA,NA,NA,NA,Y,2,0,1,1,A,-,03,22350,NA,N,E,I,A,A,H,-,A,A,0,NA,NA,NA,NA,Y,NA,A,01,1,0,0,0,0,0,0,0,0,-,-,33.7902,-117.21753,RIVERSIDE,PERRIS,-117.2174,33.79101537
8064292,2016,2016-06-21,3300,2016-05-22,1754,5025,002,7,5,6,3345,0,0,0,NA,0,024,CLAY ST,LIMONITE AV,2,S,N,A,-,N,NA,NA,NA,NA,NA,NA,NA,NA,NA,N,4,0,2,2,A,-,03,22350,NA,M,C,C,A,A,H,-,A,A,0,NA,NA,NA,NA,Y,NA,-,NA,0,0,2,0,0,0,0,0,0,-,-,33.97727,-117.46252,RIVERSIDE,JURUPA VALLEY,-117.46252797,33.97735479
8064327,2016,2016-06-21,3300,2016-06-08,1446,4009,910,3,5,5,3335,0,0,0,NA,0,064,RANCHO CALIFORNIA RD,CALLE BAHIA VISTA,33,W,N,A,-,N,NA,NA,NA,NA,NA,NA,NA,NA,NA,N,4,0,2,2,A,-,03,22350,NA,N,B,C,A,A,H,-,A,D,0,NA,NA,NA,NA,Y,NA,A,01,0,0,2,0,0,0,0,0,0,-,-,33.5085,-117.11535,RIVERSIDE,TEMECULA,-117.11561341,33.50867476
8064722,2016,2016-06-16,3300,2016-06-03,1250,4323,910L,5,5,5,3335,0,0,0,NA,0,064,MEADOWS PKWY,VIA REINA,0,NA,Y,A,-,N,NA,NA,NA,NA,NA,NA,NA,NA,NA,Y,4,0,2,2,A,-,09,21802,A,N,D,C,A,A,H,-,A,A,0,NA,NA,NA,NA,Y,NA,A,01,0,0,2,0,0,0,0,0,0,-,-,NA,NA,RIVERSIDE,TEMECULA,-117.09695013,33.50835008
8064866,2016,2016-06-16,3300,2016-05-21,1317,4234,910L,6,5,5,3335,0,0,0,NA,0,064,RANCHO CALIFORNIA RD,PROMENADE CHARDONNAY HILLS,50,W,N,A,-,N,NA,NA,NA,NA,NA,NA,NA,NA,NA,Y,3,0,1,2,A,-,03,22350,NA,N,C,C,A,A,H,-,A,D,0,NA,NA,NA,NA,Y,NA,A,01,0,1,0,0,0,0,0,0,0,-,-,NA,NA,RIVERSIDE,TEMECULA,-117.0976992,33.51751816
8064870,2016,2016-06-16,3300,2016-05-14,1211,4234,910B,6,5,5,3335,0,0,0,NA,0,063,WINCHESTER RD,RORIPAUGH RD,200,W,N,A,-,N,NA,NA,NA,NA,NA,NA,NA,NA,NA,N,3,0,2,2,A,-,08,22107,NA,N,-,J,A,A,H,-,A,A,0,NA,NA,Y,NA,Y,NA,C,06,0,1,1,0,0,0,0,0,2,-,-,NA,NA,RIVERSIDE,TEMECULA,-117.14894991,33.53317402
8065082,2016,2016-06-22,3309,2016-04-24,2221,252,3309,7,5,4,3309,0,0,0,NA,0,004,JEFFERSON ST,AVENUE 49,119,S,N,A,-,N,NA,NA,NA,NA,NA,NA,NA,NA,NA,Y,4,0,1,3,A,-,01,23152,E,N,C,C,A,A,H,-,C,A,0,NA,NA,NA,NA,Y,NA,A,01,0,0,1,0,0,0,0,0,0,-,-,NA,NA,RIVERSIDE,INDIO,-116.26880075,33.69217442
8065515,2016,2016-06-21,3308,2016-05-29,1821,10530,574,7,5,5,3308,0,0,0,NA,0,SOUTH,DOMENIGONI PKWY,STATE ST,0,NA,Y,A,-,N,NA,NA,NA,NA,NA,NA,NA,NA,NA,Y,3,0,3,3,A,-,12,21453,A,N,D,C,A,A,H,-,A,A,0,NA,NA,NA,NA,Y,NA,A,01,0,1,2,0,0,0,0,0,0,-,-,NA,NA,RIVERSIDE,HEMET,-116.97138006,33.70301005
8065620,2016,2016-06-21,3313,2016-05-07,1350,1790,N,6,5,7,3313,0,0,0,NA,0,B137,MAGNOLIA AV,RAMONA DR,0,NA,Y,A,-,N,NA,NA,NA,NA,NA,NA,NA,NA,NA,Y,4,0,1,2,A,-,12,21453,A,N,D,C,A,A,H,-,A,A,0,NA,NA,NA,NA,Y,NA,A,07,0,0,1,0,0,0,0,0,0,-,-,33.97051,-117.38534,RIVERSIDE,RIVERSIDE,-117.38534001,33.97057005
8066325,2016,2016-06-22,3300,2016-05-03,1413,5046,905K,2,5,4,3307,0,0,0,NA,0,094,LINCOLN ST,TERRA COTTA ST,0,NA,Y,A,-,N,NA,NA,NA,NA,NA,NA,NA,NA,NA,Y,4,0,2,2,A,-,03,22350,NA,N,C,C,A,A,H,-,A,A,0,NA,NA,NA,NA,Y,NA,A,07,0,0,2,0,0,0,0,0,0,-,-,NA,NA,RIVERSIDE,LAKE ELSINORE,-117.38492004,33.68314009
8066345,2016,2016-06-22,3300,2016-05-25,0457,4697,800B,3,5,3,3343,0,0,0,NA,0,NA,BUNDY CANYON,CHERRY ST,11,N,N,A,-,N,NA,NA,NA,NA,NA,NA,NA,NA,NA,Y,4,0,1,2,A,-,09,21804,NA,N,D,C,A,A,H,-,A,A,0,NA,NA,NA,NA,Y,NA,A,01,0,0,1,0,0,0,0,0,0,-,-,NA,NA,RIVERSIDE,WILDOMAR,-117.2710137,33.62687064
8066390,2016,2016-06-23,3300,2016-05-06,1555,N3626,901D,5,5,4,3310,0,0,0,NA,0,051,HAMNER AV,2ND ST,507,S,N,A,-,N,NA,NA,NA,NA,NA,NA,NA,NA,NA,N,4,0,1,2,A,-,09,21801,A,N,D,C,A,A,H,-,A,A,0,NA,NA,NA,NA,Y,NA,A,01,0,0,1,0,0,0,0,0,0,-,-,NA,NA,RIVERSIDE,NORCO,-117.56135505,33.90811136
8067416,2016,2016-07-05,3313,2016-04-23,1824,375,W,6,5,7,3313,0,0,0,NA,0,C420,ARLINGTON AV,BEN LOMAND WY,180,E,N,A,-,N,NA,NA,NA,NA,NA,NA,NA,NA,NA,N,4,0,1,2,A,-,10,21950,A,M,G,B,C,A,H,-,A,A,0,Y,NA,NA,NA,Y,NA,A,07,0,0,1,0,1,0,0,0,0,-,-,33.94663,-117.46416,RIVERSIDE,RIVERSIDE,-117.46341833,33.94647921
8068501,2016,2016-06-23,3315,2016-06-11,1719,11119,NA,6,5,6,3315,0,0,0,NA,0,NA,LINCOLN AV,OLIVE ST,0,NA,Y,A,-,N,NA,NA,NA,NA,NA,NA,NA,NA,NA,Y,3,0,2,2,A,-,09,21801,A,N,D,C,A,A,H,-,A,D,0,NA,NA,NA,NA,Y,NA,A,01,0,2,0,0,0,0,0,0,0,-,-,NA,NA,RIVERSIDE,CORONA,-117.58443013,33.86974005
8068897,2016,2016-06-28,3301,2016-06-03,1243,U454,2,5,5,4,3301,0,0,0,NA,0,002,RAMSEY ST,RAMSEY 1735,17,S,N,A,-,N,NA,NA,NA,NA,NA,NA,NA,NA,NA,N,4,0,2,2,A,-,09,21804,A,N,D,C,A,A,H,-,A,D,0,NA,NA,NA,NA,Y,NA,A,01,0,0,2,0,0,0,0,0,0,-,-,33.92569,-116.89564,RIVERSIDE,BANNING,-116.895645,33.925406
8068984,2016,2016-07-21,3308,2016-05-26,0803,10610,505,4,5,5,3308,0,0,0,NA,0,NORTH,KIRBY ST,MENLO AV,0,NA,Y,A,-,N,NA,NA,NA,NA,NA,NA,NA,NA,NA,Y,4,0,1,2,A,-,09,21802,A,N,D,C,A,A,H,-,A,A,0,NA,NA,NA,NA,Y,NA,A,01,0,0,1,0,0,0,0,0,0,-,-,NA,NA,RIVERSIDE,HEMET,-116.99789011,33.75827011
8069015,2016,2016-08-31,3300,2016-06-18,1049,4245,89A1,6,5,2,3316,0,0,0,NA,0,2J87,RT 111,COOK ST,81,W,N,A,-,N,NA,NA,NA,NA,NA,NA,NA,NA,NA,Y,4,0,1,2,A,-,03,22350,NA,N,C,C,A,A,H,-,A,A,0,NA,NA,NA,NA,Y,NA,A,01,0,0,1,0,0,0,0,0,0,-,-,NA,NA,RIVERSIDE,INDIAN WELLS,-116.35664515,33.72138436
8069134,2016,2017-02-11,3308,2016-06-20,1253,10492,515,1,5,5,3308,0,0,0,NA,0,NORTH,FLORIDA AV,GILMORE ST,450,W,N,A,-,Y,RIV,8,74,-,-,39.15,H,-,W,Y,4,0,3,4,A,-,03,22350,NA,N,C,C,A,A,D,-,A,A,0,NA,NA,NA,NA,Y,NA,A,07,0,0,3,0,0,0,0,0,0,-,-,NA,NA,RIVERSIDE,HEMET,-116.99498275,33.74747131
8069138,2016,2016-06-29,3308,2016-06-13,1301,10492,586,1,5,5,3308,0,0,0,NA,0,SOUTH,STATE ST,DOMENIGONI PKWY,435,S,N,A,-,N,NA,NA,NA,NA,NA,NA,NA,NA,NA,Y,4,0,3,2,A,-,08,22105,NA,N,B,C,A,A,H,-,A,A,0,NA,NA,NA,NA,Y,NA,A,01,0,0,3,0,0,0,0,0,0,-,-,NA,NA,RIVERSIDE,HEMET,-116.97138,33.70181874
8070030,2016,2016-08-01,3313,2016-05-24,1817,1816,C,2,5,7,3313,0,0,0,NA,0,C330,WILLIAM ST,FLORENCE ST,20,E,N,A,-,N,NA,NA,NA,NA,NA,NA,NA,NA,NA,Y,4,0,1,2,A,-,01,23152,A,N,E,I,A,A,H,-,A,A,0,NA,NA,NA,NA,Y,Y,A,01,0,0,1,0,0,0,0,0,0,-,-,NA,NA,RIVERSIDE,RIVERSIDE,NA,NA
8070049,2016,2016-07-08,3300,2016-06-01,1720,N5890,38F1,3,5,4,3318,0,0,0,NA,0,T38,PORTOLA AV,DESERT WILLOW CT,160,N,N,A,-,N,NA,NA,NA,NA,NA,NA,NA,NA,NA,Y,3,0,1,1,A,-,08,22107,NA,N,-,I,A,A,H,-,A,A,0,NA,NA,NA,NA,Y,NA,A,01,0,1,0,0,0,0,0,0,0,-,-,NA,NA,RIVERSIDE,PALM DESERT,-116.37326107,33.76705435
8070096,2016,2016-06-28,3300,2016-06-03,2154,4300,920F,5,5,4,3314,0,0,0,NA,0,072,SAN JACINTO AV,1ST,253,S,N,A,-,N,NA,NA,NA,NA,NA,NA,NA,NA,NA,Y,3,0,1,3,A,-,01,23152,A,N,A,C,A,A,H,-,D,D,0,NA,NA,NA,NA,Y,Y,D,22,0,1,0,0,0,0,0,0,0,-,-,NA,NA,RIVERSIDE,SAN JACINTO,-116.95892,33.78748
8070338,2016,2016-07-08,3311,2016-06-08,0318,15896,NA,3,5,4,3311,0,0,0,NA,0,004,GENE AUTRY TRL,SALVIA RD,1056,S,N,A,-,N,NA,NA,NA,NA,NA,NA,NA,NA,NA,Y,3,0,2,2,A,-,05,21651,A,N,A,C,A,A,H,-,D,D,0,NA,NA,NA,NA,Y,NA,D,22,0,1,1,0,0,0,0,0,0,-,-,33.87734,-116.50493,RIVERSIDE,PALM SPRINGS,-116.50571747,33.87417154
8071998,2016,2016-07-29,3300,2016-07-08,0845,N3672,916A,5,5,4,3312,0,0,0,NA,0,031,PERRIS BL,HARLEY KNOX BL,0,NA,Y,A,-,N,NA,NA,NA,NA,NA,NA,NA,NA,NA,Y,4,0,1,2,A,-,12,21453,A,N,D,C,A,A,H,-,A,A,0,NA,NA,NA,NA,Y,NA,A,08,0,0,1,0,0,0,0,0,0,-,-,33.85727,-117.22585,RIVERSIDE,PERRIS,-117.22606006,33.85730007
8072390,2016,2016-06-30,3300,2016-06-04,2141,4845,4004,6,5,3,3392,0,0,0,NA,0,3LA46,FRED WARING DR,DUNE PALMS RD,15,E,N,A,-,N,NA,NA,NA,NA,NA,NA,NA,NA,NA,N,4,0,1,2,A,-,03,22350,NA,M,-,C,A,A,H,-,C,A,0,NA,NA,Y,NA,Y,Y,C,02,0,0,1,0,0,0,0,0,0,-,-,NA,NA,RIVERSIDE,LA QUINTA,-116.27749088,33.72915
8073257,2016,2016-07-13,3300,2016-06-14,1431,3481,920A,2,5,4,3314,0,0,0,NA,0,070,RAMONA BL,SANDERSON AV,17,E,N,A,-,N,NA,NA,NA,NA,NA,NA,NA,NA,NA,Y,4,0,1,3,A,-,08,22107,NA,N,C,C,A,A,H,-,A,D,0,NA,NA,NA,NA,Y,NA,D,22,0,0,1,0,0,0,0,0,0,-,-,33.82133,-117.00395,RIVERSIDE,SAN JACINTO,-117.0039504,33.82102721
8076247,2016,2016-07-12,3308,2016-06-02,1217,10610,526,4,5,5,3308,0,0,0,NA,0,SOUTH,ACACIA AV,HAMILTON AV,7,W,N,A,-,N,NA,NA,NA,NA,NA,NA,NA,NA,NA,Y,4,0,1,2,A,-,03,22350,NA,N,C,C,A,A,H,-,A,A,0,NA,NA,NA,NA,Y,NA,A,08,0,0,1,0,0,0,0,0,0,-,-,NA,NA,RIVERSIDE,HEMET,-116.98256295,33.74381
8076588,2016,2016-07-07,3300,2016-06-18,0945,N2988,602A3,6,5,6,3394,0,0,0,NA,0,022,DOWNING ST,BARONS CT,27,W,N,A,-,N,NA,NA,NA,NA,NA,NA,NA,NA,NA,N,4,0,1,1,C,-,18,NA,NA,N,E,I,A,A,H,-,A,D,0,NA,NA,NA,NA,Y,NA,-,-,0,0,1,0,0,0,0,0,0,-,-,33.93438,-117.26969,RIVERSIDE,MORENO VALLEY,-117.26971071,33.93433925
8077149,2016,2016-08-29,3300,2016-04-16,1317,4630,41B1,6,5,3,3392,0,0,0,NA,0,LA41,WASHINGTON ST,RT 111,141,S,N,A,-,N,NA,NA,NA,NA,NA,NA,NA,NA,NA,N,4,0,2,4,A,-,07,21658,A,N,C,C,A,A,H,-,A,A,0,NA,NA,NA,NA,Y,NA,-,99,0,0,2,0,0,0,0,0,0,-,-,33.71515,-116.29503,RIVERSIDE,LA QUINTA,-116.29499,33.71489422
8077425,2016,2016-07-27,3300,2016-06-13,1129,N3765,NA,1,5,4,3318,0,0,0,NA,0,T371,PORTOLA AV,COUNTRY CLUB DR,26,N,N,A,-,N,NA,NA,NA,NA,NA,NA,NA,NA,NA,N,4,0,1,2,A,-,21,22106,NA,N,C,C,A,A,H,-,A,A,0,NA,NA,NA,NA,Y,NA,D,22,0,0,1,0,0,0,0,0,0,-,-,NA,NA,RIVERSIDE,PALM DESERT,-116.37373,33.75810114
8078011,2016,2016-07-14,3315,2016-06-26,0200,3279,16C,7,5,6,3315,0,0,0,NA,0,NA,FOOTHILL AV,TAMARISK LN,0,NA,Y,A,-,N,NA,NA,NA,NA,NA,NA,NA,NA,NA,Y,4,0,1,1,A,-,08,22107,NA,N,-,I,A,-,H,-,C,D,0,NA,NA,NA,NA,Y,NA,-,NA,0,0,1,0,0,0,0,0,0,-,-,NA,NA,RIVERSIDE,CORONA,-117.539756,33.83343
8078027,2016,2016-07-14,3315,2016-06-27,1121,1073,3E,1,5,6,3315,0,0,0,NA,0,NA,KELLOGG AV,MAGNOLIA AV,140,N,N,A,-,N,NA,NA,NA,NA,NA,NA,NA,NA,NA,Y,4,0,1,1,A,-,01,23152,E,N,F,A,A,A,H,-,A,D,0,NA,NA,NA,NA,Y,NA,A,07,0,0,1,0,0,0,0,0,0,-,-,33.85806,-117.55589,RIVERSIDE,CORONA,-117.55619729,33.85844248
8078908,2016,2016-07-12,3311,2016-06-15,1727,15896,NA,3,5,4,3311,0,0,0,NA,0,003,EAST TAHQUITZ CANYON WY,SUNRISE WY,32,W,N,A,-,N,NA,NA,NA,NA,NA,NA,NA,NA,NA,N,4,0,1,2,A,-,03,22350,NA,N,C,C,A,A,H,-,A,A,0,NA,NA,NA,NA,Y,NA,A,01,0,0,1,0,0,0,0,0,0,-,-,33.82317,-116.52839,RIVERSIDE,PALM SPRINGS,-116.52834493,33.82318059
8079459,2016,2016-07-28,3300,2016-05-25,1050,4304,002L,3,5,6,3345,0,0,0,NA,0,1050,ETIWANDA AV,VAN BUREN BL,78,N,N,A,-,N,NA,NA,NA,NA,NA,NA,NA,NA,NA,Y,3,0,1,2,A,-,01,23152,B,M,C,C,A,A,H,-,A,A,0,NA,NA,NA,NA,Y,Y,D,22,0,1,0,0,0,0,0,0,0,-,-,34.01655,-117.52421,RIVERSIDE,JURUPA VALLEY,-117.52451,34.01667374
8079574,2016,2016-07-26,3300,2016-06-26,0446,4378,20,7,5,6,3345,0,0,0,NA,0,024,LIMONITE AV,CAMINO REAL,0,NA,Y,A,-,N,NA,NA,NA,NA,NA,NA,NA,NA,NA,N,3,0,1,1,A,-,08,22107,NA,N,E,J,A,A,H,-,D,D,0,NA,NA,NA,NA,Y,Y,B,01,0,1,0,0,0,0,0,0,0,-,-,NA,NA,RIVERSIDE,JURUPA VALLEY,-117.45174003,33.97864007
8083944,2016,2016-11-28,3309,2016-05-29,2121,370,3309,7,5,4,3309,0,0,0,NA,0,003,INDIO BL,MAPLE ST,0,NA,Y,A,-,N,NA,NA,NA,NA,NA,NA,NA,NA,NA,Y,4,0,1,2,A,-,09,21801,A,N,A,C,A,A,H,-,C,D,0,NA,NA,NA,NA,Y,Y,A,01,0,0,1,0,0,0,0,0,0,-,-,NA,NA,RIVERSIDE,INDIO,-116.20347013,33.71287003
8084054,2016,2016-07-19,3308,2016-05-26,1015,10610,537,4,5,5,3308,0,0,0,NA,0,SOUTH,MAYBERRY AV,CARMALITA ST,0,NA,Y,A,-,N,NA,NA,NA,NA,NA,NA,NA,NA,NA,Y,4,0,1,2,A,-,12,22450,A,N,D,-,A,A,H,-,A,A,0,NA,NA,NA,NA,Y,NA,A,01,0,0,1,0,0,0,0,0,0,-,-,NA,NA,RIVERSIDE,HEMET,-116.96944013,33.74029006
8084317,2016,2016-07-22,3313,2016-06-08,1758,1762,N,3,5,7,3313,0,0,0,NA,0,T44,MARKET ST,UNIVERSITY AV,0,NA,Y,A,-,N,NA,NA,NA,NA,NA,NA,NA,NA,NA,N,4,0,1,2,A,-,03,22350,NA,N,C,C,A,A,H,-,A,A,0,NA,NA,NA,NA,Y,NA,D,22,0,0,1,0,0,0,0,0,0,-,-,33.98249,-117.37584,RIVERSIDE,RIVERSIDE,-117.37573012,33.98249002
8084374,2016,2016-07-22,3313,2016-05-26,0928,1026,N,4,5,7,3313,0,0,0,NA,0,T52,MARKET ST,UNIVERSITY AV,0,NA,Y,A,-,N,NA,NA,NA,NA,NA,NA,NA,NA,NA,Y,4,0,1,3,A,-,17,22109,NA,N,C,C,A,A,H,-,A,A,0,NA,NA,NA,NA,Y,NA,A,01,0,0,1,0,0,0,0,0,0,-,-,33.98249,-117.37584,RIVERSIDE,RIVERSIDE,-117.37573012,33.98249002
8085168,2016,2016-07-19,3301,2016-06-09,1850,U456,30,4,5,4,3301,0,0,0,NA,0,002,N SUNSET AV,W NICOLET ST,0,NA,Y,A,-,N,NA,NA,NA,NA,NA,NA,NA,NA,NA,Y,4,0,1,2,A,-,09,21801,A,N,B,C,A,A,H,-,A,D,0,NA,NA,NA,NA,Y,NA,A,01,0,0,1,0,0,0,0,0,0,-,-,33.92816,-116.9118,RIVERSIDE,BANNING,-116.91179008,33.9290201
8085533,2016,2016-07-25,3300,2016-07-05,0340,4867,603A4,2,5,6,3394,0,0,0,NA,0,MV32,CACTUS AV,HEACOCK ST,0,NA,Y,A,-,N,NA,NA,NA,NA,NA,NA,NA,NA,NA,Y,4,0,2,2,A,-,09,21453,NA,N,D,C,A,A,H,-,B,A,0,NA,NA,NA,NA,Y,Y,-,-,0,0,2,0,0,0,0,0,0,-,-,33.91017,-117.24359,RIVERSIDE,MORENO VALLEY,-117.24359013,33.91014006
8085553,2016,2016-07-25,3300,2016-07-07,1455,N5835,603A4,4,5,6,3394,0,0,0,NA,0,MV32,HEACOCK ST,CACTUS AV,170,N,N,A,-,N,NA,NA,NA,NA,NA,NA,NA,NA,NA,Y,4,0,1,4,C,-,18,NA,NA,N,C,C,A,A,H,-,A,A,0,NA,NA,NA,NA,Y,NA,-,-,0,0,1,0,0,0,0,0,0,-,-,33.91017,-117.24359,RIVERSIDE,MORENO VALLEY,-117.2436,33.91060563
8086919,2016,2016-07-18,3313,2016-06-16,0228,1783,EAST,4,5,7,3313,0,0,0,NA,0,A335,CANYON CREEK DR,VIA ZAPATA,400,S,N,A,-,N,NA,NA,NA,NA,NA,NA,NA,NA,NA,Y,3,0,1,1,A,-,01,23152,A,N,E,I,A,A,H,-,C,D,0,NA,NA,NA,NA,Y,Y,A,01,0,1,0,0,0,0,0,0,0,-,-,33.95219,-117.32963,RIVERSIDE,RIVERSIDE,NA,NA
8087266,2016,2016-07-19,3300,2016-06-04,1420,4776,002U,6,5,6,3345,0,0,0,NA,0,024,LIMONITE AV,DOWNEY ST,0,E,N,A,-,N,NA,NA,NA,NA,NA,NA,NA,NA,NA,N,4,0,1,3,A,-,08,22102,NA,F,B,C,A,A,H,-,A,D,0,NA,NA,NA,NA,Y,NA,-,NA,0,0,1,0,0,0,0,0,0,-,-,33.97528,-117.48858,RIVERSIDE,JURUPA VALLEY,-117.48848005,33.97553001
8090659,2016,2016-07-28,3313,2016-06-04,1454,1718,W,6,5,7,3313,0,0,0,NA,0,C420,PHILBIN AV,WOHLSETTER ST,0,NA,Y,A,-,N,NA,NA,NA,NA,NA,NA,NA,NA,NA,Y,4,0,1,3,A,-,09,21800,A,N,G,B,F,A,H,-,A,A,0,Y,NA,NA,NA,Y,NA,A,01,0,0,1,0,1,0,0,0,0,-,-,33.9392,-117.46147,RIVERSIDE,RIVERSIDE,-117.46161002,33.93902003
8091039,2016,2016-07-28,3300,2016-05-22,1329,4669,002R,7,5,6,3345,0,0,0,NA,0,024,60TH ST,TROTH ST,239,E,N,A,-,N,NA,NA,NA,NA,NA,NA,NA,NA,NA,N,3,0,1,2,A,-,09,21804,A,N,D,C,A,A,H,-,A,A,0,NA,NA,Y,NA,Y,NA,C,03,0,1,0,0,0,0,0,0,1,-,-,33.97915,-117.51681,RIVERSIDE,JURUPA VALLEY,-117.51593389,33.97910311
8091408,2016,2016-07-29,3313,2016-06-12,1128,1787,C,7,5,7,3313,0,0,0,NA,0,B323,ARLINGTON AV,PEGASUS DR,0,NA,Y,A,-,N,NA,NA,NA,NA,NA,NA,NA,NA,NA,Y,4,0,1,2,A,-,09,21804,NA,N,D,C,A,A,H,-,A,D,0,NA,NA,Y,NA,Y,NA,C,02,0,0,1,0,0,0,0,0,1,-,-,33.94585,-117.45131,RIVERSIDE,RIVERSIDE,-117.45111014,33.94588003
8091432,2016,2016-07-29,3313,2016-06-22,1338,1829,N,3,5,7,3313,0,0,0,NA,0,T75,MADISON ST,ORCHARD ST,0,NA,Y,A,-,N,NA,NA,NA,NA,NA,NA,NA,NA,NA,N,3,0,5,2,A,-,09,21801,A,N,D,C,A,A,H,-,A,D,0,NA,NA,NA,NA,Y,NA,A,08,0,1,4,0,0,0,0,0,0,-,-,33.93851,-117.40694,RIVERSIDE,RIVERSIDE,-117.40687009,33.93827004
8092791,2016,2016-07-27,3315,2016-07-13,1903,11119,2D,3,5,6,3315,0,0,0,NA,0,NA,PARKRIDGE AV,JOY ST,597,NA,N,A,-,N,NA,NA,NA,NA,NA,NA,NA,NA,NA,N,3,0,1,1,A,-,03,22350,NA,N,E,I,A,A,H,-,A,D,0,NA,NA,NA,NA,Y,NA,-,NA,0,1,0,0,0,0,0,0,0,-,-,NA,NA,RIVERSIDE,CORONA,-117.55930999,33.88819011
8094445,2016,2016-08-02,3308,2016-07-05,1006,10593,547,2,5,5,3308,0,0,0,NA,0,SOUTH,MONTECITO AV,MONARCH ST,150,W,N,A,-,N,NA,NA,NA,NA,NA,NA,NA,NA,NA,N,3,0,1,2,A,-,03,22350,NA,N,C,E,A,A,H,-,A,A,0,NA,NA,Y,NA,Y,NA,C,03,0,1,0,0,0,0,0,0,1,-,-,NA,NA,RIVERSIDE,HEMET,-116.96598932,33.73171
8096111,2016,2016-08-05,3313,2016-07-21,1337,0102,C,4,5,7,3313,0,0,0,NA,0,M38,ARLINGTON AV,RIVERSIDE AV,56,W,N,A,-,N,NA,NA,NA,NA,NA,NA,NA,NA,NA,Y,3,0,3,3,A,-,03,22350,NA,N,C,C,A,A,H,-,A,A,0,NA,NA,NA,NA,Y,NA,A,08,0,1,2,0,0,0,0,0,0,-,-,NA,NA,RIVERSIDE,RIVERSIDE,-117.3896541,33.94628
8096874,2016,2016-10-14,3313,2016-06-19,1430,1749,N,7,5,7,3313,0,0,0,NA,0,B137,BROCKTON AV,LARCHWOOD PL,0,NA,Y,A,-,N,NA,NA,NA,NA,NA,NA,NA,NA,NA,Y,4,0,1,2,A,-,09,21802,A,N,D,-,A,A,H,-,A,A,0,NA,NA,NA,NA,Y,NA,A,01,0,0,1,0,0,0,0,0,0,-,-,33.97145,-117.38971,RIVERSIDE,RIVERSIDE,-117.38973005,33.97150001
8098105,2016,2016-08-17,3300,2016-08-03,0658,5121,910D,3,5,5,3335,0,0,0,NA,0,068,RIO NEDO,TIERRA ALTA WY,25,E,N,A,-,N,NA,NA,NA,NA,NA,NA,NA,NA,NA,Y,4,0,2,2,A,-,06,21750,NA,N,B,C,A,A,H,-,A,D,0,NA,NA,NA,NA,Y,NA,A,01,0,0,2,0,0,0,0,0,0,-,-,NA,NA,RIVERSIDE,TEMECULA,-117.1733037,33.50968965
8099830,2015,2016-08-10,3309,2015-07-26,0800,443,3309,7,5,4,3309,0,0,0,NA,0,005,FRED WARING DR,HERITAGE PALMS DR,14,W,N,A,-,N,NA,NA,NA,NA,NA,NA,NA,NA,NA,N,4,0,1,1,A,-,12,21453,A,N,E,I,A,A,H,-,A,A,0,NA,NA,NA,NA,Y,NA,A,07,0,0,1,0,0,0,0,0,0,-,-,NA,NA,RIVERSIDE,INDIO,-116.26339584,33.72933966