CASE_ID,ACCIDENT_YEAR,PROC_DATE,JURIS,COLLISION_DATE,COLLISION_TIME,OFFICER_ID,REPORTING_DISTRICT,DAY_OF_WEEK,CHP_SHIFT,POPULATION,CNTY_CITY_LOC,SPECIAL_COND,BEAT_TYPE,CHP_BEAT_TYPE,CITY_DIVISION_LAPD,CHP_BEAT_CLASS,BEAT_NUMBER,PRIMARY_RD,SECONDARY_RD,DISTANCE,DIRECTION,INTERSECTION,WEATHER_1,WEATHER_2,STATE_HWY_IND,CALTRANS_COUNTY,CALTRANS_DISTRICT,STATE_ROUTE,ROUTE_SUFFIX,POSTMILE_PREFIX,POSTMILE,LOCATION_TYPE,RAMP_INTERSECTION,SIDE_OF_HWY,TOW_AWAY,COLLISION_SEVERITY,NUMBER_KILLED,NUMBER_INJURED,PARTY_COUNT,PRIMARY_COLL_FACTOR,PCF_CODE_OF_VIOL,PCF_VIOL_CATEGORY,PCF_VIOLATION,PCF_VIOL_SUBSECTION,HIT_AND_RUN,TYPE_OF_COLLISION,MVIW,PED_ACTION,ROAD_SURFACE,ROAD_COND_1,ROAD_COND_2,LIGHTING,CONTROL_DEVICE,CHP_ROAD_TYPE,PEDESTRIAN_ACCIDENT,BICYCLE_ACCIDENT,MOTORCYCLE_ACCIDENT,TRUCK_ACCIDENT,NOT_PRIVATE_PROPERTY,ALCOHOL_INVOLVED,STWD_VEHTYPE_AT_FAULT,CHP_VEHTYPE_AT_FAULT,COUNT_SEVERE_INJ,COUNT_VISIBLE_INJ,COUNT_COMPLAINT_PAIN,COUNT_PED_KILLED,COUNT_PED_INJURED,COUNT_BICYCLIST_KILLED,COUNT_BICYCLIST_INJURED,COUNT_MC_KILLED,COUNT_MC_INJURED,PRIMARY_RAMP,SECONDARY_RAMP,LATITUDE,LONGITUDE,COUNTY,CITY,POINT_X,POINT_Y
8100008,2016,2016-08-11,3313,2016-07-28,0820,1686,N,4,5,7,3313,0,0,0,NA,0,T58,HILLCREST AV,STRONG ST,398,N,N,A,-,N,NA,NA,NA,NA,NA,NA,NA,NA,NA,Y,3,0,1,2,A,-,08,22107,A,N,B,E,A,A,H,-,A,D,0,NA,NA,NA,NA,Y,NA,A,01,0,1,0,0,0,0,0,0,0,-,-,33.9978,-117.35823,RIVERSIDE,RIVERSIDE,-117.35770249,33.99885773
8100119,2016,2016-08-15,3313,2016-07-14,1729,1772,W,4,5,7,3313,0,0,0,NA,0,T45,MAGNOLIA AV,POLK ST,0,NA,Y,A,-,N,NA,NA,NA,NA,NA,NA,NA,NA,NA,Y,3,0,1,3,A,-,12,21453,A,N,D,C,A,A,H,-,A,A,0,NA,NA,NA,NA,Y,NA,D,22,0,1,0,0,0,0,0,0,0,-,-,33.9075,-117.46863,RIVERSIDE,RIVERSIDE,-117.46888009,33.90779001
8100152,2016,2017-03-02,3300,2016-07-08,1441,3726,809D,5,5,3,3343,0,0,0,NA,0,089,CLINTON KEITH RD,RT 15 W,120,W,N,A,-,Y,RIV,8,15,-,-,13.473,R,4,S,N,3,0,2,3,A,-,03,22350,NA,N,C,C,A,A,H,-,A,A,0,NA,NA,NA,NA,Y,NA,A,01,0,1,1,0,0,0,0,0,0,-,-,NA,NA,RIVERSIDE,WILDOMAR,-117.24340386,33.59376687
8100171,2016,2016-08-12,3313,2016-07-15,1536,1222,N,5,5,7,3313,0,0,0,NA,0,M36,MAGNOLIA AV,ARLINGTON AV,133,N,N,A,-,N,NA,NA,NA,NA,NA,NA,NA,NA,NA,N,4,0,2,2,A,-,03,22350,NA,N,C,C,A,A,H,-,A,A,0,NA,NA,NA,NA,Y,NA,A,01,0,0,2,0,0,0,0,0,0,-,-,NA,NA,RIVERSIDE,RIVERSIDE,-117.400873,33.94654143
8100183,2016,2016-08-12,3313,2016-07-14,1840,1762,C,4,5,7,3313,0,0,0,NA,0,T44,MUIR AV,MAGNOLIA AV,0,NA,Y,A,-,N,NA,NA,NA,NA,NA,NA,NA,NA,NA,N,4,0,2,3,A,-,05,21650,NA,N,H,G,A,A,H,-,A,A,0,NA,Y,NA,NA,Y,NA,L,04,0,0,2,0,0,0,2,0,0,-,-,33.91755,-117.45178,RIVERSIDE,RIVERSIDE,-117.45154009,33.91744006
8100227,2016,2016-08-12,3313,2016-07-23,1318,1480,W,6,5,7,3313,0,0,0,NA,0,B429,CYPRESS AV,CREST AV,0,NA,Y,A,-,N,NA,NA,NA,NA,NA,NA,NA,NA,NA,Y,4,0,1,2,A,-,03,22350,NA,N,C,C,A,A,H,-,A,D,0,NA,NA,NA,NA,Y,NA,A,01,0,0,1,0,0,0,0,0,0,-,-,33.94277,-117.47265,RIVERSIDE,RIVERSIDE,-117.47270012,33.94292007
8100405,2016,2016-08-15,3311,2016-07-19,1446,15302,NA,2,5,4,3311,0,0,0,NA,0,006,PALM CANYON DR E,CHEROKEE WY,284,E,N,A,-,N,NA,NA,NA,NA,NA,NA,NA,NA,NA,Y,3,0,1,2,A,-,03,22350,NA,N,C,C,A,A,D,-,A,A,0,NA,NA,NA,NA,Y,NA,A,01,0,1,0,0,0,0,0,0,0,-,-,33.79509,-116.50156,RIVERSIDE,PALM SPRINGS,-116.50067194,33.79470691
8100840,2016,2016-10-13,3300,2016-06-06,2030,5045,002C,1,5,6,3345,0,0,0,NA,0,020,VAN BUREN BL,RUTILE ST,356,N,N,A,-,N,NA,NA,NA,NA,NA,NA,NA,NA,NA,Y,4,0,1,2,A,-,06,21755,A,N,B,C,A,A,H,-,C,D,0,NA,NA,NA,NA,Y,NA,D,22,0,0,1,0,0,0,0,0,0,-,-,34.00365,-117.49766,RIVERSIDE,JURUPA VALLEY,-117.49878483,34.00414225
8101151,2016,2016-08-16,3300,2016-06-13,1755,5025,002Q,1,5,6,3345,0,0,0,NA,0,024,JURUPA RD,TYROLITE ST,0,NA,Y,A,-,N,NA,NA,NA,NA,NA,NA,NA,NA,NA,Y,4,0,2,3,A,-,03,22350,NA,N,C,C,A,A,H,-,A,A,0,NA,NA,Y,NA,Y,NA,A,01,0,0,2,0,0,0,0,0,1,-,-,34.00358,-117.45814,RIVERSIDE,JURUPA VALLEY,-117.45802003,34.00362003
8101955,2016,2016-08-05,3313,2016-06-19,1410,1792,N,7,5,7,3313,0,0,0,NA,0,B135,3RD ST,LIME ST,13,E,N,A,-,N,NA,NA,NA,NA,NA,NA,NA,NA,NA,N,4,0,1,2,A,-,12,21453,A,N,D,C,A,A,H,-,A,A,0,NA,NA,NA,NA,Y,NA,A,01,0,0,1,0,0,0,0,0,0,-,-,33.9851,-117.36783,RIVERSIDE,RIVERSIDE,-117.36785334,33.98523167
8102045,2016,2016-08-11,3313,2016-06-29,2051,1506,C,3,5,7,3313,0,0,0,NA,0,A315,LINCOLN AV,JACKSON ST,0,NA,Y,A,-,N,NA,NA,NA,NA,NA,NA,NA,NA,NA,N,3,0,1,2,A,-,12,21453,A,F,D,C,A,A,H,-,C,A,0,NA,NA,NA,NA,Y,NA,A,07,0,1,0,0,0,0,0,0,0,-,-,33.91211,-117.42875,RIVERSIDE,RIVERSIDE,-117.42896011,33.91211003
8103667,2016,2016-09-09,3300,2016-08-24,1545,2403,920G,3,5,4,3314,0,0,0,NA,0,074,ESPLANADE AV,SANTA FE AV,403,W,N,A,-,N,NA,NA,NA,NA,NA,NA,NA,NA,NA,Y,4,0,3,3,A,-,03,22350,NA,N,C,C,A,A,H,-,A,D,0,NA,NA,NA,NA,Y,NA,A,01,0,0,3,0,0,0,0,0,0,-,-,33.77296,-116.96315,RIVERSIDE,SAN JACINTO,-116.96450144,33.77302
8103781,2016,2016-09-28,3300,2016-09-15,0715,N2176,500A,4,5,5,3341,0,0,0,NA,0,050,GOETZ DR,AVENIDA ROBLES,600,N,N,A,-,N,NA,NA,NA,NA,NA,NA,NA,NA,NA,N,4,0,3,2,A,-,05,21650,NA,N,D,C,A,A,H,-,A,D,0,NA,NA,NA,NA,Y,NA,A,01,0,0,3,0,0,0,0,0,0,-,-,NA,NA,RIVERSIDE,MENIFEE,-117.23850853,33.70189694
8104027,2016,2016-11-03,3300,2016-08-07,0512,N3765,30A4,7,5,4,3318,0,0,0,NA,0,T371,RT 111,FRED WARING DR,23,S,N,A,-,N,NA,NA,NA,NA,NA,NA,NA,NA,NA,Y,4,0,1,2,A,-,03,22350,NA,N,C,C,A,A,D,-,B,A,0,NA,NA,NA,NA,Y,NA,A,01,0,0,1,0,0,0,0,0,0,-,-,NA,NA,RIVERSIDE,PALM DESERT,-116.4029714,33.72855596
8104638,2016,2016-08-23,3300,2016-07-21,0455,5041,85B1,4,5,3,3305,0,0,0,NA,0,085,EXPRESSWAY 86,AVENUE 52,4113,N,N,A,-,N,NA,NA,NA,NA,NA,NA,NA,NA,NA,Y,4,0,2,3,A,-,04,21703,NA,N,C,C,A,A,H,-,A,D,0,NA,NA,NA,NA,Y,NA,A,01,0,0,2,0,0,0,0,0,0,-,-,NA,NA,RIVERSIDE,COACHELLA,-116.15722754,33.68175072
8104777,2016,2016-10-20,3300,2016-08-08,1700,N2248,44A2,1,5,3,3392,0,0,0,NA,0,373,AVENUE 52,WASHINGTON,0,W,N,A,-,N,NA,NA,NA,NA,NA,NA,NA,NA,NA,Y,3,0,1,2,A,-,03,22350,NA,N,C,C,A,A,H,-,A,A,0,NA,NA,NA,NA,Y,NA,A,01,0,1,0,0,0,0,0,0,0,-,-,NA,NA,RIVERSIDE,LA QUINTA,-116.29507007,33.67436005
8105750,2016,2016-08-29,3313,2016-08-01,1036,1779,N,1,5,7,3313,0,0,0,NA,0,T49,1ST ST,MARKET ST,0,NA,Y,A,-,N,NA,NA,NA,NA,NA,NA,NA,NA,NA,Y,3,0,1,2,A,-,09,21801,A,N,A,C,A,A,H,-,A,A,0,NA,NA,NA,NA,Y,NA,A,01,0,1,0,0,0,0,0,0,0,-,-,33.98923,-117.37121,RIVERSIDE,RIVERSIDE,-117.37120006,33.98928009
8105887,2016,2016-08-26,3308,2016-07-01,1626,10470,527,5,5,5,3308,0,0,0,NA,0,SOUTH,SAN JACINTO ST,MAYBERRY AV,169,S,N,A,-,N,NA,NA,NA,NA,NA,NA,NA,NA,NA,N,4,0,1,2,A,-,11,21954,A,N,G,B,D,A,H,-,A,A,0,Y,NA,NA,NA,Y,NA,N,60,0,0,1,0,1,0,0,0,0,-,-,NA,NA,RIVERSIDE,HEMET,-116.95859,33.73988728
8105906,2016,2017-03-02,3308,2016-07-01,1145,10610,515,5,5,5,3308,0,0,0,NA,0,NORTH,LYON AV,FLORIDA AV,0,NA,Y,A,-,Y,RIV,8,74,-,-,39.588,I,5,W,N,4,0,1,2,A,-,10,21950,A,F,G,B,B,A,H,-,A,A,0,Y,NA,NA,NA,Y,NA,A,01,0,0,1,0,1,0,0,0,0,-,-,NA,NA,RIVERSIDE,HEMET,-116.98912193,33.74750263
8107347,2016,2017-03-02,3315,2016-07-30,1257,003404,3E,6,5,6,3315,0,0,0,NA,0,0Z3,E ONTARIO AV,RT 15,7,E,N,A,-,Y,RIV,8,15,-,-,38.432,R,4,N,Y,4,0,2,2,A,-,12,21453,A,N,D,C,A,A,D,-,A,A,0,NA,NA,NA,NA,Y,NA,-,NA,0,0,2,0,0,0,0,0,0,-,NF,NA,NA,RIVERSIDE,CORONA,-117.5339658,33.83997793
8107505,2016,2016-08-22,3315,2016-08-08,1053,001226,13C,1,5,6,3315,0,0,0,NA,0,NA,RIMPAU AV,TABER RD,0,NA,Y,A,-,N,NA,NA,NA,NA,NA,NA,NA,NA,NA,Y,4,0,1,2,A,-,12,21453,A,N,D,C,A,A,H,-,A,A,0,NA,NA,NA,NA,Y,NA,A,07,0,0,1,0,0,0,0,0,0,-,-,NA,NA,RIVERSIDE,CORONA,-117.54299008,33.84477007
8109478,2016,2016-08-29,3300,2016-07-26,1724,3536,602A5,2,5,6,3394,0,0,0,NA,0,MV22,ALESSANDRO BL,ELSWORTH ST,537,W,N,A,-,N,NA,NA,NA,NA,NA,NA,NA,NA,NA,N,4,0,3,2,A,-,09,21801,A,N,D,C,A,A,H,-,A,D,0,NA,NA,NA,NA,Y,NA,A,01,0,0,3,0,0,0,0,0,0,-,-,33.91702,-117.26999,RIVERSIDE,MORENO VALLEY,-117.27172355,33.91706133
8109518,2016,2016-08-26,3308,2016-06-26,0854,10610,546,7,5,5,3308,0,0,0,NA,0,SOUTH,GILBERT ST,RUBY ST,104,N,N,A,-,N,NA,NA,NA,NA,NA,NA,NA,NA,NA,Y,4,0,1,3,A,-,08,22107,NA,N,C,E,A,A,H,-,A,A,0,NA,NA,NA,NA,Y,NA,A,07,0,0,1,0,0,0,0,0,0,-,-,NA,NA,RIVERSIDE,HEMET,-116.97587593,33.72745479
8112418,2016,2016-09-01,3313,2016-08-06,1155,1827,N,6,5,7,3313,0,0,0,NA,0,B1155,RIVERSIDE AV,MERRILL AV,468,S,N,A,-,N,NA,NA,NA,NA,NA,NA,NA,NA,NA,Y,3,0,1,2,A,-,08,22107,NA,N,C,D,A,A,H,-,A,D,0,NA,NA,Y,NA,Y,NA,C,02,0,1,0,0,0,0,0,0,1,-,-,33.95663,-117.38775,RIVERSIDE,RIVERSIDE,-117.38794,33.95526782
8112475,2016,2016-09-01,3313,2016-08-11,1859,1762,C,4,5,7,3313,0,0,0,NA,0,T44,MAGNOLIA AV,CORTEZ ST,0,NA,Y,A,-,N,NA,NA,NA,NA,NA,NA,NA,NA,NA,Y,4,0,1,3,A,-,03,22350,NA,N,C,C,A,A,H,-,A,A,0,NA,NA,NA,NA,Y,NA,A,01,0,0,1,0,0,0,0,0,0,-,-,33.94004,-117.41244,RIVERSIDE,RIVERSIDE,-117.41245005,33.93981008
8113916,2016,2016-11-19,3313,2016-08-18,2100,1762,W,4,5,7,3313,0,0,0,NA,0,T44,COLLETT AV,RIVERWALK PKWY,0,NA,Y,A,-,N,NA,NA,NA,NA,NA,NA,NA,NA,NA,Y,4,0,2,2,A,-,12,21453,A,N,D,C,A,A,H,-,A,A,0,NA,NA,NA,NA,Y,NA,-,-,0,0,2,0,0,0,0,0,0,-,-,33.9061,-117.49387,RIVERSIDE,RIVERSIDE,-117.49408009,33.90603005
8115400,2016,2016-09-02,3300,2016-08-12,1527,4406,602D2,5,5,6,3394,0,0,0,NA,0,026,HEACOCK ST,FIR AV,161,N,N,A,-,N,NA,NA,NA,NA,NA,NA,NA,NA,NA,Y,4,0,1,3,A,-,03,22350,NA,N,B,C,A,A,H,-,A,A,0,NA,NA,NA,NA,Y,NA,A,01,0,0,1,0,0,0,0,0,0,-,-,33.93545,-117.24375,RIVERSIDE,MORENO VALLEY,-117.24379,33.93583105
8119085,2016,2016-11-03,3300,2016-08-19,1037,5102,41B3,5,5,3,3392,0,0,0,NA,0,041,RT 111,WASHINGTON ST,75,N,N,A,-,N,NA,NA,NA,NA,NA,NA,NA,NA,NA,Y,3,0,1,1,A,-,07,21658,A,N,E,I,A,A,H,-,A,A,0,NA,NA,NA,NA,Y,NA,-,NA,0,1,0,0,0,0,0,0,0,-,-,NA,NA,RIVERSIDE,LA QUINTA,-116.29520207,33.71538345
8120082,2016,2016-09-13,3311,2016-09-01,0954,16016,NA,4,5,4,3311,0,0,0,NA,0,006,CIVIC DR,ARENAS RD,30,N,N,A,-,N,NA,NA,NA,NA,NA,NA,NA,NA,NA,Y,3,0,2,2,A,-,08,22102,NA,N,D,C,A,A,H,-,A,D,0,NA,NA,NA,NA,Y,NA,A,01,0,1,1,0,0,0,0,0,0,-,-,33.821039999999996,-116.5126,RIVERSIDE,PALM SPRINGS,-116.512842,33.820885
8120834,2016,2016-09-15,3300,2016-07-20,0756,N4883,002R,3,5,6,3345,0,0,0,NA,0,024,LIMONITE AV,BEACH ST,1823,W,N,A,-,N,NA,NA,NA,NA,NA,NA,NA,NA,NA,Y,3,0,3,2,A,-,05,21650,NA,N,A,C,A,A,H,-,A,D,0,NA,NA,NA,NA,Y,NA,A,01,0,1,2,0,0,0,0,0,0,-,-,33.97534,-117.49501,RIVERSIDE,JURUPA VALLEY,-117.50087355,33.97558
8121877,2016,2017-02-27,3300,2016-08-28,1247,5102,41B3,7,5,3,3392,0,0,0,NA,0,041,RT 111,SIMON DR,0,NA,Y,A,-,N,NA,NA,NA,NA,NA,NA,NA,NA,NA,N,4,0,2,2,A,-,03,22350,NA,N,C,C,A,A,H,-,A,A,0,NA,NA,NA,Y,Y,NA,F,55,0,0,2,0,0,0,0,0,0,-,-,NA,NA,RIVERSIDE,LA QUINTA,-116.29193005,33.71244011
8121935,2016,2016-09-19,3300,2016-08-31,1840,4713,910K,3,5,5,3335,0,0,0,NA,0,064,YNEZ RD,RANCHO VISTA RD,750,N,N,A,-,N,NA,NA,NA,NA,NA,NA,NA,NA,NA,N,4,0,4,2,A,-,03,22350,NA,N,C,C,A,A,H,-,A,D,0,NA,NA,NA,NA,Y,NA,A,01,0,0,4,0,0,0,0,0,0,-,-,NA,NA,RIVERSIDE,TEMECULA,-117.1442029,33.49955468
8122912,2016,2016-09-19,3300,2016-08-26,1010,3553,36N5,5,5,4,3318,0,0,0,NA,0,T36,FRED WARING DR,DEEP CANYON RD,38,E,N,A,-,N,NA,NA,NA,NA,NA,NA,NA,NA,NA,Y,3,0,3,3,A,-,09,21453,B,N,D,C,A,A,H,-,A,A,0,NA,NA,NA,NA,Y,NA,A,01,0,1,2,0,0,0,0,0,0,-,-,33.72885,-116.36503,RIVERSIDE,PALM DESERT,-116.36490556,33.72892
8123854,2016,2016-09-19,3300,2016-07-17,0232,4938,910B,7,5,5,3335,0,0,0,NA,0,062,MARGARITA RD,VERDES LN,0,NA,Y,A,-,N,NA,NA,NA,NA,NA,NA,NA,NA,NA,Y,3,0,1,2,A,-,08,22107,NA,N,D,C,A,A,H,-,C,D,0,NA,NA,NA,NA,Y,NA,A,01,0,1,0,0,0,0,0,0,0,-,-,NA,NA,RIVERSIDE,TEMECULA,-117.149293,33.527786
8124129,2016,2016-09-20,3313,2016-08-27,1942,1772,W,6,5,7,3313,0,0,0,NA,0,T45,RIVERWALK PKWY,PIERCE ST,880,S,N,A,-,N,NA,NA,NA,NA,NA,NA,NA,NA,NA,Y,3,0,1,2,A,-,09,21804,A,N,D,C,A,A,H,-,C,A,0,NA,NA,Y,NA,Y,NA,A,01,0,1,0,0,0,0,0,0,1,-,-,33.89883,-117.49409,RIVERSIDE,RIVERSIDE,-117.49425147,33.89881701
8124242,2016,2016-09-20,3315,2016-09-02,1531,003404,MSCE,5,5,6,3315,0,0,0,NA,0,0Z3,RIMPAU AV,BAYWOOD DR,121,N,N,A,-,N,NA,NA,NA,NA,NA,NA,NA,NA,NA,Y,4,0,1,2,A,-,07,21658,A,N,B,C,A,A,H,-,A,A,0,NA,NA,NA,NA,Y,NA,-,NA,0,0,1,0,0,0,0,0,0,-,-,NA,NA,RIVERSIDE,CORONA,-117.54464861,33.85747159
8124257,2016,2016-10-04,3300,2016-08-24,1501,4050,012C,3,5,4,3344,0,0,0,NA,0,065,SUMNER AV,ORANGE ST,140,S,N,A,-,N,NA,NA,NA,NA,NA,NA,NA,NA,NA,Y,4,0,3,3,A,-,03,22350,NA,N,C,C,A,A,H,-,A,A,0,NA,NA,NA,NA,Y,NA,D,22,0,0,3,0,0,0,0,0,0,-,-,NA,NA,RIVERSIDE,EASTVALE,-117.57579192,33.95862639
8124763,2016,2016-09-26,3325,2016-04-02,1850,2702,NA,6,5,4,3325,0,0,0,NA,0,002,RAMON RD,DATE PALM DR,89,E,N,A,-,N,NA,NA,NA,NA,NA,NA,NA,NA,NA,Y,3,0,2,3,A,-,03,22350,NA,N,C,C,A,A,H,-,A,D,0,NA,NA,NA,NA,Y,NA,A,01,0,1,1,0,0,0,0,0,0,-,-,NA,NA,RIVERSIDE,CATHEDRAL CITY,-116.45793821,33.81601145
8126075,2016,2016-09-20,3311,2016-08-19,1141,15911,3311,5,5,4,3311,0,0,0,NA,0,006,S GENE AUTRY TRL,DINAH SHORE DR,84,S,N,A,-,N,NA,NA,NA,NA,NA,NA,NA,NA,NA,Y,3,0,3,4,A,-,03,22350,NA,N,C,C,A,A,H,-,A,A,0,NA,NA,NA,NA,Y,NA,A,01,0,1,2,0,0,0,0,0,0,-,-,NA,NA,RIVERSIDE,PALM SPRINGS,-116.49292566,33.80835014
8126153,2016,2017-02-23,3302,2016-09-10,2129,953,NA,6,5,3,3302,0,0,0,NA,0,NA,RT 79,CALIFORNIA AV,211,N,N,A,-,Y,RIV,8,79,-,-,79.039,H,-,S,N,4,0,1,2,A,-,09,21804,A,N,B,C,A,A,H,-,D,D,0,NA,NA,NA,NA,Y,NA,A,01,0,0,1,0,0,0,0,0,0,-,-,NA,NA,RIVERSIDE,BEAUMONT,-116.98174874,33.90929292
8127036,2016,2016-09-26,3325,2016-06-28,0833,534,3325,2,5,4,3325,0,0,0,NA,0,001,EAST PALM CANYON DR,PEREZ RD,0,NA,Y,A,-,N,NA,NA,NA,NA,NA,NA,NA,NA,NA,Y,4,0,1,2,A,-,12,21453,A,N,D,C,A,A,H,-,A,A,0,NA,NA,NA,NA,Y,NA,A,01,0,0,1,0,0,0,0,0,0,-,-,NA,NA,RIVERSIDE,CATHEDRAL CITY,-116.47566,33.78454
8128407,2016,2016-09-30,3308,2016-08-03,1639,10492,526,3,5,5,3308,0,0,0,NA,0,SOUTH,ACACIA AV,ELK ST,501,W,N,A,-,N,NA,NA,NA,NA,NA,NA,NA,NA,NA,Y,4,0,1,3,A,-,08,22107,NA,N,C,E,F,A,H,-,A,A,0,Y,NA,NA,NA,Y,NA,A,01,0,0,1,0,1,0,0,0,0,-,-,NA,NA,RIVERSIDE,HEMET,-116.9863523,33.7438
8128474,2016,2016-10-03,3300,2016-09-16,1758,5226,84D,5,5,3,3305,0,0,0,NA,0,084,HARRISON ST,AVE 50,596,N,N,A,-,N,NA,NA,NA,NA,NA,NA,NA,NA,NA,N,4,0,1,3,A,-,03,22350,NA,N,C,C,A,A,H,-,A,D,0,NA,NA,NA,NA,Y,NA,D,22,0,0,1,0,0,0,0,0,0,-,-,NA,NA,RIVERSIDE,COACHELLA,-116.18169845,33.68707895
8128785,2016,2016-09-26,3325,2016-03-16,2500,549,3325,3,5,4,3325,0,0,0,NA,0,003,LANDAU BL,CA EDISON POLE # 2032613E,143,N,N,A,-,N,NA,NA,NA,NA,NA,NA,NA,NA,NA,Y,4,0,1,1,A,-,08,22107,NA,N,A,I,A,A,H,-,E,A,0,NA,NA,NA,NA,Y,NA,A,01,0,0,1,0,0,0,0,0,0,-,-,NA,NA,RIVERSIDE,CATHEDRAL CITY,NA,NA
8128899,2016,2016-09-28,3300,2016-09-13,1943,3552,916D,2,5,4,3312,0,0,0,NA,0,035,4TH ST,G ST,0,NA,Y,A,-,N,NA,NA,NA,NA,NA,NA,NA,NA,NA,Y,4,0,1,2,A,-,09,21453,C,N,D,C,A,A,H,-,C,A,0,NA,NA,NA,NA,Y,NA,A,01,0,0,1,0,0,0,0,0,0,-,-,NA,NA,RIVERSIDE,PERRIS,-117.22174003,33.78237003
8129527,2016,2016-09-23,3315,2016-09-04,2255,003427,15A,7,5,6,3315,0,0,0,NA,0,004,MOUNTAIN GATE DR,MAIN ST,430,W,N,A,-,N,NA,NA,NA,NA,NA,NA,NA,NA,NA,Y,4,0,1,1,A,-,08,22107,NA,N,E,I,A,A,H,-,C,D,0,NA,NA,NA,NA,Y,Y,-,NA,0,0,1,0,0,0,0,0,0,-,-,NA,NA,RIVERSIDE,CORONA,-117.5750528,33.84297467
8129528,2016,2016-09-23,3311,2016-09-09,0104,15984,NA,5,5,4,3311,0,0,0,NA,0,003,W ALEJO RD,BELARDO RD,84,E,N,A,-,N,NA,NA,NA,NA,NA,NA,NA,NA,NA,N,4,0,1,1,A,-,04,21703,NA,N,G,A,A,A,H,-,D,D,0,NA,NA,Y,NA,Y,NA,C,02,0,0,1,0,0,0,0,0,1,-,-,NA,NA,RIVERSIDE,PALM SPRINGS,-116.54824452,33.83028
8129544,2016,2016-09-23,3300,2016-09-08,1216,4211,38E3,4,5,4,3318,0,0,0,NA,0,T38,PORTOLA AV,COUNTRY CLUB DR,150,N,N,A,-,N,NA,NA,NA,NA,NA,NA,NA,NA,NA,N,4,0,1,2,A,-,21,22106,NA,N,C,C,A,A,H,-,A,A,0,NA,NA,NA,NA,Y,NA,A,07,0,0,1,0,0,0,0,0,0,-,-,NA,NA,RIVERSIDE,PALM DESERT,-116.37371499,33.7584402
8129803,2016,2016-09-22,3313,2016-09-06,1120,1384,N,2,5,7,3313,0,0,0,NA,0,M17,MAGNOLIA AV,CENTRAL AV,171,N,N,A,-,N,NA,NA,NA,NA,NA,NA,NA,NA,NA,N,4,0,1,2,A,-,05,21650,1,N,D,G,A,A,H,-,A,A,0,NA,Y,NA,NA,Y,NA,L,04,0,0,1,0,0,0,1,0,0,-,-,33.95364,-117.39631,RIVERSIDE,RIVERSIDE,-117.39619202,33.95393188
8132758,2016,2016-10-13,3315,2016-09-20,0542,11670,3F,2,5,6,3315,0,0,0,NA,0,002,EAST 6TH ST,JOY ST,91,E,N,A,-,N,NA,NA,NA,NA,NA,NA,NA,NA,NA,N,3,0,1,2,A,-,09,21804,A,N,-,G,A,A,H,-,C,D,0,NA,Y,NA,NA,Y,NA,L,04,0,1,0,0,0,0,1,0,0,-,-,NA,NA,RIVERSIDE,CORONA,-117.56113326,33.87483956
8133379,2016,2016-10-04,3313,2016-08-22,0639,0282,C,1,5,7,3313,0,0,0,NA,0,T48,VAN BUREN BL,CHALLEN AV,265,S,N,A,-,N,NA,NA,NA,NA,NA,NA,NA,NA,NA,N,4,0,1,2,A,-,03,22350,NA,N,C,C,A,A,H,-,A,A,0,NA,NA,NA,NA,Y,NA,A,01,0,0,1,0,0,0,0,0,0,-,-,33.92903,-117.45359,RIVERSIDE,RIVERSIDE,-117.45315857,33.92828046
8133428,2016,2016-10-04,3315,2016-09-15,1534,1073,2D,4,5,6,3315,0,0,0,NA,0,NA,HARRISON ST,JOY ST,0,NA,Y,A,-,N,NA,NA,NA,NA,NA,NA,NA,NA,NA,N,3,0,1,2,A,-,05,21650,1,N,D,G,A,A,H,-,A,A,0,NA,Y,NA,NA,Y,NA,L,04,0,1,0,0,0,0,1,0,0,-,-,33.88329,-117.56017,RIVERSIDE,CORONA,-117.56013003,33.88321005
8133553,2016,2016-10-03,3313,2016-08-25,0958,1026,C,4,5,7,3313,0,0,0,NA,0,T52,MAGNOLIA AV,MONROE ST,35,W,N,A,-,N,NA,NA,NA,NA,NA,NA,NA,NA,NA,Y,4,0,1,1,A,-,03,22350,NA,N,E,I,A,A,H,-,A,A,0,NA,NA,NA,NA,Y,NA,A,01,0,0,1,0,0,0,0,0,0,-,-,33.92867,-117.43173,RIVERSIDE,RIVERSIDE,-117.43188498,33.92876588
8133561,2016,2016-10-03,3313,2016-08-29,0738,1779,W,1,5,7,3313,0,0,0,NA,0,T49,LA SIERRA AV,WHITFORD AV,0,NA,Y,A,-,N,NA,NA,NA,NA,NA,NA,NA,NA,NA,N,3,0,1,2,A,-,09,21804,A,F,D,C,A,A,H,-,A,A,0,NA,NA,Y,NA,Y,NA,A,07,0,1,0,0,0,0,0,0,1,-,-,33.91793,-117.48785,RIVERSIDE,RIVERSIDE,-117.48785013,33.91792009
8133617,2016,2016-10-03,3311,2016-09-15,2203,15950,NA,4,5,4,3311,0,0,0,NA,0,003,EAST RAMON RD,SOUTH AVENIDA CABALLEROS,0,NA,Y,A,-,N,NA,NA,NA,NA,NA,NA,NA,NA,NA,Y,4,0,3,2,A,-,09,21801,A,N,D,C,A,A,H,-,C,A,0,NA,NA,NA,NA,Y,NA,A,01,0,0,3,0,0,0,0,0,0,-,-,NA,NA,RIVERSIDE,PALM SPRINGS,-116.53694001,33.8158901
8133684,2016,2016-10-03,3300,2016-09-07,0500,NE202,012E,3,5,4,3344,0,0,0,NA,0,064,ARCHIBALD AV,HARVEST VALLEY AV,12,N,N,A,-,N,NA,NA,NA,NA,NA,NA,NA,NA,NA,N,3,0,1,2,A,-,09,21802,A,N,H,G,A,A,H,-,C,A,0,NA,Y,NA,NA,Y,NA,A,01,0,1,0,0,0,0,1,0,0,-,-,NA,NA,RIVERSIDE,EASTVALE,-117.59318016,33.95705289
8133789,2016,2016-10-03,3300,2016-08-22,2015,4304,002O,1,5,6,3345,0,0,0,NA,0,024,CAMINO REAL,LAKESIDE DR,784,N,N,A,-,N,NA,NA,NA,NA,NA,NA,NA,NA,NA,Y,4,0,1,2,A,-,03,22350,NA,N,C,E,A,A,H,-,C,D,0,NA,NA,Y,NA,Y,NA,C,02,0,0,1,0,0,0,0,0,1,-,-,33.98243,-117.45315,RIVERSIDE,JURUPA VALLEY,-117.45285756,33.98204289
8134151,2016,2016-10-04,3313,2016-09-21,0800,1773,C,3,5,7,3313,0,0,0,NA,0,Z330,DIANA AV,JACKSON ST,0,NA,Y,A,-,N,NA,NA,NA,NA,NA,NA,NA,NA,NA,N,3,0,1,2,A,-,10,21950,A,F,G,B,B,A,H,-,A,A,0,Y,NA,NA,NA,Y,NA,-,99,0,1,0,0,1,0,0,0,0,-,-,33.919200000000004,-117.43496,RIVERSIDE,RIVERSIDE,-117.43483005,33.91929003