CASE_ID,ACCIDENT_YEAR,PROC_DATE,JURIS,COLLISION_DATE,COLLISION_TIME,OFFICER_ID,REPORTING_DISTRICT,DAY_OF_WEEK,CHP_SHIFT,POPULATION,CNTY_CITY_LOC,SPECIAL_COND,BEAT_TYPE,CHP_BEAT_TYPE,CITY_DIVISION_LAPD,CHP_BEAT_CLASS,BEAT_NUMBER,PRIMARY_RD,SECONDARY_RD,DISTANCE,DIRECTION,INTERSECTION,WEATHER_1,WEATHER_2,STATE_HWY_IND,CALTRANS_COUNTY,CALTRANS_DISTRICT,STATE_ROUTE,ROUTE_SUFFIX,POSTMILE_PREFIX,POSTMILE,LOCATION_TYPE,RAMP_INTERSECTION,SIDE_OF_HWY,TOW_AWAY,COLLISION_SEVERITY,NUMBER_KILLED,NUMBER_INJURED,PARTY_COUNT,PRIMARY_COLL_FACTOR,PCF_CODE_OF_VIOL,PCF_VIOL_CATEGORY,PCF_VIOLATION,PCF_VIOL_SUBSECTION,HIT_AND_RUN,TYPE_OF_COLLISION,MVIW,PED_ACTION,ROAD_SURFACE,ROAD_COND_1,ROAD_COND_2,LIGHTING,CONTROL_DEVICE,CHP_ROAD_TYPE,PEDESTRIAN_ACCIDENT,BICYCLE_ACCIDENT,MOTORCYCLE_ACCIDENT,TRUCK_ACCIDENT,NOT_PRIVATE_PROPERTY,ALCOHOL_INVOLVED,STWD_VEHTYPE_AT_FAULT,CHP_VEHTYPE_AT_FAULT,COUNT_SEVERE_INJ,COUNT_VISIBLE_INJ,COUNT_COMPLAINT_PAIN,COUNT_PED_KILLED,COUNT_PED_INJURED,COUNT_BICYCLIST_KILLED,COUNT_BICYCLIST_INJURED,COUNT_MC_KILLED,COUNT_MC_INJURED,PRIMARY_RAMP,SECONDARY_RAMP,LATITUDE,LONGITUDE,COUNTY,CITY,POINT_X,POINT_Y
81436570,2021,2021-03-26,3300,2021-03-19,1355,4546,910F,5,5,5,3335,0,0,0,NA,0,062,YNEZ RD,OVERLAND DR,0,NA,Y,A,-,N,NA,NA,NA,NA,NA,NA,NA,NA,NA,Y,4,0,1,3,A,-,03,22350,NA,N,C,C,A,A,H,-,A,A,0,NA,NA,NA,NA,Y,NA,D,22,0,0,1,0,0,0,0,0,0,-,-,33.51995849609375,-117.15643310546876,RIVERSIDE,TEMECULA,-117.15657043457033,33.51993179321289
81437491,2021,2021-03-29,3300,2021-03-11,1640,N4424,602 D,4,5,6,3394,0,0,0,NA,0,MV22,HEACOCK ST,ALESSANDRO BLVD,38,N,N,B,-,N,NA,NA,NA,NA,NA,NA,NA,NA,NA,Y,3,0,2,2,A,-,03,22350,NA,N,C,C,A,A,H,-,A,A,0,NA,NA,NA,NA,Y,NA,A,01,0,1,1,0,0,0,0,0,0,-,-,33.917259216308594,-117.24373626708984,RIVERSIDE,MORENO VALLEY,-117.24373626708984,33.91728591918945
81443597,2021,2021-04-06,3300,2021-03-03,1931,4867,601 A,3,5,6,3394,0,0,0,NA,0,MV12,PIGEON PASS RD,LAWLESS RD,465,N,N,A,-,N,NA,NA,NA,NA,NA,NA,NA,NA,NA,Y,2,0,1,1,A,-,01,23152,G,N,E,I,A,A,H,-,C,D,0,NA,NA,NA,NA,Y,Y,A,01,1,0,0,0,0,0,0,0,0,-,-,33.979820251464844,-117.26129913330078,RIVERSIDE,MORENO VALLEY,-117.26172637939452,33.980960845947266
81447609,2021,2021-04-12,3315,2021-04-09,1529,001509,13D,5,5,6,3315,0,0,0,NA,0,NA,ONTARIO AV,CALIFORNIA AV,0,NA,Y,A,-,N,NA,NA,NA,NA,NA,NA,NA,NA,NA,N,4,0,1,2,A,-,03,22350,NA,N,C,C,A,A,H,-,A,A,0,NA,NA,NA,NA,Y,NA,A,01,0,0,1,0,0,0,0,0,0,-,-,33.84645080566406,-117.53919219970705,RIVERSIDE,CORONA,-117.53914642333984,33.84640884399414
81454796,2021,2021-04-21,3349,2021-03-03,1154,340,NA,3,5,5,3341,0,0,0,NA,0,001,NEWPORT RD,LAGUNA VISTA DR,356,E,N,C,-,N,NA,NA,NA,NA,NA,NA,NA,NA,NA,Y,4,0,1,2,A,-,03,22350,NA,N,C,C,A,B,H,-,A,D,0,NA,NA,NA,Y,Y,NA,F,26,0,0,1,0,0,0,0,0,0,-,-,33.68513870239258,-117.14955139160156,RIVERSIDE,MENIFEE,-117.14958953857422,33.68497085571289
81456607,2021,2021-04-23,3300,2021-04-20,0553,4767,916D,2,5,4,3312,0,0,0,NA,0,031,PERRIS BLVD,RAMONA EXPY,0,NA,Y,A,-,N,NA,NA,NA,NA,NA,NA,NA,NA,NA,Y,4,0,2,2,A,-,12,21453,A,N,D,C,A,A,H,-,B,A,0,NA,NA,NA,NA,Y,NA,A,01,0,0,2,0,0,0,0,0,0,-,-,33.84458923339844,-117.22599792480467,RIVERSIDE,PERRIS,-117.22620391845705,33.844482421875
81456690,2021,2021-04-23,3300,2021-04-13,2049,5397,905L,2,5,4,3307,0,0,0,NA,0,093,GRAND AVE,ORTEGA HIGHWAY,324,N,N,A,-,Y,NA,NA,NA,NA,NA,NA,NA,NA,NA,N,2,0,1,2,A,-,11,21954,A,N,G,B,D,A,H,-,D,D,0,Y,NA,NA,NA,Y,NA,N,60,1,0,0,0,1,0,0,0,0,-,-,NA,NA,RIVERSIDE,LAKE ELSINORE,-117.37663269042967,33.65880584716797
81456725,2021,2021-04-23,3300,2021-03-26,1035,4071,603 A,5,5,6,3394,0,0,0,NA,0,MV32,CACTUS AVE,VETERANS WAY,355,E,N,A,-,N,NA,NA,NA,NA,NA,NA,NA,NA,NA,Y,3,0,1,1,A,-,08,22107,NA,N,E,I,A,A,H,-,A,D,0,NA,NA,NA,NA,Y,NA,A,01,0,1,0,0,0,0,0,0,0,-,-,33.9102783203125,-117.2666015625,RIVERSIDE,MORENO VALLEY,-117.26534271240234,33.91014099121094
81457505,2021,2021-04-26,3300,2021-04-21,1425,N6611,NA,3,5,6,3394,0,0,0,NA,0,NA,PERRIS BLVD,BRODIAEA AVE,416,S,N,A,-,N,NA,NA,NA,NA,NA,NA,NA,NA,NA,Y,4,0,1,2,A,-,03,22350,NA,N,C,C,A,A,H,-,A,D,0,NA,NA,NA,NA,Y,NA,A,01,0,0,1,0,0,0,0,0,0,-,-,33.94356155395508,-117.22641754150392,RIVERSIDE,MORENO VALLEY,-117.22633361816406,33.912479400634766
81457552,2021,2021-04-26,3315,2021-04-07,2154,001338,8A,3,5,6,3315,0,0,0,NA,0,004,GREEN RIVER RD,DOMINGUEZ RANCH RD,740,W,N,A,-,N,NA,NA,NA,NA,NA,NA,NA,NA,NA,Y,4,0,2,2,A,-,03,22350,NA,N,A,C,A,A,H,-,C,D,0,NA,NA,NA,NA,Y,NA,A,01,0,0,2,0,0,0,0,0,0,-,-,33.87881088256836,-117.6504135131836,RIVERSIDE,CORONA,-117.65283966064452,33.87889099121094
81460003,2021,2021-04-28,3300,2021-04-19,0830,N3672,420,1,5,2,3336,0,0,0,NA,0,020,CALIFORNIA ST,COUNTY LINE RD,1000,S,N,A,-,N,NA,NA,NA,NA,NA,NA,NA,NA,NA,N,4,0,1,2,A,-,08,22107,NA,N,C,E,A,A,H,-,A,A,0,NA,NA,NA,NA,Y,NA,D,22,0,0,1,0,0,0,0,0,0,-,-,34.0047492980957,-117.0387725830078,RIVERSIDE,CALIMESA,-117.03885650634766,34.0019416809082
8146005,2016,2016-10-17,3300,2016-09-11,1842,4835,905F,7,5,4,3307,0,0,0,NA,0,092,MAIN ST,SULPHUR ST,100,W,N,A,-,N,NA,NA,NA,NA,NA,NA,NA,NA,NA,N,3,0,1,2,A,-,11,21954,A,N,G,B,C,A,H,-,A,D,0,Y,NA,NA,NA,Y,NA,N,60,0,1,0,0,1,0,0,0,0,-,-,33.66699,-117.32812,RIVERSIDE,LAKE ELSINORE,-117.32815834,33.66687146
8146013,2016,2017-03-02,3300,2016-09-07,1805,4773,9051,3,5,4,3307,0,0,0,NA,0,095,CENTRAL AV,DEXTER AV,0,NA,Y,A,-,Y,RIV,8,74,-,-,17.367,I,5,E,N,4,0,1,2,A,-,12,21453,A,N,D,C,A,A,H,-,A,A,0,NA,NA,NA,NA,Y,NA,A,01,0,0,1,0,0,0,0,0,0,-,-,NA,NA,RIVERSIDE,LAKE ELSINORE,-117.33622782,33.69326464
81460857,2021,2021-04-29,3300,2021-04-27,1720,5228,910F,2,5,5,3335,0,0,0,NA,0,062,WINCHESTER RD,YNEZ RD,165,W,N,A,-,Y,NA,NA,NA,NA,NA,NA,NA,NA,NA,Y,3,0,1,2,A,-,08,22107,NA,N,B,C,A,A,H,-,A,D,0,NA,NA,NA,NA,Y,NA,A,07,0,1,0,0,0,0,0,0,0,-,-,33.52465057373047,-117.16008758544922,RIVERSIDE,TEMECULA,-117.16075897216795,33.524356842041016
81460954,2021,2021-04-29,3300,2021-03-28,1429,5712,LA41,7,5,3,3392,0,0,0,NA,0,LA41,HWY 111,LA QUINTA CENTER DR,23,E,N,-,-,N,NA,NA,NA,NA,NA,NA,NA,NA,NA,N,3,0,1,2,A,-,03,22350,NA,F,B,G,A,A,H,-,A,D,0,NA,Y,NA,NA,Y,NA,-,99,0,1,0,0,0,0,1,0,0,-,-,33.71030044555664,-116.28970336914063,RIVERSIDE,LA QUINTA,-116.28951263427734,33.71034240722656
81462778,2021,2021-04-30,3300,2021-04-03,1421,3552,916C,6,5,4,3312,0,0,0,NA,0,034,A ST,MAPES RD,2640,S,N,A,-,N,NA,NA,NA,NA,NA,NA,NA,NA,NA,Y,1,1,0,1,A,-,03,22350,NA,N,E,I,A,A,H,-,A,D,0,NA,NA,Y,NA,Y,Y,C,02,0,0,0,0,0,0,0,1,0,-,-,33.757598876953125,-117.23423767089844,RIVERSIDE,PERRIS,-117.23611450195313,33.750423431396484
81462927,2021,2021-04-30,3349,2021-03-17,0211,398,NA,3,5,5,3341,0,0,0,NA,0,003,HAUN RD,VILLAGE,0,NA,Y,A,-,N,NA,NA,NA,NA,NA,NA,NA,NA,NA,Y,3,0,1,1,A,-,08,22107,NA,N,E,I,A,A,H,-,C,A,0,NA,NA,NA,NA,Y,NA,A,01,0,1,0,0,0,0,0,0,0,-,-,33.681480407714844,-117.17572784423828,RIVERSIDE,MENIFEE,-117.1756591796875,33.68325424194336
81466639,2021,2021-05-06,3311,2021-04-19,0124,15918,NA,1,5,4,3311,0,0,0,NA,0,001,INDIAN CANYON DRIVE N,GARNET AVENUE,101,N,N,A,-,N,NA,NA,NA,NA,NA,NA,NA,NA,NA,Y,1,1,1,1,A,-,01,23153,A,N,E,I,A,A,H,-,C,A,0,NA,NA,NA,NA,Y,Y,A,01,0,1,0,0,0,0,0,0,0,-,-,33.90224075317383,-116.5451431274414,RIVERSIDE,PALM SPRINGS,-116.54548645019533,33.90259552001953
81467530,2021,2021-05-07,3311,2021-01-07,1709,15951,NA,4,5,4,3311,0,0,0,NA,0,004,GENE AUTRY TRAIL,SALVIA ROAD,91,N,N,A,-,N,NA,NA,NA,NA,NA,NA,NA,NA,NA,Y,1,1,2,1,A,-,01,23152,A,N,F,A,A,A,H,-,B,D,0,NA,NA,NA,NA,Y,Y,A,01,0,2,0,0,0,0,0,0,0,-,-,33.87733840942383,-116.5049285888672,RIVERSIDE,PALM SPRINGS,-116.50519561767578,33.877262115478516
81469665,2021,2021-05-11,3300,2021-05-04,1519,3536,603 D,2,5,6,3394,0,0,0,NA,0,MV34,PERRIS BLVD,RIVARD RD,120,N,N,A,-,N,NA,NA,NA,NA,NA,NA,NA,NA,NA,Y,3,0,1,2,A,-,03,22350,NA,N,C,C,A,A,H,-,A,D,0,NA,NA,NA,NA,Y,NA,A,01,0,1,0,0,0,0,0,0,0,-,-,33.872711181640625,-117.22599029541016,RIVERSIDE,MORENO VALLEY,-117.22613525390624,33.87302780151367
81469669,2021,2021-05-11,3300,2021-05-07,2115,6033,602 D,5,5,6,3394,0,0,0,NA,0,MV26,HEACOCK ST,ATWOOD AVE,6,E,N,A,-,N,NA,NA,NA,NA,NA,NA,NA,NA,NA,N,3,0,1,2,A,-,10,21950,A,F,G,B,B,A,H,-,C,D,0,Y,NA,NA,NA,Y,NA,A,07,0,1,0,0,1,0,0,0,0,-,-,33.93001174926758,-117.24379730224608,RIVERSIDE,MORENO VALLEY,-117.24379730224608,33.92993927001953
81470618,2021,2021-05-12,3300,2021-01-20,0712,3988,001E,3,5,6,3345,0,0,0,NA,0,012,SIERRA AV,ARMSTRONG RD,84,W,N,A,-,N,NA,NA,NA,NA,NA,NA,NA,NA,NA,N,4,0,1,2,A,-,03,22350,NA,N,C,C,A,A,H,-,A,A,0,NA,NA,NA,NA,Y,NA,A,01,0,0,1,0,0,0,0,0,0,-,-,34.019920349121094,-117.42225646972656,RIVERSIDE,JURUPA VALLEY,-117.42372131347656,34.021793365478516
81470650,2021,2021-05-12,3300,2021-04-30,0816,3774,NA,5,5,6,3394,0,0,0,NA,0,NA,IRIS AVE,PERRIS BLVD,23,E,N,A,-,N,NA,NA,NA,NA,NA,NA,NA,NA,NA,N,4,0,1,2,A,-,08,22100,A,N,B,C,A,A,H,-,A,A,0,NA,NA,NA,NA,Y,NA,I,19,0,0,1,0,0,0,0,0,0,-,-,33.88833999633789,-117.22621917724608,RIVERSIDE,MORENO VALLEY,-117.22622680664063,33.88840866088867
81471146,2020,2021-05-12,3342,2020-10-16,1054,481,277,5,5,4,3342,0,0,0,NA,0,002,CALIFORNIA OAKS RD,CAL OAKS PLAZA,15,S,N,A,-,N,NA,NA,NA,NA,NA,NA,NA,NA,NA,N,4,0,1,2,A,-,21,22106,NA,N,C,C,A,A,H,-,A,A,0,NA,NA,NA,NA,Y,NA,A,07,0,0,1,0,0,0,0,0,0,-,-,NA,NA,RIVERSIDE,MURRIETA,-117.20610809326172,33.567501068115234
81471162,2020,2021-05-12,3342,2020-10-23,1508,898,169,5,5,4,3342,0,0,0,NA,0,001,JEFFERSON AVE,CENTERPOINTE CT,75,S,N,A,-,N,NA,NA,NA,NA,NA,NA,NA,NA,NA,N,4,0,2,3,A,-,03,22350,NA,N,C,C,A,A,H,-,A,A,0,NA,NA,NA,NA,Y,NA,A,01,0,0,2,0,0,0,0,0,0,-,-,33.564109802246094,-117.21370697021484,RIVERSIDE,MURRIETA,-117.21347808837892,33.56399917602539
81471426,2021,2021-05-12,3342,2021-02-24,0128,1146,315,3,5,4,3342,0,0,0,NA,0,003,WHITEWOOD RD,MEADOWLARK LN,400,N,N,A,-,N,NA,NA,NA,NA,NA,NA,NA,NA,NA,Y,2,0,2,1,A,-,01,23152,F,N,E,I,A,A,H,-,C,A,0,NA,NA,NA,NA,Y,NA,-,-,2,0,0,0,0,0,0,0,0,-,-,33.621681213378906,-117.1617431640625,RIVERSIDE,MURRIETA,-117.16122436523438,33.62267303466797
81473160,2021,2021-05-14,3300,2021-05-10,1114,4767,916D,1,5,4,3312,0,0,0,NA,0,034,A ST,FIFTH ST,0,NA,Y,A,-,N,NA,NA,NA,NA,NA,NA,NA,NA,NA,Y,4,0,1,1,C,-,18,NA,NA,N,E,I,A,A,H,-,A,D,0,NA,NA,NA,NA,Y,NA,-,-,0,0,1,0,0,0,0,0,0,-,-,33.78131866455078,-117.23477172851563,RIVERSIDE,PERRIS,-117.23476409912108,33.78125762939453
81473166,2021,2021-05-14,3300,2021-05-04,1958,5228,NA,2,5,5,3335,0,0,0,NA,0,NA,RANCHO CALIFORNIA RD,YUKON RD,220,W,N,A,-,N,NA,NA,NA,NA,NA,NA,NA,NA,NA,N,3,0,1,1,A,-,01,23152,A,N,E,I,A,A,H,-,C,D,0,NA,NA,NA,NA,Y,Y,A,01,0,1,0,0,0,0,0,0,0,-,-,33.50849151611328,-117.12832641601563,RIVERSIDE,TEMECULA,-117.12913513183594,33.50872039794922
81474049,2021,2021-05-17,3311,2021-04-12,2007,16168,NA,1,5,4,3311,0,0,0,NA,0,006,RAMON ROAD,SAN LUIS REY DRIVE,0,NA,Y,A,-,N,NA,NA,NA,NA,NA,NA,NA,NA,NA,N,1,1,0,2,A,-,10,21950,C,N,G,B,C,A,H,-,C,D,0,Y,NA,NA,NA,Y,NA,A,01,0,0,0,1,0,0,0,0,0,-,-,33.81586837768555,-116.48854064941406,RIVERSIDE,PALM SPRINGS,-116.48851013183594,33.815773010253906
81474239,2021,2021-05-17,3300,2021-05-08,0124,4808,920 H,6,5,4,3314,0,0,0,NA,0,074,HEWITT ST,ESPLANADE AVE,0,NA,Y,A,-,N,NA,NA,NA,NA,NA,NA,NA,NA,NA,Y,4,0,3,2,A,-,03,22350,NA,M,C,C,A,A,H,-,C,A,0,NA,NA,NA,NA,Y,NA,A,01,0,0,3,0,0,0,0,0,0,-,-,33.77225112915039,-116.95089721679688,RIVERSIDE,SAN JACINTO,-116.95096588134766,33.772239685058594
81477187,2021,2021-05-20,3300,2021-05-13,1555,N6426,910E,4,5,5,3335,0,0,0,NA,0,061,WINCHESTER RD,ENTERPRISE CIR SOUTH,0,NA,Y,A,-,N,NA,NA,NA,NA,NA,NA,NA,NA,NA,Y,4,0,2,2,A,-,09,21802,A,N,D,C,A,A,H,-,A,A,0,NA,NA,NA,NA,Y,NA,A,07,0,0,2,0,0,0,0,0,0,-,-,33.52003860473633,-117.16622161865234,RIVERSIDE,TEMECULA,-117.16902160644533,33.516845703125
8148082,2016,2016-10-19,3300,2016-09-23,1415,3924,36R4,5,5,4,3318,0,0,0,NA,0,036,FRED WARING DR,TOWN CENTER WY,13,E,N,A,-,N,NA,NA,NA,NA,NA,NA,NA,NA,NA,N,4,0,1,2,A,-,10,21950,A,F,G,B,B,A,H,-,A,A,0,Y,NA,NA,NA,Y,NA,-,NA,0,0,1,0,1,0,0,0,0,-,-,33.72867,-116.3983,RIVERSIDE,PALM DESERT,-116.39833743,33.72871044
81481329,2021,2021-05-25,3342,2021-05-06,1712,1098,683,4,5,4,3342,0,0,0,NA,0,006,TORREY PINES RD,CAMBRIDGE ST,268,S,N,A,-,N,NA,NA,NA,NA,NA,NA,NA,NA,NA,N,4,0,2,2,C,-,18,NA,NA,N,B,C,A,A,H,-,A,D,0,NA,NA,NA,NA,Y,NA,-,-,0,0,2,0,0,0,0,0,0,-,-,33.54520034790039,-117.16671752929688,RIVERSIDE,MURRIETA,-117.16614532470705,33.54458236694336
81481334,2021,2021-05-25,3342,2021-05-07,1310,1089,439,5,5,4,3342,0,0,0,NA,0,004,MADISON AVE,MURRIETA HOT SPRINGS RD,406,S,N,A,-,N,NA,NA,NA,NA,NA,NA,NA,NA,NA,Y,4,0,1,2,A,-,09,21804,A,N,D,C,A,A,H,-,A,A,0,NA,NA,NA,NA,Y,NA,A,01,0,0,1,0,0,0,0,0,0,-,-,33.552978515625,-117.19570159912108,RIVERSIDE,MURRIETA,-117.19515228271484,33.55244827270508
81481640,2021,2021-05-26,3349,2021-03-06,1902,366,ME3,6,5,5,3341,0,0,0,NA,0,003,SCOTT RD,DAILY RD,24,W,N,A,-,N,NA,NA,NA,NA,NA,NA,NA,NA,NA,N,3,0,4,2,A,-,09,21801,A,N,D,C,A,A,H,-,C,D,0,NA,NA,NA,Y,Y,NA,F,26,0,2,2,0,0,0,0,0,0,-,-,33.6414794921875,-117.20184326171876,RIVERSIDE,MENIFEE,-117.2018814086914,33.641571044921875
81484603,2021,2021-05-28,3300,2021-05-08,2155,N7126,Y85,6,5,3,3305,0,0,0,NA,0,85B1,AVENUE 52,POLK STREET,814,E,N,A,-,N,NA,NA,NA,NA,NA,NA,NA,NA,NA,N,3,0,1,1,A,-,08,22107,NA,N,F,A,A,A,H,-,D,D,0,NA,NA,NA,NA,Y,Y,A,01,0,1,0,0,0,0,0,0,0,-,-,NA,NA,RIVERSIDE,COACHELLA,-116.14404296875,33.67536544799805
81485343,2021,2021-05-31,3300,2021-05-25,1439,N6297,NA,2,5,5,3335,0,0,0,NA,0,NA,JEFFERSON AV,OVERLAND DR,0,NA,Y,A,-,N,NA,NA,NA,NA,NA,NA,NA,NA,NA,N,4,0,1,2,A,-,09,21804,A,N,D,C,A,A,H,-,A,D,0,NA,NA,NA,NA,Y,NA,A,01,0,0,1,0,0,0,0,0,0,-,-,33.51676940917969,-117.1611328125,RIVERSIDE,TEMECULA,-117.1611557006836,33.51673889160156
81485546,2021,2021-05-31,3315,2021-05-22,1627,003568,4C,6,5,6,3315,0,0,0,NA,0,004,ONTARIO AV,MAIN ST,190,W,N,A,-,N,NA,NA,NA,NA,NA,NA,NA,NA,NA,Y,4,0,2,2,A,-,03,22350,NA,N,C,C,A,A,H,-,A,A,0,NA,NA,NA,NA,Y,NA,A,01,0,0,2,0,0,0,0,0,0,-,-,33.856258392333984,-117.56932830810548,RIVERSIDE,CORONA,-117.56997680664063,33.856353759765625
81485896,2021,2021-06-01,3300,2021-05-10,2145,4867,602 A,1,5,6,3394,0,0,0,NA,0,MV22,EUCALYPTUS AVE,STANHOPE ST,0,NA,Y,A,-,N,NA,NA,NA,NA,NA,NA,NA,NA,NA,Y,3,0,2,2,A,-,08,22107,NA,N,D,C,A,A,H,-,C,D,0,NA,NA,Y,NA,Y,NA,C,02,0,1,1,0,0,0,0,0,2,-,-,33.93165969848633,-117.26560974121094,RIVERSIDE,MORENO VALLEY,-117.26576232910156,33.93146514892578
81487044,2021,2021-06-02,3300,2021-05-30,2000,N6297,NA,7,5,5,3335,0,0,0,NA,0,NA,BUTTERFIELD STAGE RD,NICOLAS RD,0,NA,Y,A,-,N,NA,NA,NA,NA,NA,NA,NA,NA,NA,N,3,0,1,1,C,-,18,NA,NA,N,H,A,A,A,A,-,B,D,0,NA,Y,NA,NA,Y,NA,-,-,0,1,0,0,0,0,1,0,0,-,-,33.546348571777344,-117.10003662109376,RIVERSIDE,TEMECULA,-117.10015869140624,33.546382904052734
8148826,2016,2016-10-24,3313,2016-09-23,1951,1762,W,5,5,7,3313,0,0,0,NA,0,T44,TYLER ST,SELKIRK AV,130,N,N,A,-,N,NA,NA,NA,NA,NA,NA,NA,NA,NA,N,4,0,1,2,A,-,03,22350,NA,N,C,C,A,A,D,-,C,A,0,NA,NA,NA,NA,Y,NA,A,07,0,0,1,0,0,0,0,0,0,-,-,33.9187,-117.46692,RIVERSIDE,RIVERSIDE,-117.46700615,33.91878117
81491411,2021,2021-06-08,3300,2021-06-03,1053,4713,910Q,4,5,5,3335,0,0,0,NA,0,069,PECHANGA PKY,CASINO DR N,0,NA,Y,A,-,N,NA,NA,NA,NA,NA,NA,NA,NA,NA,Y,4,0,4,2,A,-,12,21453,A,N,D,C,A,A,H,-,A,A,0,NA,NA,NA,NA,Y,NA,A,01,0,0,4,0,0,0,0,0,0,-,-,33.458641052246094,-117.10626983642578,RIVERSIDE,TEMECULA,-117.10337829589844,33.456382751464844
81492493,2021,2021-06-09,3300,2021-05-19,2050,4867,603 A,3,5,6,3394,0,0,0,NA,0,MV32,CACTUS AVE,ELSWORTH ST,315,W,N,A,-,N,NA,NA,NA,NA,NA,NA,NA,NA,NA,Y,2,0,1,1,A,-,01,23152,G,N,E,I,A,A,H,-,C,D,0,NA,NA,Y,NA,Y,Y,C,02,1,0,0,0,0,0,0,0,1,-,-,33.91006088256836,-117.27030181884766,RIVERSIDE,MORENO VALLEY,-117.2712173461914,33.91014099121094
81494573,2021,2021-06-11,3300,2021-05-30,2331,N6012,916C,7,5,4,3312,0,0,0,NA,0,034,4TH ST,A ST,87,W,N,A,-,N,NA,NA,NA,NA,NA,NA,NA,NA,NA,N,4,0,1,2,A,-,08,22107,NA,N,D,C,A,A,H,-,C,A,0,NA,NA,NA,NA,Y,NA,A,01,0,0,1,0,0,0,0,0,0,-,-,33.782379150390625,-117.2347412109375,RIVERSIDE,PERRIS,-117.23504638671876,33.7823486328125
81494612,2021,2021-06-11,3300,2021-05-26,1059,5543,602 D,3,5,6,3394,0,0,0,NA,0,MV26,PERRIS BLVD,ALESSANDRO BLVD,631,S,N,A,-,N,NA,NA,NA,NA,NA,NA,NA,NA,NA,Y,4,0,1,1,A,-,08,22107,NA,N,E,I,A,A,H,-,A,D,0,NA,NA,Y,NA,Y,NA,C,02,0,0,1,0,0,0,0,0,1,-,-,33.94718933105469,-117.22640228271484,RIVERSIDE,MORENO VALLEY,-117.2263412475586,33.91550064086914
81494615,2021,2021-06-11,3300,2021-06-05,1619,4339,602 B,6,5,6,3394,0,0,0,NA,0,MV22,TOWN CIR,HERITAGE WAY,0,NA,Y,A,-,N,NA,NA,NA,NA,NA,NA,NA,NA,NA,N,4,0,1,2,A,-,12,22450,A,N,D,C,A,A,H,-,A,A,0,NA,NA,NA,NA,Y,NA,A,01,0,0,1,0,0,0,0,0,0,-,-,33.937068939208984,-117.26698303222656,RIVERSIDE,MORENO VALLEY,-117.26701354980467,33.93709945678711
81494617,2021,2021-06-11,3300,2021-06-09,1635,3536,601 E,3,5,6,3394,0,0,0,NA,0,MV16,ELDER AVE,TUSCOLA ST,72,W,N,A,-,N,NA,NA,NA,NA,NA,NA,NA,NA,NA,N,4,0,3,2,A,-,03,22350,NA,N,C,C,A,A,H,-,A,A,0,NA,NA,NA,NA,Y,NA,A,01,0,0,3,0,0,0,0,0,0,-,-,33.9397087097168,-117.2155990600586,RIVERSIDE,MORENO VALLEY,-117.216064453125,33.93992233276367
81496974,2021,2021-06-15,3315,2021-06-02,1150,004243,3E,3,5,6,3315,0,0,0,NA,0,003,ONTARIO AV,RIMPAU AV,750,E,N,A,-,N,NA,NA,NA,NA,NA,NA,NA,NA,NA,Y,4,0,2,2,A,-,09,21804,A,N,D,C,A,A,H,-,A,D,0,NA,NA,NA,NA,Y,NA,A,01,0,0,2,0,0,0,0,0,0,-,-,33.847721099853516,-117.54522705078124,RIVERSIDE,CORONA,-117.54254913330078,33.84793472290039
81497883,2021,2021-06-16,3300,2021-04-19,2004,5580,002 B,1,5,6,3345,0,0,0,NA,0,020,MISSION BL,PYRITE ST,0,NA,Y,A,-,N,NA,NA,NA,NA,NA,NA,NA,NA,NA,N,4,0,1,1,A,-,03,22350,NA,N,F,A,A,A,H,-,C,A,0,NA,NA,NA,NA,Y,NA,A,07,0,0,1,0,0,0,0,0,0,-,-,34.01041030883789,-117.46128845214844,RIVERSIDE,JURUPA VALLEY,-117.46236419677734,34.011802673339844
81497954,2021,2021-06-16,3300,2021-03-28,2057,5029,602 D,7,5,6,3394,0,0,0,NA,0,MV26,PERRIS BLVD,SUNNYMEAD BLVD,376,S,N,A,-,N,NA,NA,NA,NA,NA,NA,NA,NA,NA,Y,4,0,1,2,A,-,01,23152,A,N,D,C,A,A,H,-,C,D,0,NA,NA,NA,NA,Y,Y,A,01,0,0,1,0,0,0,0,0,0,-,-,33.939090728759766,-117.22646331787108,RIVERSIDE,MORENO VALLEY,-117.22637176513672,33.93809127807617
81497955,2021,2021-06-16,3300,2021-06-10,1434,N6758,603 D,4,5,6,3394,0,0,0,NA,0,MV38,LASSELLE ST,COLLEGE DR,12,N,N,A,-,N,NA,NA,NA,NA,NA,NA,NA,NA,NA,Y,3,0,3,2,A,-,12,21453,A,N,D,C,A,A,H,-,A,A,0,NA,NA,NA,NA,Y,NA,A,01,0,2,1,0,0,0,0,0,0,-,-,33.88669967651367,-117.20556640625,RIVERSIDE,MORENO VALLEY,-117.20530700683594,33.88702392578125