CASE_ID,ACCIDENT_YEAR,PROC_DATE,JURIS,COLLISION_DATE,COLLISION_TIME,OFFICER_ID,REPORTING_DISTRICT,DAY_OF_WEEK,CHP_SHIFT,POPULATION,CNTY_CITY_LOC,SPECIAL_COND,BEAT_TYPE,CHP_BEAT_TYPE,CITY_DIVISION_LAPD,CHP_BEAT_CLASS,BEAT_NUMBER,PRIMARY_RD,SECONDARY_RD,DISTANCE,DIRECTION,INTERSECTION,WEATHER_1,WEATHER_2,STATE_HWY_IND,CALTRANS_COUNTY,CALTRANS_DISTRICT,STATE_ROUTE,ROUTE_SUFFIX,POSTMILE_PREFIX,POSTMILE,LOCATION_TYPE,RAMP_INTERSECTION,SIDE_OF_HWY,TOW_AWAY,COLLISION_SEVERITY,NUMBER_KILLED,NUMBER_INJURED,PARTY_COUNT,PRIMARY_COLL_FACTOR,PCF_CODE_OF_VIOL,PCF_VIOL_CATEGORY,PCF_VIOLATION,PCF_VIOL_SUBSECTION,HIT_AND_RUN,TYPE_OF_COLLISION,MVIW,PED_ACTION,ROAD_SURFACE,ROAD_COND_1,ROAD_COND_2,LIGHTING,CONTROL_DEVICE,CHP_ROAD_TYPE,PEDESTRIAN_ACCIDENT,BICYCLE_ACCIDENT,MOTORCYCLE_ACCIDENT,TRUCK_ACCIDENT,NOT_PRIVATE_PROPERTY,ALCOHOL_INVOLVED,STWD_VEHTYPE_AT_FAULT,CHP_VEHTYPE_AT_FAULT,COUNT_SEVERE_INJ,COUNT_VISIBLE_INJ,COUNT_COMPLAINT_PAIN,COUNT_PED_KILLED,COUNT_PED_INJURED,COUNT_BICYCLIST_KILLED,COUNT_BICYCLIST_INJURED,COUNT_MC_KILLED,COUNT_MC_INJURED,PRIMARY_RAMP,SECONDARY_RAMP,LATITUDE,LONGITUDE,COUNTY,CITY,POINT_X,POINT_Y
8291402,2017,2017-03-22,3315,2017-01-23,1059,001226,13C,1,5,6,3315,0,0,0,NA,0,NA,ONTARIO AV,RIMPAU AV,700,W,N,B,-,N,NA,NA,NA,NA,NA,NA,NA,NA,NA,Y,4,0,1,1,A,-,03,22350,NA,N,E,I,A,B,H,-,A,D,0,NA,NA,NA,NA,Y,NA,A,01,0,0,1,0,0,0,0,0,0,-,-,NA,NA,RIVERSIDE,CORONA,-117.54682806,33.8498381
8291410,2017,2017-03-29,3315,2017-01-13,2033,50543,7A,5,5,6,3315,0,0,0,NA,0,0Z1,LINCOLN AV,WEST 6TH ST,0,NA,Y,-,-,N,NA,NA,NA,NA,NA,NA,NA,NA,NA,N,4,0,1,2,A,-,12,21453,A,N,-,-,A,-,-,-,-,-,0,NA,NA,NA,NA,Y,NA,-,-,0,0,1,0,0,0,0,0,0,-,-,NA,NA,RIVERSIDE,CORONA,-117.58328009,33.87719007
8291827,2017,2017-03-15,3300,2017-01-14,0841,3839,603A3,6,5,6,3394,0,0,0,NA,0,034,CACTUS AV,HEACOCK ST,0,NA,Y,A,-,N,NA,NA,NA,NA,NA,NA,NA,NA,NA,Y,4,0,2,3,A,-,12,21453,A,F,D,C,A,A,H,-,A,A,0,NA,NA,NA,NA,Y,NA,A,07,0,0,2,0,0,0,0,0,0,-,-,33.91017,-117.24359,RIVERSIDE,MORENO VALLEY,-117.24359013,33.91014006
8291853,2016,2017-02-06,3300,2016-12-28,1749,N4809,920C,3,5,4,3314,0,0,0,NA,0,070,KIRBY ST,WARWICK ST,5,S,N,A,-,N,NA,NA,NA,NA,NA,NA,NA,NA,NA,N,4,0,1,2,A,-,03,22350,NA,N,C,C,A,A,H,-,C,D,0,NA,NA,NA,NA,Y,NA,A,01,0,0,1,0,0,0,0,0,0,-,-,33.78232,-116.99808,RIVERSIDE,SAN JACINTO,-116.99805,33.78223631
8292557,2017,2017-04-13,3313,2017-03-23,1120,1686,5,4,5,7,3313,0,0,0,NA,0,T58,MAGNOLIA AV,LA SIERRA AV,0,NA,Y,A,-,N,NA,NA,NA,NA,NA,NA,NA,NA,NA,Y,3,0,1,2,A,-,12,21453,A,M,D,C,A,A,H,-,A,A,0,NA,NA,NA,NA,Y,NA,A,01,0,1,0,0,0,0,0,0,0,-,-,33.90334,-117.47612,RIVERSIDE,RIVERSIDE,-117.47636009,33.90353005
8293723,2016,2017-01-31,3313,2016-10-26,1412,1499,N,3,5,7,3313,0,0,0,NA,0,T42,GRAND AV,AINSWORTH PL,360,N,N,A,-,N,NA,NA,NA,NA,NA,NA,NA,NA,NA,Y,4,0,1,2,A,-,05,21650,NA,N,D,C,A,A,H,-,A,D,0,NA,NA,NA,NA,Y,NA,A,01,0,0,1,0,0,0,0,0,0,-,-,33.96951,-117.40329,RIVERSIDE,RIVERSIDE,-117.40233327,33.96998931
8294144,2016,2017-02-01,3308,2016-12-13,1556,10492,297,2,5,5,3308,0,0,0,NA,0,NORTH,SANTA FE ST,MIDWAY ST,109,S,N,A,-,N,NA,NA,NA,NA,NA,NA,NA,NA,NA,Y,3,0,2,2,A,-,08,22105,NA,F,D,C,A,A,H,-,A,A,0,NA,NA,NA,NA,Y,NA,A,01,0,2,0,0,0,0,0,0,0,-,-,NA,NA,RIVERSIDE,HEMET,-116.96313,33.7635815
8294841,2016,2017-05-03,3308,2016-11-14,1710,10514,517,1,5,5,3308,0,0,0,NA,0,SOUTH,FLORIDA AV,BUENA VISTA ST,52,E,N,A,-,Y,RIV,8,74,-,-,40.85,H,-,E,N,2,0,1,2,A,-,11,21954,A,N,G,B,D,A,H,-,C,A,0,Y,NA,NA,NA,Y,NA,N,60,1,0,0,0,1,0,0,0,0,-,-,NA,NA,RIVERSIDE,HEMET,-116.96713631,33.74751105
8295596,2016,2017-02-06,3308,2016-07-22,1903,10611,525,5,5,5,3308,0,0,0,NA,0,005,LYON AV,ACACIA AV,0,NA,Y,A,-,N,NA,NA,NA,NA,NA,NA,NA,NA,NA,N,4,0,1,2,A,-,03,22350,NA,N,C,C,A,A,H,-,A,A,0,NA,NA,NA,NA,Y,NA,A,07,0,0,1,0,0,0,0,0,0,-,-,NA,NA,RIVERSIDE,HEMET,-116.98909005,33.74378006
8295797,2016,2017-05-03,3300,2016-12-23,1611,N5835,602D1,5,5,6,3394,0,0,0,NA,0,MV26,SUNNYMEAD BL,RT 60,325,W,N,A,-,N,NA,NA,NA,NA,NA,NA,NA,NA,NA,Y,3,0,1,2,A,-,09,21801,A,N,D,C,A,A,H,-,A,D,0,NA,NA,NA,NA,Y,NA,A,01,0,1,0,0,0,0,0,0,0,-,EF,33.93901,-117.22853,RIVERSIDE,MORENO VALLEY,-117.26250371,33.93988962
8295805,2016,2017-02-07,3300,2016-12-28,0048,4571,604C2,3,5,6,3394,0,0,0,NA,0,044,LASSELLE ST,GENTIAN AV,25,S,N,A,-,N,NA,NA,NA,NA,NA,NA,NA,NA,NA,Y,4,0,1,2,A,-,12,21453,A,N,D,C,A,A,H,-,C,A,0,NA,NA,NA,NA,Y,NA,A,01,0,0,1,0,0,0,0,0,0,-,-,33.89547,-117.20925,RIVERSIDE,MORENO VALLEY,-117.2089116,33.89541679
8296067,2017,2017-02-08,3300,2017-01-19,1646,4406,604C5,4,5,6,3394,0,0,0,NA,0,044,LASSELLE ST,VIA DE ANZA,442,NA,N,B,-,N,NA,NA,NA,NA,NA,NA,NA,NA,NA,Y,3,0,1,3,A,-,03,22350,NA,N,C,C,A,A,H,-,B,A,0,NA,NA,NA,NA,Y,NA,A,01,0,1,0,0,0,0,0,0,0,-,-,33.86142,-117.20873,RIVERSIDE,MORENO VALLEY,-117.20882001,33.861430060000004
8296650,2017,2017-02-13,3315,2017-01-27,1539,002661,8F,5,5,6,3315,0,0,0,NA,0,004,GREEN RIVER RD,DOMINGUEZ RANCH RD,589,W,N,A,-,N,NA,NA,NA,NA,NA,NA,NA,NA,NA,N,4,0,1,2,A,-,08,22107,NA,N,C,C,A,A,H,-,A,D,0,NA,NA,NA,NA,Y,NA,-,NA,0,0,1,0,0,0,0,0,0,-,-,33.87881,-117.65041,RIVERSIDE,CORONA,-117.65233578,33.87890029
8297417,2016,2017-02-22,3313,2016-12-05,0529,1722,4,1,5,7,3313,0,0,0,NA,0,1R43,BROCKTON AV,NIXON DR,367,S,N,A,-,N,NA,NA,NA,NA,NA,NA,NA,NA,NA,N,4,0,1,2,A,-,00,22101,A,N,G,B,C,A,H,-,C,D,0,Y,Y,NA,NA,Y,NA,L,04,0,0,1,0,1,0,0,0,0,-,-,33.94424,-117.39534,RIVERSIDE,RIVERSIDE,-117.39474288,33.94335352
8297813,2017,2018-06-07,3300,2017-01-10,1302,N4902,806C,2,5,3,3343,0,0,0,NA,0,086,CLINTON KEITH RD,RT 15,0,NA,Y,B,C,Y,RIV,8,15,-,-,13.795,R,4,N,Y,4,0,2,2,A,-,12,21453,A,N,A,C,A,B,H,-,A,A,0,NA,NA,NA,NA,Y,NA,A,08,0,0,2,0,0,0,0,0,0,-,-,NA,NA,RIVERSIDE,WILDOMAR,-117.24644222,33.5977857
8297845,2017,2017-02-15,3300,2017-01-25,0831,4206,905H,3,5,4,3307,0,0,0,NA,0,092,TOWNSEND ST,W POTTERY ST,0,NA,Y,A,-,N,NA,NA,NA,NA,NA,NA,NA,NA,NA,Y,4,0,1,1,A,-,08,22107,NA,N,E,-,A,A,H,-,A,A,0,NA,NA,NA,NA,Y,NA,A,01,0,0,1,0,0,0,0,0,0,-,-,NA,NA,RIVERSIDE,LAKE ELSINORE,-117.34173012,33.67779012
8297864,2016,2017-02-14,3300,2016-12-12,1810,4024,905K,1,5,4,3307,0,0,0,NA,0,094,LAKE ST,MOUNTAIN ST,142,N,N,A,-,N,NA,NA,NA,NA,NA,NA,NA,NA,NA,Y,4,0,1,2,A,-,03,22350,NA,N,C,C,A,A,H,-,D,A,0,NA,NA,NA,NA,Y,NA,A,01,0,0,1,0,0,0,0,0,0,-,-,33.6985,-117.39011,RIVERSIDE,LAKE ELSINORE,-117.39012206,33.69887902
8298102,2017,2017-02-15,3313,2017-01-17,1727,1222,4,2,5,7,3313,0,0,0,NA,0,M36,VAN BUREN BL,RUDICILL ST,782,S,N,A,-,N,NA,NA,NA,NA,NA,NA,NA,NA,NA,Y,4,0,2,3,A,-,03,22350,NA,M,C,C,A,A,H,-,C,A,0,NA,NA,NA,NA,Y,NA,D,22,0,0,2,0,0,0,0,0,0,-,-,33.91264,-117.43995,RIVERSIDE,RIVERSIDE,-117.43876868,33.91072632
8298478,2017,2017-02-17,3311,2017-01-17,0122,15477,DESER,2,5,4,3311,0,0,0,NA,0,003,CALLE ENCILIA,ARENAS RD,336,S,N,A,-,N,NA,NA,NA,NA,NA,NA,NA,NA,NA,Y,3,0,1,1,A,-,01,23152,A,N,F,I,A,A,H,-,C,D,0,NA,NA,NA,NA,Y,Y,A,01,0,1,0,0,0,0,0,0,0,-,-,NA,NA,RIVERSIDE,PALM SPRINGS,-116.5437379,33.8202704
8298689,2017,2017-02-15,3300,2017-01-01,0241,5077,602C2,7,5,6,3394,0,0,0,NA,0,024,FREDERICK ST,SUNNYMEAD BL,0,NA,Y,A,-,N,NA,NA,NA,NA,NA,NA,NA,NA,NA,Y,3,0,1,2,A,-,01,23152,A,N,A,C,A,A,H,-,C,A,0,NA,NA,NA,NA,Y,Y,A,01,0,1,0,0,0,0,0,0,0,-,-,33.93973,-117.26141,RIVERSIDE,MORENO VALLEY,-117.26146009,33.93970011
8298891,2016,2017-03-10,3306,2016-10-07,1230,136,3306,5,5,3,3306,0,0,0,NA,0,NA,PALM DR,TWO BUNCH PALMS TR,0,NA,Y,A,-,N,NA,NA,NA,NA,NA,NA,NA,NA,NA,N,3,0,1,2,A,-,10,21950,A,N,G,B,B,A,H,-,A,A,0,Y,NA,NA,NA,Y,NA,A,01,0,1,0,0,1,0,0,0,0,-,-,NA,NA,RIVERSIDE,DESERT HOT SPRINGS,-116.50129012,33.94677008
8299505,2016,2017-02-21,3306,2016-11-08,0913,130,3306,2,5,3,3306,0,0,0,NA,0,NA,AVENIDA MANZANA,KANN RD,158,S,N,A,-,N,NA,NA,NA,NA,NA,NA,NA,NA,NA,Y,3,0,1,1,A,-,03,22350,NA,N,F,I,A,A,A,G,A,D,0,NA,NA,NA,NA,Y,NA,A,07,0,1,0,0,0,0,0,0,0,-,-,NA,NA,RIVERSIDE,DESERT HOT SPRINGS,-116.49304428,33.91999779
82996848,2024,2024-07-31,3300,2024-07-30,1945,N8611,NA,2,5,4,3309,0,0,0,NA,0,NA,HWY 111,CALHOUN ST,7,W,N,A,-,N,NA,NA,NA,NA,NA,NA,NA,NA,NA,Y,4,0,1,4,A,-,08,22107,NA,N,A,E,A,A,H,-,A,D,0,NA,NA,NA,NA,Y,NA,A,07,0,0,1,0,0,0,0,0,0,-,-,NA,NA,RIVERSIDE,INDIO,-116.20775604248048,33.71488952636719
8299726,2017,2017-03-14,3313,2017-01-31,1606,1772,1,2,5,7,3313,0,0,0,NA,0,T45,CENTRAL AV,BROCKTON AV,200,W,N,A,-,N,NA,NA,NA,NA,NA,NA,NA,NA,NA,N,4,0,2,2,A,-,09,21804,A,N,D,C,A,A,H,-,A,A,0,NA,NA,NA,NA,Y,NA,A,01,0,0,2,0,0,0,0,0,0,-,-,33.95364,-117.39663,RIVERSIDE,RIVERSIDE,-117.39744742,33.9535
8299951,2016,2017-02-21,3300,2016-10-21,1557,5092,916A,5,5,4,3312,0,0,0,NA,0,031,PERRIS BL,WALNUT,16,S,N,A,-,N,NA,NA,NA,NA,NA,NA,NA,NA,NA,Y,4,0,1,1,A,-,03,22350,NA,N,E,I,A,A,H,-,A,A,0,NA,NA,NA,NA,Y,NA,A,01,0,0,1,0,0,0,0,0,0,-,-,NA,NA,RIVERSIDE,PERRIS,-117.22609097,33.82643618
8300010,2016,2017-02-02,3308,2016-10-20,0800,10492,527,4,5,5,3308,0,0,0,NA,0,SOUTH,ACACIA AV,SAN JACINTO ST,10,W,N,A,-,N,NA,NA,NA,NA,NA,NA,NA,NA,NA,N,4,0,1,2,A,-,10,21950,A,N,G,B,B,A,H,-,A,A,0,Y,NA,NA,NA,Y,NA,A,01,0,0,1,0,1,0,0,0,0,-,-,NA,NA,RIVERSIDE,HEMET,-116.95865278,33.7439697
8300136,2017,2017-02-03,3311,2017-01-24,1137,15842,NA,2,5,4,3311,0,0,0,NA,0,006,RAMON RD,RT 111,425,E,N,A,-,Y,NA,NA,NA,NA,NA,NA,NA,NA,NA,Y,3,0,1,2,A,-,09,21801,A,N,D,C,A,A,H,-,A,D,0,NA,NA,NA,NA,Y,NA,A,01,0,1,0,0,0,0,0,0,0,-,-,33.81588,-116.49288,RIVERSIDE,PALM SPRINGS,NA,NA
8300318,2017,2018-06-07,3308,2017-01-08,1350,10620,517,7,5,5,3308,0,0,0,NA,0,NORTH,FLORIDA AV,BUENA VISTA ST,0,NA,Y,A,-,Y,RIV,8,74,-,-,40.837,I,5,W,Y,4,0,1,2,A,-,12,21453,A,N,D,C,A,A,H,-,A,A,0,NA,NA,NA,NA,Y,NA,A,01,0,0,1,0,0,0,0,0,0,-,-,NA,NA,RIVERSIDE,HEMET,-116.96736377,33.74763061
8301710,2017,2017-02-09,3300,2017-01-04,1509,N5997,910B,3,5,5,3335,0,0,0,NA,0,063,WINCHESTER RD,RORIPAUGH RD,65,E,N,A,-,N,NA,NA,NA,NA,NA,NA,NA,NA,NA,N,4,0,1,2,A,-,03,22350,NA,N,C,C,A,A,H,-,A,A,0,NA,NA,NA,NA,Y,NA,A,01,0,0,1,0,0,0,0,0,0,-,-,NA,NA,RIVERSIDE,TEMECULA,-117.14844541,33.53376427
8302587,2016,2017-02-21,3313,2016-11-03,0844,1779,E,4,5,7,3313,0,0,0,NA,0,T49,VAN BUREN BL,TRAUTWEIN RD,971,E,N,A,-,N,NA,NA,NA,NA,NA,NA,NA,NA,NA,N,3,0,1,2,A,-,03,22350,NA,N,C,C,A,A,H,-,A,D,0,NA,NA,NA,NA,Y,NA,A,07,0,1,0,0,0,0,0,0,0,-,-,33.88844,-117.3243,RIVERSIDE,RIVERSIDE,-117.32113279,33.88908181
8303656,2016,2017-03-13,3300,2016-12-16,1812,5102,44B3,5,5,3,3392,0,0,0,NA,0,044,AVENUE 52,MADISON ST,498,E,N,G,-,N,NA,NA,NA,NA,NA,NA,NA,NA,NA,N,4,0,1,1,A,-,03,22350,NA,N,E,-,A,A,C,-,D,D,0,NA,NA,NA,NA,Y,NA,-,-,0,0,1,0,0,0,0,0,0,-,-,NA,NA,RIVERSIDE,LA QUINTA,-116.24974078,33.67095
8304998,2016,2017-03-23,3325,2016-09-28,2349,535,3324,3,5,4,3325,0,0,0,NA,0,002,SAN ELJAY AV,EL CANTO RD,0,NA,Y,A,-,N,NA,NA,NA,NA,NA,NA,NA,NA,NA,Y,3,0,1,2,A,-,01,23152,NA,M,B,E,A,A,H,-,C,D,0,NA,NA,NA,NA,Y,Y,A,01,0,1,0,0,0,0,0,0,0,-,-,NA,NA,RIVERSIDE,CATHEDRAL CITY,-116.45426007,33.82175001
8308380,2017,2017-02-27,3313,2017-01-23,1907,1416,3,1,5,7,3313,0,0,0,NA,0,3R32,ALESSANDRO BL,NORTHROP DR,41,E,N,C,-,N,NA,NA,NA,NA,NA,NA,NA,NA,NA,Y,3,0,2,2,A,-,03,22350,NA,N,C,C,A,B,H,-,C,A,0,NA,NA,NA,NA,Y,NA,D,22,0,2,0,0,0,0,0,0,0,-,-,33.91652,-117.32067,RIVERSIDE,RIVERSIDE,-117.32058528,33.91651173
8309573,2016,2017-02-21,3313,2016-12-29,1114,1754,1,4,5,7,3313,0,0,0,NA,0,PO21,VINE ST,3RD ST,0,NA,Y,A,-,N,NA,NA,NA,NA,NA,NA,NA,NA,NA,N,3,0,1,2,A,-,12,21453,A,N,D,G,A,A,H,-,A,A,0,NA,Y,NA,NA,Y,NA,L,04,0,1,0,0,0,0,1,0,0,-,-,33.98402,-117.36554,RIVERSIDE,RIVERSIDE,-117.36545005,33.9841001
8309755,2017,2017-02-22,3313,2017-01-06,1658,1523,1,5,5,7,3313,0,0,0,NA,0,M22,LINWOOD PL,MAGNOLIA AV,276,E,N,A,-,N,NA,NA,NA,NA,NA,NA,NA,NA,NA,N,3,0,1,2,A,-,09,21804,A,N,H,G,A,A,H,-,B,A,0,NA,Y,NA,NA,Y,NA,L,04,0,1,0,0,0,0,1,0,0,-,-,NA,NA,RIVERSIDE,RIVERSIDE,-117.38811628,33.9648533
8310317,2017,2017-03-02,3300,2017-02-07,1006,N6000,505C,2,5,5,3341,0,0,0,NA,0,055,MENIFEE RD,SIMPSON RD,0,NA,Y,B,-,N,NA,NA,NA,NA,NA,NA,NA,NA,NA,Y,4,0,1,2,A,-,12,21453,A,N,D,C,A,B,H,-,A,A,0,NA,NA,NA,NA,Y,NA,A,08,0,0,1,0,0,0,0,0,0,-,-,33.70699,-117.15394,RIVERSIDE,MENIFEE,-117.15391003,33.70689007
8310561,2016,2017-02-27,3300,2016-12-30,1640,4309,504A,5,5,5,3341,0,0,0,NA,0,054,MURRIETA RD,SANDY LODGE RD,0,NA,Y,C,-,N,NA,NA,NA,NA,NA,NA,NA,NA,NA,N,2,0,2,2,A,-,09,21801,A,N,D,C,A,B,H,-,C,D,0,NA,NA,NA,NA,Y,NA,A,01,1,0,1,0,0,0,0,0,0,-,-,33.71294,-117.20627,RIVERSIDE,MENIFEE,-117.20623009,33.71289003
8310721,2017,2017-03-01,3313,2017-01-11,2034,1499,1,3,5,7,3313,0,0,0,NA,0,T42,CHICAGO AV,3RD ST,22,S,N,A,-,N,NA,NA,NA,NA,NA,NA,NA,NA,NA,Y,4,0,3,2,A,-,12,21453,A,N,D,C,A,A,H,-,C,A,0,NA,NA,NA,NA,Y,NA,A,01,0,0,3,0,0,0,0,0,0,-,-,33.98313,-117.34866,RIVERSIDE,RIVERSIDE,-117.34846144,33.98294974
8311276,2017,2017-03-03,3311,2017-02-14,1155,15648,NA,2,5,4,3311,0,0,0,NA,0,004,VISTA CHINO,CLUBHOUSE VIEW DR,0,NA,Y,A,-,N,NA,NA,NA,NA,NA,NA,NA,NA,NA,Y,4,0,1,2,A,-,03,22350,NA,N,C,C,A,A,H,-,A,A,0,NA,NA,NA,NA,Y,NA,A,01,0,0,1,0,0,0,0,0,0,-,-,33.84487,-116.50222,RIVERSIDE,PALM SPRINGS,-116.50200006,33.84492001
8311809,2017,2017-03-03,3300,2017-02-02,1402,N5848,NA,4,5,4,3310,0,0,0,NA,0,NA,1ST ST,HAMNER AV,74,N,N,C,-,N,NA,NA,NA,NA,NA,NA,NA,NA,NA,N,4,0,1,3,A,-,00,23103,NA,N,D,-,A,B,H,-,A,A,0,NA,NA,NA,NA,Y,NA,D,22,0,0,1,0,0,0,0,0,0,-,-,NA,NA,RIVERSIDE,NORCO,-117.56229,33.90201
8312554,2017,2017-03-06,3313,2017-01-09,1110,0282,5,1,5,7,3313,0,0,0,NA,0,T48,LA SIERRA AV,MAGNOLIA AV,384,N,N,B,C,N,NA,NA,NA,NA,NA,NA,NA,NA,NA,N,4,0,1,2,A,-,07,21658,A,N,B,C,A,B,H,-,A,D,0,NA,NA,NA,NA,Y,NA,A,01,0,0,1,0,0,0,0,0,0,-,-,33.90334,-117.47612,RIVERSIDE,RIVERSIDE,-117.47707935,33.90439453
8312556,2016,2017-03-01,3313,2016-11-27,0422,1788,1,7,5,7,3313,0,0,0,NA,0,A123,UNIVERSITY AV,LIME ST,0,NA,Y,A,-,N,NA,NA,NA,NA,NA,NA,NA,NA,NA,N,4,0,1,2,A,-,09,21801,A,M,A,C,A,A,H,-,C,A,0,NA,NA,NA,NA,Y,Y,A,01,0,0,1,0,0,0,0,0,0,-,-,33.98026,-117.37116,RIVERSIDE,RIVERSIDE,-117.37098006,33.98027001
8312659,2017,2017-02-24,3300,2017-01-27,2215,N5330,001F,5,5,6,3345,0,0,0,NA,0,012,SIERRA AV,KAREN LN,1470,W,N,A,G,N,NA,NA,NA,NA,NA,NA,NA,NA,NA,Y,3,0,1,1,A,-,03,22350,NA,N,F,J,A,A,H,-,D,A,0,NA,NA,NA,NA,Y,NA,A,01,0,1,0,0,0,0,0,0,0,-,-,NA,NA,RIVERSIDE,JURUPA VALLEY,-117.43120731,34.0319867
8312733,2017,2017-03-02,3313,2017-01-27,1726,1762,1,5,5,7,3313,0,0,0,NA,0,T44,14TH ST,ORANGE ST E,0,NA,Y,A,-,N,NA,NA,NA,NA,NA,NA,NA,NA,NA,Y,4,0,1,2,A,-,12,21453,A,N,D,C,A,A,H,-,C,A,0,NA,NA,NA,NA,Y,NA,A,01,0,0,1,0,0,0,0,0,0,-,-,33.97574,-117.37704,RIVERSIDE,RIVERSIDE,-117.37751008,33.9757801
8312791,2017,2017-03-06,3300,2017-01-19,1655,4449,002D,4,5,6,3345,0,0,0,NA,0,020,MISSION,MISSION 9170,0,NA,N,A,-,N,NA,NA,NA,NA,NA,NA,NA,NA,NA,Y,4,0,1,2,B,-,22,NA,NA,N,C,C,A,A,H,-,C,D,0,NA,NA,NA,NA,Y,NA,D,22,0,0,1,0,0,0,0,0,0,-,-,NA,NA,RIVERSIDE,JURUPA VALLEY,NA,NA
8313743,2017,2017-03-02,3313,2017-01-26,1800,1523,5,4,5,7,3313,0,0,0,NA,0,M22,TYLER ST,HEMET ST,223,N,N,A,-,N,NA,NA,NA,NA,NA,NA,NA,NA,NA,N,4,0,1,3,A,-,09,21804,A,M,G,B,F,A,H,-,C,A,0,Y,NA,NA,NA,Y,NA,D,22,0,0,1,0,1,0,0,0,0,-,-,NA,NA,RIVERSIDE,RIVERSIDE,-117.45963495,33.90963928
8313988,2017,2017-03-01,3300,2017-02-11,1924,4713,910K,6,5,5,3335,0,0,0,NA,0,064,YNEZ RD,RANCHO VISTA DR,404,S,N,A,-,N,NA,NA,NA,NA,NA,NA,NA,NA,NA,Y,4,0,2,3,A,-,03,22350,NA,N,C,C,A,A,H,-,C,A,0,NA,NA,NA,NA,Y,NA,A,01,0,0,2,0,0,0,0,0,0,-,-,NA,NA,RIVERSIDE,TEMECULA,-117.14135311,33.49748387
8314000,2017,2017-03-01,3300,2017-02-08,0641,3406,910N,3,5,5,3335,0,0,0,NA,0,064,AMARITA WY,SANTIAGO RD,0,NA,Y,A,-,N,NA,NA,NA,NA,NA,NA,NA,NA,NA,Y,4,0,2,2,A,-,09,21801,A,N,A,C,A,A,H,-,B,A,0,NA,NA,NA,NA,Y,NA,A,01,0,0,2,0,0,0,0,0,0,-,-,33.49493,-117.10823,RIVERSIDE,TEMECULA,-117.10820002,33.49525002
8314343,2017,2017-03-10,3300,2017-02-07,1206,5132,40D1,2,5,3,3392,0,0,0,NA,0,LA40,MILES AV,DUNE PALMS RD,0,NA,Y,A,-,N,NA,NA,NA,NA,NA,NA,NA,NA,NA,Y,3,0,1,2,A,-,12,21453,A,N,D,-,A,A,H,-,A,A,0,NA,NA,NA,NA,Y,NA,A,01,0,1,0,0,0,0,0,0,0,-,-,33.7219,-116.27753,RIVERSIDE,LA QUINTA,-116.27751009,33.72190004
8314371,2017,2017-03-10,3300,2017-02-08,1400,2403,920C,3,5,4,3314,0,0,0,NA,0,070,7TH ST,IVY CREST DR,0,NA,Y,A,-,N,NA,NA,NA,NA,NA,NA,NA,NA,NA,Y,4,0,1,2,A,-,03,22350,NA,N,C,C,A,A,H,-,A,D,0,NA,NA,NA,NA,Y,NA,A,01,0,0,1,0,0,0,0,0,0,-,-,33.78011,-116.99374,RIVERSIDE,SAN JACINTO,-116.99367005,33.78007002
8314420,2017,2017-03-07,3300,2017-02-13,1215,N1673,36J3,1,5,4,3318,0,0,0,NA,0,T36,HOVLEY LN EAST,CORPORATE WY,463,E,N,A,-,N,NA,NA,NA,NA,NA,NA,NA,NA,NA,Y,4,0,2,2,A,-,03,22350,NA,N,C,C,A,A,H,-,A,A,0,NA,NA,NA,NA,Y,NA,A,07,0,0,2,0,0,0,0,0,0,-,-,NA,NA,RIVERSIDE,PALM DESERT,-116.36082347,33.74713678
8315293,2017,2017-03-07,3300,2017-02-20,2006,N4445,910O,1,5,5,3335,0,0,0,NA,0,070,TEMECULA PKWY,MARGARITA RD,350,W,N,A,-,N,NA,NA,NA,NA,NA,NA,NA,NA,NA,N,4,0,1,2,A,-,00,21954,NA,N,-,B,D,A,H,-,C,D,0,Y,NA,NA,NA,Y,Y,N,60,0,0,1,0,1,0,0,0,0,-,-,NA,NA,RIVERSIDE,TEMECULA,-117.10271358,33.48008659
8316161,2017,2017-02-24,3300,2017-02-10,1508,N5482,24B2,5,5,3,3317,0,0,0,NA,0,024,DINAH SHORE DR,DA VALL DR,77,E,N,A,-,N,NA,NA,NA,NA,NA,NA,NA,NA,NA,Y,4,0,1,2,A,-,03,22350,NA,N,C,C,A,A,H,-,A,A,0,NA,NA,NA,NA,Y,NA,A,01,0,0,1,0,0,0,0,0,0,-,-,NA,NA,RIVERSIDE,RANCHO MIRAGE,-116.440388,33.80144189
8316522,2016,2017-02-27,3325,2016-10-02,2500,549,3325,7,5,4,3325,0,0,0,NA,0,002,DATE PALM DR,ORTEGA RD,31,S,N,A,-,N,NA,NA,NA,NA,NA,NA,NA,NA,NA,Y,2,0,1,1,A,-,03,22350,NA,N,B,I,A,A,H,-,A,A,0,NA,NA,NA,NA,Y,NA,A,01,1,0,0,0,0,0,0,0,0,-,-,NA,NA,RIVERSIDE,CATHEDRAL CITY,-116.45806127,33.80496517
8316637,2017,2017-03-06,3301,2017-01-17,1526,U422,21,2,5,4,3301,0,0,0,NA,0,001,W LIVINGSTON,2ND ST,0,NA,Y,A,-,N,NA,NA,NA,NA,NA,NA,NA,NA,NA,N,2,0,1,2,A,-,11,21956,A,N,G,B,E,A,H,-,A,D,0,Y,NA,NA,NA,Y,NA,A,07,1,0,0,0,1,0,0,0,0,-,-,33.92456,-116.87889,RIVERSIDE,BANNING,-116.87891005,33.92456001
8316781,2016,2018-03-26,3300,2016-10-25,1200,3290,916D,2,5,4,3312,0,0,0,NA,0,035,ETHANAC RD,RT 215,0,NA,Y,A,-,Y,RIV,8,215,-,-,22.575,R,4,S,N,4,0,1,2,A,-,03,22350,NA,N,C,C,A,A,H,-,A,A,0,NA,NA,NA,NA,Y,NA,D,22,0,0,1,0,0,0,0,0,0,-,-,NA,NA,RIVERSIDE,PERRIS,-117.18956556,33.74029112
8316790,2017,2017-03-03,3308,2017-02-19,0449,10515,516,7,5,5,3308,0,0,0,NA,0,NORTH,STATE ST,OAKLAND AV,261,N,N,B,C,N,NA,NA,NA,NA,NA,NA,NA,NA,NA,Y,3,0,2,1,A,-,08,22107,NA,N,E,I,A,A,H,-,D,A,0,NA,NA,NA,NA,Y,NA,D,22,0,1,1,0,0,0,0,0,0,-,-,NA,NA,RIVERSIDE,HEMET,-116.97176,33.75549469
8317023,2017,2018-06-07,3308,2017-01-23,1138,10636,517,1,5,5,3308,0,0,0,NA,0,SOUTH,FLORIDA AV,FRANKLIN ST,0,NA,Y,C,-,Y,RIV,8,74,-,-,40.9,I,5,E,Y,4,0,1,2,A,-,12,22450,A,F,D,C,A,B,H,-,A,A,0,NA,NA,NA,NA,Y,NA,A,01,0,0,1,0,0,0,0,0,0,-,-,NA,NA,RIVERSIDE,HEMET,-116.96626673,33.74751823