CASE_ID,ACCIDENT_YEAR,PROC_DATE,JURIS,COLLISION_DATE,COLLISION_TIME,OFFICER_ID,REPORTING_DISTRICT,DAY_OF_WEEK,CHP_SHIFT,POPULATION,CNTY_CITY_LOC,SPECIAL_COND,BEAT_TYPE,CHP_BEAT_TYPE,CITY_DIVISION_LAPD,CHP_BEAT_CLASS,BEAT_NUMBER,PRIMARY_RD,SECONDARY_RD,DISTANCE,DIRECTION,INTERSECTION,WEATHER_1,WEATHER_2,STATE_HWY_IND,CALTRANS_COUNTY,CALTRANS_DISTRICT,STATE_ROUTE,ROUTE_SUFFIX,POSTMILE_PREFIX,POSTMILE,LOCATION_TYPE,RAMP_INTERSECTION,SIDE_OF_HWY,TOW_AWAY,COLLISION_SEVERITY,NUMBER_KILLED,NUMBER_INJURED,PARTY_COUNT,PRIMARY_COLL_FACTOR,PCF_CODE_OF_VIOL,PCF_VIOL_CATEGORY,PCF_VIOLATION,PCF_VIOL_SUBSECTION,HIT_AND_RUN,TYPE_OF_COLLISION,MVIW,PED_ACTION,ROAD_SURFACE,ROAD_COND_1,ROAD_COND_2,LIGHTING,CONTROL_DEVICE,CHP_ROAD_TYPE,PEDESTRIAN_ACCIDENT,BICYCLE_ACCIDENT,MOTORCYCLE_ACCIDENT,TRUCK_ACCIDENT,NOT_PRIVATE_PROPERTY,ALCOHOL_INVOLVED,STWD_VEHTYPE_AT_FAULT,CHP_VEHTYPE_AT_FAULT,COUNT_SEVERE_INJ,COUNT_VISIBLE_INJ,COUNT_COMPLAINT_PAIN,COUNT_PED_KILLED,COUNT_PED_INJURED,COUNT_BICYCLIST_KILLED,COUNT_BICYCLIST_INJURED,COUNT_MC_KILLED,COUNT_MC_INJURED,PRIMARY_RAMP,SECONDARY_RAMP,LATITUDE,LONGITUDE,COUNTY,CITY,POINT_X,POINT_Y
84569626,2025,2025-02-07,3311,2025-01-21,1815,15919,NA,2,5,4,3311,0,0,0,NA,0,004,SR 111 (VISTA CHINO),VIA ROBERTO MIGUEL,76,W,N,A,-,Y,RIV,NA,111,NA,T,51.836,H,NA,R,Y,3,0,1,2,A,-,04,21703,NA,N,C,C,A,A,H,-,C,D,0,NA,NA,NA,NA,Y,NA,A,01,0,1,0,0,0,0,0,0,0,-,-,33.844940185546875,-116.51013946533205,RIVERSIDE,PALM SPRINGS,-116.51013946533205,33.84494400024414
8457071,2017,2017-10-09,3313,2017-09-07,1106,1026,E,4,5,7,3313,0,0,0,NA,0,T52,TRAUTWEIN RD,JOHNNY F KENNEDY DR,0,NA,Y,A,-,N,NA,NA,NA,NA,NA,NA,NA,NA,NA,Y,3,0,3,3,A,-,12,21453,A,N,D,C,A,A,H,-,A,A,0,NA,NA,NA,NA,Y,NA,A,08,0,1,2,0,0,0,0,0,0,-,-,33.90196,-117.32625,RIVERSIDE,RIVERSIDE,-117.32633002,33.90193005
84573183,2025,2025-02-11,3300,2025-01-10,1750,4593,NA,5,5,2,3336,0,0,0,NA,0,021,DESERT LAWN DR,BROOKSIDE AVE,0,NA,Y,A,-,N,NA,NA,NA,NA,NA,NA,NA,NA,NA,Y,3,0,1,3,A,-,09,21804,A,N,B,C,A,A,H,-,B,A,0,NA,NA,NA,NA,Y,Y,A,01,0,1,0,0,0,0,0,0,0,-,-,33.959468841552734,-117.02651977539063,RIVERSIDE,CALIMESA,-117.02642822265624,33.95941925048828
8457628,2017,2017-10-06,3313,2017-09-16,0211,1867,2,6,5,7,3313,0,0,0,NA,0,1R27,MARTIN LUTHER KING BL,CHICAGO AV,0,NA,Y,A,-,N,NA,NA,NA,NA,NA,NA,NA,NA,NA,N,4,0,1,2,A,-,08,22107,NA,F,B,C,A,A,H,-,C,A,0,NA,NA,NA,NA,Y,NA,D,22,0,0,1,0,0,0,0,0,0,-,-,33.96806,-117.34849,RIVERSIDE,RIVERSIDE,-117.34851008,33.96828004
84577362,2025,2025-02-13,3300,2025-02-10,900,N4544,NA,1,5,6,3345,0,0,0,NA,0,016,RUBIDOUX BL,MISSION BL,194,N,N,A,-,N,NA,NA,NA,NA,NA,NA,NA,NA,NA,Y,3,0,1,2,A,-,03,22350,NA,N,C,C,A,A,H,-,A,D,0,NA,NA,NA,NA,Y,NA,A,01,0,1,0,0,0,0,0,0,0,-,-,33.9953498840332,-117.40624237060548,RIVERSIDE,JURUPA VALLEY,-117.4069366455078,33.99746322631836
84580530,2024,2025-02-17,3300,2024-12-30,1748,6529,NA,1,5,6,3345,0,0,0,NA,0,026,PATS RANCH RD,68TH ST,9,N,N,A,-,N,NA,NA,NA,NA,NA,NA,NA,NA,NA,N,4,0,1,2,A,-,11,21950,B,N,D,G,A,A,H,-,C,A,0,NA,Y,NA,NA,Y,NA,L,04,0,0,1,0,0,0,1,0,0,-,-,33.964420318603516,-117.54630279541016,RIVERSIDE,JURUPA VALLEY,-117.546142578125,33.964534759521484
84580532,2025,2025-02-17,3300,2025-02-06,1445,N8226,NA,4,5,6,3345,0,0,0,NA,0,024,VAN BUREN BL,CLAY ST,159,S,N,A,-,N,NA,NA,NA,NA,NA,NA,NA,NA,NA,Y,2,0,1,2,A,-,08,22107,NA,N,E,I,A,A,H,-,A,D,0,NA,NA,NA,NA,Y,NA,A,01,1,0,0,0,0,0,0,0,0,-,-,33.96731948852539,-117.46681213378906,RIVERSIDE,JURUPA VALLEY,-117.46639251708984,33.96675109863281
84580533,2025,2025-02-17,3300,2025-02-10,2330,5585,NA,1,5,6,3345,0,0,0,NA,0,024,LIMONITE AV,BAKER ST,144,E,N,A,-,N,NA,NA,NA,NA,NA,NA,NA,NA,NA,N,3,0,1,1,A,-,08,22107,NA,N,E,I,A,A,H,-,C,D,0,NA,NA,NA,NA,Y,NA,A,01,0,1,0,0,0,0,0,0,0,-,-,33.9758415222168,-117.48204803466795,RIVERSIDE,JURUPA VALLEY,-117.48153686523438,33.97553634643555
84580580,2025,2025-02-17,3300,2025-02-12,1712,N8467,NA,3,5,6,3394,0,0,0,NA,0,MV26,ALESSANDRO BLVD,PERRIS BLVD,427,E,N,C,-,N,NA,NA,NA,NA,NA,NA,NA,NA,NA,N,3,0,2,2,A,-,08,22107,NA,N,A,C,A,B,H,-,A,A,0,NA,NA,NA,NA,Y,NA,A,01,0,2,0,0,0,0,0,0,0,-,-,33.91714859008789,-117.2263412475586,RIVERSIDE,MORENO VALLEY,-117.22493743896484,33.917240142822266
84580592,2025,2025-02-17,3300,2025-02-04,1550,4287,NA,2,5,4,3318,0,0,0,NA,0,NA,GERALD FORD DR,COOK ST,680,E,N,A,-,N,NA,NA,NA,NA,NA,NA,NA,NA,NA,Y,4,0,1,2,A,-,09,21804,A,N,D,C,A,A,H,-,A,D,0,NA,NA,NA,NA,Y,NA,A,07,0,0,1,0,0,0,0,0,0,-,-,33.78139114379883,-116.35569763183594,RIVERSIDE,PALM DESERT,-116.3535614013672,33.78144454956055
8458075,2017,2017-09-27,3313,2017-09-11,1349,1222,1,1,5,7,3313,0,0,0,NA,0,M36,14TH ST,MULBERRY ST,189,W,N,A,-,N,NA,NA,91,NA,NA,NA,NA,NA,NA,N,4,0,1,2,A,-,03,22350,NA,N,C,C,A,A,H,-,A,D,0,NA,NA,NA,NA,Y,NA,A,01,0,0,1,0,0,0,0,0,0,-,-,33.97412,-117.37362,RIVERSIDE,RIVERSIDE,-117.37326276,33.97385979
84581055,2025,2025-02-17,3300,2025-01-10,2235,5407,NA,5,5,4,3314,0,0,0,NA,0,074,LA ENTRADA,SAN JACINTO AVE,0,NA,Y,A,G,N,NA,NA,NA,NA,NA,NA,NA,NA,NA,N,3,0,1,2,A,-,09,21804,A,N,D,G,A,A,H,-,C,D,0,NA,Y,NA,NA,Y,NA,A,01,0,1,0,0,0,0,1,0,0,-,-,33.7711181640625,-116.95881652832033,RIVERSIDE,SAN JACINTO,-116.95880126953124,33.771148681640625
8458231,2017,2017-10-09,3300,2017-09-14,1010,N4544,603A2,4,5,6,3394,0,0,0,NA,0,032,ELSWORTH ST,GOLDENCREST DR,469,N,N,A,-,N,NA,NA,NA,NA,NA,NA,NA,NA,NA,Y,3,0,2,2,A,-,03,22350,NA,N,C,C,A,A,H,-,A,D,0,NA,NA,NA,NA,Y,NA,A,01,0,1,1,0,0,0,0,0,0,-,-,33.91158,-117.27028,RIVERSIDE,MORENO VALLEY,-117.2700836,33.91293447
84583301,2024,2025-02-19,3300,2024-12-28,1550,4145,NA,6,5,6,3394,0,0,0,NA,0,MV16,INDIAN ST,SUNNYMEAD BLVD,674,N,N,A,-,N,NA,NA,NA,NA,NA,NA,NA,NA,NA,N,4,0,2,3,A,-,03,22350,NA,M,C,C,A,A,A,-,A,A,0,NA,NA,NA,NA,Y,NA,D,22,0,0,2,0,0,0,0,0,0,-,-,33.939048767089844,-117.23497009277344,RIVERSIDE,MORENO VALLEY,-117.23505401611328,33.9409065246582
84583311,2025,2025-02-19,3300,2025-02-13,1310,N7669,NA,4,5,6,3394,0,0,0,NA,0,MV38,KRAMERIA AVE,SADDLEBROOK LN,0,NA,Y,A,C,N,NA,NA,NA,NA,NA,NA,NA,NA,NA,Y,4,0,2,2,A,-,12,22450,A,N,D,D,A,B,H,-,A,A,0,NA,NA,NA,NA,Y,NA,-,-,0,0,2,0,0,0,0,0,0,-,-,33.88111114501953,-117.2223663330078,RIVERSIDE,MORENO VALLEY,-117.22183227539063,33.88103103637695
84585745,2024,2025-02-21,3308,2024-11-20,1741,11046,NA,3,5,5,3308,0,0,0,NA,0,NORTH,DEVONSHIRE AVE,GILBERT ST,0,NA,Y,A,-,N,NA,NA,NA,NA,NA,NA,NA,NA,NA,Y,2,0,5,3,A,-,09,21801,A,N,D,E,A,A,H,-,B,A,0,NA,NA,NA,NA,Y,NA,A,01,2,2,1,0,0,0,0,0,0,-,-,NA,NA,RIVERSIDE,HEMET,-116.97604370117188,33.75113296508789
84586645,2025,2025-02-24,3300,2025-02-13,1840,N8056,NA,4,5,6,3394,0,0,0,NA,0,NA,INDIAN ST,WEBSTER AVE,0,NA,Y,C,-,N,NA,NA,NA,NA,NA,NA,NA,NA,NA,Y,3,0,1,2,A,-,09,21802,A,N,D,C,A,B,H,-,C,A,0,NA,NA,NA,NA,Y,NA,A,07,0,1,0,0,0,0,0,0,0,-,-,33.93724060058594,-117.23499298095705,RIVERSIDE,MORENO VALLEY,-117.23509216308594,33.93726348876953
84587381,2024,2026-02-16,3308,2024-09-23,1928,10379,NA,1,5,5,3308,0,0,0,NA,0,SOUTH,FLORIDA AVE,SANDERSON AVE,905,E,N,A,-,Y,RIV,NA,74,NA,NA,38.485,H,NA,R,N,1,1,0,2,A,-,11,21955,NA,N,G,B,D,A,H,-,C,D,0,Y,NA,NA,NA,Y,NA,N,60,0,0,0,1,0,0,0,0,0,-,-,33.74739074707031,-117.00652313232422,RIVERSIDE,HEMET,-117.00652313232422,33.747371673583984
84590107,2025,2025-02-26,3342,2025-02-11,1445,P1098,NA,2,5,4,3342,0,0,0,NA,0,006,DATE ST,MARGARITA RD,509,E,N,A,-,N,NA,NA,NA,NA,NA,NA,NA,NA,NA,Y,4,0,1,2,A,-,08,22107,NA,N,D,C,A,A,D,-,A,D,0,NA,NA,NA,NA,Y,NA,A,07,0,0,1,0,0,0,0,0,0,-,-,33.54526138305664,-117.15476989746094,RIVERSIDE,MURRIETA,-117.15348815917967,33.546180725097656
84591117,2025,2025-02-27,3300,2025-02-24,1241,5937,NA,1,5,4,3318,0,0,0,NA,0,T34,WASHINGTON ST,FRED WARING DR,0,NA,Y,A,-,N,NA,NA,NA,NA,NA,NA,NA,NA,NA,N,4,0,1,2,A,-,10,21950,A,F,G,B,B,A,H,-,A,A,0,Y,NA,NA,NA,Y,NA,A,07,0,0,1,0,1,0,0,0,0,-,-,NA,NA,RIVERSIDE,PALM DESERT,-116.3039779663086,33.7289924621582
84591311,2024,2025-02-27,3349,2024-12-20,256,321,NA,5,5,5,3341,0,0,0,NA,0,006,MURRIETA RD,E WORCESTER RD (N),510,S,N,A,-,N,NA,NA,NA,NA,NA,NA,NA,NA,NA,N,3,0,1,2,A,-,13,22515,B,N,G,B,E,A,H,-,C,A,0,Y,NA,NA,NA,Y,NA,-,98,0,1,0,0,1,0,0,0,0,-,-,33.70893859863281,-117.20622253417967,RIVERSIDE,MENIFEE,-117.20611572265624,33.707462310791016
84591325,2025,2025-02-27,3342,2025-02-03,1123,P898,NA,1,5,4,3342,0,0,0,NA,0,001,WASHINGTON AVE,WEEPING WILLOW LN,25,N,N,A,-,N,NA,NA,NA,NA,NA,NA,NA,NA,NA,Y,3,0,3,2,A,-,03,22350,NA,N,C,C,A,A,H,-,A,A,0,NA,NA,NA,Y,Y,NA,F,26,0,1,2,0,0,0,0,0,0,-,-,33.559791564941406,-117.22088623046876,RIVERSIDE,MURRIETA,-117.2208251953125,33.559791564941406
84592490,2025,2025-02-28,3342,2025-01-26,1436,P1420,NA,7,5,4,3342,0,0,0,NA,0,005,TREE RIDGE ST,HILL TOP LN,90,E,N,A,-,N,NA,NA,NA,NA,NA,NA,NA,NA,NA,N,3,0,1,2,A,-,11,21954,A,N,G,B,D,A,H,-,A,D,0,Y,NA,NA,NA,Y,NA,N,60,0,1,0,0,1,0,0,0,0,-,-,33.59022903442383,-117.17394256591795,RIVERSIDE,MURRIETA,-117.17355346679688,33.590240478515625
84594123,2025,2025-03-03,3308,2025-01-08,958,10877,NA,3,5,5,3308,0,0,0,NA,0,SOUTH,DOMENIGONI PKWY,SEARL PKWY,0,NA,Y,A,-,Y,NA,NA,NA,NA,NA,NA,NA,NA,NA,Y,3,0,2,2,A,-,12,22450,A,N,D,C,A,A,H,-,A,B,0,NA,NA,NA,NA,Y,NA,D,22,0,2,0,0,0,0,0,0,0,-,-,33.70920181274414,-116.991943359375,RIVERSIDE,HEMET,-116.99182891845705,33.709346771240234
8459413,2017,2017-09-27,3325,2017-04-08,2150,558,NA,6,5,4,3325,0,0,0,NA,0,003,PALM DR,PAUL RD,0,NA,Y,A,-,N,NA,NA,NA,NA,NA,NA,NA,NA,NA,Y,4,0,1,2,A,-,08,22107,NA,N,B,C,A,A,H,-,C,A,0,NA,NA,NA,NA,Y,NA,A,07,0,0,1,0,0,0,0,0,0,-,-,NA,NA,RIVERSIDE,CATHEDRAL CITY,-116.50185005,33.88304006
84595328,2025,2025-03-04,3300,2025-02-26,1040,4867,NA,3,5,6,3394,0,0,0,NA,0,MV14,PIGEON PASS RD,IRONWOOD AVE,260,S,N,A,-,N,NA,NA,NA,NA,NA,NA,NA,NA,NA,N,4,0,1,3,A,-,21,22106,NA,N,C,C,A,A,H,-,A,A,0,NA,NA,NA,NA,Y,NA,A,01,0,0,1,0,0,0,0,0,0,-,-,33.94660949707031,-117.26141357421876,RIVERSIDE,MORENO VALLEY,-117.26148223876952,33.94587707519531
84596564,2024,2025-03-05,3300,2024-11-21,1518,4024,NA,4,5,4,3307,0,0,0,NA,0,095,SH 74,I 15 SBOFF/R,0,NA,Y,A,-,Y,RIV,NA,74,NA,R,16.295,H,NA,R,Y,2,0,1,2,A,-,01,23152,F,N,D,C,A,A,H,-,A,A,0,NA,NA,Y,NA,Y,NA,C,02,1,0,0,0,0,0,0,0,1,-,-,33.691429138183594,-117.33817291259766,RIVERSIDE,LAKE ELSINORE,-117.33824157714844,33.69148635864258
84596585,2025,2025-03-05,3300,2025-01-27,1908,6171,NA,1,5,4,3307,0,0,0,NA,0,092,LAKESHORE DR,ELM ST,41,E,N,A,-,N,NA,NA,NA,NA,NA,NA,NA,NA,NA,N,3,0,1,2,A,-,08,22107,NA,F,B,G,A,A,H,-,D,D,0,NA,Y,NA,NA,Y,NA,A,01,0,1,0,0,0,0,1,0,0,-,-,33.66230010986328,-117.30451202392578,RIVERSIDE,LAKE ELSINORE,-117.30467987060548,33.660953521728516
84596594,2025,2025-03-05,3300,2025-03-04,815,5397,NA,2,5,4,3307,0,0,0,NA,0,092,DAVIS ST,HEALD AVE,0,NA,Y,A,-,N,NA,NA,NA,NA,NA,NA,NA,NA,NA,N,4,0,2,2,A,-,09,21802,A,N,D,C,A,A,H,-,A,D,0,NA,NA,NA,NA,Y,NA,A,01,0,0,2,0,0,0,0,0,0,-,-,33.67396926879883,-117.3420181274414,RIVERSIDE,LAKE ELSINORE,-117.34200286865234,33.67398452758789
84598016,2025,2025-03-06,3300,2025-02-17,1348,4300,NA,1,5,4,3314,0,0,0,NA,0,070,STATE ST,SAGECREST DR,37,N,N,A,-,N,NA,NA,NA,NA,NA,NA,NA,NA,NA,Y,3,0,2,2,A,-,03,22350,NA,N,C,C,A,A,H,-,A,A,0,NA,NA,NA,NA,Y,NA,D,22,0,2,0,0,0,0,0,0,0,-,-,33.80982971191406,-116.97216796875,RIVERSIDE,SAN JACINTO,-116.97211456298828,33.80977249145508
84600223,2025,2025-03-18,3300,2025-02-25,1437,5950,NA,2,5,4,3318,0,0,0,NA,0,T38,COUNTRY CLUB DR,TAMARISK ROW DR,0,NA,Y,A,-,N,NA,NA,NA,NA,NA,NA,NA,NA,NA,N,4,0,1,2,A,-,12,21453,A,N,D,C,A,A,H,-,A,A,0,NA,NA,NA,NA,Y,NA,A,07,0,0,1,0,0,0,0,0,0,-,-,33.75828170776367,-116.32127380371094,RIVERSIDE,PALM DESERT,-116.32128143310548,33.75838088989258
8460571,2017,2018-06-18,3315,2017-09-14,1023,11227,5A,4,5,6,3315,0,0,0,NA,0,NA,WEST 6TH ST,PASEO GRANDE,0,NA,Y,A,-,Y,RIV,8,91,-,-,4.247,R,4,E,Y,4,0,2,2,A,-,12,21453,A,N,-,C,A,A,H,-,A,A,0,NA,NA,NA,NA,Y,NA,-,NA,0,0,2,0,0,0,0,0,0,-,-,NA,NA,RIVERSIDE,CORONA,-117.60203941,33.88034458
84606877,2024,2025-03-18,3308,2024-12-31,2037,11089,NA,2,5,5,3308,0,0,0,NA,0,SOUTH,FLORIDA AVE,LYON AVE,625,E,N,A,-,N,NA,NA,NA,NA,NA,NA,NA,NA,NA,N,3,0,1,2,A,-,11,21954,A,N,G,B,E,A,H,-,C,D,0,Y,NA,NA,NA,Y,Y,N,60,0,1,0,0,1,0,0,0,0,-,-,33.74753952026367,-116.98918151855467,RIVERSIDE,HEMET,-116.987060546875,33.74739074707031
8461029,2017,2017-10-12,3311,2017-08-27,1410,15896,NA,7,5,4,3311,0,0,0,NA,0,004,GENE AUTRY TR,VIA ESCUELA,255,S,N,A,-,N,NA,NA,NA,NA,NA,NA,NA,NA,NA,Y,3,0,1,1,D,-,00,NA,NA,N,E,I,A,A,H,-,A,A,0,NA,NA,NA,NA,Y,NA,-,-,0,1,0,0,0,0,0,0,0,-,-,33.84836,-116.50579,RIVERSIDE,PALM SPRINGS,-116.50588997,33.84781216
8461796,2017,2017-10-13,3300,2017-09-22,2255,4867,603A3,5,5,6,3394,0,0,0,NA,0,MV32,CACTUS AV,GRAHAM ST,25,E,N,A,-,N,NA,NA,NA,NA,NA,NA,NA,NA,NA,Y,4,0,1,2,A,-,03,22350,NA,N,C,C,A,A,H,-,C,A,0,NA,NA,NA,NA,Y,NA,A,01,0,0,1,0,0,0,0,0,0,-,-,33.91012,-117.2525,RIVERSIDE,MORENO VALLEY,-117.25226787,33.91025886
8461812,2017,2017-11-07,3300,2017-08-13,1755,4571,603B2,7,5,6,3394,0,0,0,NA,0,034,KRAMERIA AV,COSMOS,15,W,N,A,-,N,NA,NA,NA,NA,NA,NA,NA,NA,NA,Y,3,0,1,2,A,-,12,22450,A,N,D,C,A,A,H,-,A,A,0,NA,NA,NA,Y,Y,NA,G,25,0,1,0,0,0,0,0,0,0,-,-,33.88335,-117.2393,RIVERSIDE,MORENO VALLEY,-117.23933927,33.88328989
8462029,2017,2017-10-11,3300,2017-09-22,0830,3968,603C2,5,5,6,3394,0,0,0,NA,0,MV36,LASSELLE ST,JOHN F KENNEDY DR,0,NA,Y,A,-,N,NA,NA,NA,NA,NA,NA,NA,NA,NA,N,4,0,1,2,D,-,00,NA,NA,F,G,B,E,A,H,-,A,D,0,Y,NA,NA,NA,Y,NA,-,-,0,0,1,0,1,0,0,0,0,-,-,33.90279,-117.20919,RIVERSIDE,MORENO VALLEY,-117.2089301,33.90280007
84628125,2025,2025-03-27,3349,2025-03-25,812,378,NA,2,5,5,3341,0,0,0,NA,0,004,BRADLEY RD,NEWPORT RD,235,S,N,A,-,N,NA,NA,NA,NA,NA,NA,NA,NA,NA,N,4,0,1,2,A,-,09,21804,A,N,D,C,A,A,H,-,A,D,0,NA,NA,NA,NA,Y,NA,A,01,0,0,1,0,0,0,0,0,0,-,-,33.68503189086914,-117.18863677978516,RIVERSIDE,MENIFEE,-117.18857574462892,33.68437576293945
84631115,2025,2025-03-31,3300,2025-02-27,1810,N8056,NA,4,5,6,3394,0,0,0,NA,0,MV24,COTTONWOOD AVE,GRAHAM ST,0,NA,Y,A,-,N,NA,NA,NA,NA,NA,NA,NA,NA,NA,N,4,0,1,2,A,-,12,21453,A,N,D,C,A,A,H,-,C,A,0,NA,NA,NA,NA,Y,NA,A,01,0,0,1,0,0,0,0,0,0,-,-,33.92449188232422,-117.25238037109376,RIVERSIDE,MORENO VALLEY,-117.25244903564452,33.924537658691406
84633594,2025,2025-04-02,3300,2025-03-25,718,4523,NA,2,5,6,3394,0,0,0,NA,0,MV42,CACTUS AVE,NASON ST,136,W,N,A,-,Y,NA,NA,NA,NA,NA,NA,NA,NA,NA,Y,3,0,2,2,A,-,03,22350,NA,N,C,C,A,A,H,-,A,A,0,NA,NA,NA,NA,Y,NA,A,01,0,2,0,0,0,0,0,0,0,-,-,33.910091400146484,-117.19159698486328,RIVERSIDE,MORENO VALLEY,-117.19205474853516,33.91011047363281
8463455,2017,2017-10-23,3300,2017-09-29,1850,4546,910S,5,5,5,3335,0,0,0,NA,0,069,REDHAWK PKWY,CAMINO CARMARGO,0,NA,Y,A,-,N,NA,NA,NA,NA,NA,NA,NA,NA,NA,Y,4,0,1,2,D,-,00,NA,NA,N,A,C,A,A,H,-,B,D,0,NA,NA,NA,NA,Y,NA,-,-,0,0,1,0,0,0,0,0,0,-,-,33.47008,-117.09493,RIVERSIDE,TEMECULA,-117.09527,33.47006005
84636895,2025,2025-04-04,3300,2025-01-23,947,6227,NA,4,5,4,3307,0,0,0,NA,0,092,LAKESHORE DR,COUNTRY CLUB BLV,0,NA,Y,A,-,N,NA,NA,NA,NA,NA,NA,NA,NA,NA,Y,4,0,1,2,A,-,08,22107,NA,N,B,C,A,A,H,-,A,D,0,NA,NA,NA,NA,Y,NA,-,-,0,0,1,0,0,0,0,0,0,-,-,33.66498947143555,-117.32227325439452,RIVERSIDE,LAKE ELSINORE,-117.32252502441406,33.663429260253906
84638464,2025,2025-04-07,3300,2025-03-11,1942,N8604,NA,2,5,3,3392,0,0,0,NA,0,LA41,HWY 111,WASHINGTON ST,0,NA,Y,A,-,N,NA,NA,NA,NA,NA,NA,NA,NA,NA,N,4,0,1,2,A,-,08,22107,NA,N,C,C,A,A,H,-,D,D,0,NA,NA,Y,NA,Y,NA,C,06,0,0,1,0,0,0,0,0,1,-,-,33.71514892578125,-116.29502868652344,RIVERSIDE,LA QUINTA,-116.29499053955078,33.71527862548828
84639019,2025,2025-04-07,3308,2025-02-05,1513,11109,NA,3,5,5,3308,0,0,0,NA,0,SOUTH,ACACIA AVE,PALM AVE,0,NA,Y,A,-,N,NA,NA,NA,NA,NA,NA,NA,NA,NA,N,2,0,1,2,A,-,05,21650,1,N,D,G,A,A,H,-,A,A,0,NA,Y,NA,NA,Y,NA,L,04,1,0,0,0,0,0,1,0,0,-,-,33.74386978149414,-116.98046875,RIVERSIDE,HEMET,-116.9803466796875,33.74381637573242
84640433,2025,2025-04-09,3300,2025-04-06,925,N4544,NA,7,5,6,3345,0,0,0,NA,0,024,LIMONITE AV,COREY ST,13,W,N,A,-,N,NA,NA,NA,NA,NA,NA,NA,NA,NA,Y,3,0,5,2,A,-,01,23152,A,N,D,C,A,A,H,-,A,D,0,NA,NA,NA,NA,Y,Y,D,22,0,5,0,0,0,0,0,0,0,-,-,33.97584915161133,-117.4853515625,RIVERSIDE,JURUPA VALLEY,-117.4853057861328,33.975521087646484
84642209,2024,2025-04-09,3300,2024-09-28,2250,6137,NA,6,5,5,3335,0,0,0,NA,0,069,PECHANGA PKY,VIA CONSUELO,0,NA,Y,A,-,N,NA,NA,NA,NA,NA,NA,NA,NA,NA,N,4,0,1,2,A,-,12,21453,A,N,D,C,A,A,H,-,C,A,0,NA,NA,Y,Y,Y,NA,-,-,0,0,1,0,0,0,0,0,1,-,-,33.465301513671875,-117.11553955078124,RIVERSIDE,TEMECULA,-117.11540985107422,33.465301513671875
84643798,2025,2025-04-10,3300,2025-03-04,1635,6518,NA,2,5,2,3316,0,0,0,NA,0,J87,FRED WARING DR,WARNER TRL,0,NA,Y,A,-,N,NA,NA,NA,NA,NA,NA,NA,NA,NA,N,4,0,2,2,A,-,12,21453,A,N,D,D,A,A,H,-,B,A,0,NA,NA,NA,NA,Y,NA,A,01,0,0,2,0,0,0,0,0,0,-,-,33.72895050048828,-116.31259155273438,RIVERSIDE,INDIAN WELLS,-116.3126220703125,33.72897720336914
84647028,2025,2025-04-14,3311,2025-03-26,2113,16549,NA,3,5,4,3311,0,0,0,NA,0,002,TACHEVAH DRIVE,AVENIDA OLIVOS,83,E,N,A,-,N,NA,NA,NA,NA,NA,NA,NA,NA,NA,Y,4,0,1,3,A,-,01,23152,F,N,A,E,A,A,H,-,C,D,0,NA,NA,NA,NA,Y,NA,A,01,0,0,1,0,0,0,0,0,0,-,-,33.837318420410156,-116.54466247558594,RIVERSIDE,PALM SPRINGS,-116.54421997070313,33.83755111694336
84649127,2025,2025-04-15,3300,2025-04-03,1350,N4187,NA,4,5,4,3312,0,0,0,NA,0,035,PERRIS BL,4TH ST,90,S,N,A,-,N,NA,NA,NA,NA,NA,NA,NA,NA,NA,N,4,0,1,2,A,-,07,21658,A,N,B,C,A,A,H,-,A,D,0,NA,NA,NA,NA,Y,NA,A,07,0,0,1,0,0,0,0,0,0,-,-,33.782318115234375,-117.22605895996094,RIVERSIDE,PERRIS,-117.2260971069336,33.78212356567383
8465198,2017,2017-11-28,3313,2017-09-22,1540,1537,5,5,5,7,3313,0,0,0,NA,0,M16,LA SIERRA AV,NORWOOD AV,0,NA,Y,A,-,N,NA,NA,NA,NA,NA,NA,NA,NA,NA,Y,4,0,2,2,A,-,12,21453,A,N,D,C,A,A,H,-,A,A,0,NA,NA,NA,NA,Y,NA,A,07,0,0,2,0,0,0,0,0,0,-,-,33.92319,-117.4911,RIVERSIDE,RIVERSIDE,-117.49133,33.92324003
84652780,2025,2025-04-17,3315,2025-04-13,1347,004274,NA,7,5,6,3315,0,0,0,NA,0,002,GRIFFIN WY,BRITTANY DR,0,NA,Y,A,-,N,NA,NA,NA,NA,NA,NA,NA,NA,NA,N,4,0,1,2,A,-,09,21802,A,N,D,C,A,A,H,-,A,A,0,NA,NA,NA,NA,Y,NA,-,-,0,0,1,0,0,0,0,0,0,-,-,33.894710540771484,-117.5075912475586,RIVERSIDE,CORONA,-117.50753021240234,33.89461135864258
84654198,2025,2025-04-18,3300,2025-04-03,1200,N6671,NA,4,5,2,3316,0,0,0,NA,0,J87,HWY 111,MOUNTAIN COVE DR,21,E,N,A,-,Y,NA,NA,NA,NA,NA,NA,NA,NA,NA,Y,3,0,3,2,A,-,12,21453,A,N,A,C,A,A,H,-,A,A,0,NA,NA,NA,NA,Y,NA,A,01,0,1,2,0,0,0,0,0,0,-,-,33.71672058105469,-116.30381011962892,RIVERSIDE,INDIAN WELLS,-116.30374908447266,33.71674728393555