CASE_ID,ACCIDENT_YEAR,PROC_DATE,JURIS,COLLISION_DATE,COLLISION_TIME,OFFICER_ID,REPORTING_DISTRICT,DAY_OF_WEEK,CHP_SHIFT,POPULATION,CNTY_CITY_LOC,SPECIAL_COND,BEAT_TYPE,CHP_BEAT_TYPE,CITY_DIVISION_LAPD,CHP_BEAT_CLASS,BEAT_NUMBER,PRIMARY_RD,SECONDARY_RD,DISTANCE,DIRECTION,INTERSECTION,WEATHER_1,WEATHER_2,STATE_HWY_IND,CALTRANS_COUNTY,CALTRANS_DISTRICT,STATE_ROUTE,ROUTE_SUFFIX,POSTMILE_PREFIX,POSTMILE,LOCATION_TYPE,RAMP_INTERSECTION,SIDE_OF_HWY,TOW_AWAY,COLLISION_SEVERITY,NUMBER_KILLED,NUMBER_INJURED,PARTY_COUNT,PRIMARY_COLL_FACTOR,PCF_CODE_OF_VIOL,PCF_VIOL_CATEGORY,PCF_VIOLATION,PCF_VIOL_SUBSECTION,HIT_AND_RUN,TYPE_OF_COLLISION,MVIW,PED_ACTION,ROAD_SURFACE,ROAD_COND_1,ROAD_COND_2,LIGHTING,CONTROL_DEVICE,CHP_ROAD_TYPE,PEDESTRIAN_ACCIDENT,BICYCLE_ACCIDENT,MOTORCYCLE_ACCIDENT,TRUCK_ACCIDENT,NOT_PRIVATE_PROPERTY,ALCOHOL_INVOLVED,STWD_VEHTYPE_AT_FAULT,CHP_VEHTYPE_AT_FAULT,COUNT_SEVERE_INJ,COUNT_VISIBLE_INJ,COUNT_COMPLAINT_PAIN,COUNT_PED_KILLED,COUNT_PED_INJURED,COUNT_BICYCLIST_KILLED,COUNT_BICYCLIST_INJURED,COUNT_MC_KILLED,COUNT_MC_INJURED,PRIMARY_RAMP,SECONDARY_RAMP,LATITUDE,LONGITUDE,COUNTY,CITY,POINT_X,POINT_Y
8499210,2017,2017-12-05,3313,2017-11-03,1529,1523,5,5,5,7,3313,0,0,0,NA,0,M22,TYLER ST,CAMPBELL AV,0,NA,Y,B,-,N,NA,NA,NA,NA,NA,NA,NA,NA,NA,Y,4,0,1,2,A,-,12,21453,A,N,D,C,A,A,H,-,A,A,0,NA,NA,NA,NA,Y,NA,D,22,0,0,1,0,0,0,0,0,0,-,-,NA,NA,RIVERSIDE,RIVERSIDE,-117.47904006,33.93625006
8499239,2017,2017-12-06,3313,2017-11-10,1623,1475,3,5,5,7,3313,0,0,0,NA,0,M19,TRAUTWEIN RD,ORANGE TERRACE PKWY,72,N,N,A,-,N,NA,NA,NA,NA,NA,NA,NA,NA,NA,N,4,0,1,2,A,-,03,22350,NA,N,C,C,A,A,H,-,C,A,0,NA,NA,NA,NA,Y,NA,D,22,0,0,1,0,0,0,0,0,0,-,-,33.89481,-117.32499,RIVERSIDE,RIVERSIDE,-117.32498352,33.89497724
8499377,2017,2017-12-07,3313,2017-11-05,1813,1817,4,7,5,7,3313,0,0,0,NA,0,4R42,ARLINGTON AV,STREETER AV,0,NA,Y,A,-,N,NA,NA,NA,NA,NA,NA,NA,NA,NA,N,3,0,1,2,A,-,10,21950,A,N,G,B,B,A,H,-,A,A,0,Y,NA,NA,NA,Y,NA,A,01,0,1,0,0,1,0,0,0,0,-,-,33.94581,-117.41829,RIVERSIDE,RIVERSIDE,-117.41851002,33.94606005
8499394,2017,2017-12-07,3313,2017-11-09,0812,1389,2,4,5,7,3313,0,0,0,NA,0,T53,CANYO CREST DR,MARTIN LUTHER KING BL,1099,S,N,A,-,N,NA,NA,NA,NA,NA,NA,NA,NA,NA,Y,4,0,2,2,A,-,03,22350,NA,N,C,C,A,A,H,-,A,A,0,NA,NA,NA,NA,Y,NA,A,01,0,0,2,0,0,0,0,0,0,-,-,33.96825,-117.33104,RIVERSIDE,RIVERSIDE,-117.33112611,33.96516917
8499414,2017,2017-12-07,3313,2017-11-11,1145,N5426,NA,6,5,7,3313,0,0,0,NA,0,NA,UNIVERSITY AV,CRANFORD AV,50,E,N,A,-,N,NA,NA,NA,NA,NA,NA,NA,NA,NA,N,4,0,1,1,A,-,08,22107,NA,N,E,I,A,A,H,-,A,D,0,NA,NA,NA,NA,Y,NA,A,01,0,0,1,0,0,0,0,0,0,-,-,33.97552,-117.3441,RIVERSIDE,RIVERSIDE,-117.34403557,33.97573
8499427,2017,2017-12-18,3313,2017-11-12,1112,1403,W,7,5,7,3313,0,0,0,NA,0,2R57,LA SIERRA AV,CHANNING DR,0,NA,Y,A,-,N,NA,NA,NA,NA,NA,NA,NA,NA,NA,Y,4,0,2,2,A,-,12,21453,A,N,D,C,A,A,H,-,A,A,0,NA,NA,NA,NA,Y,NA,A,01,0,0,2,0,0,0,0,0,0,-,-,33.90537,-117.47773,RIVERSIDE,RIVERSIDE,-117.47794008,33.90544008
84997746,2025,2026-01-05,3313,2025-12-22,2058,2324,NA,1,5,7,3313,0,0,0,NA,0,T72,LA SIERRA AVE,COLLETT AVE,364,N,-,A,-,N,NA,NA,NA,NA,NA,NA,NA,NA,NA,Y,3,0,1,2,A,-,08,22107,NA,F,C,C,A,A,H,-,C,D,0,NA,NA,NA,NA,Y,NA,A,01,0,1,0,0,0,0,0,0,0,-,-,NA,NA,RIVERSIDE,RIVERSIDE,-117.48380279541016,33.91261672973633
8499909,2017,2017-12-08,3300,2017-11-21,1820,4449,002T,2,5,6,3345,0,0,0,NA,0,024,VAN BUREN BL,CLAY ST,1381,N,N,A,-,N,NA,NA,NA,NA,NA,NA,NA,NA,NA,N,4,0,1,2,A,-,05,21202,A,N,H,G,A,A,H,-,D,D,0,NA,Y,NA,NA,Y,NA,L,04,0,0,1,0,0,0,1,0,0,-,-,33.96732,-117.46681,RIVERSIDE,JURUPA VALLEY,-117.47024984,33.96928157
8500353,2017,2017-12-05,3300,2017-10-28,2245,4938,910G,6,5,5,3335,0,0,0,NA,0,2245,MARGARITA RD,SOLANA WY,831,S,N,A,-,N,NA,NA,NA,NA,NA,NA,NA,NA,NA,N,2,0,1,2,A,-,17,24250,NA,N,D,C,A,A,H,-,C,D,0,NA,NA,NA,NA,Y,NA,A,01,1,0,0,0,0,0,0,0,0,-,-,33.5162,-117.14992,RIVERSIDE,TEMECULA,-117.14849234,33.51431851
85005250,2025,2026-01-09,3300,2025-12-31,824,6161,NA,3,5,5,3335,0,0,0,NA,0,064,RANCHO CALIFORNIA RD,MEADOWS PKY,0,NA,Y,B,-,N,NA,NA,NA,NA,NA,NA,NA,NA,NA,Y,3,0,2,2,A,-,09,21453,C,N,D,C,A,A,H,-,A,A,0,NA,NA,NA,NA,Y,NA,A,01,0,2,0,0,0,0,0,0,0,-,-,33.5141487121582,-117.10484313964844,RIVERSIDE,TEMECULA,-117.10483551025392,33.51405715942383
85007531,2025,2026-01-12,3313,2025-11-12,1619,2018,NA,3,5,7,3313,0,0,0,NA,0,T47,CHICAGO AVE,TWELFTH ST,10,N,-,A,-,N,NA,NA,NA,NA,NA,NA,NA,NA,NA,N,1,1,0,2,A,-,11,21950,B,N,G,B,E,A,H,-,A,D,0,Y,NA,NA,NA,Y,NA,N,60,0,0,0,1,0,0,0,0,0,-,-,NA,NA,RIVERSIDE,RIVERSIDE,-117.34851837158205,33.97181701660156
8500809,2017,2017-12-21,3300,2017-11-07,0001,3613,506A,2,5,5,3341,0,0,0,NA,0,056,LAZY CREEK RD,SQUAW VALLEY DR,45,W,N,A,-,N,NA,NA,NA,NA,NA,NA,NA,NA,NA,Y,3,0,1,2,A,-,08,22107,NA,N,C,E,A,A,H,-,C,D,0,NA,NA,NA,NA,Y,NA,A,07,0,1,0,0,0,0,0,0,0,-,-,NA,NA,RIVERSIDE,MENIFEE,-117.20462746,33.688699
85016687,2025,2026-01-16,3313,2025-12-08,1645,2324,NA,1,5,7,3313,0,0,0,NA,0,T49,MONROE ST,GRATTON ST,710,N,-,A,-,N,NA,NA,NA,NA,NA,NA,NA,NA,NA,N,3,0,1,1,A,-,08,22107,NA,N,E,I,A,A,H,-,A,D,0,NA,NA,NA,NA,Y,NA,D,22,0,1,0,0,0,0,0,0,0,-,-,NA,NA,RIVERSIDE,RIVERSIDE,-117.4050064086914,33.89613342285156
8502458,2017,2018-06-08,3300,2017-11-12,0024,5143,30E1,7,5,4,3318,0,0,0,NA,0,T30,RT 111,SAN PABLO AV,0,NA,Y,A,-,N,NA,NA,NA,NA,NA,NA,NA,NA,NA,N,3,0,1,2,A,-,01,23152,A,F,E,J,E,A,-,-,C,A,0,Y,NA,Y,NA,Y,Y,C,06,0,1,0,0,1,0,0,0,0,-,-,NA,NA,RIVERSIDE,PALM DESERT,-116.38251003,33.72143004
85025922,2025,2026-01-23,3313,2025-12-07,1958,2176,NA,7,5,7,3313,0,0,0,NA,0,3172,JURUPA AVE,PALM AVE,18,E,-,A,-,N,NA,NA,NA,NA,NA,NA,NA,NA,NA,Y,4,0,2,2,A,-,01,23152,B,N,C,C,A,A,H,-,C,A,0,NA,NA,NA,NA,Y,Y,A,01,0,0,2,0,0,0,0,0,0,-,-,NA,NA,RIVERSIDE,RIVERSIDE,-117.40102386474608,33.96102523803711
85027624,2025,2026-01-26,3313,2025-12-29,1054,1389,NA,1,5,7,3313,0,0,0,NA,0,T53,VAN BUREN BLVD,VICTORIA AVE,84,N,-,A,-,N,NA,NA,NA,NA,NA,NA,NA,NA,NA,N,2,0,1,2,A,-,03,22350,NA,N,C,C,A,A,H,-,A,A,0,NA,NA,NA,NA,Y,NA,A,01,1,0,0,0,0,0,0,0,0,-,-,NA,NA,RIVERSIDE,RIVERSIDE,-117.43404388427734,33.90497589111328
8503354,2017,2017-11-27,3300,2017-10-27,1535,N3626,901B,5,5,4,3310,0,0,0,NA,0,050,NORTH DR,WYATT CIR,235,E,N,A,-,N,NA,NA,NA,NA,NA,NA,NA,NA,NA,N,4,0,1,2,A,-,03,22350,NA,M,C,C,A,A,H,-,A,A,0,NA,NA,NA,NA,Y,NA,A,01,0,0,1,0,0,0,0,0,0,-,-,NA,NA,RIVERSIDE,NORCO,-117.52511728,33.9536546
8503723,2017,2018-06-26,3308,2017-10-04,1442,10589,506,3,5,5,3308,0,0,0,NA,0,NORTH,SAN JACINTO ST,DATE ST,80,N,N,A,-,Y,RIV,8,79,-,-,26.05,H,-,S,Y,4,0,1,2,A,-,03,22350,NA,N,C,C,A,A,H,-,A,A,0,NA,NA,NA,NA,Y,NA,A,01,0,0,1,0,0,0,0,0,0,-,-,33.75292,-116.95875,RIVERSIDE,HEMET,-116.95867919,33.75340891
85037893,2025,2026-02-02,3308,2025-12-04,1740,11102,NA,4,5,5,3308,0,0,0,NA,0,NORTH,DEVONSHIRE AVE,PASITO WAY,76,W,N,A,-,N,NA,NA,NA,NA,NA,NA,NA,NA,NA,Y,4,0,4,3,A,-,03,22350,NA,N,C,C,A,A,H,-,C,D,0,NA,NA,NA,NA,Y,NA,A,01,0,0,4,0,0,0,0,0,0,-,-,33.75114059448242,-116.99057006835938,RIVERSIDE,HEMET,-116.99079132080078,33.751041412353516
8504124,2017,2018-07-05,3300,2017-12-12,1000,5106,85A1,2,5,3,3305,0,0,0,NA,0,085,RT 86,AVENUE 50,0,NA,Y,A,-,Y,RIV,8,86,-,R,20.45,H,-,S,NA,4,0,1,2,A,-,03,22350,NA,N,C,C,A,A,H,-,A,A,0,NA,NA,NA,NA,Y,NA,D,22,0,0,1,0,0,0,0,0,0,-,-,NA,NA,RIVERSIDE,COACHELLA,-116.16436721,33.68744022
85044515,2025,2026-02-09,3300,2025-12-27,2245,N8048,NA,6,5,6,3345,0,0,0,NA,0,024,LIMONITE AVE,CAMINO REAL,0,NA,Y,C,-,N,NA,NA,NA,NA,NA,NA,NA,NA,NA,N,4,0,3,2,A,-,12,21453,A,N,D,C,A,B,H,-,C,A,0,NA,NA,NA,NA,Y,NA,-,-,0,0,3,0,0,0,0,0,0,-,-,33.97854995727539,-117.45159912109376,RIVERSIDE,JURUPA VALLEY,-117.45174407958984,33.9786376953125
85057362,2025,2026-02-16,3313,2025-12-09,816,2166,NA,2,5,7,3313,0,0,0,NA,0,2R45,ARLINGTON AVE,JEFFERSON ST,35,E,-,A,-,N,NA,NA,NA,NA,NA,NA,NA,NA,NA,N,3,0,2,2,A,-,08,22102,NA,N,B,C,A,A,H,-,A,D,0,NA,NA,NA,Y,Y,NA,F,25,0,2,0,0,0,0,0,0,0,-,-,NA,NA,RIVERSIDE,RIVERSIDE,-117.42396545410156,33.94602966308594
8506219,2017,2018-01-02,3300,2017-11-13,1335,3536,603A4,1,5,6,3394,0,0,0,NA,0,MV32,PERRIS BL,DELPHINIUM AV,15,S,N,A,-,N,NA,NA,NA,NA,NA,NA,NA,NA,NA,Y,4,0,1,2,A,-,12,21453,A,F,E,I,A,A,H,-,A,A,0,NA,NA,NA,NA,Y,NA,A,01,0,0,1,0,0,0,0,0,0,-,-,33.93631,-117.22649,RIVERSIDE,MORENO VALLEY,-117.22629111,33.90635892
85064353,2025,2026-02-20,3313,2025-12-10,2246,2199,NA,3,5,7,3313,0,0,0,NA,0,1R53,MONTGOMERY ST,TREY AVE,49,S,-,A,-,N,NA,NA,NA,NA,NA,NA,NA,NA,NA,N,3,0,1,2,A,-,03,22350,NA,F,C,C,A,A,H,-,C,A,0,NA,NA,NA,NA,Y,NA,A,01,0,1,0,0,0,0,0,0,0,-,-,NA,NA,RIVERSIDE,RIVERSIDE,-117.45703125,33.94037628173828
8507000,2017,2017-12-08,3315,2017-11-21,1309,001874,10B,2,5,6,3315,0,0,0,NA,0,NA,SHOPPING CENTER,MCKINLEY ST,190,W,N,A,-,N,NA,NA,NA,NA,NA,NA,NA,NA,NA,N,4,0,2,2,B,-,22,NA,NA,N,D,C,A,A,H,-,A,A,0,NA,NA,NA,NA,Y,NA,A,01,0,0,2,0,0,0,0,0,0,-,-,NA,NA,RIVERSIDE,CORONA,-117.521031,33.890279
85076170,2025,2026-02-27,3349,2025-08-07,31,378,NA,4,5,5,3341,0,0,0,NA,0,006,GOETZ RD,GOLDENROD AVE,0,NA,Y,A,-,N,NA,NA,NA,NA,NA,NA,NA,NA,NA,Y,2,0,1,1,A,-,01,23152,A,N,E,I,A,A,H,-,C,D,0,NA,NA,NA,NA,Y,Y,A,01,1,0,0,0,0,0,0,0,0,-,-,33.73577117919922,-117.22328186035156,RIVERSIDE,MENIFEE,-117.2231903076172,33.735843658447266
85076179,2025,2026-02-27,3349,2025-08-22,843,416,NA,5,5,5,3341,0,0,0,NA,0,004,SCOTT RD,HAUN RD,0,NA,Y,-,-,Y,NA,NA,NA,NA,NA,NA,NA,NA,NA,N,4,0,2,3,A,-,03,22350,NA,N,C,C,A,A,H,-,A,A,0,NA,NA,NA,NA,Y,NA,A,01,0,0,2,0,0,0,0,0,0,-,-,33.6416015625,-117.17548370361328,RIVERSIDE,MENIFEE,-117.17562103271484,33.64154052734375
85076202,2025,2026-02-27,3349,2025-09-01,1136,670,NA,1,5,5,3341,0,0,0,NA,0,004,MURRIETA RD,PARK CITY AVE,360,N,N,A,-,N,NA,NA,NA,NA,NA,NA,NA,NA,NA,N,3,0,1,2,A,-,03,22350,NA,N,G,B,E,A,H,-,A,D,0,Y,NA,NA,NA,Y,NA,D,22,0,1,0,0,1,0,0,0,0,-,-,NA,NA,RIVERSIDE,MENIFEE,-117.2060317993164,33.691925048828125
85076231,2025,2026-02-27,3349,2025-09-12,2241,378,NA,5,5,5,3341,0,0,0,NA,0,004,NEWPORT RD,MURRIETA RD,72,W,N,A,-,N,NA,NA,NA,NA,NA,NA,NA,NA,NA,N,3,0,1,2,A,-,03,22350,NA,N,C,C,A,A,H,-,C,A,0,NA,NA,NA,NA,Y,NA,A,01,0,1,0,0,0,0,0,0,0,-,-,NA,NA,RIVERSIDE,MENIFEE,-117.20624542236328,33.68498992919922
85076260,2025,2026-02-27,3349,2025-09-30,600,378,NA,2,5,5,3341,0,0,0,NA,0,NA,NEWPORT RD,HAUN RD,0,NA,Y,A,-,N,NA,NA,NA,NA,NA,NA,NA,NA,NA,Y,4,0,3,2,A,-,12,21453,A,N,D,C,A,A,H,-,C,A,0,NA,NA,NA,NA,Y,NA,A,01,0,0,3,0,0,0,0,0,0,-,-,33.685081481933594,-117.17562866210938,RIVERSIDE,MENIFEE,-117.17567443847656,33.6849479675293
85076262,2025,2026-02-27,3349,2025-10-02,840,487,NA,4,5,5,3341,0,0,0,NA,0,004,NEWPORT RD,SB I 215 OFF,0,NA,Y,A,-,N,NA,NA,NA,NA,NA,NA,NA,NA,NA,Y,4,0,1,2,A,-,12,21453,A,N,D,C,A,A,H,-,A,A,0,NA,NA,NA,NA,Y,NA,A,01,0,0,1,0,0,0,0,0,0,-,-,33.685081481933594,-117.17330932617188,RIVERSIDE,MENIFEE,-117.17137145996094,33.68513870239258
85076274,2025,2026-02-27,3349,2025-10-06,1807,807,NA,1,5,5,3341,0,0,0,NA,0,005,MURRIETA RD,MURPHY RANCH RD,0,NA,Y,A,-,N,NA,NA,NA,NA,NA,NA,NA,NA,NA,Y,3,0,1,2,A,-,08,22107,NA,N,D,C,A,A,H,-,A,A,0,NA,NA,NA,NA,Y,NA,A,01,0,1,0,0,0,0,0,0,0,-,-,33.68368911743164,-117.21446228027344,RIVERSIDE,MENIFEE,-117.20613098144533,33.68049240112305
85076277,2025,2026-02-27,3349,2025-10-07,1605,551,NA,2,5,5,3341,0,0,0,NA,0,003,SCOTT RD,LITTLE REB PL,0,NA,Y,A,-,N,NA,NA,NA,NA,NA,NA,NA,NA,NA,Y,3,0,2,2,A,-,09,21802,A,N,D,C,A,A,H,-,A,A,0,NA,NA,NA,NA,Y,NA,A,01,0,1,1,0,0,0,0,0,0,-,-,33.64152145385742,-117.16445159912108,RIVERSIDE,MENIFEE,-117.16439056396484,33.64152145385742
85076309,2025,2026-02-27,3349,2025-10-24,555,343,NA,5,5,5,3341,0,0,0,NA,0,001,HWY 74,PALOMAR RD,0,NA,Y,A,-,N,NA,NA,NA,NA,NA,NA,NA,NA,NA,Y,4,0,2,2,D,-,00,NA,NA,N,D,C,A,A,H,-,C,A,0,NA,NA,NA,NA,Y,NA,-,-,0,0,2,0,0,0,0,0,0,-,-,33.742950439453125,-117.1628875732422,RIVERSIDE,MENIFEE,-117.16304779052734,33.74299621582031
85076381,2025,2026-03-02,3349,2025-11-27,1650,334,NA,4,5,5,3341,0,0,0,NA,0,001,HWY 74,PALOMAR RD,0,NA,Y,A,-,Y,RIV,NA,74,NA,NA,29.292,H,NA,R,Y,4,0,1,2,A,-,08,22107,NA,M,B,C,A,A,H,-,B,A,0,NA,NA,Y,NA,Y,NA,A,01,0,0,1,0,0,0,0,0,1,-,-,33.742950439453125,-117.1628875732422,RIVERSIDE,MENIFEE,-117.1628875732422,33.74295425415039
85076413,2025,2026-02-27,3349,2025-12-13,1520,575,NA,6,5,5,3341,0,0,0,NA,0,006,BRADLEY RD,MCCALL BLVD,148,N,N,A,-,N,NA,NA,NA,NA,NA,NA,NA,NA,NA,N,3,0,1,2,A,-,09,21800,A,N,D,C,A,A,H,-,A,D,0,NA,NA,Y,NA,Y,NA,D,22,0,1,0,0,0,0,0,0,1,-,-,NA,NA,RIVERSIDE,MENIFEE,-117.19216918945313,33.715599060058594
85076427,2025,2026-02-27,3349,2025-12-17,2051,816,NA,3,5,5,3341,0,0,0,NA,0,004,NEWPORT RD,BEREA RD,82,E,N,A,-,N,NA,NA,NA,NA,NA,NA,NA,NA,NA,N,4,0,1,2,A,-,03,22350,NA,N,C,C,A,A,H,-,C,A,0,NA,NA,NA,NA,Y,NA,A,01,0,0,1,0,0,0,0,0,0,-,-,NA,NA,RIVERSIDE,MENIFEE,-117.21427154541016,33.6837272644043
85079278,2025,2026-03-03,3300,2025-11-28,1443,6638,NA,5,5,3,3337,0,0,0,NA,0,060,RAILROAD CANYON RD,SKYLINK DR,0,NA,Y,A,-,N,NA,NA,NA,NA,NA,NA,NA,NA,NA,Y,4,0,1,2,A,-,03,22350,NA,N,C,C,A,A,H,-,A,A,0,NA,NA,NA,NA,Y,NA,A,01,0,0,1,0,0,0,0,0,0,-,-,33.67258071899414,-117.260986328125,RIVERSIDE,CANYON LAKE,-117.26140594482422,33.67167282104492
8508126,2017,2018-06-08,3300,2017-11-13,1315,2093,30C1,1,5,4,3318,0,0,0,NA,0,MO897,RT 111,HOSPITALITY ROW,55,W,N,A,-,N,NA,NA,NA,NA,NA,NA,NA,NA,NA,N,4,0,1,2,A,-,03,22350,NA,N,C,C,A,A,H,-,A,A,0,NA,NA,NA,NA,Y,NA,A,01,0,0,1,0,0,0,0,0,0,-,-,33.72137,-116.36239,RIVERSIDE,PALM DESERT,-116.36251158,33.72129425
8508578,2017,2017-12-18,3313,2017-11-10,2156,1460,1,5,5,7,3313,0,0,0,NA,0,FT1,COLUMBIA AV,ORANGE ST,30,E,N,A,-,N,NA,NA,NA,NA,NA,NA,NA,NA,NA,Y,4,0,1,3,A,-,06,21750,A,N,B,E,A,A,H,-,C,A,0,NA,NA,NA,NA,Y,NA,A,01,0,0,1,0,0,0,0,0,0,-,-,34.00413,-117.35813,RIVERSIDE,RIVERSIDE,-117.35788421,34.00402936
8510272,2017,2017-12-20,3300,2017-12-07,1550,N3605,42D1,4,5,3,3392,0,0,0,NA,0,LA42,AVE 48,JEFFERSON ST,98,W,N,A,-,N,NA,NA,NA,NA,NA,NA,NA,NA,NA,Y,4,0,1,2,A,-,03,22350,NA,N,C,C,A,A,H,-,A,A,0,NA,NA,NA,NA,Y,NA,A,01,0,0,1,0,0,0,0,0,0,-,-,NA,NA,RIVERSIDE,LA QUINTA,-116.26915056,33.69988002
8510280,2017,2018-06-08,3300,2017-12-05,1624,4845,41B5,2,5,3,3392,0,0,0,NA,0,3LA46,RT 111,DUNE PALMS RD,1056,E,N,A,-,N,NA,NA,NA,NA,NA,NA,NA,NA,NA,N,4,0,1,2,A,-,03,22350,NA,N,C,C,A,A,H,-,A,A,0,NA,NA,NA,NA,Y,NA,D,22,0,0,1,0,0,0,0,0,0,-,-,NA,NA,RIVERSIDE,LA QUINTA,-116.27401306,33.70744
8512056,2017,2017-12-28,3300,2017-11-11,1800,5267,30H6,6,5,4,3318,0,0,0,NA,0,030,WASHINGTON,EASTHAVEN RD,599,N,N,A,-,N,NA,NA,NA,NA,NA,NA,NA,NA,NA,Y,3,0,1,2,A,-,09,21804,NA,N,D,C,A,A,H,-,C,D,0,NA,NA,NA,NA,Y,NA,A,01,0,1,0,0,0,0,0,0,0,-,-,NA,NA,RIVERSIDE,PALM DESERT,-116.30389,33.74711885
8512826,2017,2018-01-30,3300,2017-12-10,1213,N2171,24,7,5,3,3317,0,0,0,NA,0,2S372,MONTEREY AV,MARKET,172,N,N,A,-,N,NA,NA,NA,NA,NA,NA,NA,NA,NA,Y,4,0,1,2,A,-,03,22350,NA,N,C,C,A,A,H,-,A,A,0,NA,NA,NA,NA,Y,NA,A,07,0,0,1,0,0,0,0,0,0,-,-,NA,NA,RIVERSIDE,RANCHO MIRAGE,NA,NA
8513203,2017,2018-02-06,3315,2017-11-14,2207,002508,NA,2,5,6,3315,0,0,0,NA,0,001,S SMITH AV,S SMITH AV 1453,0,NA,-,A,-,N,NA,NA,NA,NA,NA,NA,NA,NA,NA,N,4,0,1,2,A,-,11,21954,A,N,G,B,D,A,H,-,C,D,0,Y,NA,NA,NA,Y,Y,A,01,0,0,1,0,1,0,0,0,0,-,-,NA,NA,RIVERSIDE,CORONA,NA,NA
8514898,2017,2017-12-20,3300,2017-11-29,0440,4767,916D,3,5,4,3312,0,0,0,NA,0,031,RAMONA EXPWY,EVANS RD,0,NA,Y,A,-,N,NA,NA,NA,NA,NA,NA,NA,NA,NA,Y,3,0,3,3,A,-,12,21453,A,N,D,C,A,A,H,-,C,A,0,NA,NA,NA,NA,Y,NA,A,01,0,2,1,0,0,0,0,0,0,-,-,33.84449,-117.20862,RIVERSIDE,PERRIS,-117.20874009,33.8446401
8514923,2017,2018-06-08,3300,2017-11-21,1749,4949,NA,2,5,3,3392,0,0,0,NA,0,NA,RT 111,DUNE PALMS RD,0,NA,Y,A,-,N,NA,NA,NA,NA,NA,NA,NA,NA,NA,Y,4,0,1,2,A,-,03,22350,NA,N,C,C,A,-,H,-,C,A,0,NA,NA,NA,NA,Y,NA,A,01,0,0,1,0,0,0,0,0,0,-,-,NA,NA,RIVERSIDE,LA QUINTA,-116.27747,33.70744005
8514971,2017,2018-01-08,3300,2017-11-18,2010,4867,601E3,6,5,6,3394,0,0,0,NA,0,MV16,HEACOCK ST,IRONWOOD AV,207,S,N,A,-,N,NA,NA,NA,NA,NA,NA,NA,NA,NA,Y,2,0,1,1,A,-,-,NA,NA,N,H,J,A,A,H,-,C,A,0,NA,NA,Y,NA,Y,NA,C,03,1,0,0,0,0,0,0,0,1,-,-,33.94662,-117.24388,RIVERSIDE,MORENO VALLEY,-117.24381077,33.94606765
8514975,2017,2017-12-18,3300,2017-11-18,1310,4071,603B5,6,5,6,3394,0,0,0,NA,0,MV34,IRIS AV,INDIAN ST,0,NA,Y,A,-,N,NA,NA,NA,NA,NA,NA,NA,NA,NA,Y,3,0,4,2,A,-,12,21453,A,N,A,C,A,A,H,-,A,A,0,NA,NA,NA,NA,Y,NA,A,01,0,1,3,0,0,0,0,0,0,-,-,33.88832,-117.23492,RIVERSIDE,MORENO VALLEY,-117.23491009,33.88829001
8515027,2017,2017-12-19,3300,2017-10-28,1610,N3672,916B,6,5,4,3312,0,0,0,NA,0,032,JARVIS ST,CORTE SAN LUIS,0,NA,Y,A,-,N,NA,NA,NA,NA,NA,NA,NA,NA,NA,N,4,0,2,2,A,-,09,21802,A,N,D,C,A,A,H,-,A,A,0,NA,NA,NA,NA,Y,NA,A,01,0,0,2,0,0,0,0,0,0,-,-,33.79203,-117.22019,RIVERSIDE,PERRIS,-117.22006005,33.79200005
8515092,2017,2017-12-19,3300,2017-11-14,0730,N2646,603D5,2,5,6,3394,0,0,0,NA,0,039,LASSELLE ST,VIA DE ANZA,394,N,N,A,-,N,NA,NA,NA,NA,NA,NA,NA,NA,NA,N,4,0,1,2,A,-,08,22107,NA,N,B,E,A,A,H,-,A,D,0,NA,NA,NA,NA,Y,NA,A,01,0,0,1,0,0,0,0,0,0,-,-,33.86142,-117.20873,RIVERSIDE,MORENO VALLEY,-117.20882273,33.86250928
8516586,2017,2018-01-13,3300,2017-12-22,1739,4872,36R3,5,5,4,3318,0,0,0,NA,0,036,FRED WARING DR,FAIRHAVEN DR,474,E,N,A,-,N,NA,NA,NA,NA,NA,NA,NA,NA,NA,Y,4,0,1,3,A,-,03,22350,NA,N,C,C,A,A,H,-,C,D,0,NA,NA,NA,NA,Y,NA,D,22,0,0,1,0,0,0,0,0,0,-,-,33.72868,-116.39559,RIVERSIDE,PALM DESERT,-116.39405778,33.72875336
8517278,2017,2017-12-29,3313,2017-11-22,1710,1874,5,3,5,7,3313,0,0,0,NA,0,3R50,PIERCE ST,COLLETT AV,36,S,N,A,-,N,NA,NA,NA,NA,NA,NA,NA,NA,NA,N,4,0,1,2,A,-,09,21801,A,N,A,C,A,A,H,-,C,A,0,NA,NA,NA,NA,Y,NA,A,01,0,0,1,0,0,0,0,0,0,-,-,33.90299,-117.49738,RIVERSIDE,RIVERSIDE,-117.49746785,33.90290606
8517964,2017,2017-12-14,3300,2017-10-31,1456,3481,920A,2,5,4,3314,0,0,0,NA,0,070,STATE ST,SAGECREST DR,294,N,N,A,-,N,NA,NA,NA,NA,NA,NA,NA,NA,NA,Y,4,0,1,2,A,-,03,22350,NA,N,C,C,A,A,H,-,A,D,0,NA,NA,NA,NA,Y,NA,A,01,0,0,1,0,0,0,0,0,0,-,-,33.80983,-116.97217,RIVERSIDE,SAN JACINTO,-116.97212,33.81047507
8518427,2017,2017-12-27,3300,2017-11-29,0639,5119,802B,3,5,3,3343,0,0,0,NA,0,NA,BUNDY CANYON RD,TULIP LN,856,W,N,A,-,N,NA,NA,NA,NA,NA,NA,NA,NA,NA,Y,4,0,3,2,A,-,08,22107,NA,N,B,C,A,A,H,-,A,A,0,NA,NA,NA,NA,Y,NA,A,01,0,0,3,0,0,0,0,0,0,-,-,33.62654,-117.25444,RIVERSIDE,WILDOMAR,-117.26259746,33.62683569
8520028,2017,2017-12-29,3300,2017-11-14,1745,N4809,920A,2,5,4,3314,0,0,0,NA,0,070,SANDERSON AV,RAMONA EXPWY,2112,N,N,A,-,N,NA,NA,NA,NA,NA,NA,NA,NA,NA,Y,4,0,1,3,A,-,03,22350,NA,N,C,C,A,A,H,-,D,D,0,NA,NA,NA,NA,Y,NA,A,01,0,0,1,0,0,0,0,0,0,-,-,33.8237,-117.00328,RIVERSIDE,SAN JACINTO,-117.00359,33.82941395