CASE_ID,ACCIDENT_YEAR,PROC_DATE,JURIS,COLLISION_DATE,COLLISION_TIME,OFFICER_ID,REPORTING_DISTRICT,DAY_OF_WEEK,CHP_SHIFT,POPULATION,CNTY_CITY_LOC,SPECIAL_COND,BEAT_TYPE,CHP_BEAT_TYPE,CITY_DIVISION_LAPD,CHP_BEAT_CLASS,BEAT_NUMBER,PRIMARY_RD,SECONDARY_RD,DISTANCE,DIRECTION,INTERSECTION,WEATHER_1,WEATHER_2,STATE_HWY_IND,CALTRANS_COUNTY,CALTRANS_DISTRICT,STATE_ROUTE,ROUTE_SUFFIX,POSTMILE_PREFIX,POSTMILE,LOCATION_TYPE,RAMP_INTERSECTION,SIDE_OF_HWY,TOW_AWAY,COLLISION_SEVERITY,NUMBER_KILLED,NUMBER_INJURED,PARTY_COUNT,PRIMARY_COLL_FACTOR,PCF_CODE_OF_VIOL,PCF_VIOL_CATEGORY,PCF_VIOLATION,PCF_VIOL_SUBSECTION,HIT_AND_RUN,TYPE_OF_COLLISION,MVIW,PED_ACTION,ROAD_SURFACE,ROAD_COND_1,ROAD_COND_2,LIGHTING,CONTROL_DEVICE,CHP_ROAD_TYPE,PEDESTRIAN_ACCIDENT,BICYCLE_ACCIDENT,MOTORCYCLE_ACCIDENT,TRUCK_ACCIDENT,NOT_PRIVATE_PROPERTY,ALCOHOL_INVOLVED,STWD_VEHTYPE_AT_FAULT,CHP_VEHTYPE_AT_FAULT,COUNT_SEVERE_INJ,COUNT_VISIBLE_INJ,COUNT_COMPLAINT_PAIN,COUNT_PED_KILLED,COUNT_PED_INJURED,COUNT_BICYCLIST_KILLED,COUNT_BICYCLIST_INJURED,COUNT_MC_KILLED,COUNT_MC_INJURED,PRIMARY_RAMP,SECONDARY_RAMP,LATITUDE,LONGITUDE,COUNTY,CITY,POINT_X,POINT_Y
8707562,2018,2018-10-10,3300,2018-07-28,1327,4406,602D2,6,5,6,3394,0,0,0,NA,0,028,FIR AV,PERRIS BL,312,E,N,A,-,N,NA,NA,NA,NA,NA,NA,NA,NA,NA,Y,4,0,1,3,A,-,08,22107,NA,N,D,C,A,A,H,-,A,D,0,NA,NA,NA,NA,Y,NA,A,01,0,0,1,0,0,0,0,0,0,-,-,33.93537139892578,-117.22630310058594,RIVERSIDE,MORENO VALLEY,-117.22527313232422,33.9354248046875
8707690,2018,2018-10-09,3313,2018-09-10,1528,1575,2,1,5,7,3313,0,0,0,NA,0,M12,MISSION INN AV,PARK AV,9,W,N,A,-,N,NA,NA,NA,NA,NA,NA,NA,NA,NA,N,3,0,1,2,A,-,05,21202,A,N,D,G,A,A,H,-,A,A,0,NA,Y,NA,NA,Y,NA,L,04,0,1,0,0,0,0,1,0,0,-,-,33.97835159301758,-117.36373138427734,RIVERSIDE,RIVERSIDE,-117.36387634277344,33.97832107543945
8708441,2018,2018-10-18,3313,2018-09-24,0813,1686,4,1,5,7,3313,0,0,0,NA,0,T58,WASHINGTON ST,VICTORIA AV,98,S,N,A,B,N,NA,NA,NA,NA,NA,NA,NA,NA,NA,N,4,0,2,2,A,-,03,22350,NA,N,C,C,A,A,H,-,A,A,0,NA,NA,NA,NA,Y,NA,A,01,0,0,2,0,0,0,0,0,0,-,-,33.93009948730469,-117.3894271850586,RIVERSIDE,RIVERSIDE,-117.38915252685548,33.92988586425781
8708803,2018,2018-10-12,3313,2018-09-18,1749,1762,4,2,5,7,3313,0,0,0,NA,0,T44,LINCOLN AV,TROPICANA DR,131,W,N,A,-,N,NA,NA,NA,NA,NA,NA,NA,NA,NA,Y,4,0,2,2,A,-,09,21801,A,N,D,C,A,A,H,-,A,A,0,NA,NA,NA,NA,Y,NA,A,01,0,0,2,0,0,0,0,0,0,-,-,33.91558837890625,-117.42249298095705,RIVERSIDE,RIVERSIDE,-117.4230728149414,33.91545867919922
8709309,2018,2018-10-11,3300,2018-09-13,0906,4300,NA,4,5,4,3314,0,0,0,NA,0,NA,RAMONA BL,WATEKA ST,0,NA,Y,A,-,N,NA,NA,NA,NA,NA,NA,NA,NA,NA,N,3,0,2,2,A,-,09,21800,A,N,D,C,A,A,H,-,A,A,0,NA,NA,Y,NA,Y,NA,A,01,0,1,1,0,0,0,0,0,2,-,-,33.789520263671875,-116.96560668945313,RIVERSIDE,SAN JACINTO,-116.96558380126952,33.78940963745117
8709313,2018,2018-10-11,3300,2018-09-15,2122,4850,920C,6,5,4,3314,0,0,0,NA,0,070,LYON AV,LYNDEN TRL,0,NA,Y,A,-,N,NA,NA,NA,NA,NA,NA,NA,NA,NA,Y,4,0,1,1,A,-,08,22107,NA,N,E,I,A,A,H,-,C,D,0,NA,NA,NA,NA,Y,NA,A,01,0,0,1,0,0,0,0,0,0,-,-,33.777259826660156,-116.98940277099608,RIVERSIDE,SAN JACINTO,-116.9893035888672,33.77724838256836
8709346,2018,2018-10-10,3300,2018-09-18,1928,3747,001M,2,5,6,3345,0,0,0,NA,0,016,LIMONITE AV,PACIFIC AV,0,NA,Y,A,-,N,NA,NA,NA,NA,NA,NA,NA,NA,NA,N,4,0,1,2,A,-,10,21950,A,F,G,B,B,A,H,-,C,A,0,Y,NA,NA,NA,Y,NA,N,60,0,0,1,0,1,0,0,0,0,-,-,33.99127960205078,-117.42513275146484,RIVERSIDE,JURUPA VALLEY,-117.4248504638672,33.99116134643555
8709518,2018,2018-10-19,3315,2018-09-28,1626,002847,11B,5,5,6,3315,0,0,0,NA,0,002,PROMENADE AV,LA VISTA AV,50,E,N,A,-,N,NA,NA,NA,NA,NA,NA,NA,NA,NA,N,4,0,1,2,A,-,03,22350,NA,N,C,C,A,A,H,-,A,A,0,NA,NA,NA,NA,Y,NA,D,22,0,0,1,0,0,0,0,0,0,-,-,NA,NA,RIVERSIDE,CORONA,-117.51104736328124,33.89702606201172
8711197,2018,2018-10-23,3309,2018-09-25,0748,356,3309,2,5,4,3309,0,0,0,NA,0,005,MONROE ST,HOOVER ST,128,N,N,A,-,N,NA,NA,NA,NA,NA,NA,NA,NA,NA,Y,4,0,1,3,A,-,03,22350,NA,N,C,C,A,A,H,-,A,A,0,NA,NA,NA,NA,Y,NA,A,01,0,0,1,0,0,0,0,0,0,-,-,NA,NA,RIVERSIDE,INDIO,-116.23377227783205,33.72711944580078
8714168,2018,2018-10-23,3300,2018-09-28,1732,5372,Y81,5,5,3,3305,0,0,0,NA,0,0D7,VAN BUREN ST,AVE 52,0,NA,Y,A,-,N,NA,NA,NA,NA,NA,NA,NA,NA,NA,Y,4,0,2,2,A,-,01,23152,A,N,A,C,A,A,H,-,A,A,0,NA,NA,NA,NA,Y,Y,A,01,0,0,2,0,0,0,0,0,0,-,-,NA,NA,RIVERSIDE,COACHELLA,-116.19907379150392,33.670860290527344
8714735,2018,2018-10-29,3313,2018-09-30,1642,1539,4,7,5,7,3313,0,0,0,NA,0,3R44,ADAMS ST,BRIARWOOD DR,0,NA,Y,A,-,N,NA,NA,NA,NA,NA,NA,NA,NA,NA,Y,4,0,1,2,A,-,12,21453,A,N,D,C,A,A,H,-,A,A,0,NA,NA,NA,NA,Y,NA,A,01,0,0,1,0,0,0,0,0,0,-,-,33.92918014526367,-117.42134857177734,RIVERSIDE,RIVERSIDE,-117.42137145996094,33.92940902709961
8714778,2018,2018-10-23,3308,2018-08-23,1746,10636,547,4,5,5,3308,0,0,0,NA,0,SOUTH,STETSON AV,SANTA FE ST,0,NA,Y,A,-,N,NA,NA,NA,NA,NA,NA,NA,NA,NA,Y,3,0,2,2,A,-,09,21801,A,N,D,C,A,A,H,-,A,D,0,NA,NA,Y,NA,Y,NA,A,08,0,1,1,0,0,0,0,0,2,-,-,33.72938919067383,-116.96289825439452,RIVERSIDE,HEMET,-116.96288299560548,33.72945022583008
8714798,2018,2018-10-23,3308,2018-08-14,1626,10610,517,2,5,5,3308,0,0,0,NA,0,NORTH,THOMPSON ST,LATHAM AV,120,S,N,A,-,N,NA,NA,NA,NA,NA,NA,NA,NA,NA,Y,3,0,2,2,C,-,18,NA,NA,N,E,J,F,A,H,-,A,D,0,Y,NA,NA,NA,Y,NA,-,-,0,1,1,0,1,0,0,0,0,-,-,33.74932861328125,-116.96524047851563,RIVERSIDE,HEMET,-116.96517181396484,33.74904251098633
8716417,2018,2018-10-23,3313,2018-10-05,1432,1783,3,5,5,7,3313,0,0,0,NA,0,T40,MISSION GROVE PW S,MISSION VILLAGE DR,48,N,N,A,-,N,NA,NA,NA,NA,NA,NA,NA,NA,NA,Y,4,0,2,2,A,-,03,22350,NA,N,C,C,A,A,H,-,A,A,0,NA,NA,NA,NA,Y,NA,A,01,0,0,2,0,0,0,0,0,0,-,-,33.91313171386719,-117.32405090332033,RIVERSIDE,RIVERSIDE,-117.32418060302734,33.913185119628906
8718675,2018,2018-12-11,3308,2018-08-13,1046,10610,516,1,5,5,3308,0,0,0,NA,0,NORTH,STATE ST,FLORIDA AV,0,NA,Y,A,-,Y,RIV,8,74,-,-,40.588,I,5,W,Y,3,0,1,2,A,-,09,21801,A,N,D,C,A,A,H,-,A,A,0,NA,NA,NA,NA,Y,NA,A,08,0,1,0,0,0,0,0,0,0,-,-,33.74760055541992,-116.9717025756836,RIVERSIDE,HEMET,-116.97169494628906,33.74760818481445
8718937,2018,2019-01-10,3315,2018-09-27,1810,2089,3E,4,5,6,3315,0,0,0,NA,0,003,ONTARIO AV,RT 15,0,NA,Y,A,-,Y,RIV,8,15,-,-,38.563,R,4,S,N,4,0,1,6,A,-,03,22350,NA,N,C,C,A,A,H,-,B,A,0,NA,NA,NA,NA,Y,NA,A,01,0,0,1,0,0,0,0,0,0,-,-,NA,NA,RIVERSIDE,CORONA,-117.53497314453124,33.84205627441406
8719218,2018,2018-11-06,3308,2018-07-25,1225,10610,515,3,5,5,3308,0,0,0,NA,0,NORTH,GILMORE ST,FLORIDA AV,340,N,N,A,-,N,NA,NA,NA,NA,NA,NA,NA,NA,NA,Y,4,0,1,2,A,-,09,21804,A,N,D,C,A,A,H,-,A,A,0,NA,NA,NA,NA,Y,NA,A,01,0,0,1,0,0,0,0,0,0,-,-,33.74753952026367,-116.99352264404295,RIVERSIDE,HEMET,-116.99346160888672,33.74742126464844
8719750,2018,2018-10-25,3308,2018-09-09,0907,10563,515,7,5,5,3308,0,0,0,NA,0,NORTH,DEVONSHIRE AV,KIRBY ST,0,NA,Y,A,-,N,NA,NA,NA,NA,NA,NA,NA,NA,NA,Y,4,0,1,2,A,-,09,21801,A,N,D,C,A,A,H,-,A,A,0,NA,NA,NA,NA,Y,NA,A,01,0,0,1,0,0,0,0,0,0,-,-,33.75115966796875,-116.99781799316406,RIVERSIDE,HEMET,-116.99783325195313,33.75101852416992
8720010,2018,2018-10-25,3300,2018-10-09,0734,4415,3300,2,5,4,3312,0,0,0,NA,0,916A,RAMONA EXPWY,AVALON PKWY,0,NA,Y,A,-,N,NA,NA,NA,NA,NA,NA,NA,NA,NA,Y,4,0,2,2,A,-,12,21453,A,N,D,C,A,A,H,-,A,A,0,NA,NA,NA,NA,Y,NA,A,01,0,0,2,0,0,0,0,0,0,-,-,NA,NA,RIVERSIDE,PERRIS,-117.20001220703124,33.84457015991211
8720268,2018,2018-10-29,3313,2018-10-03,0954,1389,1,3,5,7,3313,0,0,0,NA,0,T63,JURUPA AV,MAGNOLIA AV,0,NA,Y,A,-,N,NA,NA,NA,NA,NA,NA,NA,NA,NA,Y,4,0,1,2,A,-,03,22350,NA,N,C,C,A,A,H,-,A,A,0,NA,NA,NA,NA,Y,NA,A,01,0,0,1,0,0,0,0,0,0,-,-,33.96091079711914,-117.3918914794922,RIVERSIDE,RIVERSIDE,-117.39177703857422,33.960941314697266
8720471,2018,2018-10-26,3300,2018-08-26,0621,5022,001J,7,5,6,3345,0,0,0,NA,0,010,JURUPA RD,CAMINO REAL,1320,W,N,A,-,N,NA,NA,NA,NA,NA,NA,NA,NA,NA,Y,4,0,1,2,A,-,05,21460,A,N,D,C,A,A,H,-,A,D,0,NA,NA,NA,NA,Y,NA,A,01,0,0,1,0,0,0,0,0,0,-,-,34.00611877441406,-117.4469985961914,RIVERSIDE,JURUPA VALLEY,-117.45113372802734,34.00528335571289
8721023,2018,2018-10-31,3313,2018-10-08,0845,1686,5,1,5,7,3313,0,0,0,NA,0,T58,INDIANA AV,LA SIERRA AV,8,W,N,A,B,N,NA,NA,NA,NA,NA,NA,NA,NA,NA,N,4,0,1,2,A,-,03,22350,NA,N,C,C,A,A,H,-,A,A,0,NA,NA,NA,NA,Y,NA,E,22,0,0,1,0,0,0,0,0,0,-,-,33.89704895019531,-117.47109222412108,RIVERSIDE,RIVERSIDE,-117.47119140625,33.897186279296875
8722185,2018,2018-12-03,3313,2018-10-13,2324,1798,4,6,5,7,3313,0,0,0,NA,0,T47,VICTORIA AV,JACKSON ST,900,W,N,A,-,N,NA,NA,NA,NA,NA,NA,NA,NA,NA,Y,4,0,1,1,A,-,08,22107,NA,N,E,I,A,A,H,-,D,D,0,NA,NA,NA,NA,Y,NA,A,01,0,0,1,0,0,0,0,0,0,-,-,33.90890121459961,-117.42619323730467,RIVERSIDE,RIVERSIDE,-117.42888641357422,33.907623291015625
8722729,2018,2018-11-01,3300,2018-10-19,0540,4097,012,5,5,4,3344,0,0,0,NA,0,065,HARRISON AV,SCHLEISMAN RD,0,NA,Y,A,-,N,NA,NA,NA,NA,NA,NA,NA,NA,NA,Y,3,0,1,2,A,-,12,21453,A,N,D,C,A,A,H,-,C,A,0,NA,NA,NA,NA,Y,NA,A,01,0,1,0,0,0,0,0,0,0,-,-,33.960731506347656,-117.58451080322266,RIVERSIDE,EASTVALE,-117.58445739746094,33.960838317871094
8722760,2018,2018-12-10,3300,2018-09-25,1640,3804,30K1,2,5,4,3318,0,0,0,NA,0,T30,RT 111,SAN LUIS REY AV,25,E,N,A,-,N,NA,NA,NA,NA,NA,NA,NA,NA,NA,N,4,0,1,2,A,-,07,21658,A,N,B,C,A,A,H,-,A,A,0,NA,NA,NA,NA,Y,NA,-,-,0,0,1,0,0,0,0,0,0,-,-,NA,NA,RIVERSIDE,PALM DESERT,-116.37703704833984,33.721370697021484
8722972,2018,2018-11-06,3300,2018-10-17,1545,N6567,502B,3,5,5,3341,0,0,0,NA,0,052,FELICIA AV,CONNIE WY,362,W,N,A,-,N,NA,NA,NA,NA,NA,NA,NA,NA,NA,Y,3,0,1,2,A,-,03,22350,NA,N,C,E,A,A,H,-,A,D,0,NA,NA,NA,NA,Y,NA,A,01,0,1,0,0,0,0,0,0,0,-,-,33.72100067138672,-117.2108917236328,RIVERSIDE,MENIFEE,-117.21210479736328,33.72092056274414
8723042,2018,2018-11-02,3300,2018-09-28,1901,3924,36Q3,5,5,4,3318,0,0,0,NA,0,036,FRED WARING DR,SAN PASQUAL AV,486,W,N,A,-,N,NA,NA,NA,NA,NA,NA,NA,NA,NA,N,4,0,1,2,A,-,07,21658,A,N,D,G,A,A,H,-,D,A,0,NA,Y,NA,NA,Y,NA,L,04,0,0,1,0,0,0,1,0,0,-,-,33.72882843017578,-116.37814331054688,RIVERSIDE,PALM DESERT,NA,NA
8723874,2018,2018-11-21,3315,2018-10-24,1516,002661,1G,3,5,6,3315,0,0,0,NA,0,001,POMONA RD,BUSINESS CENTER DR,500,E,N,A,-,N,NA,NA,NA,NA,NA,NA,NA,NA,NA,N,4,0,1,2,A,-,08,22107,NA,N,D,C,A,A,H,-,A,D,0,NA,NA,NA,NA,Y,NA,-,NA,0,0,1,0,0,0,0,0,0,-,-,33.88220977783203,-117.60035705566406,RIVERSIDE,CORONA,-117.5989990234375,33.88129806518555
8723882,2018,2018-11-21,3315,2018-10-27,0439,003224,14D,6,5,6,3315,0,0,0,NA,0,003,S MAIN ST,FOOTHILL,0,NA,Y,A,-,N,NA,NA,NA,NA,NA,NA,NA,NA,NA,N,4,0,1,2,A,-,12,21453,A,F,D,C,A,A,-,-,C,A,0,NA,NA,NA,NA,Y,NA,-,NA,0,0,1,0,0,0,0,0,0,-,-,NA,NA,RIVERSIDE,CORONA,-117.57212829589844,33.84389114379883
8724427,2018,2018-11-29,3325,2018-09-23,1550,536,NA,7,5,4,3325,0,0,0,NA,0,003,MOUNTAIN VIEW RD,VARNER RD,0,NA,Y,A,-,N,NA,NA,NA,NA,NA,NA,NA,NA,NA,Y,4,0,3,2,A,-,03,22350,NA,N,C,C,A,A,H,-,A,A,0,NA,NA,NA,NA,Y,NA,-,-,0,0,3,0,0,0,0,0,0,-,-,NA,NA,RIVERSIDE,CATHEDRAL CITY,-116.47573089599608,33.885921478271484
8729986,2018,2018-11-16,3300,2018-09-21,2235,4530,801B,5,5,3,3343,0,0,0,NA,0,081,LEMON ST,LOQUAT ST,0,NA,Y,A,-,N,NA,NA,NA,NA,NA,NA,NA,NA,NA,Y,4,0,1,1,A,-,08,22107,NA,N,E,I,A,A,H,-,D,D,0,NA,NA,NA,NA,Y,NA,A,07,0,0,1,0,0,0,0,0,0,-,-,33.634029388427734,-117.28202056884766,RIVERSIDE,WILDOMAR,-117.2817611694336,33.634178161621094
8736848,2018,2018-11-28,3313,2018-10-26,1115,1641,3,5,5,7,3313,0,0,0,NA,0,T55,STREETER AV,CENTRAL AV,6,S,N,A,-,N,NA,NA,NA,NA,NA,NA,NA,NA,NA,N,3,0,1,2,A,-,12,21453,A,N,G,G,A,A,H,-,A,A,0,NA,Y,NA,NA,Y,NA,L,04,0,1,0,0,0,0,1,0,0,-,-,33.95307922363281,-117.41871643066406,RIVERSIDE,RIVERSIDE,-117.41864013671876,33.95335388183594
8736893,2018,2018-11-28,3313,2018-10-23,1950,1575,1,2,5,7,3313,0,0,0,NA,0,M12,OLIVEWOOD AV,PACHAPPA DR,432,N,N,A,-,N,NA,NA,NA,NA,NA,NA,NA,NA,NA,Y,3,0,1,2,A,-,08,22107,NA,N,B,C,A,A,H,-,C,A,0,NA,NA,NA,NA,Y,NA,A,01,0,1,0,0,0,0,0,0,0,-,-,33.96089172363281,-117.38453674316406,RIVERSIDE,RIVERSIDE,-117.38392639160156,33.9621467590332
8737686,2018,2018-11-27,3300,2018-10-20,1845,N5791,012F,6,5,4,3344,0,0,0,NA,0,064,RIVER RD,BARON DR S,0,NA,Y,A,-,N,NA,NA,NA,NA,NA,NA,NA,NA,NA,N,4,0,2,2,A,-,08,22107,NA,N,C,C,A,A,H,-,C,D,0,NA,NA,NA,NA,Y,NA,A,01,0,0,2,0,0,0,0,0,0,-,-,33.92771911621094,-117.59986114501952,RIVERSIDE,EASTVALE,-117.59996032714844,33.927589416503906
8737749,2018,2018-11-26,3300,2018-10-06,2225,N3202,011A,6,5,4,3344,0,0,0,NA,0,060,BELLEGRAVE AV,HOMECOMING DR,80,E,N,A,-,N,NA,NA,NA,NA,NA,NA,NA,NA,NA,N,4,0,2,2,A,-,04,21703,NA,F,C,C,A,A,H,-,C,A,0,NA,NA,NA,NA,Y,NA,-,NA,0,0,2,0,0,0,0,0,0,-,-,NA,NA,RIVERSIDE,EASTVALE,-117.55376434326172,33.9900016784668
8738157,2018,2018-12-06,3300,2018-10-25,1440,5447,001SD,4,5,6,3345,0,0,0,NA,0,NA,SIERRA AV,KAREN LN,860,W,N,A,-,N,NA,NA,NA,NA,NA,NA,NA,NA,NA,N,4,0,1,1,A,-,03,22350,NA,N,F,A,A,A,H,-,A,D,0,NA,NA,NA,NA,Y,NA,A,01,0,0,1,0,0,0,0,0,0,-,-,NA,NA,RIVERSIDE,JURUPA VALLEY,-117.43024444580078,34.03053665161133
8738772,2018,2019-01-16,3300,2018-10-30,0643,4254,905L,2,5,4,3307,0,0,0,NA,0,093,RIVERSIDE DR,LAKESHORE DR,53,S,N,A,-,Y,RIV,8,74,-,-,14.17,H,-,E,Y,4,0,1,2,A,-,03,22350,NA,N,C,C,A,A,H,-,A,A,0,NA,NA,NA,NA,Y,NA,A,01,0,0,1,0,0,0,0,0,0,-,-,33.68450164794922,-117.36656951904295,RIVERSIDE,LAKE ELSINORE,-117.36702728271484,33.6840934753418
8738797,2018,2019-01-24,3311,2018-11-02,1548,15919,NA,5,5,4,3311,0,0,0,NA,0,004,RT 111,ESCENA WY,326,N,N,A,-,Y,RIV,8,111,-,T,50.47,H,-,N,N,2,0,1,1,A,-,07,21658,A,N,E,I,A,A,H,-,A,D,0,NA,NA,NA,NA,Y,NA,A,01,1,0,0,0,0,0,0,0,0,-,-,NA,NA,RIVERSIDE,PALM SPRINGS,-116.50137329101563,33.829742431640625
8739997,2018,2018-11-27,3313,2018-11-12,1642,1475,5,1,5,7,3313,0,0,0,NA,0,M19,LA SIERRA AV,CLARKSDALE DR,0,NA,Y,A,-,N,NA,NA,NA,NA,NA,NA,NA,NA,NA,Y,3,0,1,2,A,-,09,21804,A,N,D,C,A,A,H,-,A,A,0,NA,NA,Y,NA,Y,NA,D,22,0,1,0,0,0,0,0,0,1,-,-,33.91358184814453,-117.48465728759766,RIVERSIDE,RIVERSIDE,-117.48465728759766,33.91368103027344
8740995,2018,2018-11-16,3300,2018-10-30,2017,3552,916A,2,5,4,3312,0,0,0,NA,0,031,PERRIS BL,PERRIS PLAZA,0,NA,Y,A,-,N,NA,NA,NA,NA,NA,NA,NA,NA,NA,N,3,0,3,2,A,-,03,22350,NA,N,C,C,A,A,H,-,C,A,0,NA,NA,NA,NA,Y,NA,A,01,0,1,2,0,0,0,0,0,0,-,-,33.80271911621094,-117.2261199951172,RIVERSIDE,PERRIS,-117.22614288330078,33.8590087890625
8741023,2018,2018-11-16,3311,2018-10-31,1123,15302,NA,3,5,4,3311,0,0,0,NA,0,001,INDIAN CANYON DR N,GRANVIA VALMONTE,39,N,N,A,-,N,NA,NA,NA,NA,NA,NA,NA,NA,NA,N,4,0,1,2,A,-,03,22350,NA,N,C,C,A,A,H,-,A,A,0,NA,NA,NA,NA,Y,NA,A,01,0,0,1,0,0,0,0,0,0,-,-,33.832000732421875,-116.54566192626952,RIVERSIDE,PALM SPRINGS,-116.5456085205078,33.83206558227539
8741760,2018,2018-12-04,3308,2018-10-06,2146,10620,517,6,5,5,3308,0,0,0,NA,0,NORTH,GIRARD ST,DEVONSHIRE AV,442,S,N,A,-,N,NA,NA,NA,NA,NA,NA,NA,NA,NA,Y,4,0,1,2,A,-,03,22350,NA,N,C,E,A,A,H,-,D,D,0,NA,NA,NA,NA,Y,Y,A,01,0,0,1,0,0,0,0,0,0,-,-,33.751129150390625,-116.95436096191406,RIVERSIDE,HEMET,-116.95429229736328,33.750030517578125
8741937,2018,2018-11-30,3315,2018-11-08,1004,11119,6D,4,5,6,3315,0,0,0,NA,0,001,6TH ST,GRAND BL S W,2,E,N,A,-,N,NA,NA,NA,NA,NA,NA,NA,NA,NA,N,3,0,1,2,A,-,06,21760,B,F,H,G,A,A,H,-,A,A,0,NA,Y,NA,NA,Y,NA,A,07,0,1,0,0,0,0,1,0,0,-,-,33.87617111206055,-117.57404327392578,RIVERSIDE,CORONA,-117.57398986816406,33.8762092590332
8743375,2018,2019-01-25,3313,2018-11-06,1750,1389,2,2,5,7,3313,0,0,0,NA,0,T53,IOWA AV,MASSACHUSETTS AV,298,S,N,A,-,N,NA,NA,NA,NA,NA,NA,NA,NA,NA,N,3,0,1,2,A,-,10,21952,NA,N,G,B,E,A,H,-,C,D,0,Y,NA,NA,NA,Y,NA,A,01,0,1,0,0,1,0,0,0,0,-,-,33.98667907714844,-117.33998107910156,RIVERSIDE,RIVERSIDE,-117.3398895263672,33.98581314086914
8743655,2018,2018-11-29,3325,2018-05-22,2127,558,NA,2,5,4,3325,0,0,0,NA,0,001,DATE PALM DR,BUDDY ROGERS AV,0,NA,Y,A,-,N,NA,NA,NA,NA,NA,NA,NA,NA,NA,N,3,0,2,2,A,-,03,22350,NA,F,C,C,A,A,H,-,C,A,0,NA,NA,NA,NA,Y,NA,A,01,0,1,1,0,0,0,0,0,0,-,-,NA,NA,RIVERSIDE,CATHEDRAL CITY,-116.458,33.78034
8743822,2018,2018-12-19,3300,2018-10-27,0950,N6188,916D,6,5,4,3312,0,0,0,NA,0,032,SAN JACINTO AV,EVANS RD,1146,E,N,A,-,N,NA,NA,NA,NA,NA,NA,NA,NA,NA,Y,4,0,2,2,A,-,01,23152,A,N,B,C,A,A,H,-,A,A,0,NA,NA,NA,NA,Y,Y,A,01,0,0,2,0,0,0,0,0,0,-,-,33.78647994995117,-117.20098876953124,RIVERSIDE,PERRIS,-117.196054,33.786638
8744602,2018,2018-12-20,3313,2018-11-16,1730,1906,4,5,5,7,3313,0,0,0,NA,0,T40,TYLER ST,HEMET ST,0,NA,Y,A,-,N,NA,NA,NA,NA,NA,NA,NA,NA,NA,N,3,0,1,2,A,-,10,21950,A,F,G,B,B,A,H,-,C,D,0,Y,NA,NA,NA,Y,NA,D,22,0,1,0,0,1,0,0,0,0,-,-,33.909358978271484,-117.45945739746094,RIVERSIDE,RIVERSIDE,-117.459228515625,33.90913009643555
8745109,2018,2018-12-20,3300,2018-11-20,0950,3505,42A5,2,5,3,3392,0,0,0,NA,0,LA42,EISENHOWER DR,WASHINGTON ST,353,W,N,A,-,N,NA,NA,NA,NA,NA,NA,NA,NA,NA,N,4,0,1,2,A,-,17,21209,A,N,E,G,A,A,H,-,A,A,0,NA,Y,NA,NA,Y,NA,A,07,0,0,1,0,0,0,1,0,0,-,-,33.69499969482422,-116.29495239257813,RIVERSIDE,LA QUINTA,-116.2960968017578,33.695472717285156
8745608,2018,2018-12-19,3313,2018-10-29,0704,1686,5,1,5,7,3313,0,0,0,NA,0,T58,PIERCE ST,NATIONAL DR,364,N,N,A,-,N,NA,NA,NA,NA,NA,NA,NA,NA,NA,Y,4,0,2,3,A,-,09,21804,A,N,D,C,A,A,H,-,A,D,0,NA,NA,NA,NA,Y,NA,A,01,0,0,2,0,0,0,0,0,0,-,-,33.89065933227539,-117.4875717163086,RIVERSIDE,RIVERSIDE,-117.48815155029295,33.891483306884766
8746214,2018,2019-01-17,3300,2018-11-09,1720,5158,24C7,5,5,3,3317,0,0,0,NA,0,2S24,RAMON RD,BOB HOPE DR,219,E,N,A,-,N,NA,NA,NA,NA,NA,NA,NA,NA,NA,N,3,0,1,2,A,-,11,21956,A,N,G,B,D,A,H,-,C,A,0,Y,NA,NA,NA,Y,NA,N,60,0,1,0,0,1,0,0,0,0,-,-,NA,NA,RIVERSIDE,RANCHO MIRAGE,-116.40991973876952,33.81639099121094
8746886,2018,2019-01-03,3313,2018-11-11,0846,1862,1,7,5,7,3313,0,0,0,NA,0,2R17,LEMON ST,6TH ST,0,NA,Y,A,-,N,NA,NA,NA,NA,NA,NA,NA,NA,NA,Y,4,0,2,3,A,-,09,21802,A,N,D,C,A,A,H,-,A,D,0,NA,NA,NA,NA,Y,NA,A,01,0,0,2,0,0,0,0,0,0,-,-,33.982810974121094,-117.37091827392578,RIVERSIDE,RIVERSIDE,-117.37081146240234,33.98284912109375
8749487,2018,2019-01-08,3308,2018-09-08,0921,10611,527,6,5,5,3308,0,0,0,NA,0,SOUTH,FLORIDA AV,SAN JACINTO ST,228,E,N,A,-,Y,RIV,8,74,-,-,41.38,H,-,E,Y,4,0,1,2,A,-,08,22107,NA,N,B,C,A,A,H,-,A,A,0,NA,NA,NA,NA,Y,NA,D,22,0,0,1,0,0,0,0,0,0,-,-,33.747581481933594,-116.95858001708984,RIVERSIDE,HEMET,-116.95792388916016,33.74761962890625
8749556,2018,2019-01-22,3313,2018-11-20,1130,1907,1,2,5,7,3313,0,0,0,NA,0,T72,CENTRAL AV,RT 91,16,S,N,A,-,Y,RIV,8,91,-,-,18.598,R,4,W,Y,4,0,2,2,A,-,12,21453,A,N,D,C,A,A,H,-,A,A,0,NA,NA,NA,NA,Y,NA,-,-,0,0,2,0,0,0,0,0,0,-,-,NA,NA,RIVERSIDE,RIVERSIDE,-117.38174438476563,33.955413818359375