CASE_ID,ACCIDENT_YEAR,PROC_DATE,JURIS,COLLISION_DATE,COLLISION_TIME,OFFICER_ID,REPORTING_DISTRICT,DAY_OF_WEEK,CHP_SHIFT,POPULATION,CNTY_CITY_LOC,SPECIAL_COND,BEAT_TYPE,CHP_BEAT_TYPE,CITY_DIVISION_LAPD,CHP_BEAT_CLASS,BEAT_NUMBER,PRIMARY_RD,SECONDARY_RD,DISTANCE,DIRECTION,INTERSECTION,WEATHER_1,WEATHER_2,STATE_HWY_IND,CALTRANS_COUNTY,CALTRANS_DISTRICT,STATE_ROUTE,ROUTE_SUFFIX,POSTMILE_PREFIX,POSTMILE,LOCATION_TYPE,RAMP_INTERSECTION,SIDE_OF_HWY,TOW_AWAY,COLLISION_SEVERITY,NUMBER_KILLED,NUMBER_INJURED,PARTY_COUNT,PRIMARY_COLL_FACTOR,PCF_CODE_OF_VIOL,PCF_VIOL_CATEGORY,PCF_VIOLATION,PCF_VIOL_SUBSECTION,HIT_AND_RUN,TYPE_OF_COLLISION,MVIW,PED_ACTION,ROAD_SURFACE,ROAD_COND_1,ROAD_COND_2,LIGHTING,CONTROL_DEVICE,CHP_ROAD_TYPE,PEDESTRIAN_ACCIDENT,BICYCLE_ACCIDENT,MOTORCYCLE_ACCIDENT,TRUCK_ACCIDENT,NOT_PRIVATE_PROPERTY,ALCOHOL_INVOLVED,STWD_VEHTYPE_AT_FAULT,CHP_VEHTYPE_AT_FAULT,COUNT_SEVERE_INJ,COUNT_VISIBLE_INJ,COUNT_COMPLAINT_PAIN,COUNT_PED_KILLED,COUNT_PED_INJURED,COUNT_BICYCLIST_KILLED,COUNT_BICYCLIST_INJURED,COUNT_MC_KILLED,COUNT_MC_INJURED,PRIMARY_RAMP,SECONDARY_RAMP,LATITUDE,LONGITUDE,COUNTY,CITY,POINT_X,POINT_Y
9010604,2019,2019-12-27,3342,2019-09-30,1109,506,285,1,5,4,3342,0,0,0,NA,0,002,CALIFORNIA OAKS RD,MONROE AV,14,E,N,A,-,N,NA,NA,NA,NA,NA,NA,NA,NA,NA,N,3,0,1,2,A,-,05,21650,1,N,H,G,A,A,H,-,A,A,0,NA,Y,NA,NA,Y,NA,L,04,0,1,0,0,0,0,1,0,0,-,-,33.56882095336914,-117.20543670654295,RIVERSIDE,MURRIETA,-117.20557403564452,33.56901550292969
90106053,2016,2016-02-01,9840,2016-01-30,1735,018383,NA,6,2,7,3313,0,1,3,NA,2,021,SR-91 E/B,I-215/SR-60 INTERCHANGE,20,E,N,B,-,Y,NA,NA,91,NA,NA,NA,NA,NA,E,Y,3,0,1,2,A,-,01,23152,A,N,B,C,A,A,H,-,C,D,0,NA,NA,NA,NA,Y,Y,A,01,0,1,0,0,0,0,0,0,0,-,-,33.99291,-117.35741,RIVERSIDE,RIVERSIDE,-117.35745596,33.9929414
90106895,2016,2016-02-01,9840,2016-01-05,1130,012608,NA,2,1,6,3345,0,1,3,NA,2,010,SR-60 W/B,HALL AVE,24,E,N,C,-,Y,NA,NA,60,NA,NA,NA,NA,NA,W,N,4,0,1,1,A,-,03,22350,NA,N,F,A,A,B,H,-,A,D,0,NA,NA,NA,NA,Y,NA,A,01,0,0,1,0,0,0,0,0,0,-,-,34.00531,-117.39299,RIVERSIDE,JURUPA VALLEY,-117.39298893,34.00525477
90107108,2016,2016-02-02,9655,2016-01-26,0416,016607,NA,2,3,9,3300,0,1,1,NA,2,206,I-10 W/B,STUBBY WASH,6400,W,N,A,-,Y,NA,NA,10,NA,NA,NA,NA,NA,W,Y,3,0,1,1,C,-,18,NA,NA,N,E,J,A,A,H,-,D,D,0,NA,NA,NA,NA,Y,NA,-,-,0,1,0,0,0,0,0,0,0,-,-,33.92151,-116.71523,RIVERSIDE,UNINCORPORATED,-116.71521657,33.92159798
90108158,2016,2016-02-03,9840,2016-01-07,1335,014868,NA,4,1,4,3344,0,1,1,NA,2,011,I-15 (N/B),PHILADELPHIA AVE,300,S,N,B,-,Y,NA,NA,15,NA,NA,NA,NA,NA,NA,Y,4,0,1,2,A,-,07,21658,A,F,B,C,A,A,H,-,A,D,0,NA,NA,NA,NA,Y,NA,-,99,0,0,1,0,0,0,0,0,0,-,-,34.03059,-117.54934,RIVERSIDE,EASTVALE,-117.55002214,34.03057374
90110057,2016,2016-02-05,9840,2016-01-11,0730,016285,9840,1,1,9,3300,0,3,5,NA,2,004,DAY STREET,MARTIN STREET,0,NA,Y,A,-,N,NA,NA,NA,NA,NA,NA,NA,NA,NA,Y,4,0,4,2,A,-,09,21802,A,N,D,C,A,A,H,-,A,A,0,NA,NA,NA,NA,Y,NA,A,08,0,0,4,0,0,0,0,0,0,-,-,33.84459,-117.27898,RIVERSIDE,UNINCORPORATED,-117.27894009,33.84460006
90111391,2016,2016-02-08,9840,2016-01-15,1600,019813,NA,5,2,9,3300,0,2,4,NA,2,045,EL SOBRANTE RD,PALM DR,1500,S,N,A,-,N,NA,NA,NA,NA,NA,NA,NA,NA,NA,Y,4,0,2,3,A,-,03,22350,NA,N,C,C,A,A,H,-,A,D,0,NA,NA,NA,NA,Y,NA,A,07,0,0,2,0,0,0,0,0,0,-,-,33.85267,-117.39468,RIVERSIDE,UNINCORPORATED,-117.39754832,33.85317637
90111807,2016,2016-02-09,9840,2016-01-17,0533,018849,NA,7,3,4,3344,0,1,1,NA,2,011,I-15 S/B,SR-60,500,N,N,A,-,Y,NA,NA,NA,NA,NA,NA,NA,NA,NA,Y,4,0,1,2,A,-,03,22350,NA,N,C,C,A,A,H,-,C,D,0,NA,NA,NA,NA,Y,NA,A,01,0,0,1,0,0,0,0,0,0,-,-,33.02328,-117.55054,RIVERSIDE,EASTVALE,-117.55040775,34.02227127
90112492,2016,2016-02-10,9840,2016-01-13,1828,018072,NA,3,2,9,3300,0,2,4,NA,2,045,CAJALCO ROAD,EL SOBRANTE ROAD,174,W,N,A,-,N,NA,NA,NA,NA,NA,NA,NA,NA,NA,Y,3,0,1,2,A,-,08,22107,NA,N,D,C,A,A,H,-,D,D,0,NA,NA,NA,NA,Y,NA,A,01,0,1,0,0,0,0,0,0,0,-,-,NA,NA,RIVERSIDE,UNINCORPORATED,-117.36849704,33.83373482
90113594,2016,2016-02-11,9840,2016-01-29,1357,019719,NA,5,1,9,3300,0,1,1,NA,2,022,I-215 S/B,COLUMBIA AVENUE,1200,N,N,A,-,Y,NA,NA,NA,NA,NA,NA,NA,NA,NA,Y,4,0,1,2,A,-,03,22350,NA,N,C,C,A,A,H,-,A,D,0,NA,NA,NA,NA,Y,NA,A,01,0,0,1,0,0,0,0,0,0,-,-,34.00491,-117.34969,RIVERSIDE,UNINCORPORATED,NA,NA
90114319,2016,2016-02-12,9840,2016-02-02,0723,017504,NA,2,1,6,3394,0,1,3,NA,2,025,SR-60 W/B,FREDERICK ST,50,W,N,B,-,Y,NA,NA,60,NA,NA,NA,NA,NA,W,Y,4,0,1,3,A,-,03,22350,NA,N,C,C,A,A,H,-,A,D,0,NA,NA,NA,NA,Y,NA,D,22,0,0,1,0,0,0,0,0,0,-,-,33.94096,-117.26206,RIVERSIDE,MORENO VALLEY,-117.26206066,33.94090381
9011546,2019,2019-12-27,3300,2019-11-08,0653,4449,002G1,5,5,6,3345,0,0,0,NA,0,022,ETIWANDA AV,IBERIA ST,0,NA,Y,A,-,N,NA,NA,NA,NA,NA,NA,NA,NA,NA,N,4,0,1,3,A,-,09,21453,C,N,A,C,A,A,H,-,A,A,0,NA,NA,NA,NA,Y,NA,A,01,0,0,1,0,0,0,0,0,0,-,-,34.02315902709961,-117.52401733398438,RIVERSIDE,JURUPA VALLEY,-117.5244598388672,34.02288818359375
90116388,2016,2016-02-16,9840,2016-02-05,1520,019361,NA,5,2,7,3313,0,1,1,NA,2,022,I-215 N/B,COLUMBIA AVENUE,528,S,N,A,-,Y,NA,NA,215,NA,NA,NA,NA,NA,N,Y,3,0,1,3,A,-,08,22107,NA,N,B,C,A,A,H,-,A,D,0,NA,NA,Y,Y,Y,NA,C,02,0,1,0,0,0,0,0,0,1,-,-,33.99725,-117.35465,RIVERSIDE,RIVERSIDE,-117.35461811,33.997229
90116478,2016,2016-02-16,9685,2016-02-09,0835,013562,NA,2,1,9,3300,0,1,3,NA,2,011,SR-74 E/B (ORTEGA HWY),MONTE VISTA,8448,W,N,A,-,Y,NA,NA,NA,NA,NA,NA,NA,NA,NA,Y,4,0,1,1,A,-,08,22107,NA,N,F,A,A,A,H,-,A,D,0,NA,NA,Y,NA,Y,NA,C,02,0,0,1,0,0,0,0,0,1,-,-,33.38231,-117.25184,RIVERSIDE,UNINCORPORATED,-117.10311037,33.74243811
90118429,2016,2016-02-18,9685,2016-02-10,0630,012775,NA,3,1,9,3300,0,1,1,NA,2,010,I-15 S/B TO CLINTON KEITH,CLINTON KEITH ROAD,750,N,N,A,-,Y,NA,NA,NA,NA,NA,NA,NA,NA,NA,N,3,0,1,1,C,-,18,NA,NA,N,E,J,A,A,H,-,A,D,0,NA,NA,Y,NA,Y,NA,-,-,0,1,0,0,0,0,0,0,1,-,-,33.59702,-117.24691,RIVERSIDE,UNINCORPORATED,NA,NA
90118432,2016,2016-02-18,9630,2016-02-02,0648,021194,NA,2,1,9,3300,0,1,1,NA,2,022,I-10 E/B,JEFFERSON ST,900,W,N,A,-,Y,NA,NA,10,NA,NA,NA,NA,NA,E,Y,4,0,1,1,A,-,08,22107,NA,N,E,I,A,A,D,-,A,D,0,NA,NA,NA,Y,Y,NA,G,25,0,0,1,0,0,0,0,0,0,-,-,33.75036,-116.2741,RIVERSIDE,UNINCORPORATED,-116.27409347,33.75038603
90118903,2016,2016-02-18,9840,2016-02-09,0950,017169,NA,2,1,6,3315,0,1,3,NA,2,031,SR-91 W/B,MAIN STREET,528,W,N,A,-,Y,NA,NA,91,NA,NA,NA,NA,NA,W,N,4,0,1,2,A,-,17,23114,A,N,E,J,A,A,D,E,A,D,0,NA,NA,NA,NA,Y,NA,D,22,0,0,1,0,0,0,0,0,0,-,-,33.88061,-117.56981,RIVERSIDE,CORONA,-117.56981402,33.88056578
90119257,2015,2016-02-22,9655,2015-12-13,0500,019440,NA,7,3,9,3300,0,3,5,NA,2,003,CALIFORNIA AVENUE,JELANIE LANE,4224,S,N,A,-,N,NA,NA,NA,NA,NA,NA,NA,NA,NA,N,1,1,0,2,A,-,11,21956,A,N,G,B,E,A,H,-,D,D,0,Y,NA,NA,NA,Y,NA,N,60,0,0,0,1,0,0,0,0,0,-,-,33.7614,-117.05447,RIVERSIDE,UNINCORPORATED,NA,NA
90119519,2016,2016-02-22,9840,2016-02-18,1745,020373,NA,4,2,7,3313,0,1,1,NA,2,023,I-215 S/B,COLUMBIA AVENUE,300,S,N,A,-,Y,NA,NA,NA,NA,NA,NA,NA,NA,NA,N,4,0,1,2,A,-,03,22350,NA,N,C,C,A,A,H,-,C,D,0,NA,NA,NA,Y,Y,NA,G,25,0,0,1,0,0,0,0,0,0,-,-,NA,NA,RIVERSIDE,RIVERSIDE,-117.3525288,34.0006368
90120353,2016,2016-02-22,9655,2016-01-29,0035,018677,NA,5,3,9,3300,0,1,1,NA,2,204,I-10 E/B,HARGRAVE ST,2534,E,N,A,-,Y,NA,NA,NA,NA,NA,NA,NA,NA,NA,Y,2,0,3,1,A,-,01,23152,E,N,E,I,A,A,H,-,D,D,0,NA,NA,NA,NA,Y,NA,A,01,3,0,0,0,0,0,0,0,0,-,-,33.92424,-116.85999,RIVERSIDE,UNINCORPORATED,-116.85962468,33.92446841
90120824,2016,2016-02-22,9840,2016-02-08,1815,015663,NA,1,2,4,3344,0,1,1,NA,2,011,I-15 S/B,SANTA ANA RIVER,1000,N,N,A,-,Y,NA,NA,NA,NA,NA,NA,NA,NA,NA,N,4,0,1,2,A,-,03,22350,NA,N,C,C,A,A,H,-,D,D,0,NA,NA,NA,NA,Y,NA,A,07,0,0,1,0,0,0,0,0,0,-,-,33.12321,-117.56432,RIVERSIDE,EASTVALE,NA,NA
90121109,2016,2016-02-22,9840,2016-02-10,0915,014868,NA,3,1,7,3313,0,1,3,NA,2,026,SR-60 (W/B),MARKET ST,800,E,N,A,-,Y,NA,NA,60,NA,NA,NA,NA,NA,NA,Y,4,0,2,2,A,-,03,22350,NA,N,C,C,A,A,H,-,A,A,0,NA,NA,NA,NA,Y,NA,A,01,0,0,2,0,0,0,0,0,0,-,-,33.998780000000004,-117.37044,RIVERSIDE,RIVERSIDE,-117.37040861,33.99885635
90121742,2016,2016-02-23,9660,2016-02-13,1656,021237,NA,6,2,9,3300,0,1,1,NA,2,030,I-10 E/B,CORN SPRINGS ROAD O/C,27984,W,N,A,-,Y,NA,NA,10,NA,NA,NA,NA,NA,E,N,3,0,2,1,A,-,08,22107,NA,N,E,I,A,A,H,-,A,D,0,NA,NA,NA,NA,Y,NA,A,07,0,2,0,0,0,0,0,0,0,-,-,33.69845,-115.29874,RIVERSIDE,UNINCORPORATED,-115.29872912,33.69848678
90121850,2016,2016-03-01,9840,2016-01-29,2030,019527,NA,5,2,7,3313,0,1,1,NA,2,023,I-215 NB TO UNIVERSITY AVE.,UNIVERSITY AVE,150,N,N,A,-,Y,NA,NA,215,NA,NA,NA,R,NA,N,Y,3,0,1,1,A,-,01,23152,A,N,E,I,A,A,H,-,C,D,0,NA,NA,NA,NA,Y,Y,A,01,0,1,0,0,0,0,0,0,0,-,-,33.97649,-117.33491,RIVERSIDE,RIVERSIDE,-117.33491,33.97649
90122450,2016,2016-02-24,9840,2016-02-23,1045,012075,NA,2,1,9,3300,0,1,1,NA,2,040,I-215 S/B,HARLEY KNOX BL,2000,N,N,A,-,Y,NA,NA,215,NA,NA,NA,NA,NA,S,N,4,0,1,2,A,-,03,22350,NA,N,C,C,A,A,H,-,A,D,0,NA,NA,NA,NA,Y,NA,D,22,0,0,1,0,0,0,0,0,0,-,-,33.87066,-117.26336,RIVERSIDE,UNINCORPORATED,-117.26334362,33.870667
90124097,2016,2016-02-25,9840,2016-02-11,1405,017765,NA,4,2,7,3313,0,1,3,NA,2,010,SR-60 E/B,MAIN STREET,1250,W,N,A,-,Y,NA,NA,60,NA,NA,NA,NA,NA,E,Y,4,0,1,3,A,-,03,22350,NA,N,C,C,A,A,H,-,A,D,0,NA,NA,NA,NA,Y,NA,A,01,0,0,1,0,0,0,0,0,0,-,-,33.9977,-117.36834,RIVERSIDE,RIVERSIDE,-117.3682971,33.99781065
90124480,2016,2016-02-26,9840,2016-02-05,1245,019242,NA,5,1,7,3313,0,1,3,NA,2,020,SR-91 W/B,MAGNOLIA,200,W,N,A,-,Y,NA,NA,91,NA,NA,NA,NA,NA,W,Y,4,0,1,4,A,-,03,22350,NA,F,C,C,A,A,H,-,A,D,0,NA,NA,NA,NA,Y,NA,A,01,0,0,1,0,0,0,0,0,0,-,-,33.89747,-117.48876,RIVERSIDE,RIVERSIDE,-117.48877703,33.89733679
90124757,2016,2016-02-26,9685,2016-02-23,1800,015360,NA,2,2,5,3335,0,1,1,NA,2,030,I-15 SOUTHBOUND,RANCHO CALIFORNIA RD.,700,S,N,A,-,Y,NA,NA,NA,NA,NA,NA,NA,NA,NA,Y,3,0,1,1,A,-,08,22107,NA,N,F,A,A,A,H,-,D,D,0,NA,NA,Y,NA,Y,NA,C,02,0,1,0,0,0,0,0,0,1,-,-,33.03214,-117.52415,RIVERSIDE,TEMECULA,-117.15048002,33.49900377
90125398,2016,2016-02-29,9685,2016-02-16,0433,017535,NA,2,3,9,3300,0,3,5,NA,2,003,POURROY ROAD,HONEY PINE ROAD,30,N,N,A,-,N,NA,NA,NA,NA,NA,NA,NA,NA,NA,Y,4,0,2,2,A,-,03,22350,NA,N,C,C,A,A,H,-,D,A,0,NA,NA,NA,NA,Y,NA,A,01,0,0,2,0,0,0,0,0,0,-,-,33.34344,-117.6432,RIVERSIDE,UNINCORPORATED,-117.10131,33.57600217
90125665,2016,2016-02-29,9685,2016-02-23,1755,012752,NA,2,2,5,3335,0,1,1,NA,2,030,I-15 S/B,SANTIAGO ROAD,350,S,N,A,-,Y,NA,NA,NA,NA,NA,NA,NA,NA,NA,Y,3,0,2,2,A,-,03,22350,NA,N,C,C,A,A,H,-,D,D,0,NA,NA,NA,NA,Y,NA,A,01,0,1,1,0,0,0,0,0,0,-,-,33.29179,-117.83735,RIVERSIDE,TEMECULA,-117.14409922,33.48942974
90126196,2016,2016-03-01,9655,2016-02-07,0501,020963,NA,7,3,9,3300,0,3,5,NA,2,002,AVENIDA MIRAVELLA,AVENIDA ALTURA BELLA,124,N,N,A,-,N,NA,NA,NA,NA,NA,NA,NA,NA,NA,Y,4,0,2,1,A,-,08,22107,NA,N,E,I,A,A,H,-,D,D,0,NA,NA,NA,NA,Y,NA,A,01,0,0,2,0,0,0,0,0,0,-,-,33.98668,-116.96056,RIVERSIDE,UNINCORPORATED,-116.96116486,33.98663622
90126771,2016,2016-03-01,9840,2016-02-28,0950,016619,NA,7,1,4,3344,0,1,1,NA,2,011,I-15 S/B,LIMONITE AVE,2640,N,N,A,-,Y,NA,NA,15,NA,NA,NA,NA,NA,S,Y,3,0,2,1,A,-,00,22017,NA,N,F,A,A,A,H,-,A,D,0,NA,NA,NA,NA,Y,NA,D,22,0,1,1,0,0,0,0,0,0,-,-,33.98521,-117.54911,RIVERSIDE,EASTVALE,-117.54910419,33.98521026
90126774,2016,2016-03-01,9685,2016-02-28,2040,016381,NA,7,2,9,3300,0,1,1,NA,2,010,I-15 NORTHBOUND,BAXTER RD,2640,N,N,A,-,Y,NA,NA,NA,NA,NA,NA,NA,NA,NA,Y,4,0,1,2,A,-,01,23152,A,N,C,C,A,A,H,-,D,D,0,NA,NA,NA,NA,Y,Y,D,22,0,0,1,0,0,0,0,0,0,-,-,33.37926,-117.15577,RIVERSIDE,UNINCORPORATED,-117.26503104,33.61809506
90126820,2016,2016-03-01,9655,2016-02-11,1447,014583,NA,4,2,9,3300,0,3,5,NA,2,002,GILMAN SPRINGS RD.,SR-79,345,W,N,A,-,Y,NA,NA,NA,NA,NA,NA,NA,NA,NA,Y,3,0,1,2,A,-,09,21802,A,N,D,C,A,A,H,-,A,A,0,NA,NA,Y,NA,Y,NA,A,01,0,1,0,0,0,0,0,0,1,-,-,33.84547,-117.00573,RIVERSIDE,UNINCORPORATED,-116.99631288,33.84298675
90127005,2016,2016-03-02,9840,2016-02-21,1445,016285,NA,7,2,9,3300,0,2,4,NA,2,042,VAN BUREN BOULEVARD E/B,OPPORTUNITY WAY,15,W,N,A,-,N,NA,NA,NA,NA,NA,NA,NA,NA,NA,Y,4,0,1,2,A,-,03,22350,NA,N,C,C,A,A,H,-,A,A,0,NA,NA,NA,NA,Y,NA,A,01,0,0,1,0,0,0,0,0,0,-,-,NA,NA,RIVERSIDE,UNINCORPORATED,-117.275898,33.887958
90127044,2016,2016-03-01,9840,2016-02-26,1120,019242,NA,5,1,7,3313,0,1,1,NA,2,023,I-215 N/B,CENTRAL AVENUE,400,N,N,A,-,Y,NA,NA,215,NA,NA,NA,NA,NA,N,N,4,0,1,3,A,-,03,22350,NA,F,C,C,A,A,H,-,A,D,0,NA,NA,NA,NA,Y,NA,-,99,0,0,1,0,0,0,0,0,0,-,-,33.96512,-117.32615,RIVERSIDE,RIVERSIDE,-117.32620733,33.96507734
90129393,2016,2016-03-04,9630,2016-02-25,1247,021194,NA,4,1,9,3300,0,1,1,NA,2,021,I-10 W/B,COOK ST,2640,W,N,A,-,Y,NA,NA,10,NA,NA,NA,NA,NA,W,Y,4,0,1,3,A,-,03,22350,NA,N,B,C,A,A,H,-,A,D,0,NA,NA,NA,NA,Y,NA,A,01,0,0,1,0,0,0,0,0,0,-,-,33.79043,-116.36178,RIVERSIDE,UNINCORPORATED,-116.36178647,33.79041908
90130484,2016,2016-03-07,9840,2016-02-10,0910,012208,NA,3,1,6,3345,0,1,1,NA,2,011,I-15 N/B {ONTARIO FREEWAY},CANTU GALLEANO RANCH ROAD,704,N,N,B,-,Y,NA,NA,15,NA,NA,NA,NA,NA,N,Y,1,1,0,2,A,-,03,22350,NA,N,F,A,A,A,H,-,A,D,0,NA,NA,Y,Y,Y,NA,C,02,0,0,0,0,0,0,0,1,0,-,-,34.00431,-117.55025,RIVERSIDE,JURUPA VALLEY,-117.55008128,34.00430816
90131313,2016,2016-03-08,9655,2016-03-01,1400,018320,NA,2,2,3,3302,0,1,1,NA,2,202,I-10 E/B,BEAUMONT AVE.,1056,W,N,A,-,Y,NA,NA,10,NA,NA,NA,NA,NA,E,N,4,0,1,2,A,-,07,21658,A,N,B,C,A,A,H,-,A,D,0,NA,NA,NA,Y,Y,NA,G,25,0,0,1,0,0,0,0,0,0,-,-,33.92733,-116.98072,RIVERSIDE,BEAUMONT,-116.98072534,33.92731427
90132066,2016,2016-03-08,9840,2016-03-04,1225,018611,NA,5,1,6,3315,0,1,3,NA,2,030,SR-91 E/B,GREEN RIVER ROAD,700,W,N,A,-,Y,NA,NA,91,NA,NA,NA,NA,NA,E,Y,4,0,1,2,A,-,03,22350,NA,N,C,C,A,A,D,-,A,D,0,NA,NA,NA,NA,Y,NA,A,01,0,0,1,0,0,0,0,0,0,-,-,33.87802,-117.65863,RIVERSIDE,CORONA,-117.65850627,33.87785002
90132274,2016,2016-03-09,9840,2016-02-21,1758,018727,NA,7,2,9,3300,0,3,5,NA,2,004,RIDER ST.,HARVILL AVE.,200,W,N,A,-,N,NA,NA,NA,NA,NA,NA,NA,NA,NA,Y,4,0,1,1,A,-,01,23152,A,N,E,I,A,A,H,-,D,D,0,NA,NA,NA,NA,Y,Y,A,01,0,0,1,0,0,0,0,0,0,-,-,33.8304,-117.24987,RIVERSIDE,UNINCORPORATED,-117.24943636,33.83035159
90132841,2016,2016-05-31,9685,2016-03-05,2250,016347,NA,6,3,4,3307,0,1,1,NA,2,010,I-15 S/B,OLIVE STREET,800,N,N,B,-,Y,NA,NA,NA,NA,NA,NA,NA,NA,NA,Y,3,0,2,2,A,-,03,22350,NA,F,C,C,A,B,H,-,C,D,0,NA,NA,NA,NA,Y,NA,A,01,0,1,1,0,0,0,0,0,0,-,-,33.64411,-117.28515,RIVERSIDE,LAKE ELSINORE,NA,NA
90133058,2016,2016-03-09,9840,2016-03-08,1830,018498,NA,2,2,7,3313,0,1,3,NA,2,201,SR-91 E/B,ADAMS ST.,2825,W,N,A,-,Y,NA,NA,91,NA,NA,NA,NA,NA,E,N,4,0,1,2,A,-,07,21658,A,N,C,C,A,A,H,-,D,D,0,NA,NA,NA,NA,Y,NA,A,01,0,0,1,0,0,0,0,0,0,-,-,33.92283,-117.42754,RIVERSIDE,RIVERSIDE,-117.42755691,33.92285991
90135591,2016,2016-03-14,9840,2016-01-30,1415,018383,NA,6,2,6,3345,0,1,1,NA,2,011,I-15 N/B,CANTU GALLEANO RANCH RD.,1550,N,N,B,-,Y,NA,NA,15,NA,NA,NA,NA,NA,N,Y,3,0,1,1,A,-,08,22107,NA,N,F,A,A,A,H,-,A,D,0,NA,NA,NA,NA,Y,NA,D,22,0,1,0,0,0,0,0,0,0,-,-,34.0074,-117.54991,RIVERSIDE,JURUPA VALLEY,-117.55010411,34.00740154
90135776,2016,2016-03-14,9685,2016-03-04,1210,014267,NA,5,1,5,3335,0,1,1,NA,2,030,INTERSTATE 15,TEMECULA PARKWAY,3168,S,N,A,-,Y,NA,NA,15,NA,NA,NA,NA,NA,NA,Y,3,0,1,3,A,-,07,21658,A,N,B,C,A,A,H,-,A,D,0,NA,NA,Y,NA,Y,NA,A,01,0,1,0,0,0,0,0,0,1,-,-,33.47541,-117.13878,RIVERSIDE,TEMECULA,-117.13865121,33.47545054
90135865,2016,2016-03-14,9840,2016-02-12,1823,018949,NA,5,2,9,3300,0,3,5,NA,2,003,CAJALCO ROAD,LA SIERRA AVE,6700,W,N,A,-,N,NA,NA,NA,NA,NA,NA,NA,NA,NA,Y,2,0,1,2,A,-,01,23152,A,N,E,I,A,A,H,-,D,D,0,NA,NA,Y,NA,Y,Y,C,02,1,0,0,0,0,0,0,0,1,-,-,33.82831,-117.48232,RIVERSIDE,UNINCORPORATED,-117.47872193,33.82949756
90136626,2016,2016-03-15,9840,2016-02-18,1845,019017,NA,4,2,7,3313,0,1,3,NA,2,031,STATE ROUTE 91 EB TO I-15,INTERSTATE 15,1500,W,N,A,-,Y,NA,NA,NA,NA,NA,NA,NA,NA,NA,Y,3,0,1,2,A,-,01,23152,A,N,B,C,A,A,H,-,C,D,0,NA,NA,NA,NA,Y,Y,A,01,0,1,0,0,0,0,0,0,0,-,-,33.87881,-117.55864,RIVERSIDE,RIVERSIDE,-117.55159446,33.88021409
9014123,2019,2020-03-04,3302,2019-12-18,1620,764,3302,3,5,3,3302,0,0,0,NA,0,003,VIELE AV,4TH ST,589,N,N,A,-,N,NA,NA,NA,NA,NA,NA,NA,NA,NA,NA,4,0,1,2,A,-,09,21804,A,N,B,C,A,A,H,-,B,D,0,NA,NA,NA,NA,Y,NA,-,NA,0,0,1,0,0,0,0,0,0,-,-,33.93082809448242,-116.98636627197266,RIVERSIDE,BEAUMONT,-116.98826599121094,33.92790985107422
90141502,2016,2016-03-22,9840,2016-03-18,1235,019361,NA,5,1,7,3313,0,1,1,NA,2,024,I-215 N/B,EUCALYPTUS AVENUE,528,S,N,A,-,Y,NA,NA,215,NA,NA,NA,NA,NA,N,N,4,0,1,2,A,-,03,22350,NA,N,C,C,A,A,H,-,A,D,0,NA,NA,NA,NA,Y,NA,A,01,0,0,1,0,0,0,0,0,0,-,-,33.92678,-117.28845,RIVERSIDE,RIVERSIDE,-117.28856968,33.9267765
90144594,2016,2016-03-28,9840,2016-03-18,0910,016356,NA,5,1,9,3300,0,3,5,NA,2,003,TEMESCAL CANYON RD,I-15,5280,S,N,A,-,N,NA,NA,NA,NA,NA,NA,NA,NA,NA,Y,4,0,2,2,A,-,03,22350,NA,N,C,C,A,A,D,-,A,D,0,NA,NA,Y,NA,Y,NA,C,02,0,0,2,0,0,0,0,0,2,-,-,33.7631,-117.46754,RIVERSIDE,UNINCORPORATED,-117.48518813,33.76271813
90146177,2016,2016-03-28,9655,2016-03-08,1505,021008,NA,2,2,9,3300,0,3,5,NA,2,003,CREST DRIVE,STANFORD STREET,32,E,N,A,-,N,NA,NA,NA,NA,NA,NA,NA,NA,NA,Y,4,0,1,1,A,-,01,23152,A,N,E,I,A,A,H,-,A,A,0,NA,NA,NA,NA,Y,Y,A,01,0,0,1,0,0,0,0,0,0,-,-,33.72299,-116.93275,RIVERSIDE,UNINCORPORATED,-116.93229513,33.723
90146211,2016,2016-03-28,9840,2016-03-20,1445,019361,NA,7,2,7,3313,0,1,3,NA,2,021,SR-91 E/B,SPRUCE STREET,528,W,N,A,-,Y,NA,NA,91,NA,NA,NA,NA,NA,E,Y,3,0,1,1,A,-,08,22107,NA,N,E,I,A,A,H,-,A,D,0,NA,NA,NA,NA,Y,NA,A,01,0,1,0,0,0,0,0,0,0,-,-,33.98857,-117.36114,RIVERSIDE,RIVERSIDE,-117.36128404,33.9888163
90146621,2016,2016-03-29,9655,2016-03-19,0130,019462,NA,6,3,9,3300,0,3,5,NA,2,003,GILMAN SPRINGS ROAD,SR-79,4534,N,N,A,-,N,NA,NA,NA,NA,NA,NA,NA,NA,NA,Y,2,0,2,2,A,-,01,23152,A,N,B,C,A,A,H,-,D,D,0,NA,NA,NA,NA,Y,Y,D,22,1,1,0,0,0,0,0,0,0,-,-,33.85311,-117.01476,RIVERSIDE,UNINCORPORATED,-117.00895496,33.84626248
90148207,2016,2016-03-30,9840,2016-03-29,1718,014571,NA,2,2,6,3394,0,1,3,NA,2,025,SR-60 E/B,DAY ST.,650,W,N,A,-,Y,NA,NA,60,NA,NA,NA,NA,NA,E,Y,3,0,2,2,A,-,08,22107,NA,N,B,C,A,A,H,-,A,D,0,NA,NA,NA,NA,Y,NA,A,07,0,1,1,0,0,0,0,0,0,-,-,33.94301,-117.28147,RIVERSIDE,MORENO VALLEY,-117.28147848,33.94295973
90148412,2016,2016-03-31,9655,2016-03-27,2115,019630,NA,7,2,9,3300,0,3,5,NA,2,003,STETSON AVE.,YALE ST.,320,E,N,A,-,N,NA,NA,NA,NA,NA,NA,NA,NA,NA,N,4,0,1,2,A,-,11,21954,A,N,G,B,D,A,H,-,D,D,0,Y,NA,NA,NA,Y,NA,N,60,0,0,1,0,1,0,0,0,0,-,-,33.72949,-116.94867,RIVERSIDE,UNINCORPORATED,-116.94876125,33.72950678