CASE_ID,ACCIDENT_YEAR,PROC_DATE,JURIS,COLLISION_DATE,COLLISION_TIME,OFFICER_ID,REPORTING_DISTRICT,DAY_OF_WEEK,CHP_SHIFT,POPULATION,CNTY_CITY_LOC,SPECIAL_COND,BEAT_TYPE,CHP_BEAT_TYPE,CITY_DIVISION_LAPD,CHP_BEAT_CLASS,BEAT_NUMBER,PRIMARY_RD,SECONDARY_RD,DISTANCE,DIRECTION,INTERSECTION,WEATHER_1,WEATHER_2,STATE_HWY_IND,CALTRANS_COUNTY,CALTRANS_DISTRICT,STATE_ROUTE,ROUTE_SUFFIX,POSTMILE_PREFIX,POSTMILE,LOCATION_TYPE,RAMP_INTERSECTION,SIDE_OF_HWY,TOW_AWAY,COLLISION_SEVERITY,NUMBER_KILLED,NUMBER_INJURED,PARTY_COUNT,PRIMARY_COLL_FACTOR,PCF_CODE_OF_VIOL,PCF_VIOL_CATEGORY,PCF_VIOLATION,PCF_VIOL_SUBSECTION,HIT_AND_RUN,TYPE_OF_COLLISION,MVIW,PED_ACTION,ROAD_SURFACE,ROAD_COND_1,ROAD_COND_2,LIGHTING,CONTROL_DEVICE,CHP_ROAD_TYPE,PEDESTRIAN_ACCIDENT,BICYCLE_ACCIDENT,MOTORCYCLE_ACCIDENT,TRUCK_ACCIDENT,NOT_PRIVATE_PROPERTY,ALCOHOL_INVOLVED,STWD_VEHTYPE_AT_FAULT,CHP_VEHTYPE_AT_FAULT,COUNT_SEVERE_INJ,COUNT_VISIBLE_INJ,COUNT_COMPLAINT_PAIN,COUNT_PED_KILLED,COUNT_PED_INJURED,COUNT_BICYCLIST_KILLED,COUNT_BICYCLIST_INJURED,COUNT_MC_KILLED,COUNT_MC_INJURED,PRIMARY_RAMP,SECONDARY_RAMP,LATITUDE,LONGITUDE,COUNTY,CITY,POINT_X,POINT_Y
90259067,2016,2016-09-01,9655,2016-08-30,0008,018168,NA,2,3,9,3300,0,3,5,NA,2,003,DARTMOUTH STREET,JOHNSTON AVENUE,93,N,N,A,-,Y,NA,NA,NA,NA,NA,NA,NA,NA,NA,Y,2,0,1,1,A,-,01,23152,A,N,F,I,A,A,H,-,C,D,0,NA,NA,Y,NA,Y,Y,C,02,1,0,0,0,0,0,0,0,1,-,-,33.73349,-116.9369,RIVERSIDE,UNINCORPORATED,-116.93683,33.73343467
90263605,2016,2016-09-08,9840,2016-09-01,2132,018949,NA,4,2,6,3315,0,1,3,NA,2,031,SR-91 E/B,MCKINLEY ST,2500,W,N,A,-,Y,NA,NA,91,NA,NA,NA,NA,NA,E,N,4,0,1,2,A,-,03,22350,NA,N,C,C,A,A,D,-,D,D,0,NA,NA,NA,NA,Y,NA,A,01,0,0,1,0,0,0,0,0,0,-,-,33.884,-117.52577,RIVERSIDE,CORONA,-117.52576313,33.88393031
90264124,2016,2016-09-08,9840,2016-09-06,2140,020373,NA,2,2,6,3315,0,1,3,NA,2,031,SR-91 E/B,I-15,125,E,N,A,-,Y,NA,NA,91,NA,NA,NA,NA,NA,E,N,4,0,1,3,A,-,03,22350,NA,N,C,C,A,A,C,-,C,D,0,NA,NA,NA,NA,Y,NA,D,22,0,0,1,0,0,0,0,0,0,-,-,33.8822,-117.54574,RIVERSIDE,CORONA,-117.54574608,33.88222406
90264517,2016,2016-09-09,9660,2016-07-07,0203,021146,NA,4,3,3,3303,0,3,5,NA,2,003,35TH AVENUE,KEIM BLVD.,16,E,N,A,-,Y,NA,NA,NA,NA,NA,NA,NA,NA,NA,Y,1,1,0,1,A,-,03,22350,NA,N,F,A,A,A,H,-,D,D,0,NA,NA,NA,NA,Y,NA,A,01,0,0,0,0,0,0,0,0,0,-,-,33.27363,-114.41471,RIVERSIDE,BLYTHE,-114.69128,33.45592
90264718,2016,2016-09-09,9685,2016-08-29,2100,012752,NA,1,2,5,3335,0,1,1,NA,2,030,I-15 N/B,RANCHO CALIFORNIA ROAD,300,N,N,A,-,Y,NA,NA,15,NA,NA,NA,NA,NA,N,N,4,0,1,3,A,-,07,21658,A,F,B,C,A,A,H,-,D,D,0,NA,NA,NA,NA,Y,NA,D,23,0,0,1,0,0,0,0,0,0,-,-,33.50165,-117.15144,RIVERSIDE,TEMECULA,-117.15153612,33.50160552
90264839,2016,2016-09-19,9685,2016-09-07,1550,012752,NA,3,2,9,3300,0,1,1,NA,2,030,I-15 N/B,TEMECULA RIVER U/C,8920,S,N,A,-,Y,NA,NA,NA,NA,NA,NA,NA,NA,NA,Y,3,0,2,4,A,-,03,22350,NA,N,C,C,A,A,H,-,A,D,0,NA,NA,NA,Y,Y,Y,D,22,0,1,1,0,0,0,0,0,0,-,-,NA,NA,RIVERSIDE,UNINCORPORATED,NA,NA
90265493,2016,2016-09-12,9685,2016-09-10,0205,016347,NA,6,3,9,3300,0,3,5,NA,2,001,CAPRI STREET  (BLOCK 36000),GENOA STREET,50,S,N,A,-,N,NA,NA,NA,NA,NA,NA,NA,NA,NA,Y,3,0,1,2,A,-,01,23152,A,M,C,C,A,A,H,-,C,D,0,NA,NA,NA,NA,Y,Y,A,01,0,1,0,0,0,0,0,0,0,-,-,33.59586,-117.1057,RIVERSIDE,UNINCORPORATED,-117.10567943,33.59584402
90265891,2016,2016-09-12,9630,2016-09-03,1120,013022,NA,6,1,3,3305,0,1,1,NA,2,301,I-10 E/B,DILLON RD,31152,E,N,A,-,Y,NA,NA,NA,NA,NA,NA,NA,NA,NA,Y,4,0,1,2,A,-,03,22350,NA,N,C,C,A,A,H,-,A,D,0,NA,NA,NA,NA,Y,NA,A,07,0,0,1,0,0,0,0,0,0,-,-,33.69967,-116.07258,RIVERSIDE,COACHELLA,-116.07434444,33.69983398
90266430,2016,2016-09-13,9840,2016-08-30,0435,020262,NA,2,3,6,3345,0,1,3,NA,2,010,SR-60 W/B,PACIFIC AVE,513,W,N,A,-,Y,NA,NA,60,NA,NA,NA,NA,NA,W,Y,4,0,1,10,A,-,03,22350,NA,N,C,C,A,A,H,-,D,D,0,NA,NA,NA,Y,Y,NA,A,01,0,0,1,0,0,0,0,0,0,-,-,34.00792,-117.42104,RIVERSIDE,JURUPA VALLEY,-117.42103733,34.00792865
90267408,2016,2016-09-14,9840,2016-09-04,0920,019219,NA,7,1,7,3313,0,1,3,NA,2,021,SR-91 EASTBOUND,14TH STREET,528,W,N,A,-,Y,NA,NA,91,NA,NA,NA,NA,NA,E,Y,4,0,2,2,A,-,08,22107,NA,N,C,C,A,A,H,-,A,D,0,NA,NA,NA,NA,Y,NA,A,07,0,0,2,0,0,0,0,0,0,-,-,33.9707,-117.37508,RIVERSIDE,RIVERSIDE,-117.37514845,33.97074418
9027047,2019,2020-03-10,3309,2019-12-16,1705,180,3309,1,5,4,3309,0,0,0,NA,0,002,JACKSON ST,RT 10,0,NA,Y,A,-,N,NA,NA,NA,NA,NA,NA,NA,NA,NA,N,3,0,3,2,A,-,03,22350,NA,N,C,C,A,A,H,-,C,A,0,NA,NA,NA,NA,Y,NA,D,22,0,2,1,0,0,0,0,0,0,-,-,NA,NA,RIVERSIDE,INDIO,-116.21653747558594,33.73807144165039
90272200,2016,2016-09-21,9840,2016-08-30,0135,020210,NA,2,3,6,3315,0,1,3,NA,2,031,SR-91 E/B TO MAIN ST,MAIN ST,100,W,N,A,-,Y,NA,NA,91,NA,NA,NA,R,NA,E,Y,2,0,2,2,A,-,01,23152,A,N,C,C,A,A,D,-,C,D,0,NA,NA,NA,NA,Y,Y,A,01,1,0,1,0,0,0,0,0,0,-,-,33.87999,-117.5678,RIVERSIDE,CORONA,-117.5678,33.87999
90274319,2016,2016-09-23,9840,2016-09-20,1815,016358,NA,2,2,9,3300,0,2,4,NA,2,042,VAN BUREN BL.,I-215,113,W,N,B,-,N,NA,NA,NA,NA,NA,NA,NA,NA,NA,N,3,0,1,2,A,-,12,21453,A,N,D,C,A,A,H,-,A,A,0,NA,NA,NA,NA,Y,NA,-,-,0,1,0,0,0,0,0,0,0,-,-,33.8878,-117.27096,RIVERSIDE,UNINCORPORATED,-117.27045026,33.88765758
90275038,2016,2016-09-26,9655,2016-09-19,2015,018444,NA,1,2,9,3300,0,1,3,NA,1,314,SR-74 E/B,BEE CANYON TRUCK TRAIL,15840,E,N,A,-,Y,NA,NA,NA,NA,NA,NA,NA,NA,NA,Y,4,0,2,1,A,-,08,22107,NA,N,E,I,A,A,H,-,D,D,0,NA,NA,NA,NA,Y,NA,A,07,0,0,2,0,0,0,0,0,0,-,-,33.7911,-116.92725,RIVERSIDE,UNINCORPORATED,-116.78517108,33.71512223
90275046,2016,2016-09-26,9655,2016-09-16,2305,019871,NA,5,3,9,3300,0,3,5,NA,2,003,THORNTON AVENUE,ROGER STREET,42,W,N,A,-,N,NA,NA,NA,NA,NA,NA,NA,NA,NA,Y,4,0,1,1,A,-,01,23152,A,N,E,I,A,A,H,-,D,D,0,NA,NA,NA,NA,Y,NA,A,01,0,0,1,0,0,0,0,0,0,-,-,33.72589,-116.93081,RIVERSIDE,UNINCORPORATED,-116.93083755,33.72593577
90276661,2016,2016-09-27,9685,2016-09-18,0805,014349,NA,7,1,4,3342,0,1,1,NA,2,034,INTERSTATE 215 S/B,MURRIETA HOT SPRINGS ROAD,2640,N,N,A,-,Y,NA,NA,215,NA,NA,NA,NA,NA,S,Y,3,0,1,1,A,-,08,22107,NA,N,E,I,A,A,H,-,A,D,0,NA,NA,NA,NA,Y,NA,A,01,0,1,0,0,0,0,0,0,0,-,-,33.5651,-117.18087,RIVERSIDE,MURRIETA,-117.18097299,33.56509942
90277870,2016,2016-09-28,9840,2016-09-19,1710,016285,NA,1,2,7,3313,0,1,1,NA,2,024,INTERSTATE 215 NORTHBOUND,EUCALYPTUS AVENUE,750,N,N,B,-,Y,NA,NA,215,NA,NA,NA,NA,NA,N,N,4,0,1,2,A,-,03,22350,NA,N,C,C,A,A,H,-,A,D,0,NA,NA,NA,NA,Y,NA,A,01,0,0,1,0,0,0,0,0,0,-,-,33.93298,-117.28882,RIVERSIDE,RIVERSIDE,-117.28921693,33.9328411
90278010,2016,2016-09-28,9655,2016-09-26,1700,015795,NA,1,2,9,3300,0,3,5,NA,2,003,SR-74 E/B,SR-79,200,W,N,A,-,Y,NA,NA,74,NA,NA,NA,NA,NA,E,N,4,0,1,2,A,-,03,22350,NA,N,C,C,A,A,H,-,A,D,0,NA,NA,NA,NA,Y,NA,A,01,0,0,1,0,0,0,0,0,0,-,-,33.73901,-117.07712,RIVERSIDE,UNINCORPORATED,-117.07712082,33.73903745
9027847,2019,2020-02-04,3311,2019-12-22,1002,16034,NA,7,5,4,3311,0,0,0,NA,0,003,ALEJO RD,CALLE ALVARADO,149,E,N,A,-,N,NA,NA,NA,NA,NA,NA,NA,NA,NA,Y,4,0,1,1,A,-,01,23152,A,N,E,I,A,A,H,-,A,A,0,NA,NA,NA,NA,Y,Y,A,01,0,0,1,0,0,0,0,0,0,-,-,33.83041000366211,-116.53965759277344,RIVERSIDE,PALM SPRINGS,-116.53903198242188,33.830322265625
90280768,2016,2016-09-30,9840,2016-09-23,1405,018611,NA,5,2,6,3315,0,1,3,NA,2,031,SR-91 E/B,LINCOLN AVENUE,200,E,N,A,-,Y,NA,NA,91,NA,NA,NA,NA,NA,E,Y,4,0,2,2,A,-,03,22350,NA,N,C,C,A,A,D,E,A,D,0,NA,NA,NA,NA,Y,NA,A,01,0,0,2,0,0,0,0,0,0,-,-,33.88154,-117.58179,RIVERSIDE,CORONA,-117.58177251,33.88169841
90280811,2016,2016-09-30,9655,2016-09-17,0206,019440,NA,6,3,9,3300,0,1,3,NA,2,213,STATE ROUTE 79,COUNTY LANDFILL ROAD,5280,N,N,A,-,Y,NA,NA,79,NA,NA,NA,NA,NA,NA,Y,4,0,1,1,A,-,01,23152,A,N,E,I,A,A,H,-,D,D,0,NA,NA,NA,NA,Y,Y,A,01,0,0,1,0,0,0,0,0,0,-,-,33.89828,-116.9879,RIVERSIDE,UNINCORPORATED,-116.98771998,33.89823062
90282006,2016,2016-10-03,9840,2016-09-29,1445,015705,NA,4,2,7,3313,0,1,3,NA,2,021,SR-91 E/B,MADISON ST.,528,W,N,A,-,Y,NA,NA,91,NA,NA,NA,NA,NA,E,Y,4,0,1,2,A,-,03,22350,NA,N,C,C,A,A,H,-,A,D,0,NA,NA,NA,NA,Y,NA,A,01,0,0,1,0,0,0,0,0,0,-,-,33.9348,-117.40705,RIVERSIDE,RIVERSIDE,-117.40694138,33.93461162
90282688,2016,2016-10-03,9840,2016-09-21,1700,014868,NA,3,2,7,3313,0,1,3,NA,2,021,SR-91 (E/B),CENTRAL AVE.,2640,W,N,A,-,Y,NA,NA,91,NA,NA,NA,NA,NA,NA,Y,3,0,1,2,A,-,01,23152,A,N,B,C,A,A,H,-,A,D,0,NA,NA,NA,NA,Y,Y,A,01,0,1,0,0,0,0,0,0,0,-,-,33.95093,-117.38531,RIVERSIDE,RIVERSIDE,-117.38532635,33.95093622
90284801,2016,2016-11-21,9630,2016-08-11,1557,015339,NA,4,2,9,3300,0,1,3,NA,2,015,STATE ROUTE 62 W/B TO INTERSTATE 10 E/B,INTERSTATE 10 W/B,54,N,N,A,-,Y,NA,NA,62,NA,NA,NA,R,NA,W,Y,1,1,1,2,A,-,08,22107,NA,N,E,I,A,A,H,-,A,D,0,NA,NA,Y,NA,Y,NA,C,02,0,1,0,0,0,0,0,1,0,-,-,33.91558,-116.60845,RIVERSIDE,UNINCORPORATED,-116.60845,33.91558
90285311,2016,2016-10-06,9840,2016-09-23,1755,017504,NA,5,2,6,3394,0,1,3,NA,2,025,SR-60 W/B,HEACOCK ST.,360,W,N,A,-,Y,NA,NA,60,NA,NA,NA,NA,NA,W,Y,4,0,2,3,A,-,03,22350,NA,N,C,C,A,A,H,-,A,D,0,NA,NA,NA,NA,Y,NA,A,01,0,0,2,0,0,0,0,0,0,-,-,33.941,-117.2525,RIVERSIDE,MORENO VALLEY,-117.2525009,33.9410631
90288772,2016,2016-10-11,9685,2016-10-06,1305,012190,NA,4,1,3,3343,0,1,1,NA,2,010,I-15 N/B,BAXTER RD,1584,N,N,A,-,Y,NA,NA,NA,NA,NA,NA,NA,NA,NA,Y,4,0,1,2,A,-,03,22350,NA,N,C,C,A,A,H,-,A,D,0,NA,NA,NA,NA,Y,NA,D,22,0,0,1,0,0,0,0,0,0,-,-,33.37594,-117.15548,RIVERSIDE,WILDOMAR,-117.26293531,33.61579399
90289195,2016,2016-10-11,9840,2016-09-29,0550,019242,NA,4,3,4,3310,0,1,1,NA,2,011,I-15 S/B,MISSION BLVD,1000,N,N,A,-,Y,NA,NA,NA,NA,NA,NA,NA,NA,NA,Y,3,0,1,5,A,-,01,23152,A,M,C,C,A,A,H,-,C,D,0,NA,NA,NA,NA,Y,Y,A,01,0,1,0,0,0,0,0,0,0,-,-,33.02372,-117.55045,RIVERSIDE,NORCO,NA,NA
90290013,2016,2018-04-30,9685,2016-10-09,2219,009983,NA,7,3,3,3343,0,1,1,NA,2,010,I-15 NORTHBOUND,RAILROAD CANYON OFF-RAMP,5355,S,N,A,-,Y,NA,NA,15,NA,NA,NA,NA,NA,N,Y,2,0,3,2,A,-,03,22350,NA,N,C,C,A,A,H,-,D,D,0,NA,NA,NA,NA,Y,NA,A,01,1,1,1,0,0,0,0,0,0,-,-,33.6463,-117.28611,RIVERSIDE,WILDOMAR,-117.28616956,33.64626001
90291140,2016,2016-10-13,9630,2016-10-03,0815,016674,NA,1,1,9,3300,0,1,1,NA,2,302,INTERSTATE 10 EASTBOUND,SUMMIT ROAD,10032,W,N,A,-,Y,NA,NA,10,NA,NA,NA,NA,NA,E,Y,3,0,1,1,A,-,08,22107,NA,N,E,I,A,A,H,-,A,D,0,NA,NA,NA,NA,Y,NA,A,01,0,1,0,0,0,0,0,0,0,-,-,33.6598,-115.75834,RIVERSIDE,UNINCORPORATED,-115.75833969,33.65987633
90291244,2016,2016-10-13,9840,2016-10-10,0600,019893,NA,1,1,7,3313,0,1,1,NA,2,023,I-215 N/B,MARTIN LUTHER KING BLVD,600,N,N,A,-,Y,NA,NA,215,NA,NA,NA,NA,NA,N,Y,4,0,3,2,A,-,03,22350,NA,N,C,C,A,A,H,-,B,D,0,NA,NA,NA,NA,Y,NA,I,10,0,0,3,0,0,0,0,0,0,-,-,33.96943,-117.3289,RIVERSIDE,RIVERSIDE,-117.32891691,33.9694137
90291776,2016,2016-10-14,9655,2016-10-04,0258,017720,NA,2,3,9,3300,0,3,5,NA,2,003,GILMAN SPRINGS ROAD,SR-79,5280,W,N,A,-,N,NA,NA,NA,NA,NA,NA,NA,NA,NA,Y,4,0,1,4,A,-,01,23152,A,N,B,C,A,A,H,-,D,D,0,NA,NA,NA,NA,Y,Y,A,01,0,0,1,0,0,0,0,0,0,-,-,33.85327,-117.015,RIVERSIDE,UNINCORPORATED,-117.01068799,33.84768275
90292226,2016,2016-10-14,9840,2016-10-07,1020,017459,NA,5,1,7,3313,0,1,1,NA,2,023,"I-215 , S/B TO BLAINE STREET",BLAINE STREET,500,N,N,A,-,Y,NA,NA,NA,NA,NA,NA,NA,NA,NA,Y,4,0,1,2,A,-,03,22350,NA,N,C,C,A,A,H,-,A,D,0,NA,NA,NA,NA,Y,NA,A,07,0,0,1,0,0,0,0,0,0,-,-,33.27732,-117.52861,RIVERSIDE,RIVERSIDE,NA,NA
90292235,2016,2016-10-14,9840,2016-10-08,1040,017903,NA,6,1,7,3313,0,1,1,NA,2,023,I-215 N/B,FAIR ISLE DR,528,N,N,A,-,Y,NA,NA,215,NA,NA,NA,NA,NA,N,Y,4,0,1,2,A,-,03,22350,NA,N,C,C,A,A,H,-,A,D,0,NA,NA,NA,NA,Y,NA,A,01,0,0,1,0,0,0,0,0,0,-,-,33.94664,-117.29843,RIVERSIDE,RIVERSIDE,-117.29842174,33.94666325
90294472,2016,2016-10-18,9840,2016-09-28,1308,017162,NA,3,1,7,3313,0,1,3,NA,2,020,SR-91 W/B,ADAMS ST.,500,W,N,A,-,Y,NA,NA,NA,NA,NA,NA,NA,NA,NA,N,4,0,1,2,A,-,03,22350,NA,N,C,C,A,A,H,-,A,D,0,NA,NA,NA,NA,Y,NA,A,07,0,0,1,0,0,0,0,0,0,-,-,33.19723,-117.28738,RIVERSIDE,RIVERSIDE,-117.42114389,33.92669572
90295018,2016,2016-10-18,9840,2016-10-17,0650,017169,NA,1,1,6,3315,0,1,1,NA,2,034,I-15 S/B,HIDDEN VALLEY PARKWAY,1584,S,N,B,C,Y,NA,NA,NA,NA,NA,NA,NA,NA,NA,Y,4,0,1,3,A,-,03,22350,NA,N,C,C,A,B,H,-,A,D,0,NA,NA,NA,NA,Y,NA,A,01,0,0,1,0,0,0,0,0,0,-,-,33.54209,-117.69021,RIVERSIDE,CORONA,NA,NA
90295663,2016,2016-10-19,9840,2016-10-12,0530,016358,NA,3,3,9,3300,0,2,4,NA,2,042,EL SOBRANTE RD,MCALLISTER ST,1307,E,N,B,-,N,NA,NA,NA,NA,NA,NA,NA,NA,NA,Y,3,0,2,2,A,-,01,23152,A,N,B,C,A,A,H,-,D,D,0,NA,NA,NA,NA,Y,Y,A,07,0,1,1,0,0,0,0,0,0,-,-,33.85844,-117.43768,RIVERSIDE,UNINCORPORATED,-117.43427574,33.85815081
90296160,2016,2016-10-19,9840,2016-09-28,1937,018849,NA,3,2,7,3313,0,1,3,NA,2,021,SR-91 E/B,SPRUCE ST.,500,E,N,B,-,Y,NA,NA,NA,NA,NA,NA,NA,NA,NA,N,4,0,2,2,A,-,01,23152,A,N,B,C,A,A,H,-,C,D,0,NA,NA,NA,NA,Y,Y,A,01,0,0,2,0,0,0,0,0,0,-,-,33.59297,-117.21288,RIVERSIDE,RIVERSIDE,-117.35798646,33.99206973
90297732,2016,2016-10-21,9840,2016-10-14,1214,015705,NA,5,1,6,3345,0,1,3,NA,2,010,SR-60 E/B,LA RUE ST,1489,W,N,A,-,Y,NA,NA,60,NA,NA,NA,NA,NA,E,Y,4,0,2,1,C,-,18,NA,NA,N,E,I,A,A,H,-,A,D,0,NA,NA,NA,NA,Y,NA,-,-,0,0,2,0,0,0,0,0,0,-,-,34.0062,-117.41597,RIVERSIDE,JURUPA VALLEY,-117.41598056,34.00616816
90297986,2016,2016-10-21,9685,2016-10-15,1350,014488,NA,6,1,5,3335,0,1,1,NA,2,030,I-15 SOUTHBOUND,WINCHESTER RD O/C,300,S,N,A,-,Y,NA,NA,15,NA,NA,NA,NA,NA,S,Y,3,0,1,3,A,-,07,21658,A,N,B,C,A,A,H,-,A,D,0,NA,NA,Y,NA,Y,NA,A,01,0,1,0,0,0,0,0,0,1,-,-,33.52124,-117.16238,RIVERSIDE,TEMECULA,-117.16236196,33.5212521
90298898,2016,2016-10-24,9630,2016-10-13,0935,018451,NA,4,1,9,3300,0,1,3,NA,1,074,SR-74,CAHUILLA WAY,22176,W,N,A,-,Y,NA,NA,74,NA,NA,NA,NA,NA,NA,Y,2,0,1,2,A,-,03,22350,NA,N,C,C,A,A,H,-,A,D,0,NA,NA,Y,NA,Y,NA,C,02,1,0,0,0,0,0,0,0,1,-,-,33.6497,-116.39586,RIVERSIDE,UNINCORPORATED,-116.39585584,33.64970854
90299545,2016,2016-10-24,9655,2016-10-17,0830,017263,NA,1,1,9,3300,0,3,5,NA,2,003,DOMENIGONI PARKWAY,SR-79,4752,W,N,B,-,N,NA,NA,NA,NA,NA,NA,NA,NA,NA,Y,4,0,1,2,A,-,03,22350,NA,N,C,C,A,A,H,-,A,D,0,NA,NA,NA,NA,Y,NA,D,22,0,0,1,0,0,0,0,0,0,-,-,33.69262,-117.10002,RIVERSIDE,UNINCORPORATED,-117.09950678,33.69256456
90301485,2016,2016-10-26,9685,2016-10-14,2335,14338,NA,5,3,4,3342,0,1,1,NA,2,030,I-15 N/B,MURRIETA HOT SPRINGS ROAD,2640,S,N,B,-,Y,NA,NA,NA,NA,NA,NA,NA,NA,NA,Y,4,0,1,1,A,-,01,23152,A,N,F,A,A,A,H,-,D,D,0,NA,NA,NA,NA,Y,Y,A,01,0,0,1,0,0,0,0,0,0,-,-,33.338,-117.111,RIVERSIDE,MURRIETA,-117.19166,33.55477
90302185,2016,2016-10-26,9660,2016-10-25,0915,019623,NA,2,1,9,3300,0,1,3,NA,1,034,SR-78,LUDY BLVD.,1056,W,N,A,-,Y,NA,NA,78,NA,NA,NA,NA,NA,NA,Y,4,0,2,2,A,-,03,22350,NA,N,D,C,A,A,H,-,A,A,0,NA,NA,NA,NA,Y,NA,A,01,0,0,2,0,0,0,0,0,0,-,-,33.4781,-114.73099,RIVERSIDE,UNINCORPORATED,-114.73098846,33.47810002
9030376,2019,2020-06-17,3300,2019-12-04,2050,5391,916D,3,5,5,3341,0,0,0,NA,0,035,RT 74,RT 215,0,NA,Y,A,-,Y,RIV,8,74,-,-,27.646,I,5,W,Y,4,0,1,2,A,-,03,22350,NA,N,C,C,A,B,H,-,C,A,0,NA,NA,NA,NA,Y,NA,A,07,0,0,1,0,0,0,0,0,0,-,NO,NA,NA,RIVERSIDE,MENIFEE,-117.18753814697266,33.753273010253906
9030671,2019,2020-01-28,3313,2019-11-06,0810,1982,4,3,5,7,3313,0,0,0,NA,0,T75,MONROE ST,MAGNOLIA AV,535,S,N,A,-,N,NA,NA,NA,NA,NA,NA,NA,NA,NA,N,4,0,1,2,A,-,03,22350,NA,N,C,C,A,A,H,-,A,A,0,NA,NA,NA,NA,Y,NA,A,07,0,0,1,0,0,0,0,0,0,-,-,33.92866897583008,-117.43173217773438,RIVERSIDE,RIVERSIDE,-117.4307861328125,33.927616119384766
9030697,2019,2020-01-28,3300,2019-11-26,1458,N6519,601E5,2,5,6,3394,0,0,0,NA,0,MV16,ELDER AV,COOL CT,98,E,N,A,-,N,NA,NA,NA,NA,NA,NA,NA,NA,NA,N,4,0,1,2,A,-,03,22350,NA,N,C,C,A,A,H,-,A,D,0,NA,NA,NA,NA,Y,NA,A,01,0,0,1,0,0,0,0,0,0,-,-,33.94001007080078,-117.2194366455078,RIVERSIDE,MORENO VALLEY,-117.21924591064452,33.939979553222656
9030715,2019,2020-01-28,3313,2019-11-11,1538,1736,5,1,5,7,3313,0,0,0,NA,0,T49,PIERCE ST,RIVERWALK PKWY,0,NA,Y,A,-,N,NA,NA,NA,NA,NA,NA,NA,NA,NA,Y,4,0,1,2,A,-,03,22350,NA,M,D,C,A,A,H,-,A,A,0,NA,NA,NA,NA,Y,NA,A,01,0,0,1,0,0,0,0,0,0,-,-,33.89862060546875,-117.49494171142578,RIVERSIDE,RIVERSIDE,-117.49488067626952,33.901119232177734
90307206,2016,2016-10-31,9685,2016-10-21,2248,016838,NA,5,3,9,3300,0,3,5,NA,2,003,ANZA ROAD,TEMECULA PKWY,700,N,N,A,-,Y,NA,NA,NA,NA,NA,NA,NA,NA,NA,N,4,0,1,2,A,-,08,22107,NA,M,D,C,A,A,H,-,D,D,0,NA,NA,Y,NA,Y,Y,A,01,0,0,1,0,0,0,0,0,1,-,-,33.49019,-117.05489,RIVERSIDE,UNINCORPORATED,NA,NA
9030781,2019,2020-01-30,3300,2019-10-24,0804,N6000,506F,4,5,5,3341,0,0,0,NA,0,056,NEWPORT RD,HAUN RD,0,NA,Y,A,-,N,NA,NA,NA,NA,NA,NA,NA,NA,NA,N,4,0,2,2,A,-,03,22350,NA,M,C,C,A,A,H,-,A,A,0,NA,NA,NA,NA,Y,NA,A,01,0,0,2,0,0,0,0,0,0,-,-,33.68461990356445,-117.17658996582033,RIVERSIDE,MENIFEE,-117.17552185058594,33.68505859375
90308355,2016,2016-11-01,9655,2016-10-24,0952,013757,NA,1,1,9,3300,0,3,5,NA,2,003,GILMAN SPRINGS RD.,SUBBLETTE RD EAST,120,W,N,C,-,N,NA,NA,NA,NA,NA,NA,NA,NA,NA,Y,4,0,1,1,A,-,03,22350,NA,N,E,I,A,B,H,-,A,D,0,NA,NA,NA,NA,Y,NA,A,01,0,0,1,0,0,0,0,0,0,-,-,33.82595,-116.97726,RIVERSIDE,UNINCORPORATED,-116.977181,33.825732
90310630,2016,2016-11-03,9840,2016-10-21,1335,017459,NA,5,1,7,3313,0,1,1,NA,2,023,"I-215, S/B",BLAINE STREET,1400,N,N,A,-,Y,NA,NA,NA,NA,NA,NA,NA,NA,NA,Y,4,0,1,2,A,-,03,22350,NA,N,C,C,A,A,H,-,A,D,0,NA,NA,NA,NA,Y,NA,D,22,0,0,1,0,0,0,0,0,0,-,-,33.78382,-117.9361,RIVERSIDE,RIVERSIDE,NA,NA
90311932,2016,2016-11-04,9630,2016-10-26,1753,021416,NA,3,2,9,3300,0,2,4,NA,2,029,WASHINGTON ST (N/B),COUNTRY CLUB DR,230,S,N,A,-,N,NA,NA,NA,NA,NA,NA,NA,NA,NA,N,4,0,1,2,A,-,03,22350,NA,N,C,C,A,A,H,-,C,A,0,NA,NA,NA,NA,Y,NA,D,22,0,0,1,0,0,0,0,0,0,-,-,33.75709,-116.30289,RIVERSIDE,UNINCORPORATED,-116.30302452,33.75723075
90312434,2016,2016-11-07,9840,2016-11-03,1825,020723,NA,4,2,7,3313,0,1,3,NA,2,020,SR-91 W/B,VAN BUREN BLVD,1600,E,N,A,-,Y,NA,NA,91,NA,NA,NA,NA,NA,W,N,4,0,1,2,A,-,01,23152,E,N,C,C,A,A,H,-,C,D,0,NA,NA,NA,NA,Y,NA,A,01,0,0,1,0,0,0,0,0,0,-,-,33.91751,-117.43744,RIVERSIDE,RIVERSIDE,-117.43743491,33.91750109
90312818,2016,2016-11-07,9630,2016-10-28,0550,012477,NA,5,3,9,3300,0,3,5,NA,2,005,3RD ST,DATE PALM ST,4,E,N,A,-,N,NA,NA,NA,NA,NA,NA,NA,NA,NA,N,4,0,1,2,D,-,00,NA,NA,F,G,B,D,A,H,-,D,A,0,Y,NA,NA,NA,Y,NA,-,-,0,0,1,0,1,0,0,0,0,-,-,33.5701,-116.0745,RIVERSIDE,UNINCORPORATED,-116.07449693,33.57104006
90313357,2016,2016-11-07,9840,2016-10-28,1044,017903,NA,5,1,7,3313,0,1,1,NA,2,023,I-215 N/B,CENTRAL AVENUE,1056,S,N,B,-,Y,NA,NA,215,NA,NA,NA,NA,NA,N,Y,4,0,1,3,A,-,03,22350,NA,N,C,C,A,A,H,-,A,D,0,NA,NA,NA,NA,Y,NA,A,01,0,0,1,0,0,0,0,0,0,-,-,33.95356,-117.30377,RIVERSIDE,RIVERSIDE,-117.30402072,33.95337742