CASE_ID,ACCIDENT_YEAR,PROC_DATE,JURIS,COLLISION_DATE,COLLISION_TIME,OFFICER_ID,REPORTING_DISTRICT,DAY_OF_WEEK,CHP_SHIFT,POPULATION,CNTY_CITY_LOC,SPECIAL_COND,BEAT_TYPE,CHP_BEAT_TYPE,CITY_DIVISION_LAPD,CHP_BEAT_CLASS,BEAT_NUMBER,PRIMARY_RD,SECONDARY_RD,DISTANCE,DIRECTION,INTERSECTION,WEATHER_1,WEATHER_2,STATE_HWY_IND,CALTRANS_COUNTY,CALTRANS_DISTRICT,STATE_ROUTE,ROUTE_SUFFIX,POSTMILE_PREFIX,POSTMILE,LOCATION_TYPE,RAMP_INTERSECTION,SIDE_OF_HWY,TOW_AWAY,COLLISION_SEVERITY,NUMBER_KILLED,NUMBER_INJURED,PARTY_COUNT,PRIMARY_COLL_FACTOR,PCF_CODE_OF_VIOL,PCF_VIOL_CATEGORY,PCF_VIOLATION,PCF_VIOL_SUBSECTION,HIT_AND_RUN,TYPE_OF_COLLISION,MVIW,PED_ACTION,ROAD_SURFACE,ROAD_COND_1,ROAD_COND_2,LIGHTING,CONTROL_DEVICE,CHP_ROAD_TYPE,PEDESTRIAN_ACCIDENT,BICYCLE_ACCIDENT,MOTORCYCLE_ACCIDENT,TRUCK_ACCIDENT,NOT_PRIVATE_PROPERTY,ALCOHOL_INVOLVED,STWD_VEHTYPE_AT_FAULT,CHP_VEHTYPE_AT_FAULT,COUNT_SEVERE_INJ,COUNT_VISIBLE_INJ,COUNT_COMPLAINT_PAIN,COUNT_PED_KILLED,COUNT_PED_INJURED,COUNT_BICYCLIST_KILLED,COUNT_BICYCLIST_INJURED,COUNT_MC_KILLED,COUNT_MC_INJURED,PRIMARY_RAMP,SECONDARY_RAMP,LATITUDE,LONGITUDE,COUNTY,CITY,POINT_X,POINT_Y
90461919,2017,2017-05-23,9630,2017-05-10,2158,021128,NA,3,2,9,3300,0,2,S,NA,2,402,THOUSAND PALMS CANYON RD,DILLON RD,7392,S,N,A,-,N,NA,NA,NA,NA,NA,NA,NA,NA,NA,Y,4,0,1,1,A,-,08,22107,NA,N,F,A,A,A,H,-,D,D,0,NA,NA,NA,NA,Y,NA,A,01,0,0,1,0,0,0,0,0,0,-,-,33.8462,-116.31083,RIVERSIDE,UNINCORPORATED,NA,NA
90462041,2017,2017-05-23,9660,2017-02-13,2316,020863,NA,1,3,9,3300,0,1,1,NA,2,031,INTERSTATE 10,MESA DR,14256,W,N,A,-,Y,NA,NA,10,NA,NA,NA,NA,NA,NA,Y,1,1,2,2,A,-,08,22107,NA,N,C,C,A,A,H,-,D,D,0,NA,NA,NA,Y,Y,NA,G,25,0,1,1,0,0,0,0,0,0,-,-,33.60925,-114.77504,RIVERSIDE,UNINCORPORATED,-114.77502143,33.6093468
90462249,2017,2017-05-24,9840,2017-05-13,0125,020455,NA,6,3,6,3345,0,1,3,NA,2,010,SR-60 E/B,RUBIDOUX BLVD,1200,W,N,A,-,Y,NA,NA,60,NA,NA,NA,NA,NA,E,Y,4,0,1,2,A,-,01,23152,NA,N,C,C,A,A,H,-,C,D,0,NA,NA,NA,NA,Y,Y,A,07,0,0,1,0,0,0,0,0,0,-,-,34.0041,-117.40583,RIVERSIDE,JURUPA VALLEY,-117.40582995,34.00408098
90463484,2017,2017-05-25,9840,2017-05-13,1820,019017,NA,6,2,7,3313,0,1,3,NA,2,020,STATE ROUTE 91 E/B,VAN BUREN BLVD,2000,W,N,A,-,Y,NA,NA,91,NA,NA,NA,NA,NA,E,Y,4,0,1,2,A,-,03,22350,NA,F,C,C,A,A,H,-,A,D,0,NA,NA,NA,NA,Y,NA,A,01,0,0,1,0,0,0,0,0,0,-,-,33.91096,-117.44847,RIVERSIDE,RIVERSIDE,-117.44848695,33.91098992
90465656,2017,2017-05-26,9685,2017-05-20,1232,017285,NA,6,1,9,3300,0,3,5,NA,2,003,RANCHO CALIFORNIA ROAD,ANZA ROAD,100,W,N,A,-,N,NA,NA,NA,NA,NA,NA,NA,NA,NA,N,4,0,2,2,A,-,03,22350,NA,N,C,C,A,A,H,-,A,D,0,NA,NA,NA,NA,Y,NA,A,07,0,0,2,0,0,0,0,0,0,-,-,33.45686,-117.22064,RIVERSIDE,UNINCORPORATED,-117.056236,33.533708
90466688,2017,2017-05-30,9840,2017-05-22,1817,021194,NA,1,2,7,3313,0,1,3,NA,2,021,SR-91 W/B,14TH ST,1056,W,N,A,-,Y,NA,NA,91,NA,NA,NA,NA,NA,W,Y,4,0,1,2,A,-,07,21658,A,F,B,C,A,A,H,-,A,D,0,NA,NA,Y,NA,Y,NA,A,01,0,0,1,0,0,0,0,0,1,-,-,33.97139,-117.37497,RIVERSIDE,RIVERSIDE,-117.37492541,33.97136153
9046732,2020,2020-05-27,3300,2020-02-04,1716,4713,910E,2,5,5,3335,0,0,0,NA,0,061,JEFFERSON AV,OVERLAND DR,259,S,N,A,-,N,NA,NA,NA,NA,NA,NA,NA,NA,NA,NA,4,0,1,2,A,-,03,22350,NA,N,C,C,A,A,H,-,A,A,0,NA,NA,NA,NA,Y,NA,A,01,0,0,1,0,0,0,0,0,0,-,-,33.51676940917969,-117.1611328125,RIVERSIDE,TEMECULA,-117.1606674194336,33.51616287231445
9046788,2020,2020-05-27,3311,2020-02-10,1159,15302,NA,1,5,4,3311,0,0,0,NA,0,006,PALM CANYON DR E,AUTO CENTER,0,NA,Y,A,-,N,NA,NA,NA,NA,NA,NA,NA,NA,NA,N,4,0,2,2,A,-,09,21801,A,N,D,C,A,A,H,-,A,A,0,NA,NA,NA,NA,Y,NA,A,01,0,0,2,0,0,0,0,0,0,-,-,NA,NA,RIVERSIDE,PALM SPRINGS,-116.504785,33.795768
90467900,2017,2017-05-31,9840,2017-05-23,0806,017504,NA,2,1,9,3300,0,1,3,NA,2,030,SR-91 W/B,GREEN RIVER RD.,200,E,N,A,-,Y,NA,NA,NA,NA,NA,NA,NA,NA,NA,N,4,0,1,2,A,-,03,22350,NA,F,C,C,A,A,H,-,A,D,0,NA,NA,NA,NA,Y,NA,A,01,0,0,1,0,0,0,0,0,0,-,-,33.87898,-117.65977,RIVERSIDE,UNINCORPORATED,-117.65732332,33.87893853
90468214,2017,2017-05-31,9655,2017-05-02,2355,014583,NA,2,3,9,3300,0,1,3,NA,2,212,SR-60 E/B,JACK RABBIT TRAIL,10560,W,N,A,-,Y,NA,NA,60,NA,NA,NA,NA,NA,E,Y,4,0,1,2,A,-,01,23152,A,N,B,C,A,A,H,-,D,D,0,NA,NA,NA,NA,Y,Y,A,07,0,0,1,0,0,0,0,0,0,-,-,33.94669,-117.06442,RIVERSIDE,UNINCORPORATED,-117.06441877,33.9466835
90469196,2017,2017-06-01,9630,2017-05-22,0756,013270,NA,1,1,9,3300,0,1,1,NA,2,010,I-10 E/B,SR-62,2640,E,N,A,-,Y,NA,NA,10,NA,NA,NA,NA,NA,E,Y,2,0,2,2,A,-,08,22107,NA,N,C,E,A,A,H,-,A,D,0,NA,NA,NA,NA,Y,NA,A,08,1,1,0,0,0,0,0,0,0,-,-,33.91245,-116.59519,RIVERSIDE,UNINCORPORATED,-116.5951923,33.91243872
90469265,2017,2017-06-01,9630,2017-05-21,2254,021556,NA,7,3,9,3300,0,1,1,NA,2,021,I-10 E/B,JEFFERSON ST,2640,E,N,A,-,Y,NA,NA,NA,NA,NA,NA,NA,NA,NA,Y,3,0,2,1,A,-,01,23152,F,N,F,A,A,A,H,-,D,D,0,NA,NA,NA,NA,Y,NA,A,01,0,2,0,0,0,0,0,0,0,-,-,33.74358,-116.25999,RIVERSIDE,UNINCORPORATED,-116.26587,33.74763
90469727,2017,2017-06-02,9630,2017-05-18,2214,021217,NA,4,3,9,3300,0,2,S,NA,2,404,VARNER RD,BOCA CHICA TRL,4752,E,N,A,-,N,NA,NA,NA,NA,NA,NA,NA,NA,NA,Y,4,0,1,1,A,-,01,23152,A,N,E,I,A,A,H,-,D,D,0,NA,NA,NA,NA,Y,Y,A,01,0,0,1,0,0,0,0,0,0,-,-,33.7957,-116.37027,RIVERSIDE,UNINCORPORATED,-116.37049119,33.79575589
90471425,2017,2017-06-06,9655,2017-05-27,1145,016607,NA,6,1,3,3302,0,1,3,NA,2,212,SR-60 E/B,WESTERN KNOLLS AVE,1400,E,N,A,-,Y,NA,NA,60,NA,NA,NA,NA,NA,E,Y,4,0,4,4,A,-,03,22350,NA,N,C,C,A,A,H,-,A,D,0,NA,NA,NA,NA,Y,NA,A,01,0,0,4,0,0,0,0,0,0,-,-,33.93314,-116.99419,RIVERSIDE,BEAUMONT,-116.99419046,33.93312604
90472619,2017,2017-06-07,9840,2017-06-02,1518,019893,NA,5,2,9,3300,0,3,5,NA,2,004,LAKE MATHEWS DRIVE,CAPELLO DRIVE,5,N,N,A,-,N,NA,NA,NA,NA,NA,NA,NA,NA,NA,Y,3,0,1,1,A,-,08,22107,NA,N,E,I,A,A,H,-,A,D,0,NA,NA,Y,NA,Y,NA,C,02,0,1,0,0,0,0,0,0,1,-,-,33.80823,-117.40175,RIVERSIDE,UNINCORPORATED,-117.4018432,33.80818344
90473400,2017,2017-06-08,9655,2017-06-06,0030,018336,NA,2,3,9,3300,0,1,3,NA,2,315,SR-79,DOMENIGONI PARKWAY,530,S,N,A,-,Y,NA,NA,NA,NA,NA,NA,NA,NA,NA,Y,3,0,1,1,A,-,01,23152,A,N,E,I,A,A,H,-,D,D,0,NA,NA,NA,NA,Y,Y,A,01,0,1,0,0,0,0,0,0,0,-,-,33.89452,-117.0849,RIVERSIDE,UNINCORPORATED,-117.08484995,33.69481871
90474419,2017,2017-06-09,9840,2017-06-02,1640,016853,NA,5,2,9,3300,0,3,5,NA,2,004,MIRILESTE DR,PENASCO CIR,44,S,N,A,-,N,NA,NA,NA,NA,NA,NA,NA,NA,NA,Y,3,0,1,3,A,-,08,22107,NA,N,B,E,A,A,H,-,A,D,0,NA,NA,NA,NA,Y,NA,A,08,0,1,0,0,0,0,0,0,0,-,-,33.47457,-117.09515,RIVERSIDE,UNINCORPORATED,-117.16171388,33.78834632
90474474,2017,2017-06-09,9840,2017-04-29,1205,017893,NA,6,1,9,3300,0,3,5,NA,2,003,CAJALCO RD,TEMESCAL CANYON RD,7920,E,N,A,-,N,NA,NA,NA,NA,NA,NA,NA,NA,NA,Y,1,1,0,2,A,-,01,23152,A,N,F,A,A,A,H,-,A,D,0,NA,NA,Y,NA,Y,NA,C,02,0,0,0,0,0,0,0,1,0,-,-,33.82341,-117.50792,RIVERSIDE,UNINCORPORATED,-117.51843,33.82097
90474547,2017,2017-06-09,9840,2017-06-03,1620,018221,NA,6,2,7,3313,0,1,3,NA,2,021,SR-91 W/B,TYLER ST.,200,W,N,A,-,Y,NA,NA,91,NA,NA,NA,NA,NA,W,Y,4,0,1,3,A,-,03,22350,NA,N,C,C,A,A,H,-,A,D,0,NA,NA,NA,NA,Y,NA,A,01,0,0,1,0,0,0,0,0,0,-,-,33.90591,-117.4578,RIVERSIDE,RIVERSIDE,-117.45778308,33.90588044
90477935,2017,2017-06-14,9840,2017-06-12,1514,021194,NA,1,2,6,3394,0,1,3,NA,2,025,SR-60 E/B,FREDERICK ST,2112,E,N,A,-,Y,NA,NA,60,NA,NA,NA,NA,NA,E,Y,4,0,1,2,A,-,03,22350,NA,N,C,C,A,A,H,-,A,D,0,NA,NA,NA,NA,Y,NA,A,01,0,0,1,0,0,0,0,0,0,-,-,33.94088,-117.25439,RIVERSIDE,MORENO VALLEY,-117.25438925,33.94083931
9047853,2020,2020-02-27,3300,2020-01-28,1720,N3074,82B1,2,5,3,3305,0,0,0,NA,0,315,VAN BUREN,AVENUE 50,0,NA,Y,A,-,N,NA,NA,NA,NA,NA,NA,NA,NA,NA,N,4,0,1,2,A,-,03,22350,NA,N,C,C,A,A,H,-,D,A,0,NA,NA,NA,NA,Y,NA,A,07,0,0,1,0,0,0,0,0,0,-,-,NA,NA,RIVERSIDE,COACHELLA,-116.19908142089844,33.68545913696289
90481203,2017,2017-06-19,9630,2017-06-11,0855,013022,NA,7,1,9,3300,0,1,1,NA,2,302,I-10 W/B,EAGLE MOUNTAIN RD.,9504,W,N,A,-,Y,NA,NA,10,NA,NA,NA,NA,NA,W,Y,3,0,4,1,A,-,08,22107,NA,N,E,I,A,A,H,-,A,D,0,NA,NA,NA,NA,Y,NA,A,07,0,1,3,0,0,0,0,0,0,-,-,33.69583,-115.48379,RIVERSIDE,UNINCORPORATED,-115.48378596,33.69581207
90481959,2017,2017-06-20,9840,2017-06-18,1100,019042,NA,7,1,6,3394,0,1,3,NA,2,025,SR-60 W/B,HEACOCK ST,1000,E,N,A,-,Y,NA,NA,60,NA,NA,NA,NA,NA,W,N,3,0,1,2,A,-,03,22350,NA,N,C,C,A,A,H,-,A,D,0,NA,NA,NA,NA,Y,NA,D,22,0,1,0,0,0,0,0,0,0,-,-,33.94102,-117.23733,RIVERSIDE,MORENO VALLEY,-117.23732866,33.94123109
9048218,2019,2020-02-25,3300,2019-10-05,1205,5538,916D,6,5,4,3312,0,0,0,NA,0,035,GOLDENROD AV,GOETZ RD,0,W,N,A,-,N,NA,NA,NA,NA,NA,NA,NA,NA,NA,N,3,0,1,2,A,-,07,21658,A,N,G,B,E,A,H,-,A,D,0,Y,NA,NA,NA,Y,NA,A,01,0,1,0,0,1,0,0,0,0,-,-,33.735721588134766,-117.22361755371094,RIVERSIDE,PERRIS,-117.2231674194336,33.73583984375
90482409,2017,2017-06-21,9685,2017-06-12,1130,012979,NA,1,1,9,3300,0,1,3,NA,1,039,SR-371,BRADFORD RD,0,N,N,A,-,Y,NA,NA,371,NA,NA,NA,NA,NA,NA,Y,4,0,3,2,A,-,03,22350,NA,N,C,C,A,A,H,-,A,D,0,NA,NA,NA,NA,Y,NA,A,01,0,0,3,0,0,0,0,0,0,-,-,33.50728,-116.79494,RIVERSIDE,UNINCORPORATED,-116.79490091,33.50725438
90482863,2017,2017-06-21,9685,2017-05-21,1845,016113,NA,7,2,4,3312,0,1,3,NA,1,012,SR-74 EASTBOUND,ETHANAC ROAD,50,E,N,A,-,Y,NA,NA,NA,NA,NA,NA,NA,NA,NA,Y,4,0,1,2,A,-,08,22107,NA,F,D,C,A,A,H,-,A,D,0,NA,NA,NA,NA,Y,NA,A,08,0,0,1,0,0,0,0,0,0,-,-,33.74239,-117.28163,RIVERSIDE,PERRIS,-117.28165839,33.7422175
90483083,2017,2017-06-21,9630,2017-06-09,1852,015339,NA,5,2,9,3300,0,1,S,NA,2,404,BOB HOPE DR.,I-10 (W/B) ON -RAMP,0,NA,Y,A,-,Y,NA,NA,NA,NA,NA,NA,NA,NA,NA,Y,4,0,2,2,A,-,12,21453,A,N,A,C,A,A,H,-,A,A,0,NA,NA,NA,NA,Y,NA,A,01,0,0,2,0,0,0,0,0,0,-,-,33.82111,-116.40838,RIVERSIDE,UNINCORPORATED,NA,NA
9048409,2020,2020-02-25,3313,2020-01-06,1726,1827,1,1,5,7,3313,0,0,0,NA,0,T43,JURUPA AV,BROCKTON AV,250,W,N,A,-,N,NA,NA,NA,NA,NA,NA,NA,NA,NA,N,4,0,2,2,A,-,01,23152,A,N,C,C,A,A,H,-,C,A,0,NA,NA,NA,NA,Y,Y,A,01,0,0,2,0,0,0,0,0,0,-,-,33.96092987060547,-117.39689636230467,RIVERSIDE,RIVERSIDE,-117.39754486083984,33.96090316772461
90489081,2017,2017-06-27,9655,2017-06-18,1008,017263,NA,7,1,9,3300,0,1,3,NA,2,212,SR-60 W/B,GILMAN SPRINGS RD,6864,E,N,A,-,Y,NA,NA,60,NA,NA,NA,NA,NA,W,Y,3,0,1,1,A,-,08,22107,NA,N,E,I,A,A,H,-,A,D,0,NA,NA,NA,NA,Y,NA,D,22,0,1,0,0,0,0,0,0,0,-,-,33.93688,-117.10543,RIVERSIDE,UNINCORPORATED,-117.10540844,33.93682556
9049074,2020,2020-02-28,3300,2020-01-30,1413,N6426,910U,4,5,5,3335,0,0,0,NA,0,070,PECHANGA PKWY,DEER HOLLOW WY,350,S,N,A,-,N,NA,NA,NA,NA,NA,NA,NA,NA,NA,N,4,0,1,2,A,-,07,21658,A,N,B,C,A,A,H,-,A,D,0,NA,NA,NA,NA,Y,NA,A,01,0,0,1,0,0,0,0,0,0,-,-,33.45029830932617,-117.09600830078124,RIVERSIDE,TEMECULA,-117.09528350830078,33.449581146240234
90491318,2017,2017-06-30,9840,2017-06-28,0208,015744,NA,3,3,6,3345,0,1,3,NA,2,010,SR-60 W/B,PEDLEY RD,100,E,N,A,-,Y,NA,NA,60,NA,NA,NA,NA,NA,W,Y,4,0,1,1,A,-,01,23152,F,N,E,I,A,A,H,-,C,D,0,NA,NA,NA,NA,Y,NA,A,01,0,0,1,0,0,0,0,0,0,-,-,34.01638,-117.46189,RIVERSIDE,JURUPA VALLEY,-117.46190361,34.01630009
90491600,2017,2017-06-30,9840,2017-06-23,1255,018221,NA,5,1,7,3313,0,1,1,NA,2,023,I-215 S/B,SPRUCE ST.,1600,N,N,A,-,Y,NA,NA,NA,NA,NA,NA,NA,NA,NA,Y,4,0,1,2,A,-,03,22350,NA,N,B,C,A,A,H,-,A,D,0,NA,NA,NA,NA,Y,NA,D,22,0,0,1,0,0,0,0,0,0,-,-,33.99311,-117.35721,RIVERSIDE,RIVERSIDE,-117.35536,33.99232
90491870,2017,2017-06-30,9630,2017-06-22,1555,019943,NA,4,2,9,3300,0,1,1,NA,2,301,I-10 E/B,SUMMIT RD,2112,W,N,A,-,Y,NA,NA,10,NA,NA,NA,NA,NA,E,Y,3,0,2,1,A,-,08,22107,NA,N,F,A,A,A,H,-,A,D,0,NA,NA,NA,NA,Y,NA,A,07,0,2,0,0,0,0,0,0,0,-,-,33.6597,-115.7322,RIVERSIDE,UNINCORPORATED,-115.73219909,33.65981314
90494099,2017,2017-09-14,9840,2017-03-25,1815,019844,NA,6,2,9,3300,0,3,5,NA,2,004,ELLIS AVE.,COX STREET,365,W,N,A,-,N,NA,NA,NA,NA,NA,NA,NA,NA,NA,Y,1,1,2,1,A,-,01,23152,A,N,E,I,A,A,H,-,A,D,0,NA,NA,NA,NA,Y,Y,A,01,1,1,0,0,0,0,0,0,0,-,-,33.77195,-117.26259,RIVERSIDE,UNINCORPORATED,-117.26228733,33.77203
90495174,2017,2017-07-06,9840,2017-06-29,1740,013394,NA,4,2,7,3313,0,1,3,NA,2,020,SR-91 E/B,PIERCE STREET,158,W,N,A,-,Y,NA,NA,91,NA,NA,NA,NA,NA,E,Y,4,0,1,3,A,-,03,22350,NA,N,C,C,A,A,H,-,A,D,0,NA,NA,NA,Y,Y,NA,G,27,0,0,1,0,0,0,0,0,0,-,-,33.8955,-117.49823,RIVERSIDE,RIVERSIDE,-117.49822935,33.89549859
90496105,2017,2017-07-07,9840,2017-07-05,1600,016754,NA,3,2,6,3345,0,1,1,NA,2,011,I-15 N/B,SR-60,300,N,N,A,-,Y,NA,NA,15,NA,NA,NA,NA,NA,N,N,4,0,1,2,A,-,03,22350,NA,N,C,C,A,A,H,-,A,D,0,NA,NA,NA,NA,Y,NA,D,22,0,0,1,0,0,0,0,0,0,-,-,34.02376,-117.55008,RIVERSIDE,JURUPA VALLEY,-117.5501134,34.02376058
90496865,2017,2017-07-10,9630,2017-06-28,1506,021604,NA,3,2,9,3300,0,2,S,NA,2,502,HARRISON ST,70TH AVE,4752,N,N,A,-,N,NA,NA,NA,NA,NA,NA,NA,NA,NA,Y,3,0,4,2,A,-,08,22107,NA,N,A,C,A,A,H,-,A,D,0,NA,NA,NA,NA,Y,NA,A,01,0,3,1,0,0,0,0,0,0,-,-,33.55084,-116.16066,RIVERSIDE,UNINCORPORATED,-116.15852702,33.54928752
90498896,2017,2017-07-12,9685,2017-07-03,1257,017285,NA,1,1,5,3335,0,1,1,NA,2,030,I-15 SOUTHBOUND,RANCHO CALIFORNIA ROAD,1300,S,N,A,-,Y,NA,NA,15,NA,NA,NA,NA,NA,S,Y,4,0,3,3,A,-,03,22350,NA,N,C,C,A,A,H,-,A,D,0,NA,NA,NA,NA,Y,NA,A,01,0,0,3,0,0,0,0,0,0,-,-,33.49812,-117.14912,RIVERSIDE,TEMECULA,-117.14954396,33.49773985
90498949,2017,2017-07-12,9685,2017-07-04,2236,015958,NA,2,3,5,3335,0,1,1,NA,2,030,INTERSTATE 15 NORTHBOUND,SANTIAGO ROAD,1320,N,N,A,-,Y,NA,NA,15,NA,NA,NA,NA,NA,N,Y,3,0,1,2,A,-,03,22350,NA,N,C,C,A,A,H,-,C,D,0,NA,NA,Y,NA,Y,NA,A,01,0,1,0,0,0,0,0,0,1,-,-,33.49252,-117.14475,RIVERSIDE,TEMECULA,-117.14486669,33.49246919
90504711,2017,2017-07-20,9655,2017-06-19,1315,014602,NA,1,1,4,3301,0,1,1,NA,2,204,I-10 E/B,22ND ST,610,E,N,A,-,Y,NA,NA,10,NA,NA,NA,NA,NA,E,Y,3,0,2,5,A,-,03,22350,NA,N,C,C,A,A,H,-,A,D,0,NA,NA,NA,Y,Y,NA,A,01,0,1,1,0,0,0,0,0,0,-,-,33.92436,-116.9001,RIVERSIDE,BANNING,-116.90010141,33.92422065
90506705,2017,2017-07-24,9685,2017-07-13,1801,017285,NA,4,2,4,3342,0,1,1,NA,2,034,I-215 NORTHBOUND,CLINTON KEITH ROAD,2112,S,N,A,-,Y,NA,NA,215,NA,NA,NA,NA,NA,N,Y,4,0,1,2,A,-,07,21658,A,N,B,C,A,A,H,-,A,D,0,NA,NA,NA,NA,Y,NA,A,01,0,0,1,0,0,0,0,0,0,-,-,33.59412,-117.17812,RIVERSIDE,MURRIETA,-117.17791011,33.59397037
90506745,2017,2017-07-24,9685,2017-07-13,0940,015654,NA,4,1,9,3300,0,1,1,NA,2,030,I-15 SOUTHBOUND,RAINBOW VALLEY BLVD,2640,N,N,A,-,Y,NA,NA,15,NA,NA,NA,NA,NA,S,Y,4,0,3,4,A,-,03,22350,NA,N,C,C,A,A,H,-,A,D,0,NA,NA,NA,NA,Y,NA,A,07,0,0,3,0,0,0,0,0,0,-,-,33.43828,-117.13948,RIVERSIDE,UNINCORPORATED,-117.13960275,33.43834241
90507137,2017,2017-07-24,9685,2017-07-14,1928,016944,NA,5,2,9,3300,0,1,3,NA,1,026,SR-74,RITTER AVE.,40,E,N,A,-,Y,NA,NA,74,NA,NA,NA,NA,NA,NA,Y,3,0,1,2,A,-,09,21801,A,N,C,C,A,A,H,-,A,D,0,NA,NA,NA,NA,Y,NA,A,01,0,1,0,0,0,0,0,0,0,-,-,33.74338,-117.10941,RIVERSIDE,UNINCORPORATED,-117.1094105,33.74340529
9050804,2020,2020-05-21,3300,2020-02-24,0707,N4798,602D2,1,5,6,3394,0,0,0,NA,0,MV26,PERRIS BL,DRACAEA AV,218,S,N,A,-,N,NA,NA,NA,NA,NA,NA,NA,NA,NA,NA,4,0,2,3,A,-,03,22350,NA,N,C,C,A,A,H,-,A,D,0,NA,NA,NA,NA,Y,NA,A,01,0,0,2,0,0,0,0,0,0,-,-,33.92818069458008,-117.22621917724608,RIVERSIDE,MORENO VALLEY,-117.22628021240234,33.92756271362305
90508427,2017,2017-07-26,9840,2017-07-19,1020,017037,NA,3,1,9,3300,0,1,1,NA,2,022,I-215 S/B,CENTER ST,300,N,N,A,-,Y,NA,NA,NA,NA,NA,NA,NA,NA,NA,Y,4,0,1,1,A,-,08,22107,NA,N,B,I,A,A,H,-,A,D,0,NA,NA,NA,NA,Y,NA,A,01,0,0,1,0,0,0,0,0,0,-,-,33.01663,-117.34186,RIVERSIDE,UNINCORPORATED,NA,NA
90508459,2017,2017-07-26,9840,2017-07-18,1414,017162,NA,2,2,9,3300,0,3,5,NA,2,004,MERIDIAN PARKWAY,OPPORTUNITY WAY,804,N,N,A,-,N,NA,NA,NA,NA,NA,NA,NA,NA,NA,Y,3,0,1,3,A,-,09,21804,A,N,D,C,A,A,H,-,A,D,0,NA,NA,NA,NA,Y,NA,A,01,0,1,0,0,0,0,0,0,0,-,-,NA,NA,RIVERSIDE,UNINCORPORATED,-117.28160544,33.89598759
90509725,2017,2017-07-27,9685,2017-07-19,1820,015957,NA,3,2,5,3341,0,1,1,NA,2,020,I-215 NORTHBOUND,NEWPORT RD,2000,S,N,A,-,Y,NA,NA,NA,NA,NA,NA,NA,NA,NA,Y,3,0,2,3,C,-,18,NA,NA,N,E,C,A,A,H,-,A,D,0,NA,NA,NA,NA,Y,NA,-,-,0,1,1,0,0,0,0,0,0,-,-,33.66275,-117.17329,RIVERSIDE,MENIFEE,-117.17077945,33.67969
90512847,2017,2017-08-02,9685,2017-07-20,2035,016113,NA,4,2,9,3300,0,1,3,NA,1,031,WINCHESTER ROAD N/B,WASHINGTON STREET,180,S,N,A,-,Y,NA,NA,NA,NA,NA,NA,NA,NA,NA,Y,3,0,2,3,A,-,03,22350,NA,N,C,C,A,A,H,-,D,A,0,NA,NA,NA,NA,Y,NA,A,01,0,1,1,0,0,0,0,0,0,-,-,33.63971,-117.08483,RIVERSIDE,UNINCORPORATED,-117.08494353,33.63953636
90512918,2017,2017-07-31,9685,2017-07-20,2310,016838,NA,4,3,9,3300,0,1,3,NA,1,031,SR-79 NORTHBOUND,MURRIETA HOT SPRINGS ROAD,30,S,N,A,-,Y,NA,NA,79,NA,NA,NA,NA,NA,N,Y,4,0,1,2,A,-,03,22350,NA,N,C,C,A,A,H,-,C,A,0,NA,NA,NA,NA,Y,NA,A,01,0,0,1,0,0,0,0,0,0,-,-,33.55334,-117.14005,RIVERSIDE,UNINCORPORATED,-117.14021031,33.55337673
90514545,2017,2017-08-02,9840,2017-07-25,1215,017441,NA,2,1,7,3313,0,1,3,NA,2,201,SR-91 W/B,LA SIERRA AVE,1350,W,N,A,-,Y,NA,NA,NA,NA,NA,NA,NA,NA,NA,Y,4,0,2,2,A,-,07,21658,A,N,C,C,A,A,H,-,A,D,0,NA,NA,NA,NA,Y,NA,A,01,0,0,2,0,0,0,0,0,0,-,-,33.89814,-117.48131,RIVERSIDE,RIVERSIDE,-117.47729294,33.89822153
9051629,2020,2020-10-16,3313,2020-01-20,0820,1994,5,1,5,7,3313,0,0,0,NA,0,T71,MARKET ST,RT 60,0,NA,Y,A,-,Y,RIV,8,60,-,-,10.863,R,4,E,Y,4,0,2,2,-,-,-,NA,NA,N,D,C,A,A,H,-,A,A,0,NA,NA,NA,NA,Y,NA,-,-,0,0,2,0,0,0,0,0,0,-,-,33.99800109863281,-117.37319946289063,RIVERSIDE,RIVERSIDE,-117.37828063964844,34.00200271606445
90516433,2017,2017-08-04,9840,2017-07-22,0435,019527,NA,6,3,7,3313,0,1,1,NA,2,022,I-215 N/B,COLUMBIA AVE,1500,S,N,A,-,Y,NA,NA,215,NA,NA,NA,NA,NA,N,Y,3,0,1,2,A,-,08,22107,NA,F,C,C,A,A,H,-,C,D,0,NA,NA,NA,NA,Y,Y,-,99,0,1,0,0,0,0,0,0,0,-,-,33.99573,-117.35546,RIVERSIDE,RIVERSIDE,-117.35554758,33.99578244
90516580,2017,2017-08-04,9840,2017-07-29,1210,017893,NA,6,1,6,3315,0,1,1,NA,2,034,I-15 N/B,DOS LAGOS DR,1670,S,N,A,-,Y,NA,NA,NA,NA,NA,NA,NA,NA,NA,N,4,0,2,2,A,-,03,22350,NA,N,C,C,A,A,H,-,A,D,0,NA,NA,NA,NA,Y,NA,A,07,0,0,2,0,0,0,0,0,0,-,-,33.8005,-117.5037,RIVERSIDE,CORONA,-117.50507878,33.80287521
90517546,2017,2017-08-07,9655,2017-07-23,0425,019449,NA,7,3,9,3300,0,1,3,NA,2,315,SR-79 S/B,GARBANI RD,715,N,N,A,-,Y,NA,NA,79,NA,NA,NA,NA,NA,S,Y,3,0,1,1,A,-,01,23152,A,M,E,I,A,A,H,-,C,D,0,NA,NA,NA,NA,Y,Y,A,01,0,1,0,0,0,0,0,0,0,-,-,33.65871,-117.08464,RIVERSIDE,UNINCORPORATED,-117.08449934,33.658713829999996
90520295,2017,2017-08-10,9655,2017-07-28,2255,019440,NA,5,3,4,3301,0,1,1,NA,2,204,I-10 E/B,HARGRAVE ST,4700,E,N,A,-,Y,NA,NA,10,NA,NA,NA,NA,NA,E,Y,3,0,1,1,A,-,08,22107,NA,N,F,A,A,A,H,-,D,D,0,NA,NA,Y,NA,Y,NA,C,02,0,1,0,0,0,0,0,0,1,-,-,33.92612,-116.85267,RIVERSIDE,BANNING,-116.85270776,33.9262117