CASE_ID,ACCIDENT_YEAR,PROC_DATE,JURIS,COLLISION_DATE,COLLISION_TIME,OFFICER_ID,REPORTING_DISTRICT,DAY_OF_WEEK,CHP_SHIFT,POPULATION,CNTY_CITY_LOC,SPECIAL_COND,BEAT_TYPE,CHP_BEAT_TYPE,CITY_DIVISION_LAPD,CHP_BEAT_CLASS,BEAT_NUMBER,PRIMARY_RD,SECONDARY_RD,DISTANCE,DIRECTION,INTERSECTION,WEATHER_1,WEATHER_2,STATE_HWY_IND,CALTRANS_COUNTY,CALTRANS_DISTRICT,STATE_ROUTE,ROUTE_SUFFIX,POSTMILE_PREFIX,POSTMILE,LOCATION_TYPE,RAMP_INTERSECTION,SIDE_OF_HWY,TOW_AWAY,COLLISION_SEVERITY,NUMBER_KILLED,NUMBER_INJURED,PARTY_COUNT,PRIMARY_COLL_FACTOR,PCF_CODE_OF_VIOL,PCF_VIOL_CATEGORY,PCF_VIOLATION,PCF_VIOL_SUBSECTION,HIT_AND_RUN,TYPE_OF_COLLISION,MVIW,PED_ACTION,ROAD_SURFACE,ROAD_COND_1,ROAD_COND_2,LIGHTING,CONTROL_DEVICE,CHP_ROAD_TYPE,PEDESTRIAN_ACCIDENT,BICYCLE_ACCIDENT,MOTORCYCLE_ACCIDENT,TRUCK_ACCIDENT,NOT_PRIVATE_PROPERTY,ALCOHOL_INVOLVED,STWD_VEHTYPE_AT_FAULT,CHP_VEHTYPE_AT_FAULT,COUNT_SEVERE_INJ,COUNT_VISIBLE_INJ,COUNT_COMPLAINT_PAIN,COUNT_PED_KILLED,COUNT_PED_INJURED,COUNT_BICYCLIST_KILLED,COUNT_BICYCLIST_INJURED,COUNT_MC_KILLED,COUNT_MC_INJURED,PRIMARY_RAMP,SECONDARY_RAMP,LATITUDE,LONGITUDE,COUNTY,CITY,POINT_X,POINT_Y
90676889,2018,2018-03-07,9685,2018-02-25,2218,017535,NA,7,3,3,3343,0,1,1,NA,2,030,I-15 NORTHBOUND,CLINTON KEITH ROAD,520,S,N,A,-,Y,NA,NA,15,NA,NA,NA,NA,NA,N,Y,2,0,1,1,A,-,08,22107,NA,N,F,A,A,A,H,-,D,D,0,NA,NA,NA,NA,Y,NA,A,01,1,0,0,0,0,0,0,0,0,-,-,33.59212112426758,-117.24117279052734,RIVERSIDE,WILDOMAR,-117.24121856689452,33.59207534790039
90677475,2018,2018-03-08,9840,2018-02-23,1441,018221,NA,5,2,9,3300,0,1,3,NA,1,038,SR-71 S/B,SR-91,2640,N,N,A,-,Y,NA,NA,NA,NA,NA,NA,NA,NA,NA,Y,3,0,1,2,A,-,09,21801,A,N,D,C,A,A,H,-,A,D,0,NA,NA,NA,Y,Y,NA,G,25,0,1,0,0,0,0,0,0,0,-,-,33.88288116455078,-117.64639282226563,RIVERSIDE,UNINCORPORATED,NA,NA
90679038,2018,2018-03-09,9630,2018-02-27,1950,019860,NA,2,2,9,3300,0,2,S,NA,2,402,LONG CANYON RD,DILLON RD,14,N,N,A,-,N,NA,NA,NA,NA,NA,NA,NA,NA,NA,Y,4,0,1,2,A,-,03,22350,NA,N,C,C,A,A,H,-,D,A,0,NA,NA,NA,NA,Y,NA,A,01,0,0,1,0,0,0,0,0,0,-,-,33.925559997558594,-116.45823669433594,RIVERSIDE,UNINCORPORATED,-116.45813751220705,33.92531967163086
90679481,2018,2018-03-12,9840,2018-03-01,0740,018221,NA,4,1,7,3313,0,1,3,NA,2,020,SR-91 W/B,MAGNOLIA,300,E,N,A,-,Y,NA,NA,91,NA,NA,NA,NA,NA,W,Y,3,0,1,3,A,-,03,22350,NA,N,C,C,A,A,H,-,A,D,0,NA,NA,NA,NA,Y,NA,A,01,0,1,0,0,0,0,0,0,0,-,-,33.89691925048828,-117.48542022705078,RIVERSIDE,RIVERSIDE,-117.48542785644533,33.89686584472656
90679591,2018,2018-03-12,9840,2018-03-03,0610,019242,NA,6,1,7,3313,0,1,3,NA,2,021,SR-91 W/B,CRIDGE ST,100,E,N,C,-,Y,NA,NA,91,NA,NA,NA,NA,NA,W,Y,4,0,1,2,A,-,08,22107,NA,N,B,C,A,B,H,-,A,D,0,NA,NA,NA,Y,Y,NA,-,-,0,0,1,0,0,0,0,0,0,-,-,33.96950149536133,-117.3760986328125,RIVERSIDE,RIVERSIDE,-117.37610626220705,33.969505310058594
90680242,2018,2018-03-12,9685,2018-03-01,1420,016096,NA,4,2,5,3335,0,1,1,NA,2,030,I-15 NORTHBOUND,WINCHESTER RD,275,S,N,A,-,Y,NA,NA,15,NA,NA,NA,NA,NA,N,Y,4,0,1,2,A,-,03,22350,NA,N,C,C,A,A,H,-,A,D,0,NA,NA,NA,NA,Y,NA,A,07,0,0,1,0,0,0,0,0,0,-,-,33.52204895019531,-117.1623306274414,RIVERSIDE,TEMECULA,-117.16240692138672,33.52199935913086
90682122,2018,2018-03-14,9685,2018-03-04,1200,015360,NA,7,1,5,3335,0,1,1,NA,2,030,I-15 SOUTHBOUND,SANTIAGO RD.,800,N,N,A,-,Y,NA,NA,NA,NA,NA,NA,NA,NA,NA,Y,3,0,5,4,A,-,03,22350,NA,N,C,C,A,A,H,-,A,D,0,NA,NA,NA,NA,Y,NA,A,01,0,5,0,0,0,0,0,0,0,-,-,33.225341796875,-117.5534210205078,RIVERSIDE,TEMECULA,-117.14520263671876,33.49243927001953
90682439,2018,2018-03-15,9655,2018-03-05,1751,018708,NA,1,2,4,3301,0,1,1,NA,2,204,I-10 E/B,SUNSET AVE,5280,W,N,A,-,Y,NA,NA,10,NA,NA,NA,NA,NA,E,Y,4,0,5,2,A,-,03,22350,NA,N,C,C,A,A,D,-,D,A,0,NA,NA,NA,NA,Y,NA,A,01,0,0,5,0,0,0,0,0,0,-,-,33.92613983154297,-116.92816925048828,RIVERSIDE,BANNING,-116.92816925048828,33.92604446411133
90682574,2018,2018-03-15,9840,2018-03-02,1132,014868,NA,5,1,6,3345,0,1,3,NA,2,010,SR-60 W/B,PYRITE ST,769,E,N,A,-,Y,NA,NA,60,NA,NA,NA,NA,NA,W,Y,4,0,1,1,A,-,08,22107,NA,N,E,I,A,A,H,-,A,D,0,NA,NA,NA,NA,Y,NA,A,07,0,0,1,0,0,0,0,0,0,-,-,34.01681137084961,-117.46238708496094,RIVERSIDE,JURUPA VALLEY,-117.46245574951172,34.01640319824219
90684023,2018,2018-03-19,9840,2018-03-07,2010,018949,NA,3,2,9,3300,0,1,1,NA,2,037,I-15 N/B,INDIAN TRUCK TRAIL,5500,S,N,A,-,Y,NA,NA,15,NA,NA,NA,NA,NA,N,Y,3,0,1,2,A,-,01,23152,A,N,B,C,A,A,H,-,D,D,0,NA,NA,NA,NA,Y,Y,A,01,0,1,0,0,0,0,0,0,0,-,-,33.74116134643555,-117.43142700195313,RIVERSIDE,UNINCORPORATED,-117.43145751953124,33.74109649658203
90686901,2018,2018-03-21,9630,2018-03-11,1535,019943,NA,7,2,9,3300,0,1,1,NA,2,021,I-10 W/B,COOK STREET,6336,E,N,A,-,Y,NA,NA,10,NA,NA,NA,NA,NA,W,Y,3,0,1,2,A,-,03,22350,NA,N,C,C,A,A,H,-,A,D,0,NA,NA,NA,NA,Y,NA,D,22,0,1,0,0,0,0,0,0,0,-,-,33.78129959106445,-116.34649658203124,RIVERSIDE,UNINCORPORATED,-116.34648895263672,33.78131866455078
90686903,2018,2018-03-21,9840,2018-03-12,1800,014335,NA,1,2,7,3313,0,1,1,NA,2,023,I-215 SOUTHBOUND,MARTIN LUTHER KING BLVD,2123,S,N,A,-,Y,NA,NA,215,NA,NA,NA,NA,NA,S,Y,4,0,1,3,A,-,21,22106,NA,N,H,C,A,A,H,-,A,D,0,NA,NA,NA,Y,Y,NA,G,25,0,0,1,0,0,0,0,0,0,-,-,33.963600158691406,-117.32489776611328,RIVERSIDE,RIVERSIDE,-117.32486724853516,33.96364974975586
90687632,2018,2018-03-22,9685,2018-03-12,1600,016936,NA,1,2,5,3341,0,1,1,NA,2,020,I-215 NORTHBOUND,NEWPORT RD.,2112,S,N,B,-,Y,NA,NA,215,NA,NA,NA,NA,NA,N,Y,3,0,1,2,A,-,03,22350,NA,M,C,C,A,A,H,-,A,D,0,NA,NA,NA,NA,Y,NA,D,22,0,1,0,0,0,0,0,0,0,-,-,33.67811965942383,-117.17079162597656,RIVERSIDE,MENIFEE,-117.17076873779295,33.67811965942383
90687654,2018,2018-03-22,9840,2018-03-14,0810,014868,NA,3,1,6,3345,0,1,3,NA,2,010,SR-60 E/B,PACIFIC AVE,100,W,N,B,-,Y,NA,NA,60,NA,NA,NA,NA,NA,E,Y,4,0,1,4,A,-,03,22350,NA,N,C,C,A,B,H,-,A,D,0,NA,NA,NA,NA,Y,NA,D,22,0,0,1,0,0,0,0,0,0,-,-,34.007720947265625,-117.42108917236328,RIVERSIDE,JURUPA VALLEY,-117.42108917236328,34.00772476196289
90688380,2018,2018-03-23,9655,2018-02-19,2235,017720,NA,1,3,9,3300,0,1,1,NA,2,206,I-10 EASTBOUND,WHITEWATER CUTOFF,6864,W,N,A,-,Y,NA,NA,10,NA,NA,NA,NA,NA,E,Y,4,0,3,3,A,-,07,21658,A,F,B,C,A,A,H,-,D,D,0,NA,NA,NA,Y,Y,NA,A,01,0,0,3,0,0,0,0,0,0,-,-,33.92266082763672,-116.67144012451172,RIVERSIDE,UNINCORPORATED,-116.67144012451172,33.92266082763672
90688411,2018,2018-03-23,9840,2018-03-18,0258,019527,NA,7,3,6,3345,0,1,3,NA,2,010,SR-60 W/B TO I-15,I-15,1250,E,N,A,-,Y,NA,NA,60,NA,NA,NA,R,NA,W,Y,3,0,3,1,A,-,01,23152,A,N,F,A,A,A,H,-,C,D,0,NA,NA,NA,NA,Y,Y,A,01,0,3,0,0,0,0,0,0,0,-,-,34.02096176147461,-117.54646301269533,RIVERSIDE,JURUPA VALLEY,-117.54646301269533,34.02096176147461
90688465,2018,2018-03-23,9655,2018-03-16,0737,019796,NA,5,1,9,3300,0,3,5,NA,2,003,GILMAN SPRINGS ROAD,COUNTRY CLUB DRIVE,1056,W,N,A,-,N,NA,NA,NA,NA,NA,NA,NA,NA,NA,Y,4,0,2,2,A,-,05,21460,A,N,B,C,A,A,H,-,A,D,0,NA,NA,NA,NA,Y,NA,A,01,0,0,2,0,0,0,0,0,0,-,-,33.83277893066406,-116.98573303222656,RIVERSIDE,UNINCORPORATED,-116.98441314697266,33.83241271972656
90689731,2018,2018-03-26,9840,2018-03-12,1335,017459,NA,1,1,6,3315,0,1,S,NA,2,300,SR-91 W/B,GREEN RIVER RD,16,E,N,A,-,Y,NA,NA,NA,NA,NA,NA,NA,NA,NA,Y,3,0,1,1,A,-,08,22107,NA,N,E,I,A,A,H,-,A,D,0,NA,NA,NA,NA,Y,NA,A,07,0,1,0,0,0,0,0,0,0,-,-,33.81718826293945,-117.01761627197266,RIVERSIDE,CORONA,-117.65779876708984,33.87862777709961
90689896,2018,2018-03-26,9655,2018-03-19,0653,017263,NA,1,1,9,3300,0,1,1,NA,2,206,I-10 W/B,HAUGEN-LEHMANN WAY,4224,W,N,A,-,Y,NA,NA,10,NA,NA,NA,NA,NA,W,Y,4,0,1,2,A,-,08,22107,NA,N,D,C,A,A,H,-,A,D,0,NA,NA,NA,NA,Y,NA,J,48,0,0,1,0,0,0,0,0,0,-,-,33.92361068725586,-116.7004623413086,RIVERSIDE,UNINCORPORATED,-116.7004623413086,33.923606872558594
90691557,2018,2018-03-28,9685,2018-03-17,0827,015295,NA,6,1,9,3300,0,2,4,NA,2,016,STATE ROUTE 74,JAMESON STREET,132,N,N,B,-,Y,NA,NA,74,NA,NA,NA,NA,NA,NA,Y,2,0,1,1,A,-,08,22107,NA,N,E,I,A,A,H,-,A,D,0,NA,NA,NA,NA,Y,NA,A,01,1,0,0,0,0,0,0,0,0,-,-,33.66265869140625,-117.383056640625,RIVERSIDE,UNINCORPORATED,-117.38299560546876,33.66275405883789
90691876,2018,2018-03-28,9840,2018-03-27,1815,019874,NA,2,2,7,3313,0,1,3,NA,2,025,SR-60 E/B,DAY ST,500,W,N,A,-,Y,NA,NA,60,NA,NA,NA,NA,NA,E,N,4,0,1,2,A,-,03,22350,NA,N,C,C,A,A,H,-,A,D,0,NA,NA,NA,NA,Y,NA,A,01,0,0,1,0,0,0,0,0,0,-,-,33.94232940673828,-117.27877807617188,RIVERSIDE,RIVERSIDE,-117.27874755859376,33.94249725341797
90692847,2018,2018-03-29,9840,2018-03-22,1145,017893,NA,4,1,6,3315,0,1,1,NA,2,034,I-15 N/B,EL CERRITO RD,100,N,N,C,-,Y,NA,NA,15,NA,NA,NA,NA,NA,N,Y,4,0,1,2,A,-,08,22107,NA,F,B,C,A,B,H,-,A,D,0,NA,NA,Y,NA,Y,NA,A,01,0,0,1,0,0,0,0,0,1,-,-,33.832801818847656,-117.52980041503906,RIVERSIDE,CORONA,-117.52989959716795,33.832740783691406
90698176,2018,2018-04-04,9840,2018-03-22,2120,019844,NA,4,2,9,3300,0,2,4,NA,2,042,VAN BUREN BLVD,CANYON VIEW DR.,70,W,N,C,-,N,NA,NA,NA,NA,NA,NA,NA,NA,NA,Y,3,0,2,3,A,-,07,21658,A,F,B,C,A,B,H,-,C,A,0,NA,NA,NA,NA,Y,NA,A,01,0,1,1,0,0,0,0,0,0,-,-,33.882171630859375,-117.38849639892578,RIVERSIDE,UNINCORPORATED,-117.38839721679688,33.882205963134766
90698318,2018,2018-04-04,9685,2018-03-24,1130,016347,NA,6,1,9,3300,0,1,3,NA,2,011,SR-74 E/B (ORTEGA HWY),GRAND AVENUE,7920,W,N,B,-,Y,NA,NA,74,NA,NA,NA,NA,NA,E,Y,3,0,1,2,A,-,01,23152,A,M,D,C,A,A,H,-,A,D,0,NA,NA,NA,NA,Y,Y,A,01,0,1,0,0,0,0,0,0,0,-,-,33.65827178955078,-117.37574768066406,RIVERSIDE,UNINCORPORATED,-117.37574005126952,33.65827941894531
90698758,2018,2018-04-04,9840,2018-03-27,1845,016358,NA,2,2,6,3394,0,1,3,NA,2,025,SR-60 E/B,DAY ST,1500,E,N,A,-,Y,NA,NA,60,NA,NA,NA,NA,NA,E,Y,3,0,2,4,A,-,03,22350,NA,N,C,C,A,A,H,-,A,D,0,NA,NA,NA,NA,Y,NA,D,22,0,1,1,0,0,0,0,0,0,-,-,33.94139099121094,-117.27214050292967,RIVERSIDE,MORENO VALLEY,-117.27214813232422,33.94134521484375
90698814,2018,2018-04-04,9685,2018-03-27,1335,016347,NA,2,1,9,3300,0,1,3,NA,1,012,SR-74,BETTY ROAD,0,NA,Y,A,-,Y,NA,NA,74,NA,NA,NA,NA,NA,NA,Y,4,0,2,2,A,-,09,21802,A,N,D,C,A,A,H,-,A,D,0,NA,NA,NA,NA,Y,NA,A,01,0,0,2,0,0,0,0,0,0,-,-,33.762229919433594,-117.26481628417967,RIVERSIDE,UNINCORPORATED,-117.26485443115234,33.76228713989258
90698825,2018,2018-04-04,9685,2018-03-27,1430,016502,NA,2,2,9,3300,0,3,5,NA,2,003,BENTON RD.,LEON RD.,20,W,N,A,-,N,NA,NA,NA,NA,NA,NA,NA,NA,NA,Y,4,0,1,2,A,-,01,23152,A,N,C,C,A,A,H,-,A,D,0,NA,NA,NA,NA,Y,Y,A,01,0,0,1,0,0,0,0,0,0,-,-,33.5906982421875,-117.11820220947266,RIVERSIDE,UNINCORPORATED,-117.11807250976563,33.59086990356445
90698980,2018,2018-04-04,9630,2018-03-23,2140,021604,NA,5,2,9,3300,0,3,5,NA,2,003,PAINTED CANYON ROAD,BOX CANYON RD,10560,W,N,A,-,N,NA,NA,NA,NA,NA,NA,NA,NA,NA,Y,2,0,1,1,A,-,01,23152,G,N,F,A,A,A,G,-,D,D,0,NA,NA,NA,NA,Y,Y,A,01,1,0,0,0,0,0,0,0,0,-,-,33.59408187866211,-116.023193359375,RIVERSIDE,UNINCORPORATED,-116.02276611328124,33.59385299682617
90699235,2018,2018-04-05,9655,2018-04-02,1050,014743,NA,1,1,9,3300,0,3,5,NA,2,003,DOMENIGONI PARKWAY,SR-79,89,W,N,B,-,N,NA,NA,NA,NA,NA,NA,NA,NA,NA,N,4,0,2,2,A,-,03,22350,NA,N,C,C,A,A,H,-,A,A,0,NA,NA,NA,NA,Y,NA,A,07,0,0,2,0,0,0,0,0,0,-,-,33.696128845214844,-117.0853271484375,RIVERSIDE,UNINCORPORATED,-117.08512878417967,33.69626998901367
90699281,2018,2018-04-05,9840,2018-03-27,2243,020102,NA,2,3,9,3300,0,2,4,NA,2,043,RAMONA EXPY,LAKEVIEW AVE,1500,W,N,A,-,N,NA,NA,NA,NA,NA,NA,NA,NA,NA,Y,4,0,1,2,A,-,08,22107,NA,M,B,C,A,A,H,-,D,D,0,NA,NA,NA,NA,Y,NA,A,01,0,0,1,0,0,0,0,0,0,-,-,33.838558197021484,-117.12889862060548,RIVERSIDE,UNINCORPORATED,-117.12857055664063,33.83842086791992
90699688,2018,2018-04-05,9630,2018-03-11,0010,021416,NA,7,3,9,3300,0,1,3,NA,2,015,WESTBOUND STATE HIGHWAY 62,NORTH INDIAN CANYON DRIVE,3696,E,N,B,C,Y,NA,NA,NA,NA,NA,NA,NA,NA,NA,Y,4,0,1,2,A,-,08,22107,NA,N,B,C,A,B,G,-,D,D,0,NA,NA,NA,NA,Y,NA,A,01,0,0,1,0,0,0,0,0,0,-,-,33.3402214050293,-116.57582855224608,RIVERSIDE,UNINCORPORATED,-116.57591247558594,34.00709533691406
90701687,2018,2018-04-09,9840,2018-03-29,0735,020360,NA,4,1,6,3315,0,1,1,NA,2,034,I-15 N/B,CAJALCO RD,1250,S,N,A,-,Y,NA,NA,15,NA,NA,NA,NA,NA,N,Y,2,0,1,1,A,-,03,22350,NA,N,F,A,A,A,D,-,A,D,0,NA,NA,Y,NA,Y,NA,C,02,1,0,0,0,0,0,0,0,1,-,-,33.8184814453125,-117.5148468017578,RIVERSIDE,CORONA,-117.51483154296876,33.81850814819336
90704194,2018,2018-04-12,9840,2018-03-23,0349,021218,NA,5,3,7,3313,0,1,3,NA,2,021,SR-91 E/B,14TH ST,685,E,N,A,-,Y,NA,NA,91,NA,NA,NA,NA,NA,E,Y,4,0,1,2,A,-,08,22107,NA,F,E,I,A,A,H,-,C,D,0,NA,NA,NA,NA,Y,Y,A,01,0,0,1,0,0,0,0,0,0,-,-,33.97547149658203,-117.37174224853516,RIVERSIDE,RIVERSIDE,-117.3720703125,33.975624084472656
90704209,2018,2018-04-12,9840,2018-03-22,1145,013500,NA,4,1,6,3345,0,1,3,NA,2,010,SR-60 E/B,CAMINO REAL,50,W,N,C,-,Y,NA,NA,60,NA,NA,NA,NA,NA,E,Y,4,0,1,1,A,-,03,22350,NA,N,E,J,A,B,H,-,A,D,0,NA,NA,NA,NA,Y,NA,A,01,0,0,1,0,0,0,0,0,0,-,-,34.0141487121582,-117.45012664794922,RIVERSIDE,JURUPA VALLEY,-117.45014190673828,34.014060974121094
90706468,2018,2018-04-16,9630,2018-04-07,1736,021897,NA,6,2,9,3300,0,3,5,NA,2,001,PALM DR,20TH AVE,0,NA,Y,A,G,N,NA,NA,NA,NA,NA,NA,NA,NA,NA,Y,4,0,2,2,A,-,09,21802,A,N,D,C,A,A,H,-,A,D,0,NA,NA,NA,NA,Y,NA,D,22,0,0,2,0,0,0,0,0,0,-,-,33.903221130371094,-116.50135040283205,RIVERSIDE,UNINCORPORATED,-116.5015869140625,33.903221130371094
90707445,2018,2018-04-17,9685,2018-04-08,2115,016936,NA,7,2,9,3300,0,1,3,NA,1,039,SR-79 (TEMECULA PKWY.),HORIZON VIEW ST.,1957,S,N,B,-,Y,NA,NA,79,NA,NA,NA,NA,NA,NA,Y,3,0,1,1,A,-,08,22107,NA,N,E,I,A,A,H,-,D,D,0,NA,NA,NA,NA,Y,NA,A,01,0,1,0,0,0,0,0,0,0,-,-,33.490989685058594,-117.06060791015624,RIVERSIDE,UNINCORPORATED,-117.06057739257813,33.490875244140625
90708615,2018,2018-04-19,9840,2018-04-16,1749,015663,NA,1,2,4,3344,0,1,1,NA,2,011,I-15 S/B,BELLEGRAVE AVE,500,S,N,A,-,Y,NA,NA,15,NA,NA,NA,NA,NA,S,N,4,0,1,2,A,-,03,22350,NA,N,C,C,A,A,H,-,B,D,0,NA,NA,NA,NA,Y,NA,A,01,0,0,1,0,0,0,0,0,0,-,-,33.98944854736328,-117.54985809326172,RIVERSIDE,EASTVALE,-117.54994964599608,33.98942565917969
9070926,2020,2020-09-29,3300,2020-02-20,1438,N6000,501B,4,5,5,3341,0,0,0,NA,0,051,RT 74,4TH ST,0,NA,Y,A,-,Y,RIV,8,74,-,-,24.628,I,5,W,N,4,0,1,2,D,-,00,NA,NA,N,D,G,A,A,H,-,A,A,0,NA,Y,NA,NA,Y,NA,-,-,0,0,1,0,0,0,1,0,0,-,-,33.74489974975586,-117.17359924316406,RIVERSIDE,MENIFEE,-117.25763702392578,33.767154693603516
90710905,2018,2018-04-27,9840,2018-03-03,0030,020305,NA,6,3,9,3300,0,3,5,NA,2,002,BOX SPRINGS RD,I-215,400,E,N,A,-,N,NA,NA,NA,NA,NA,NA,NA,NA,NA,Y,2,0,3,1,A,-,01,23152,A,N,E,I,A,A,H,-,D,D,0,NA,NA,NA,NA,Y,Y,A,01,1,0,2,0,0,0,0,0,0,-,-,33.94898986816406,-117.3000030517578,RIVERSIDE,UNINCORPORATED,-117.3003387451172,33.94895553588867
9071232,2020,2020-11-20,3311,2020-05-28,1404,15951,NA,4,5,4,3311,0,0,0,NA,0,006,CAMINO PAROCELA,RT 111,0,NA,Y,A,-,Y,RIV,8,111,-,T,49.244,I,5,S,N,3,0,1,2,A,-,08,22107,NA,N,B,G,A,A,H,-,A,D,0,NA,Y,NA,NA,Y,NA,A,01,0,1,0,0,0,0,1,0,0,-,-,33.81398010253906,-116.49285888671876,RIVERSIDE,PALM SPRINGS,-116.49298858642578,33.81403350830078
90713001,2018,2018-04-25,9655,2018-04-17,1710,015795,NA,2,2,9,3300,0,3,5,NA,2,003,DOMENIGONI PARKWAY,WARREN ROAD,5280,W,N,A,-,N,NA,NA,NA,NA,NA,NA,NA,NA,NA,Y,3,0,2,1,A,-,08,22107,NA,N,E,I,A,A,H,-,A,D,0,NA,NA,NA,NA,Y,NA,A,01,0,2,0,0,0,0,0,0,0,-,-,33.698299407958984,-117.0531005859375,RIVERSIDE,UNINCORPORATED,-117.0474090576172,33.698638916015625
9071320,2020,2020-09-18,3300,2020-06-08,2055,3656,WI 80,1,5,3,3343,0,0,0,NA,0,086,CLINTON KEITH RD,RT 15,0,NA,Y,A,-,Y,RIV,8,15,-,-,13.457,R,4,N,N,4,0,1,2,A,-,12,21453,A,N,D,C,A,A,H,-,D,A,0,NA,NA,NA,NA,Y,NA,A,08,0,0,1,0,0,0,0,0,0,-,-,33.59629821777344,-117.24469757080078,RIVERSIDE,WILDOMAR,-117.24286651611328,33.5938606262207
90713211,2018,2018-04-25,9630,2018-04-16,0730,016674,NA,1,1,9,3300,0,1,1,NA,2,020,INTERSTATE 10 EASTBOUND TO DATE PALM DR,DATE PALM DRIVE,20,W,N,A,-,Y,NA,NA,NA,NA,NA,NA,NA,NA,NA,N,4,0,2,2,A,-,03,22350,NA,N,C,C,A,A,H,-,A,A,0,NA,NA,NA,NA,Y,NA,D,22,0,0,2,0,0,0,0,0,0,-,-,33.84817886352539,-116.45870208740234,RIVERSIDE,UNINCORPORATED,-116.45848083496094,33.84925079345703
90715149,2018,2018-04-27,9840,2018-04-17,0030,020262,NA,2,3,6,3345,0,1,3,NA,2,010,SR-60 E/B,PACIFIC AVE,67,E,N,A,-,Y,NA,NA,60,NA,NA,NA,NA,NA,E,Y,2,0,2,2,A,-,01,23152,A,N,C,C,A,A,H,-,D,D,0,NA,NA,NA,NA,Y,Y,A,01,1,1,0,0,0,0,0,0,0,-,-,34.00733947753906,-117.41977691650392,RIVERSIDE,JURUPA VALLEY,-117.41978454589844,34.007320404052734
90717262,2018,2018-05-01,9630,2018-04-22,1155,018451,NA,7,1,9,3300,0,2,S,NA,2,404,RAMON RD,I-10 E/B,0,NA,Y,A,-,N,NA,NA,NA,NA,NA,NA,NA,NA,NA,N,3,0,2,2,A,-,17,21451,A,N,D,C,A,A,H,-,A,D,0,NA,NA,NA,NA,Y,NA,A,01,0,1,1,0,0,0,0,0,0,-,-,33.81637954711914,-116.40547943115234,RIVERSIDE,UNINCORPORATED,-116.405361,33.81633
9071897,2019,2020-09-17,3308,2019-12-29,1723,10764,525,7,5,5,3308,0,0,0,NA,0,SOUTH,FLORIDA AV,KIRBY ST,100,W,N,A,-,Y,RIV,8,74,-,-,38.97,H,-,E,N,4,0,1,2,A,-,04,21703,NA,N,C,C,A,A,H,-,C,D,0,NA,NA,NA,NA,Y,NA,A,01,0,0,1,0,0,0,0,0,0,-,-,33.74755859375,-116.99784088134766,RIVERSIDE,HEMET,-116.99810028076172,33.74733352661133
9071995,2020,2020-05-21,3313,2020-02-27,0803,1641,4,4,5,7,3313,0,0,0,NA,0,T55,STREETER AV,JERRY LOUDER DR,131,N,N,A,-,N,NA,NA,NA,NA,NA,NA,NA,NA,NA,N,4,0,2,1,A,-,08,22107,NA,N,E,I,A,A,H,-,A,D,0,NA,NA,NA,NA,Y,NA,A,01,0,0,2,0,0,0,0,0,0,-,-,NA,NA,RIVERSIDE,RIVERSIDE,NA,NA
90721669,2018,2018-05-08,9840,2018-04-25,2106,020210,NA,3,2,6,3394,0,1,3,NA,2,025,SR-60 E/B,FREDERICK ST,2030,E,N,A,-,Y,NA,NA,60,NA,NA,NA,NA,NA,E,Y,2,0,1,3,A,-,08,22107,NA,N,C,C,A,A,H,-,D,D,0,NA,NA,NA,NA,Y,NA,A,07,1,0,0,0,0,0,0,0,0,-,-,33.940799713134766,-117.25462341308594,RIVERSIDE,MORENO VALLEY,-117.25462341308594,33.940834045410156
90725237,2018,2018-05-14,9840,2018-05-01,0625,017459,NA,2,1,6,3315,0,1,3,NA,2,311,SR-91 E/B,BUCHANAN STREET,2000,W,N,B,-,Y,NA,NA,NA,NA,NA,NA,NA,NA,NA,Y,3,0,1,1,A,-,08,22107,NA,N,E,I,A,A,H,-,A,D,0,NA,NA,NA,NA,Y,NA,D,22,0,1,0,0,0,0,0,0,0,-,-,33.891719818115234,-117.08265686035156,RIVERSIDE,CORONA,-117.50704193115234,33.891536712646484
90725790,2018,2018-05-14,9630,2018-05-08,1313,015876,NA,2,1,9,3300,0,1,3,NA,2,111,SR-111,GARFIELD STREET,1056,S,N,A,-,Y,NA,NA,111,NA,NA,NA,NA,NA,NA,Y,3,0,1,2,A,-,08,22107,NA,N,D,C,A,A,H,-,A,D,0,NA,NA,NA,NA,Y,NA,A,08,0,1,0,0,0,0,0,0,0,-,-,33.535640716552734,-116.00505065917967,RIVERSIDE,UNINCORPORATED,-116.00505065917967,33.535682678222656
90726791,2018,2018-05-15,9685,2018-05-12,1530,014519,NA,6,2,5,3335,0,1,1,NA,2,030,I-15 NORTHBOUND,SANTIAGO ROAD O/C,100,S,N,B,-,Y,NA,NA,15,NA,NA,NA,NA,NA,N,N,4,0,1,2,A,-,03,22350,NA,N,C,C,A,A,H,-,A,D,0,NA,NA,NA,NA,Y,NA,A,01,0,0,1,0,0,0,0,0,0,-,-,33.489498138427734,-117.14383697509766,RIVERSIDE,TEMECULA,-117.14372253417967,33.489540100097656