CASE_ID,ACCIDENT_YEAR,PROC_DATE,JURIS,COLLISION_DATE,COLLISION_TIME,OFFICER_ID,REPORTING_DISTRICT,DAY_OF_WEEK,CHP_SHIFT,POPULATION,CNTY_CITY_LOC,SPECIAL_COND,BEAT_TYPE,CHP_BEAT_TYPE,CITY_DIVISION_LAPD,CHP_BEAT_CLASS,BEAT_NUMBER,PRIMARY_RD,SECONDARY_RD,DISTANCE,DIRECTION,INTERSECTION,WEATHER_1,WEATHER_2,STATE_HWY_IND,CALTRANS_COUNTY,CALTRANS_DISTRICT,STATE_ROUTE,ROUTE_SUFFIX,POSTMILE_PREFIX,POSTMILE,LOCATION_TYPE,RAMP_INTERSECTION,SIDE_OF_HWY,TOW_AWAY,COLLISION_SEVERITY,NUMBER_KILLED,NUMBER_INJURED,PARTY_COUNT,PRIMARY_COLL_FACTOR,PCF_CODE_OF_VIOL,PCF_VIOL_CATEGORY,PCF_VIOLATION,PCF_VIOL_SUBSECTION,HIT_AND_RUN,TYPE_OF_COLLISION,MVIW,PED_ACTION,ROAD_SURFACE,ROAD_COND_1,ROAD_COND_2,LIGHTING,CONTROL_DEVICE,CHP_ROAD_TYPE,PEDESTRIAN_ACCIDENT,BICYCLE_ACCIDENT,MOTORCYCLE_ACCIDENT,TRUCK_ACCIDENT,NOT_PRIVATE_PROPERTY,ALCOHOL_INVOLVED,STWD_VEHTYPE_AT_FAULT,CHP_VEHTYPE_AT_FAULT,COUNT_SEVERE_INJ,COUNT_VISIBLE_INJ,COUNT_COMPLAINT_PAIN,COUNT_PED_KILLED,COUNT_PED_INJURED,COUNT_BICYCLIST_KILLED,COUNT_BICYCLIST_INJURED,COUNT_MC_KILLED,COUNT_MC_INJURED,PRIMARY_RAMP,SECONDARY_RAMP,LATITUDE,LONGITUDE,COUNTY,CITY,POINT_X,POINT_Y
90902621,2018,2019-01-11,9840,2018-09-19,0405,020102,NA,3,3,9,3300,0,3,5,NA,2,004,EL SOBRANTE ROAD,MOCKINGBIRD CANYON ROAD,0,NA,Y,A,-,N,NA,NA,NA,NA,NA,NA,NA,NA,NA,Y,1,1,0,2,A,-,08,22107,NA,N,E,I,A,A,H,-,C,D,0,NA,NA,NA,NA,Y,NA,A,01,0,0,0,0,0,0,0,0,0,-,-,33.84566116333008,-117.37550354003906,RIVERSIDE,UNINCORPORATED,-117.37541961669922,33.845760345458984
90903804,2019,2019-01-14,9630,2019-01-08,1955,019860,NA,2,2,4,3325,0,1,1,NA,2,020,I-10 E/B,BOB HOPE DR,7920,W,N,A,-,Y,NA,NA,10,NA,NA,NA,NA,NA,E,Y,4,0,3,3,A,-,08,22107,NA,N,B,C,A,A,H,-,D,D,0,NA,NA,NA,Y,Y,NA,G,25,0,0,3,0,0,0,0,0,0,-,-,33.82646179199219,-116.42008972167967,RIVERSIDE,CATHEDRAL CITY,-116.42005157470705,33.8265266418457
90905735,2019,2019-01-16,9840,2019-01-13,1930,021042,NA,7,2,6,3394,0,1,3,NA,2,025,SR-60 W/B,THEODORE ST,14,W,N,B,-,Y,NA,NA,60,NA,NA,NA,NA,NA,W,Y,4,0,1,2,A,-,03,22350,NA,N,B,C,A,A,H,-,C,D,0,NA,NA,NA,NA,Y,NA,A,01,0,0,1,0,0,0,0,0,0,-,-,33.93941116333008,-117.13935089111328,RIVERSIDE,MORENO VALLEY,-117.13935089111328,33.939414978027344
90906731,2018,2019-03-01,9630,2018-11-17,0230,021416,NA,6,3,9,3300,0,1,1,NA,2,301,INTERSTATE 10 (WESTBOUND),FRONTAGE ROAD,289,E,N,A,-,Y,NA,NA,10,NA,NA,NA,NA,NA,NA,Y,1,1,1,1,A,-,08,22107,NA,N,E,I,A,A,H,-,D,D,0,NA,NA,NA,NA,Y,NA,A,01,1,0,0,0,0,0,0,0,0,-,-,33.67042922973633,-115.91757202148438,RIVERSIDE,UNINCORPORATED,-115.9176025390625,33.67023468017578
90907034,2019,2019-01-18,9840,2019-01-16,2150,020210,NA,3,2,9,3300,0,3,5,NA,2,004,MOCKINGBIRD CANYON RD,MARIPOSA AVE,1320,N,N,B,C,N,NA,NA,NA,NA,NA,NA,NA,NA,NA,Y,2,0,1,1,A,-,08,22107,NA,N,E,I,A,B,H,-,D,D,0,NA,NA,NA,NA,Y,NA,A,01,1,0,0,0,0,0,0,0,0,-,-,33.867889404296875,-117.38458251953124,RIVERSIDE,UNINCORPORATED,-117.38475036621094,33.86775207519531
90910311,2019,2019-01-24,9840,2019-01-13,0047,018849,NA,7,3,6,3345,0,1,1,NA,2,011,I-15 N/B,CANTU GALEANO RANCH RD.,2160,N,N,A,-,Y,NA,NA,15,NA,NA,NA,NA,NA,N,Y,3,0,1,1,A,-,01,23152,A,N,E,I,A,A,D,-,D,D,0,NA,NA,NA,NA,Y,Y,D,22,0,1,0,0,0,0,0,0,0,-,-,34.0086784362793,-117.55016326904295,RIVERSIDE,JURUPA VALLEY,-117.5500946044922,34.0086784362793
90910504,2019,2019-01-24,9840,2019-01-18,0945,019219,NA,5,1,7,3313,0,1,1,NA,2,022,I-215 NORTHBOUND,CENTER STREET,1056,S,N,B,-,Y,NA,NA,215,NA,NA,NA,NA,NA,N,N,4,0,2,3,A,-,03,22350,NA,N,C,C,A,A,H,-,A,D,0,NA,NA,NA,NA,Y,NA,D,22,0,0,2,0,0,0,0,0,0,-,-,34.0124397277832,-117.34438323974608,RIVERSIDE,RIVERSIDE,-117.34445190429688,34.01248550415039
90912785,2019,2019-01-25,9630,2019-01-16,1753,019228,NA,3,2,9,3300,0,3,5,NA,2,405,WASHINGTON STREET (N/B),AVENUE OF THE STATES,480,N,N,B,-,N,NA,NA,NA,NA,NA,NA,NA,NA,NA,Y,4,0,2,3,A,-,03,22350,NA,N,C,C,A,A,H,-,C,D,0,NA,NA,NA,NA,Y,NA,A,01,0,0,2,0,0,0,0,0,0,-,-,33.742088317871094,-116.30371856689452,RIVERSIDE,UNINCORPORATED,-116.30391693115234,33.74201202392578
90916513,2019,2019-01-31,9655,2019-01-22,2115,020350,NA,2,2,9,3300,0,1,3,NA,1,116,SR-74,MCGAUGH RD,10560,W,N,A,-,Y,NA,NA,74,NA,NA,NA,NA,NA,NA,Y,4,0,1,2,A,-,01,23152,F,N,A,C,A,A,H,-,D,D,0,NA,NA,NA,NA,Y,NA,A,01,0,0,1,0,0,0,0,0,0,-,-,33.69868850708008,-116.75984191894533,RIVERSIDE,UNINCORPORATED,-116.75984191894533,33.698692321777344
90917019,2019,2019-02-01,9840,2019-01-30,1640,019890,NA,3,2,6,3394,0,1,3,NA,2,025,SR-60 E/B TO FREDERICK ST. OFFRAMP,FREDERICK ST.,100,W,N,A,-,Y,NA,NA,60,NA,NA,NA,R,NA,E,N,4,0,1,3,A,-,21,22106,NA,N,C,D,A,A,H,-,A,A,0,NA,NA,NA,NA,Y,NA,D,22,0,0,1,0,0,0,0,0,0,-,-,33.9398193359375,-117.26235198974608,RIVERSIDE,MORENO VALLEY,-117.26235198974608,33.9398193359375
90918611,2019,2019-04-04,9630,2019-01-12,2028,020845,NA,6,2,4,3325,0,1,1,NA,2,020,INTERSTATE 10 EASTBOUND,DATE PALM DRIVE,150,W,N,A,-,Y,NA,NA,10,NA,NA,NA,NA,NA,E,Y,1,1,0,1,A,-,08,22107,NA,N,E,I,A,A,H,-,C,D,0,NA,NA,NA,NA,Y,NA,A,01,0,0,0,0,0,0,0,0,0,-,-,33.84946060180664,-116.4590301513672,RIVERSIDE,CATHEDRAL CITY,-116.45896911621094,33.84955596923828
90920160,2019,2019-02-06,9840,2019-01-31,2131,018849,NA,4,2,4,3344,0,1,1,NA,2,011,I-15 S/B,CANTU GALLEANO RANCH RD,1800,N,N,B,-,Y,NA,NA,15,NA,NA,NA,NA,NA,S,N,4,0,1,2,A,-,07,21658,A,N,C,C,A,A,D,-,D,D,0,NA,NA,NA,NA,Y,NA,A,01,0,0,1,0,0,0,0,0,0,-,-,34.007469177246094,-117.55046081542967,RIVERSIDE,EASTVALE,-117.5505142211914,34.007469177246094
90923218,2019,2019-02-11,9840,2019-02-02,0200,021218,NA,6,3,7,3313,0,1,3,NA,2,025,SR-60 E/B,DAY ST,1087,W,N,C,-,Y,NA,NA,60,NA,NA,NA,NA,NA,E,Y,4,0,1,1,A,-,01,23152,A,N,E,I,A,B,H,-,E,D,0,NA,NA,NA,NA,Y,Y,A,01,0,0,1,0,0,0,0,0,0,-,-,33.943199157714844,-117.2825164794922,RIVERSIDE,RIVERSIDE,-117.28253173828124,33.943138122558594
90925838,2019,2019-02-13,9840,2019-02-12,2218,017546,NA,2,3,7,3313,0,1,3,NA,2,021,SR-91 E/B,MADISON ST,2315,E,N,B,-,Y,NA,NA,91,NA,NA,NA,NA,NA,E,N,3,0,1,1,A,-,01,23152,A,N,E,I,A,A,H,-,D,D,0,NA,NA,NA,NA,Y,Y,A,01,0,1,0,0,0,0,0,0,0,-,-,33.93954086303711,-117.39829254150392,RIVERSIDE,RIVERSIDE,-117.39828491210938,33.93952941894531
90925862,2019,2019-02-13,9840,2019-02-10,0525,017893,NA,7,3,9,3300,0,1,1,NA,2,037,I-15 N/B,INDIAN TRUCK TRAIL,50,S,N,C,-,Y,NA,NA,15,NA,NA,NA,NA,NA,N,Y,3,0,1,1,A,-,01,23152,A,N,E,I,A,B,H,-,B,D,0,NA,NA,NA,NA,Y,Y,D,22,0,1,0,0,0,0,0,0,0,-,-,33.749000549316406,-117.45249938964844,RIVERSIDE,UNINCORPORATED,-117.45249938964844,33.74899673461914
90926867,2019,2019-02-14,9655,2019-02-11,0755,015795,NA,1,1,9,3300,0,3,5,NA,2,003,DARTMOUTH STREET,MAYBERRY AVENUE,0,NA,Y,A,-,N,NA,NA,NA,NA,NA,NA,NA,NA,NA,Y,4,0,3,3,A,-,12,22450,A,N,D,C,A,A,H,-,A,A,0,NA,NA,NA,NA,Y,NA,A,01,0,0,3,0,0,0,0,0,0,-,-,33.74037170410156,-116.93695831298828,RIVERSIDE,UNINCORPORATED,-116.93685913085938,33.740440368652344
90927285,2019,2019-02-15,9685,2019-02-07,1230,012979,NA,4,1,9,3300,0,2,4,NA,2,016,GRAND AVE,DEEBLE ENTRANCE,10,N,N,A,-,N,NA,NA,NA,NA,NA,NA,NA,NA,NA,Y,2,0,2,2,A,-,03,22350,NA,N,C,C,A,A,H,-,A,D,0,NA,NA,Y,NA,Y,NA,C,02,1,0,1,0,0,0,0,0,1,-,-,33.54275131225586,-117.3508529663086,RIVERSIDE,UNINCORPORATED,-117.35052490234376,33.642635345458984
90929493,2019,2019-02-20,9840,2019-02-07,0436,021218,NA,4,3,9,3300,0,3,5,NA,2,003,TEMESCAL CANYON RD,LAWSON RD,0,NA,Y,A,-,N,NA,NA,NA,NA,NA,NA,NA,NA,NA,Y,2,0,1,2,A,-,01,23152,A,N,D,C,A,A,H,-,D,A,0,NA,NA,NA,NA,Y,Y,D,22,1,0,0,0,0,0,0,0,0,-,-,33.770660400390625,-117.48782348632813,RIVERSIDE,UNINCORPORATED,-117.48780059814452,33.7706184387207
90929771,2019,2019-02-20,9685,2019-02-10,2210,017169,NA,7,3,9,3300,0,3,5,NA,2,003,AULD ROAD,HIGH VISTA DRIVE,0,NA,Y,B,-,N,NA,NA,NA,NA,NA,NA,NA,NA,NA,Y,4,0,4,2,A,-,09,21802,A,N,D,C,A,A,H,-,C,A,0,NA,NA,NA,NA,Y,NA,A,01,0,0,4,0,0,0,0,0,0,-,-,33.5855712890625,-117.10933685302734,RIVERSIDE,UNINCORPORATED,-117.10929870605467,33.5836181640625
90929813,2019,2019-02-20,9840,2019-02-16,1630,021194,NA,6,2,6,3394,0,1,3,NA,2,025,SR-60 W/B,PIGEON PASS RD,2112,W,N,A,-,Y,NA,NA,60,NA,NA,NA,NA,NA,W,N,4,0,1,2,A,-,03,22350,NA,N,C,C,A,A,H,-,A,D,0,NA,NA,NA,NA,Y,NA,A,01,0,0,1,0,0,0,0,0,0,-,-,33.94118118286133,-117.27017211914063,RIVERSIDE,MORENO VALLEY,-117.27016448974608,33.941226959228516
90930243,2019,2019-02-20,9840,2019-02-19,1628,018564,NA,2,2,4,3344,0,1,1,NA,2,011,I-15 S/B,MISSION BOULEVARD,460,N,N,A,-,Y,NA,NA,15,NA,NA,NA,NA,NA,S,Y,4,0,1,3,A,-,03,22350,NA,N,C,C,A,A,H,-,A,D,0,NA,NA,NA,NA,Y,NA,A,07,0,0,1,0,0,0,0,0,0,-,-,34.03078079223633,-117.55040740966795,RIVERSIDE,EASTVALE,-117.55046844482422,34.03078079223633
90930412,2019,2019-02-20,9685,2019-02-13,2355,015958,NA,3,3,4,3312,0,1,1,NA,2,020,INTERSTATE 215 NORTHOUND,SR-74 (LOWER),1200,N,N,B,C,Y,NA,NA,215,NA,NA,NA,NA,NA,NA,Y,2,0,1,1,A,-,08,22107,NA,N,E,I,A,B,H,-,C,D,0,NA,NA,NA,NA,Y,NA,A,01,1,0,0,0,0,0,0,0,0,-,-,33.757511138916016,-117.18910980224608,RIVERSIDE,PERRIS,-117.18915557861328,33.75751495361328
90930478,2019,2019-02-20,9685,2019-02-10,1100,015360,NA,7,1,5,3335,0,1,1,NA,2,030,I-15 SOUTHBOUND,WINCHESTER RD.,1200,N,N,B,C,Y,NA,NA,NA,NA,NA,NA,NA,NA,NA,Y,4,0,1,4,A,-,03,22350,NA,N,C,C,A,B,H,-,A,D,0,NA,NA,NA,NA,Y,NA,A,01,0,0,1,0,0,0,0,0,0,-,-,33.47364044189453,-117.14781951904295,RIVERSIDE,TEMECULA,-117.16116333007813,33.520084381103516
90930695,2018,2019-02-21,9840,2018-11-20,0730,019361,NA,2,1,7,3313,0,1,1,NA,2,023,I-215 N/B,BLAINE STREET,2640,N,N,A,-,Y,NA,NA,215,NA,NA,NA,NA,NA,N,N,4,0,1,2,A,-,03,22350,NA,F,C,C,A,A,H,-,A,D,0,NA,NA,NA,Y,Y,NA,G,25,0,0,1,0,0,0,0,0,0,-,-,33.987979888916016,-117.34777069091795,RIVERSIDE,RIVERSIDE,-117.34780120849608,33.98794937133789
90930799,2018,2019-04-02,9685,2018-12-20,1950,016113,NA,4,2,3,3343,0,1,1,NA,2,010,I-15 SOUTHBOUND,LEMON STREET (NORTH EDGE),5,S,N,A,-,Y,NA,NA,15,NA,NA,NA,NA,NA,S,N,4,0,1,2,D,-,00,NA,NA,M,E,I,A,A,H,-,D,D,0,NA,NA,NA,NA,Y,NA,-,-,0,0,1,0,0,0,0,0,0,-,-,33.634368896484375,-117.27860260009766,RIVERSIDE,WILDOMAR,-117.27864074707033,33.634342193603516
90931086,2019,2019-02-21,9655,2019-02-14,0529,019234,NA,4,3,9,3300,0,1,1,NA,2,204,I-10 W/B,MORONGO TRAIL,200,E,N,C,-,Y,NA,NA,10,NA,NA,NA,NA,NA,W,Y,2,0,1,1,A,-,08,22107,NA,N,E,I,A,B,H,-,D,D,0,NA,NA,NA,NA,Y,NA,A,01,1,0,0,0,0,0,0,0,0,-,-,33.92087173461914,-116.80577850341795,RIVERSIDE,UNINCORPORATED,-116.80567169189452,33.92113494873047
90931651,2019,2019-02-22,9840,2019-02-15,0510,020262,NA,5,3,9,3300,0,2,4,NA,2,045,CAJALCO EXPY,I-215,135,E,N,B,-,N,NA,NA,NA,NA,NA,NA,NA,NA,NA,Y,3,0,1,2,A,-,12,21453,A,N,D,C,A,B,H,-,C,A,0,NA,NA,NA,NA,Y,NA,D,22,0,1,0,0,0,0,0,0,0,-,-,33.88175964355469,-117.64649200439452,RIVERSIDE,UNINCORPORATED,-117.2509994506836,33.84376907348633
90934382,2019,2019-02-26,9840,2019-02-22,0930,014366,NA,5,1,6,3315,0,1,1,NA,2,034,I-15 N/B,DOS LAGOS DR,1056,N,N,A,-,Y,NA,NA,15,NA,NA,NA,NA,NA,N,Y,4,0,1,2,A,-,03,22350,NA,N,C,C,A,A,H,-,A,D,0,NA,NA,NA,NA,Y,NA,A,01,0,0,1,0,0,0,0,0,0,-,-,33.81060028076172,-117.5090789794922,RIVERSIDE,CORONA,-117.50904846191406,33.81061553955078
90936249,2019,2019-02-28,9660,2019-02-25,1704,021509,NA,1,2,9,3300,0,1,1,NA,2,031,I-10 E/B MESA OFF-RAMP,MESA DR,38,W,N,A,-,Y,NA,NA,10,NA,NA,NA,NA,NA,E,Y,2,0,1,2,A,-,03,22350,NA,N,C,C,A,A,H,-,A,A,0,NA,NA,NA,Y,Y,NA,A,01,1,0,0,0,0,0,0,0,0,-,-,33.60845947265625,-114.72740173339844,RIVERSIDE,UNINCORPORATED,-114.72740936279295,33.60917282104492
90938160,2019,2019-03-04,9840,2019-02-20,1434,021096,NA,3,2,7,3313,0,1,3,NA,2,201,SR-91 W/B,LA SIERRA AVE,3000,E,N,B,-,Y,NA,NA,91,NA,NA,NA,NA,NA,W,Y,4,0,2,5,A,-,03,22350,NA,N,C,C,A,A,H,-,A,D,0,NA,NA,NA,NA,Y,NA,A,01,0,0,2,0,0,0,0,0,0,-,-,33.90275955200195,-117.46407318115234,RIVERSIDE,RIVERSIDE,-117.46407318115234,33.90277099609375
90939674,2019,2019-03-05,9840,2019-02-26,1215,017162,NA,2,1,7,3313,0,1,3,NA,2,021,SR-91 W/B,ARLINGTON AVE,672,W,N,A,-,Y,NA,NA,NA,NA,NA,NA,NA,NA,NA,Y,2,0,2,1,A,-,08,22107,NA,N,E,I,A,A,H,-,A,D,0,NA,NA,NA,NA,Y,NA,A,01,2,0,0,0,0,0,0,0,0,-,-,33.29383087158203,-117.21938323974608,RIVERSIDE,RIVERSIDE,-117.39061737060548,33.94508361816406
90944441,2019,2019-03-12,9840,2019-03-02,0625,017459,NA,6,1,6,3315,0,1,1,NA,2,034,I-15 N/B,ONTARIO AVE,1000,S,N,B,C,Y,NA,NA,15,NA,NA,NA,NA,NA,N,Y,2,0,1,1,A,-,08,22107,NA,N,E,I,A,B,D,-,A,D,0,NA,NA,NA,NA,Y,NA,D,22,1,0,0,0,0,0,0,0,0,-,-,33.839900970458984,-117.53369903564452,RIVERSIDE,CORONA,-117.53388214111328,33.83980941772461
90945772,2019,2019-03-13,9655,2019-03-02,0420,019449,NA,6,3,9,3300,0,1,1,NA,2,204,I-10 E/B,APACHE TRL,3696,E,N,C,-,Y,NA,NA,10,NA,NA,NA,NA,NA,E,Y,2,0,4,2,A,-,01,23152,A,N,C,C,A,B,H,-,D,D,0,NA,NA,NA,NA,Y,Y,A,01,1,2,1,0,0,0,0,0,0,-,-,33.91857147216797,-116.79331970214844,RIVERSIDE,UNINCORPORATED,-116.79331970214844,33.918601989746094
90946530,2019,2019-03-14,9630,2019-03-11,0633,018647,NA,1,1,9,3300,0,1,3,NA,2,111,SR-111,SR-111 (66TH AVE),0,NA,Y,A,-,Y,NA,NA,111,NA,NA,NA,NA,NA,NA,Y,3,0,1,2,A,-,09,21802,A,F,D,C,A,A,H,-,B,A,0,NA,NA,NA,NA,Y,NA,A,07,0,1,0,0,0,0,0,0,0,-,-,33.56953811645508,-116.07855224609376,RIVERSIDE,UNINCORPORATED,-116.0784149169922,33.569679260253906
90949006,2019,2019-03-19,9685,2019-03-07,1505,013925,NA,4,2,5,3335,0,1,1,NA,2,030,INTERSTATE 15 NORTHBOUND,RANCHO CALIFORNIA ROAD,1500,S,N,A,-,Y,NA,NA,15,NA,NA,NA,NA,NA,N,Y,3,0,1,4,A,-,03,22350,NA,N,C,C,A,A,H,-,A,D,0,NA,NA,NA,NA,Y,NA,A,07,0,1,0,0,0,0,0,0,0,-,-,33.49599838256836,-117.14734649658205,RIVERSIDE,TEMECULA,-117.14739227294922,33.4959602355957
90949343,2019,2019-03-19,9685,2019-03-09,1818,017285,NA,6,2,5,3335,0,1,1,NA,2,030,I-15 N/B RANCHO CALIFORNIA ROAD ON-RAMP,RANCHO CALIFORNIA ROAD,1040,N,N,A,-,Y,NA,NA,15,NA,NA,NA,NA,NA,N,Y,4,0,6,3,A,-,03,22350,NA,N,C,C,A,A,H,-,C,D,0,NA,NA,NA,NA,Y,NA,D,22,0,0,6,0,0,0,0,0,0,-,-,33.504119873046875,-117.15255737304688,RIVERSIDE,TEMECULA,-117.15267181396484,33.504066467285156
90949868,2019,2019-03-20,9685,2019-03-10,1730,013376,NA,7,2,9,3300,0,3,5,NA,2,004,WILSON VALLEY ROAD,SR-371,1000,W,N,B,-,N,NA,NA,NA,NA,NA,NA,NA,NA,NA,N,4,0,1,1,A,-,08,22107,NA,N,E,J,A,A,H,-,A,D,0,NA,NA,NA,NA,Y,NA,D,22,0,0,1,0,0,0,0,0,0,-,-,33.48435974121094,-116.8352508544922,RIVERSIDE,UNINCORPORATED,-116.83747100830078,33.486305236816406
90949991,2019,2019-03-20,9840,2019-03-12,1716,020058,NA,2,2,9,3300,0,3,5,NA,2,003,ONTARIO AVE.,PIUTE CREEK DR,400,E,N,A,-,N,NA,NA,NA,NA,NA,NA,NA,NA,NA,Y,4,0,1,2,A,-,03,22350,NA,F,C,C,A,A,H,-,A,D,0,NA,NA,NA,NA,Y,NA,D,22,0,0,1,0,0,0,0,0,0,-,-,33.838600158691406,-117.52726745605467,RIVERSIDE,UNINCORPORATED,-117.52996826171876,33.84014892578125
90952108,2019,2019-03-25,9840,2019-03-13,1240,015789,NA,3,1,9,3300,0,3,5,NA,2,004,HICKS ST.,CLARK ST.,528,W,N,A,-,N,NA,NA,NA,NA,NA,NA,NA,NA,NA,N,3,0,1,2,A,-,11,21954,A,N,G,B,D,A,H,-,A,D,0,Y,NA,NA,NA,Y,NA,N,60,0,1,0,0,1,0,0,0,0,-,-,33.84206008911133,-117.28943634033205,RIVERSIDE,UNINCORPORATED,-117.28936004638672,33.842018127441406
90953377,2019,2019-03-26,9840,2019-03-19,1215,014366,NA,2,1,4,3307,0,1,1,NA,2,037,I-15 N/B,NICHOLS AVE,200,S,N,A,-,Y,NA,NA,15,NA,NA,NA,NA,NA,N,Y,4,0,1,2,A,-,03,22350,NA,N,C,C,A,A,H,-,A,D,0,NA,NA,NA,NA,Y,NA,A,01,0,0,1,0,0,0,0,0,0,-,-,33.70669937133789,-117.35748291015624,RIVERSIDE,LAKE ELSINORE,-117.35738372802734,33.706787109375
90955196,2019,2019-03-28,9840,2019-03-22,1130,012208,NA,5,1,9,3300,0,3,5,NA,2,003,ONTARIO AVENUE {E/B},RUDELL ROAD,160,W,N,B,-,N,NA,NA,NA,NA,NA,NA,NA,NA,NA,Y,4,0,1,3,A,-,21,22106,NA,N,C,C,A,A,H,-,A,D,0,NA,NA,NA,NA,Y,NA,A,01,0,0,1,0,0,0,0,0,0,-,-,33.836761474609375,-117.52422332763672,RIVERSIDE,UNINCORPORATED,-117.524132,33.836745
90958777,2019,2019-04-02,9840,2019-03-22,1314,021096,NA,5,1,7,3313,0,1,3,NA,2,021,SR-91 E/B TO I-215 S/B,SPRUCE ST.,50,E,N,A,-,Y,NA,NA,91,NA,NA,NA,R,NA,E,Y,4,0,1,2,A,-,03,22350,NA,N,C,C,A,A,H,-,A,D,0,NA,NA,NA,NA,Y,NA,A,01,0,0,1,0,0,0,0,0,0,-,-,33.990970611572266,-117.35845947265624,RIVERSIDE,RIVERSIDE,-117.35845947265624,33.990970611572266
90959224,2019,2019-04-02,9685,2019-03-24,1245,016838,NA,7,1,4,3307,0,1,1,NA,2,010,I-15 NORTHBOUND,MAIN STREET,100,N,N,A,-,Y,NA,NA,15,NA,NA,NA,NA,NA,N,N,4,0,1,2,A,-,03,22350,NA,N,C,C,A,A,H,-,A,D,0,NA,NA,NA,NA,Y,NA,A,01,0,0,1,0,0,0,0,0,0,-,-,33.67787170410156,-117.32463836669922,RIVERSIDE,LAKE ELSINORE,-117.32440948486328,33.67813491821289
90959719,2019,2019-04-03,9630,2019-03-27,2353,020645,NA,3,3,9,3300,0,1,1,NA,2,020,I-10 E/B,BOB HOPE DR,2640,W,N,A,-,Y,NA,NA,10,NA,NA,NA,NA,NA,E,Y,3,0,1,2,A,-,03,22350,NA,M,C,C,A,A,H,-,D,D,0,NA,NA,NA,Y,Y,NA,A,01,0,1,0,0,0,0,0,0,0,-,-,33.82389831542969,-116.4157485961914,RIVERSIDE,UNINCORPORATED,-116.41571807861328,33.82395553588867
90961555,2019,2019-04-05,9840,2019-03-28,0120,020262,NA,4,3,9,3300,0,2,4,NA,2,043,RAMONA EXPY E/B,RIDER ST,5000,E,N,A,-,N,NA,NA,NA,NA,NA,NA,NA,NA,NA,Y,2,0,2,1,A,-,08,22107,NA,N,E,I,A,A,H,-,D,D,0,NA,NA,NA,NA,Y,NA,A,01,1,1,0,0,0,0,0,0,0,-,-,33.82863998413086,-117.16658782958984,RIVERSIDE,UNINCORPORATED,-117.16982269287108,33.82691192626953
90961605,2019,2019-04-05,9630,2019-04-03,1502,021513,NA,3,2,9,3300,0,3,5,NA,2,501,HARRISON ST,AIRPORT BLVD,1056,N,N,A,-,N,NA,NA,NA,NA,NA,NA,NA,NA,NA,Y,4,0,1,2,A,-,03,22350,NA,N,C,C,A,A,H,-,A,D,0,NA,NA,NA,NA,Y,NA,A,08,0,0,1,0,0,0,0,0,0,-,-,33.64583969116211,-116.18126678466795,RIVERSIDE,UNINCORPORATED,-116.18122100830078,33.644927978515625
90962970,2019,2019-04-08,9840,2019-03-23,1609,021096,NA,6,2,7,3313,0,1,3,NA,2,020,SR-91 E/B,TYLER ST.,1220,E,N,A,-,Y,NA,NA,91,NA,NA,NA,NA,NA,E,Y,4,0,2,2,A,-,03,22350,NA,N,C,C,A,A,H,-,A,D,0,NA,NA,NA,NA,Y,NA,A,01,0,0,2,0,0,0,0,0,0,-,-,33.908241271972656,-117.4533233642578,RIVERSIDE,RIVERSIDE,-117.45333099365234,33.90825271606445
9096436,2020,2020-07-28,3300,2020-04-17,1114,N6224,604A1,5,5,6,3394,0,0,0,NA,0,MV42,EUCALYPTUS AV,NASON ST,0,NA,Y,-,-,N,NA,NA,NA,NA,NA,NA,NA,NA,NA,N,4,0,2,2,A,-,12,21453,A,N,D,C,A,A,H,-,A,A,0,NA,NA,NA,NA,Y,NA,A,01,0,0,2,0,0,0,0,0,0,-,-,33.931819915771484,-117.19133758544922,RIVERSIDE,MORENO VALLEY,-117.1915283203125,33.931800842285156
90965456,2019,2019-04-10,9685,2019-02-08,0750,016838,NA,5,1,9,3300,0,3,5,NA,2,003,SCOTT ROAD E/B,WINCHESTER ROAD,200,W,N,A,-,N,NA,NA,NA,NA,NA,NA,NA,NA,NA,Y,4,0,1,2,A,-,08,22107,NA,N,F,C,A,A,H,-,A,D,0,NA,NA,NA,NA,Y,NA,D,22,0,0,1,0,0,0,0,0,0,-,-,33.640289306640625,-117.0857162475586,RIVERSIDE,UNINCORPORATED,-117.08541107177734,33.64015579223633
90969087,2019,2019-04-17,9840,2019-04-05,0755,015705,NA,5,1,6,3345,0,1,3,NA,2,010,SR-60 E/B,HALL AVE.,1056,E,N,B,-,Y,NA,NA,60,NA,NA,NA,NA,NA,E,N,3,0,1,2,A,-,03,22350,NA,N,C,D,A,A,H,-,A,D,0,NA,NA,NA,NA,Y,NA,A,01,0,1,0,0,0,0,0,0,0,-,-,34.005069732666016,-117.38932800292967,RIVERSIDE,JURUPA VALLEY,-117.38932800292967,34.00505828857422