CASE_ID,ACCIDENT_YEAR,PROC_DATE,JURIS,COLLISION_DATE,COLLISION_TIME,OFFICER_ID,REPORTING_DISTRICT,DAY_OF_WEEK,CHP_SHIFT,POPULATION,CNTY_CITY_LOC,SPECIAL_COND,BEAT_TYPE,CHP_BEAT_TYPE,CITY_DIVISION_LAPD,CHP_BEAT_CLASS,BEAT_NUMBER,PRIMARY_RD,SECONDARY_RD,DISTANCE,DIRECTION,INTERSECTION,WEATHER_1,WEATHER_2,STATE_HWY_IND,CALTRANS_COUNTY,CALTRANS_DISTRICT,STATE_ROUTE,ROUTE_SUFFIX,POSTMILE_PREFIX,POSTMILE,LOCATION_TYPE,RAMP_INTERSECTION,SIDE_OF_HWY,TOW_AWAY,COLLISION_SEVERITY,NUMBER_KILLED,NUMBER_INJURED,PARTY_COUNT,PRIMARY_COLL_FACTOR,PCF_CODE_OF_VIOL,PCF_VIOL_CATEGORY,PCF_VIOLATION,PCF_VIOL_SUBSECTION,HIT_AND_RUN,TYPE_OF_COLLISION,MVIW,PED_ACTION,ROAD_SURFACE,ROAD_COND_1,ROAD_COND_2,LIGHTING,CONTROL_DEVICE,CHP_ROAD_TYPE,PEDESTRIAN_ACCIDENT,BICYCLE_ACCIDENT,MOTORCYCLE_ACCIDENT,TRUCK_ACCIDENT,NOT_PRIVATE_PROPERTY,ALCOHOL_INVOLVED,STWD_VEHTYPE_AT_FAULT,CHP_VEHTYPE_AT_FAULT,COUNT_SEVERE_INJ,COUNT_VISIBLE_INJ,COUNT_COMPLAINT_PAIN,COUNT_PED_KILLED,COUNT_PED_INJURED,COUNT_BICYCLIST_KILLED,COUNT_BICYCLIST_INJURED,COUNT_MC_KILLED,COUNT_MC_INJURED,PRIMARY_RAMP,SECONDARY_RAMP,LATITUDE,LONGITUDE,COUNTY,CITY,POINT_X,POINT_Y
91162305,2019,2020-01-09,9840,2019-12-31,1725,021831,NA,2,2,7,3313,0,1,1,NA,2,022,I-215 N/B,COLUMBIA AVE,200,S,N,A,-,Y,NA,NA,215,NA,NA,NA,NA,NA,N,Y,4,0,1,2,A,-,03,22350,NA,N,C,C,A,A,H,-,C,D,0,NA,NA,NA,NA,Y,NA,A,07,0,0,1,0,0,0,0,0,0,-,-,34.00075912475586,-117.35230255126952,RIVERSIDE,RIVERSIDE,-117.35226440429688,34.00074005126953
9116263,2020,2020-11-23,3300,2020-05-26,2123,N2171,22E6,2,5,3,3317,0,0,0,NA,0,1S372,RT 111,FRANK SINATRA,22,S,N,A,-,N,NA,NA,NA,NA,NA,NA,NA,NA,NA,Y,4,0,2,2,A,-,03,22350,NA,N,C,-,A,-,H,-,C,A,0,NA,NA,NA,NA,Y,NA,A,01,0,0,2,0,0,0,0,0,0,-,-,NA,NA,RIVERSIDE,RANCHO MIRAGE,-116.44732666015624,33.772281646728516
91163953,2019,2020-01-13,9840,2019-12-28,0432,021261,NA,6,3,6,3315,0,1,3,NA,2,030,SR-91 E/B,GREEN RIVER RD,1000,E,N,A,-,Y,NA,NA,91,NA,NA,NA,NA,NA,E,Y,4,0,1,1,A,-,08,22107,NA,N,E,I,A,A,H,-,D,D,0,NA,NA,NA,NA,Y,NA,A,01,0,0,1,0,0,0,0,0,0,-,-,33.88043975830078,-117.65189361572266,RIVERSIDE,CORONA,-117.65194702148438,33.88068771362305
91164920,2020,2020-01-14,9685,2020-01-07,1710,015050,NA,2,2,5,3335,0,1,1,NA,2,030,I-15 NORTHBOUND,TEMECULA PARKWAY,5280,S,N,A,-,Y,NA,NA,15,NA,NA,NA,NA,NA,N,N,4,0,2,3,A,-,03,22350,NA,N,C,C,A,A,H,-,D,A,0,NA,NA,NA,NA,Y,NA,A,01,0,0,2,0,0,0,0,0,0,-,-,33.466739654541016,-117.13626861572266,RIVERSIDE,TEMECULA,-117.13615417480467,33.46674728393555
91165305,2019,2020-01-14,9685,2019-12-26,0430,014488,NA,4,3,9,3300,0,2,4,NA,2,016,GRAND AVE,LORIMER ST,75,N,N,C,-,N,NA,NA,NA,NA,NA,NA,NA,NA,NA,Y,3,0,1,2,A,-,07,21658,A,F,E,J,A,B,H,-,C,D,0,NA,NA,NA,NA,Y,NA,E,22,0,1,0,0,0,0,0,0,0,-,-,33.63570022583008,-117.339599609375,RIVERSIDE,UNINCORPORATED,-117.33979034423828,33.63597869873047
91165798,2019,2020-01-15,9840,2019-12-19,0550,015444,NA,4,3,7,3313,0,1,3,NA,2,030,SR-91 W/B,GREEN RIVER RD,100,W,N,A,-,Y,NA,NA,NA,NA,NA,NA,NA,NA,NA,N,4,0,1,2,A,-,03,22350,NA,N,C,C,A,A,H,-,A,D,0,NA,NA,NA,NA,Y,NA,A,01,0,0,1,0,0,0,0,0,0,-,-,33.87849044799805,-117.65808868408205,RIVERSIDE,RIVERSIDE,-117.65809631347656,33.8784294128418
91166473,2020,2020-01-16,9840,2020-01-08,0035,019844,NA,3,3,9,3300,0,1,1,NA,2,041,I-215 N/B,D ST,300,N,N,A,-,Y,NA,NA,NA,NA,NA,NA,NA,NA,NA,Y,4,0,1,1,A,-,08,22107,NA,N,E,I,A,A,H,-,D,D,0,NA,NA,NA,NA,Y,NA,A,01,0,0,1,0,0,0,0,0,0,-,-,33.7928581237793,-117.22921752929688,RIVERSIDE,UNINCORPORATED,NA,NA
91167973,2020,2020-01-20,9655,2020-01-15,2030,019440,NA,3,2,9,3300,0,1,1,NA,2,202,I-10 W/B,COUNTY LINE RD,25,E,N,A,-,Y,NA,NA,NA,NA,NA,NA,NA,NA,NA,Y,4,0,2,2,A,-,03,22350,NA,N,C,C,A,A,D,-,C,A,0,NA,NA,NA,NA,Y,NA,A,01,0,0,2,0,0,0,0,0,0,-,-,34.00358963012695,-117.06475067138672,RIVERSIDE,UNINCORPORATED,-117.06468963623048,34.00356674194336
91168619,2020,2020-01-21,9630,2020-01-12,1749,020445,NA,7,2,9,3300,0,3,5,NA,2,505,70TH AVENUE,CLEVELAND STREET,1584,E,N,A,-,N,NA,NA,NA,NA,NA,NA,NA,NA,NA,Y,4,0,2,2,D,-,00,NA,NA,N,D,C,A,A,H,-,D,D,0,NA,NA,NA,NA,Y,NA,-,-,0,0,2,0,0,0,0,0,0,-,-,33.5400505065918,-115.96726989746094,RIVERSIDE,UNINCORPORATED,-115.96897888183594,33.5400505065918
91169682,2019,2020-01-21,9630,2019-11-27,1430,020445,NA,3,2,9,3300,0,3,5,NA,2,404,VARNER ROAD,JACK IVEY DRIVE,200,W,N,B,-,N,NA,NA,NA,NA,NA,NA,NA,NA,NA,Y,1,1,0,2,A,-,08,22107,NA,N,D,C,A,A,H,-,A,D,0,NA,NA,NA,Y,Y,NA,A,01,0,0,0,0,0,0,0,0,0,-,-,33.791038513183594,-116.36251831054688,RIVERSIDE,UNINCORPORATED,-116.36271667480467,33.79114532470703
91171305,2020,2020-01-23,9685,2020-01-18,1000,015757,NA,6,1,9,3300,0,3,5,NA,2,002,SR-74 E/B (ORTEGA HWY),ELLIS AVE,40,W,N,A,-,Y,NA,NA,74,NA,NA,NA,NA,NA,E,Y,4,0,1,2,A,-,03,22350,NA,N,C,C,A,A,H,-,A,A,0,NA,NA,NA,NA,Y,NA,D,22,0,0,1,0,0,0,0,0,0,-,-,33.771400451660156,-117.25142669677734,RIVERSIDE,UNINCORPORATED,-117.25147247314452,33.77146530151367
91173133,2019,2020-01-24,9685,2019-12-12,1021,015654,NA,4,1,9,3300,0,1,3,NA,1,026,SR-74,SULTANAS ROAD,470,W,N,A,-,Y,NA,NA,74,NA,NA,NA,NA,NA,NA,Y,2,0,2,2,A,-,09,21801,A,N,D,C,A,A,D,-,D,D,0,NA,NA,Y,NA,Y,NA,A,01,1,0,1,0,0,0,0,0,1,-,-,33.743221282958984,-117.1294174194336,RIVERSIDE,UNINCORPORATED,-117.1294174194336,33.74323272705078
91173900,2020,2020-01-27,9840,2020-01-12,1740,021311,NA,7,2,9,3300,0,3,5,NA,2,003,TEMESCAL CANYON RD,CORONITA ST,220,S,N,A,-,N,NA,NA,NA,NA,NA,NA,NA,NA,NA,Y,3,0,1,1,A,-,01,23152,A,N,E,I,A,A,H,-,C,D,0,NA,NA,NA,NA,Y,Y,A,07,0,1,0,0,0,0,0,0,0,-,-,33.83052062988281,-117.51699829101563,RIVERSIDE,UNINCORPORATED,-117.51692962646484,33.83055114746094
91175883,2020,2020-01-29,9840,2020-01-28,0600,012208,NA,2,1,9,3300,0,3,5,NA,2,004,HARVILL AVENUE {N/B},RIDER STREET,0,NA,Y,B,-,N,NA,NA,NA,NA,NA,NA,NA,NA,NA,Y,2,0,2,2,A,-,09,21802,A,N,D,C,A,A,H,-,C,A,0,NA,NA,NA,NA,Y,NA,A,01,2,0,0,0,0,0,0,0,0,-,-,33.830360412597656,-117.24868774414063,RIVERSIDE,UNINCORPORATED,-117.24878,33.83036
91176447,2020,2020-01-29,9840,2020-01-27,1434,015663,NA,1,2,9,3300,0,1,3,NA,2,030,SR-91 E/B,GREEN RIVER RD,4500,W,N,A,-,Y,NA,NA,91,NA,NA,NA,NA,NA,E,Y,4,0,1,3,A,-,03,22350,NA,M,C,C,A,A,H,-,A,D,0,NA,NA,NA,NA,Y,NA,A,01,0,0,1,0,0,0,0,0,0,-,-,33.87042999267578,-117.669189453125,RIVERSIDE,UNINCORPORATED,-117.66919708251952,33.870452880859375
91178618,2020,2020-02-03,9840,2020-01-31,1500,020659,NA,5,2,6,3394,0,1,3,NA,2,025,SR-60 E/B,FREDERICK ST.,2300,W,N,A,-,Y,NA,NA,60,NA,NA,NA,NA,NA,E,Y,2,0,2,3,A,-,03,22350,NA,N,C,C,A,A,H,-,A,D,0,NA,NA,NA,NA,Y,NA,A,01,1,0,1,0,0,0,0,0,0,-,-,33.940948486328125,-117.2697525024414,RIVERSIDE,MORENO VALLEY,-117.2697525024414,33.940921783447266
91180714,2020,2020-02-05,9685,2020-02-04,1500,016096,NA,2,2,4,3307,0,1,3,NA,1,012,SR-74,HAMMACK AVE.,93,W,N,A,-,Y,NA,NA,74,NA,NA,NA,NA,NA,NA,Y,3,0,2,2,A,-,08,22107,NA,N,D,C,A,A,H,-,A,A,0,NA,NA,NA,NA,Y,NA,A,01,0,1,1,0,0,0,0,0,0,-,-,33.71501922607422,-117.30365753173828,RIVERSIDE,LAKE ELSINORE,-117.3036651611328,33.71502685546875
91180837,2020,2020-02-05,9840,2020-01-31,0833,018221,NA,5,1,9,3300,0,1,1,NA,2,037,I-15 N/B,INDIAN TRUCK TRAIL,7000,N,N,A,-,Y,NA,NA,15,NA,NA,NA,NA,NA,N,Y,3,0,1,2,A,-,03,22350,NA,N,C,C,A,A,H,-,A,D,0,NA,NA,NA,NA,Y,NA,A,01,0,1,0,0,0,0,0,0,0,-,-,33.76137924194336,-117.47116088867188,RIVERSIDE,UNINCORPORATED,-117.47103118896484,33.76166915893555
91181225,2020,2020-02-06,9840,2020-01-18,1231,018248,NA,6,1,9,3300,0,3,5,NA,2,003,TEMESCAL CANYON RD,LAWSON RD,1426,N,N,A,-,N,NA,NA,NA,NA,NA,NA,NA,NA,NA,Y,4,0,1,2,A,-,09,21804,A,N,B,C,A,A,H,-,A,D,0,NA,NA,NA,NA,Y,NA,A,01,0,0,1,0,0,0,0,0,0,-,-,33.774681091308594,-117.48802185058594,RIVERSIDE,UNINCORPORATED,-117.48804473876952,33.77452087402344
9118146,2020,2020-10-20,3315,2020-06-25,1500,001226,NA,4,5,6,3315,0,0,0,NA,0,NA,6TH ST,MAIN ST,30,E,N,A,-,N,NA,NA,NA,NA,NA,NA,NA,NA,NA,N,4,0,1,3,A,-,03,22350,NA,N,C,C,A,A,H,-,A,A,0,NA,NA,Y,NA,Y,NA,A,01,0,0,1,0,0,0,0,0,0,-,-,33.8756217956543,-117.56749725341795,RIVERSIDE,CORONA,-117.56761932373048,33.875518798828125
9118179,2020,2020-09-18,3300,2020-06-19,1109,5390,Y81,5,5,3,3305,0,0,0,NA,0,Y82,50TH AV,CALHOUN ST,0,NA,Y,A,-,N,NA,NA,NA,NA,NA,NA,NA,NA,NA,NA,3,0,3,3,A,-,12,21453,A,N,B,C,A,A,H,-,A,A,0,NA,NA,NA,NA,Y,NA,D,22,0,2,1,0,0,0,0,0,0,-,-,33.68544006347656,-116.20777130126952,RIVERSIDE,COACHELLA,-116.2077865600586,33.68547058105469
9118207,2020,2020-09-24,3300,2020-07-04,1500,3613,916A,6,5,4,3312,0,0,0,NA,0,031,RAMONA EXPWY,AVALON PKWY,25,E,N,A,-,N,NA,NA,NA,NA,NA,NA,NA,NA,NA,Y,4,0,1,2,A,-,03,22350,NA,N,C,C,A,A,H,-,A,A,0,NA,NA,NA,NA,Y,NA,D,22,0,0,1,0,0,0,0,0,0,-,-,NA,NA,RIVERSIDE,PERRIS,-117.1999282836914,33.84457015991211
91182381,2020,2020-02-07,9840,2020-01-30,1410,014571,NA,4,2,9,3300,0,3,5,NA,2,004,RIVERSIDE DR.,MEYERS DR.,2112,S,N,A,-,N,NA,NA,NA,NA,NA,NA,NA,NA,NA,Y,2,0,1,1,A,-,01,23152,A,N,E,I,A,A,H,-,A,D,0,NA,NA,NA,NA,Y,Y,A,01,1,0,0,0,0,0,0,0,0,-,-,33.89619827270508,-117.25270080566406,RIVERSIDE,UNINCORPORATED,-117.25231170654295,33.89696502685547
91182986,2020,2020-02-10,9840,2020-01-29,0155,021862,NA,3,3,6,3315,0,1,3,NA,2,030,STATE ROUTE 91 E/B,MAIN ST,2600,W,N,A,-,Y,NA,NA,91,NA,NA,NA,NA,NA,E,Y,4,0,1,2,A,-,01,23152,A,N,B,C,A,A,H,-,C,D,0,NA,NA,NA,NA,Y,Y,A,01,0,0,1,0,0,0,0,0,0,-,-,33.88079071044922,-117.57485198974608,RIVERSIDE,CORONA,-117.57483673095705,33.880958557128906
9118354,2020,2020-08-25,3309,2020-05-04,1629,W2001,3309,1,5,4,3309,0,0,0,NA,0,055,JEFFERSON ST,AVE 42,44,S,N,A,-,N,NA,NA,NA,NA,NA,NA,NA,NA,NA,N,4,0,1,2,A,-,08,22107,NA,N,B,C,A,A,H,-,A,A,0,NA,NA,NA,Y,Y,NA,G,27,0,0,1,0,0,0,0,0,0,-,-,NA,NA,RIVERSIDE,INDIO,-116.26496887207033,33.7408447265625
91183854,2020,2020-02-10,9685,2020-02-06,1835,016185,NA,4,2,5,3341,0,1,1,NA,2,020,I-215 S/B,MCCALL BOULEVARD,4224,N,N,A,-,Y,NA,NA,215,NA,NA,NA,NA,NA,S,Y,3,0,1,1,A,-,01,23152,A,N,E,I,A,A,H,-,C,D,0,NA,NA,NA,NA,Y,Y,A,01,0,1,0,0,0,0,0,0,0,-,-,33.72800064086914,-117.18930053710938,RIVERSIDE,MENIFEE,-117.18941497802734,33.727996826171875
91186686,2020,2020-02-14,9840,2020-02-01,1845,021311,NA,6,2,9,3300,0,3,5,NA,2,003,NEECE ST.,MAGNOLIA AVE,0,NA,Y,A,-,N,NA,NA,NA,NA,NA,NA,NA,NA,NA,N,3,0,1,2,A,-,11,21456,B,N,G,B,B,A,H,-,C,A,0,Y,NA,NA,NA,Y,NA,N,60,0,1,0,0,1,0,0,0,0,-,-,33.87491989135742,-117.52620697021484,RIVERSIDE,UNINCORPORATED,-117.5264129638672,33.87512969970703
91186830,2020,2020-02-14,9655,2020-02-09,1910,020774,NA,7,2,9,3300,0,3,5,NA,2,003,SR-74 E/B,TRUELSON AVE,0,NA,Y,B,-,Y,NA,NA,74,NA,NA,NA,NA,NA,E,N,4,0,1,2,A,-,09,21802,A,M,D,C,A,B,H,-,D,A,0,NA,NA,NA,NA,Y,NA,A,01,0,0,1,0,0,0,0,0,0,-,-,33.73918151855469,-117.07280731201172,RIVERSIDE,UNINCORPORATED,-117.07280731201172,33.73918914794922
91187104,2020,2020-02-14,9840,2020-02-13,1355,021311,NA,4,1,7,3313,0,1,3,NA,2,021,SR-91 W/B,TYLER ST.,1900,E,N,A,-,Y,NA,NA,91,NA,NA,NA,NA,NA,W,Y,4,0,1,4,A,-,03,22350,NA,N,C,C,A,A,H,-,A,D,0,NA,NA,NA,NA,Y,NA,A,01,0,0,1,0,0,0,0,0,0,-,-,33.909420013427734,-117.45149230957033,RIVERSIDE,RIVERSIDE,-117.45150756835938,33.90945816040039
91187652,2020,2020-02-17,9685,2020-02-14,1515,016185,NA,5,2,9,3300,0,1,3,NA,1,026,SR-74,SULTANAS ROAD,0,NA,Y,A,-,Y,NA,NA,74,NA,NA,NA,NA,NA,NA,Y,3,0,1,2,A,-,01,23152,A,N,D,C,A,A,H,-,A,D,0,NA,NA,NA,NA,Y,Y,A,01,0,1,0,0,0,0,0,0,0,-,-,33.74319839477539,-117.12779998779295,RIVERSIDE,UNINCORPORATED,-117.12779998779295,33.74315643310547
91188015,2020,2020-02-18,9840,2020-02-06,2250,021261,NA,4,3,9,3300,0,3,5,NA,2,003,INDIANA AVE,SOMERDALE ST,405,W,N,A,-,N,NA,NA,NA,NA,NA,NA,NA,NA,NA,Y,4,0,1,2,A,-,08,22107,NA,N,E,I,A,A,H,-,C,D,0,NA,NA,NA,NA,Y,NA,A,01,0,0,1,0,0,0,0,0,0,-,-,33.873130798339844,-117.51458740234376,RIVERSIDE,UNINCORPORATED,-117.51433563232422,33.873023986816406
91188072,2020,2020-02-18,9840,2020-02-09,0449,021047,NA,7,3,6,3394,0,1,3,NA,2,025,SR-60 E/B,PIGEON PASS RD,2100,E,N,A,-,Y,NA,NA,60,NA,NA,NA,NA,NA,E,Y,3,0,1,1,A,-,01,23152,A,N,E,I,A,A,H,-,D,D,0,NA,NA,NA,NA,Y,Y,A,01,0,1,0,0,0,0,0,0,0,-,-,33.94075012207031,-117.25435638427734,RIVERSIDE,MORENO VALLEY,-117.25436401367188,33.94084167480469
91188721,2020,2020-02-18,9840,2020-02-10,1238,018949,NA,1,1,7,3313,0,1,1,NA,2,023,I-215 N/B,BLAINE ST,2500,N,N,A,-,Y,NA,NA,215,NA,NA,NA,NA,NA,N,Y,4,0,1,3,A,-,08,22107,NA,N,B,C,A,A,H,-,A,D,0,NA,NA,NA,NA,Y,NA,A,01,0,0,1,0,0,0,0,0,0,-,-,33.98828125,-117.34795379638672,RIVERSIDE,RIVERSIDE,-117.34803771972656,33.988189697265625
91192433,2020,2020-02-24,9840,2020-02-15,0820,018949,NA,6,1,6,3394,0,1,3,NA,2,025,SR-60 W/B,FREDERICK ST,3000,E,N,A,-,Y,NA,NA,60,NA,NA,NA,NA,NA,W,Y,4,0,2,2,A,-,03,22350,NA,N,C,C,A,A,H,-,A,D,0,NA,NA,NA,NA,Y,NA,A,01,0,0,2,0,0,0,0,0,0,-,-,33.941131591796875,-117.25006866455078,RIVERSIDE,MORENO VALLEY,-117.25006866455078,33.941097259521484
91192688,2020,2020-02-25,9840,2020-02-22,0045,019576,NA,6,3,7,3313,0,1,1,NA,2,022,I-215 N/B,CENTER ST,1500,S,N,A,-,Y,NA,NA,215,NA,NA,NA,NA,NA,N,Y,3,0,1,3,A,-,01,23152,A,N,C,C,A,A,H,-,C,D,0,NA,NA,NA,NA,Y,Y,A,01,0,1,0,0,0,0,0,0,0,-,-,34.01057052612305,-117.34558868408205,RIVERSIDE,RIVERSIDE,-117.34568786621094,34.01063537597656
91192822,2020,2020-02-25,9840,2020-02-15,1317,018248,NA,6,1,7,3313,0,1,3,NA,2,020,SR-91 E/B FROM MAGNOLIA AVE,MAGNOLIA AVE,634,E,N,A,-,Y,NA,NA,91,NA,NA,NA,R,NA,E,Y,3,0,2,2,A,-,03,22350,NA,N,C,C,A,A,H,-,A,A,0,NA,NA,NA,NA,Y,NA,A,01,0,1,1,0,0,0,0,0,0,-,-,33.896568298339844,-117.4856414794922,RIVERSIDE,RIVERSIDE,-117.4856414794922,33.896568298339844
91192966,2020,2020-02-25,9840,2020-02-02,2330,019576,NA,7,3,7,3313,0,1,1,NA,2,023,I-215 N/B,UNIVERSITY AVE,1000,S,N,A,-,Y,NA,NA,215,NA,NA,NA,NA,NA,N,N,2,0,1,2,A,-,08,22107,NA,F,G,B,E,A,H,-,E,D,0,Y,NA,NA,NA,Y,NA,-,99,1,0,0,0,1,0,0,0,0,-,-,33.974571228027344,-117.33399963378906,RIVERSIDE,RIVERSIDE,-117.333984375,33.974586486816406
9119322,2020,2020-09-15,3300,2020-06-18,1320,4449,002P,4,5,6,3345,0,0,0,NA,0,024,VAN BUREN BL,JURUPA RD,341,S,N,A,-,N,NA,NA,NA,NA,NA,NA,NA,NA,NA,N,4,0,1,2,A,-,03,22350,NA,N,C,C,A,A,H,-,A,D,0,NA,NA,NA,NA,Y,NA,D,22,0,0,1,0,0,0,0,0,0,-,-,33.997169494628906,-117.48551940917967,RIVERSIDE,JURUPA VALLEY,-117.48475646972656,33.99633026123047
9119637,2020,2020-09-14,3302,2020-06-17,1351,1166,3302,3,5,3,3302,0,0,0,NA,0,002,OAK VALLEY PKWY,EDELWEISS DR,188,E,N,A,-,N,NA,NA,NA,NA,NA,NA,NA,NA,NA,N,2,0,1,1,A,-,03,22350,NA,N,E,I,A,A,H,-,A,A,0,NA,NA,NA,NA,Y,NA,A,07,1,0,0,0,0,0,0,0,0,-,-,33.946250915527344,-116.9595184326172,RIVERSIDE,BEAUMONT,-116.95896911621094,33.94606018066406
91198533,2020,2020-02-28,9840,2020-02-27,1642,019719,NA,4,2,6,3394,0,1,3,NA,2,025,SR-60 E/B,FREDERICK ST,216,E,N,B,-,Y,NA,NA,60,NA,NA,NA,NA,NA,E,Y,4,0,1,3,A,-,03,22350,NA,N,C,C,A,A,H,-,A,D,0,NA,NA,NA,NA,Y,NA,A,08,0,0,1,0,0,0,0,0,0,-,-,33.94075012207031,-117.2606201171875,RIVERSIDE,MORENO VALLEY,-117.2606201171875,33.940731048583984
91198551,2020,2020-02-28,9685,2020-02-25,1952,015957,NA,2,2,9,3300,0,1,3,NA,1,026,SR-74,MELBA AVE,0,NA,Y,A,-,Y,NA,NA,74,NA,NA,NA,NA,NA,NA,Y,3,0,1,2,A,-,09,21802,A,N,D,C,A,A,H,-,D,A,0,NA,NA,NA,NA,Y,NA,A,01,0,1,0,0,0,0,0,0,0,-,-,33.74245834350586,-117.10328674316406,RIVERSIDE,UNINCORPORATED,-117.10328674316406,33.742469787597656
91198624,2020,2020-02-28,9655,2020-02-11,2329,019449,NA,2,3,9,3300,0,1,3,NA,1,316,SR-74 E/B,BEE CANYON TRUCK TRAIL,5280,W,N,A,-,Y,NA,NA,74,NA,NA,NA,NA,NA,E,Y,4,0,1,2,A,-,06,21750,A,N,B,C,A,A,H,-,D,D,0,NA,NA,NA,NA,Y,Y,A,01,0,0,1,0,0,0,0,0,0,-,-,33.73685073852539,-116.82894897460938,RIVERSIDE,UNINCORPORATED,-116.82894134521484,33.73689651489258
91198775,2020,2020-02-28,9685,2020-02-27,1640,013925,NA,4,2,5,3335,0,1,1,NA,2,030,INTERSTATE 15 NORTHBOUND,TEMECULA PARKWAY,750,N,N,B,-,Y,NA,NA,15,NA,NA,NA,NA,NA,N,Y,3,0,1,2,A,-,03,22350,NA,N,C,C,A,A,H,-,A,D,0,NA,NA,Y,NA,Y,NA,C,02,0,1,0,0,0,0,0,0,1,-,-,33.48357009887695,-117.14163970947266,RIVERSIDE,TEMECULA,-117.14159393310548,33.483585357666016
9119962,2020,2020-09-29,3311,2020-07-06,1241,16210,NA,1,5,4,3311,0,0,0,NA,0,NA,SUNNY DUNES RD,CALLE PALO FIERRO,0,NA,Y,A,-,N,NA,NA,NA,NA,NA,NA,NA,NA,NA,Y,3,0,1,2,A,-,12,22450,A,N,D,C,A,A,H,-,A,A,0,NA,NA,NA,NA,Y,Y,A,01,0,1,0,0,0,0,0,0,0,-,-,33.81208038330078,-116.54135131835938,RIVERSIDE,PALM SPRINGS,-116.541259765625,33.812198638916016
9120364,2020,2020-08-14,3308,2020-05-24,1743,10765,525,7,5,5,3308,0,0,0,NA,0,SOUTH,FLORIDA AV,LYON AV,456,W,N,A,-,N,NA,NA,74,NA,NA,NA,NA,NA,NA,N,4,0,1,2,A,-,04,21703,NA,N,C,C,A,A,H,-,A,A,0,NA,NA,NA,NA,Y,NA,A,07,0,0,1,0,0,0,0,0,0,-,-,33.74753952026367,-116.98919677734376,RIVERSIDE,HEMET,-116.98919677734376,33.747501373291016
91204677,2020,2020-03-09,9655,2020-03-04,1645,015862,NA,3,2,9,3300,0,1,3,NA,2,311,GILMAN SPRINGS RD,BRIDGE ST,3168,W,N,A,-,N,NA,NA,NA,NA,NA,NA,NA,NA,NA,Y,4,0,1,2,A,-,03,22350,NA,N,C,C,A,A,H,-,A,D,0,NA,NA,Y,NA,Y,NA,C,02,0,0,1,0,0,0,0,0,1,-,-,33.875240325927734,-117.05136871337892,RIVERSIDE,UNINCORPORATED,-117.0791244506836,33.89215850830078
91208814,2020,2020-03-16,9840,2020-03-01,0645,018221,NA,7,1,7,3313,0,1,1,NA,2,022,I-215 N/B FROM I-215 N/B,COLUMBIA AVE.,2400,S,N,B,-,Y,NA,NA,215,NA,NA,NA,R,NA,N,Y,3,0,1,1,A,-,03,22350,NA,N,F,A,A,A,H,-,A,D,0,NA,NA,NA,Y,Y,NA,G,25,0,1,0,0,0,0,0,0,0,-,-,33.99626922607422,-117.3552703857422,RIVERSIDE,RIVERSIDE,-117.3552703857422,33.99626922607422
91211934,2020,2020-03-19,9685,2020-03-12,2235,017169,NA,4,3,9,3300,0,3,5,NA,2,003,MURRIETA HOT SPRINGS ROAD,TOWNVIEW AVENUE,482,W,N,A,B,N,NA,NA,NA,NA,NA,NA,NA,NA,NA,Y,4,0,1,1,A,-,01,23152,A,N,E,I,A,B,H,-,C,D,0,NA,NA,NA,NA,Y,Y,A,01,0,0,1,0,0,0,0,0,0,-,-,33.55241012573242,-117.13400268554688,RIVERSIDE,UNINCORPORATED,-117.13387298583984,33.55223083496094
91214588,2019,2020-03-24,9840,2019-07-29,1455,018498,NA,1,2,7,3313,0,1,3,NA,2,010,SR-60 E/B,ORANGE ST.,600,E,N,A,-,Y,NA,NA,60,NA,NA,NA,NA,NA,E,Y,4,0,3,3,A,-,03,22350,NA,M,C,C,A,A,H,-,A,D,0,NA,NA,NA,NA,Y,NA,A,07,0,0,3,0,0,0,0,0,0,-,-,33.99528884887695,-117.36199188232422,RIVERSIDE,RIVERSIDE,-117.36199951171876,33.99525833129883
91215407,2020,2020-03-25,9630,2020-03-19,1653,021162,NA,4,2,9,3300,0,3,5,NA,2,401,DILLON RD,MOUNTAIN VIEW RD,2112,E,N,B,-,N,NA,NA,NA,NA,NA,NA,NA,NA,NA,Y,3,0,2,2,A,-,03,22350,NA,N,C,C,A,A,H,-,A,D,0,NA,NA,NA,NA,Y,NA,A,01,0,2,0,0,0,0,0,0,0,-,-,33.9251594543457,-116.46871185302734,RIVERSIDE,UNINCORPORATED,-116.46869659423828,33.925086975097656