CASE_ID,ACCIDENT_YEAR,PROC_DATE,JURIS,COLLISION_DATE,COLLISION_TIME,OFFICER_ID,REPORTING_DISTRICT,DAY_OF_WEEK,CHP_SHIFT,POPULATION,CNTY_CITY_LOC,SPECIAL_COND,BEAT_TYPE,CHP_BEAT_TYPE,CITY_DIVISION_LAPD,CHP_BEAT_CLASS,BEAT_NUMBER,PRIMARY_RD,SECONDARY_RD,DISTANCE,DIRECTION,INTERSECTION,WEATHER_1,WEATHER_2,STATE_HWY_IND,CALTRANS_COUNTY,CALTRANS_DISTRICT,STATE_ROUTE,ROUTE_SUFFIX,POSTMILE_PREFIX,POSTMILE,LOCATION_TYPE,RAMP_INTERSECTION,SIDE_OF_HWY,TOW_AWAY,COLLISION_SEVERITY,NUMBER_KILLED,NUMBER_INJURED,PARTY_COUNT,PRIMARY_COLL_FACTOR,PCF_CODE_OF_VIOL,PCF_VIOL_CATEGORY,PCF_VIOLATION,PCF_VIOL_SUBSECTION,HIT_AND_RUN,TYPE_OF_COLLISION,MVIW,PED_ACTION,ROAD_SURFACE,ROAD_COND_1,ROAD_COND_2,LIGHTING,CONTROL_DEVICE,CHP_ROAD_TYPE,PEDESTRIAN_ACCIDENT,BICYCLE_ACCIDENT,MOTORCYCLE_ACCIDENT,TRUCK_ACCIDENT,NOT_PRIVATE_PROPERTY,ALCOHOL_INVOLVED,STWD_VEHTYPE_AT_FAULT,CHP_VEHTYPE_AT_FAULT,COUNT_SEVERE_INJ,COUNT_VISIBLE_INJ,COUNT_COMPLAINT_PAIN,COUNT_PED_KILLED,COUNT_PED_INJURED,COUNT_BICYCLIST_KILLED,COUNT_BICYCLIST_INJURED,COUNT_MC_KILLED,COUNT_MC_INJURED,PRIMARY_RAMP,SECONDARY_RAMP,LATITUDE,LONGITUDE,COUNTY,CITY,POINT_X,POINT_Y
91341269,2020,2020-11-06,9840,2020-10-31,2015,021311,NA,6,2,9,3300,0,1,3,NA,1,038,SR-71 S/B,SR-91,6800,N,N,A,-,Y,NA,NA,71,NA,NA,NA,NA,NA,S,Y,4,0,2,2,A,-,03,22350,NA,N,C,C,A,A,H,-,C,D,0,NA,NA,NA,NA,Y,NA,D,22,0,0,2,0,0,0,0,0,0,-,-,33.898529052734375,-117.64649963378906,RIVERSIDE,UNINCORPORATED,-117.64652252197266,33.898529052734375
91342183,2020,2020-11-09,9840,2020-11-03,0938,019527,NA,2,1,7,3313,0,1,1,NA,2,023,I-215 N/B,CENTRAL AVE,35,S,N,A,-,Y,NA,NA,215,NA,NA,NA,NA,NA,N,Y,4,0,1,3,A,-,03,22350,NA,N,C,C,A,A,H,-,A,D,0,NA,NA,NA,NA,Y,NA,A,01,0,0,1,0,0,0,0,0,0,-,-,33.958900451660156,-117.30921936035156,RIVERSIDE,RIVERSIDE,-117.30923461914063,33.95887756347656
91342703,2020,2020-11-10,9840,2020-11-05,2243,015802,NA,4,3,9,3300,0,3,5,NA,2,004,RAMONA EXPWY.,BRIDGE ST.,200,W,N,A,-,N,NA,NA,NA,NA,NA,NA,NA,NA,NA,Y,3,0,2,2,A,-,08,22107,NA,N,D,C,A,A,H,-,C,D,0,NA,NA,NA,NA,Y,NA,A,01,0,1,1,0,0,0,0,0,0,-,-,33.840248107910156,-117.06878662109376,RIVERSIDE,UNINCORPORATED,-117.06925964355467,33.840091705322266
9134383,2020,2020-09-18,3300,2020-06-13,1250,N6635,2U,6,5,6,3345,0,0,0,NA,0,024,BAKER ST,63RD ST,16,N,N,A,-,N,NA,NA,NA,NA,NA,NA,NA,NA,NA,Y,4,0,2,2,A,-,09,21802,A,N,A,C,A,A,H,-,A,D,0,NA,NA,NA,NA,Y,NA,D,22,0,0,2,0,0,0,0,0,0,-,-,33.97243881225586,-117.48152160644533,RIVERSIDE,JURUPA VALLEY,-117.48198699951172,33.973663330078125
91344377,2020,2020-11-12,9655,2020-11-09,0503,021177,NA,1,3,9,3300,0,1,3,NA,2,212,STATE ROUTE 60 E/B,JACK RABBIT TRL,8976,W,N,A,-,Y,NA,NA,60,NA,NA,NA,NA,NA,E,Y,4,0,1,1,A,-,01,23152,F,N,E,I,A,A,D,-,D,D,0,NA,NA,NA,NA,Y,NA,A,01,0,0,1,0,0,0,0,0,0,-,-,33.946590423583984,-117.05890655517578,RIVERSIDE,UNINCORPORATED,-117.05891418457033,33.94656753540039
9134486,2020,2020-09-23,3309,2020-07-09,1732,2003,3309,4,5,4,3309,0,0,0,NA,0,002,AVE 41,PIAZZA DEL PARADISO,0,NA,Y,A,-,N,NA,NA,NA,NA,NA,NA,NA,NA,NA,N,4,0,2,2,A,-,09,21804,A,N,D,C,A,A,H,-,A,A,0,NA,NA,NA,NA,Y,NA,A,01,0,0,2,0,0,0,0,0,0,-,-,NA,NA,RIVERSIDE,INDIO,-116.22978973388672,33.75123977661133
9134487,2020,2020-09-23,3309,2020-07-28,1606,443,3309,2,5,4,3309,0,0,0,NA,0,003,AVE 48,JACKSON ST,58,W,N,A,-,N,NA,NA,NA,NA,NA,NA,NA,NA,NA,N,4,0,1,2,A,-,03,22350,NA,M,C,C,A,A,H,-,A,A,0,NA,NA,NA,NA,Y,NA,A,07,0,0,1,0,0,0,0,0,0,-,-,NA,NA,RIVERSIDE,INDIO,-116.21662902832033,33.70032501220703
91345765,2020,2020-11-16,9655,2020-11-08,2314,019449,NA,7,3,9,3300,0,1,1,NA,2,206,INTERSTATE 10 EASTBOUND,HAUGEN-LEHMAN WAY,10032,W,N,A,-,Y,NA,NA,10,NA,NA,NA,NA,NA,E,Y,4,0,1,2,A,-,03,22350,NA,N,C,C,A,A,H,-,D,D,0,NA,NA,NA,NA,Y,NA,A,01,0,0,1,0,0,0,0,0,0,-,-,33.92238998413086,-116.7221221923828,RIVERSIDE,UNINCORPORATED,-116.72210693359376,33.922447204589844
91346196,2020,2020-11-16,9685,2020-11-09,2040,013925,NA,1,2,5,3341,0,1,1,NA,2,020,INTERSTATE 215 NORTHBOUND,MCCALL BLVD,322,S,N,A,-,Y,NA,NA,215,NA,NA,NA,NA,NA,N,Y,3,0,1,2,A,-,07,21658,A,N,B,C,A,A,H,-,D,D,0,NA,NA,NA,Y,Y,NA,G,27,0,1,0,0,0,0,0,0,0,-,-,33.71274185180664,-117.18853759765624,RIVERSIDE,MENIFEE,-117.1885223388672,33.712745666503906
91346910,2020,2020-11-17,9655,2020-11-13,0934,018168,NA,5,1,2,3336,0,1,1,NA,2,202,I-10 E/B,CHERRY VALLEY BOULEVARD,25,W,N,A,-,Y,NA,NA,10,NA,NA,NA,NA,NA,E,Y,3,0,1,1,A,-,03,22350,NA,N,E,J,A,A,H,-,A,D,0,NA,NA,Y,NA,Y,NA,C,02,0,1,0,0,0,0,0,0,1,-,-,33.966209411621094,-117.03253173828124,RIVERSIDE,CALIMESA,-117.0324478149414,33.966365814208984
91347065,2020,2020-11-17,9685,2020-11-14,1455,018539,NA,6,2,5,3341,0,1,1,NA,2,034,I-215 N/B,SCOTT ROAD,1355,S,N,A,-,Y,NA,NA,215,NA,NA,NA,NA,NA,N,Y,4,0,1,2,A,-,03,22350,NA,N,C,C,A,A,H,-,A,D,0,NA,NA,NA,NA,Y,NA,D,22,0,0,1,0,0,0,0,0,0,-,-,33.637821197509766,-117.1710205078125,RIVERSIDE,MENIFEE,-117.17105102539063,33.637821197509766
91347135,2020,2020-11-17,9655,2020-11-11,1225,014743,NA,3,1,9,3300,0,3,5,NA,2,003,GILMAN SPRINGS ROAD,KENNEDY HILL ROAD,359,W,N,A,-,N,NA,NA,NA,NA,NA,NA,NA,NA,NA,Y,3,0,2,2,A,-,08,22107,NA,N,D,C,A,A,H,-,A,D,0,NA,NA,NA,NA,Y,NA,A,01,0,2,0,0,0,0,0,0,0,-,-,33.8667106628418,-117.03540802001952,RIVERSIDE,UNINCORPORATED,-117.03517,33.86663
91352924,2020,2020-11-24,9655,2020-11-20,1800,019630,NA,5,2,9,3300,0,3,5,NA,2,003,SAGE RD,CACTUS VALLEY RD,1584,S,N,A,-,N,NA,NA,NA,NA,NA,NA,NA,NA,NA,Y,4,0,1,1,A,-,08,22107,NA,N,F,A,A,A,H,-,D,D,0,NA,NA,NA,NA,Y,NA,A,01,0,0,1,0,0,0,0,0,0,-,-,33.666481018066406,-116.94834136962892,RIVERSIDE,UNINCORPORATED,-116.96494293212892,33.66864776611328
91353372,2020,2020-11-25,9840,2020-11-20,1825,021481,NA,5,2,7,3313,0,1,3,NA,2,021,SR-91 E/B,SPRUCE ST,2112,W,N,A,-,Y,NA,NA,91,NA,NA,NA,NA,NA,E,Y,4,0,2,4,A,-,03,22350,NA,N,C,C,A,A,H,-,C,D,0,NA,NA,NA,NA,Y,NA,D,22,0,0,2,0,0,0,0,0,0,-,-,33.98677062988281,-117.36386108398438,RIVERSIDE,RIVERSIDE,-117.36387634277344,33.986785888671875
91353970,2020,2020-11-25,9630,2020-11-16,1128,015165,NA,1,1,9,3300,0,1,1,NA,2,020,I-10 W/B,DATE PALM DRIVE,3168,W,N,A,-,Y,NA,NA,NA,NA,NA,NA,NA,NA,NA,Y,2,0,2,2,A,-,07,21658,A,N,C,C,A,A,H,-,A,D,0,NA,NA,NA,NA,Y,NA,A,01,1,0,1,0,0,0,0,0,0,-,-,33.85451889038086,-116.4665985107422,RIVERSIDE,UNINCORPORATED,-116.46689605712892,33.85454559326172
9135434,2020,2020-09-23,3315,2020-07-10,0528,004192,11E,5,5,6,3315,0,0,0,NA,0,002,SAMPSON AV,KPC PY,250,W,N,A,-,N,NA,NA,NA,NA,NA,NA,NA,NA,NA,Y,3,0,3,2,A,-,09,21802,A,N,D,C,A,A,H,-,A,D,0,NA,NA,NA,NA,Y,NA,A,01,0,1,2,0,0,0,0,0,0,-,-,NA,NA,RIVERSIDE,CORONA,-117.51439666748048,33.8848762512207
91355135,2020,2021-02-03,9840,2020-08-23,0934,019527,NA,7,1,7,3313,0,1,1,NA,2,023,I-215 NB TO I-215 NB,EAST LA CADENA DRIVE,1149,N,N,A,-,Y,NA,NA,215,NA,NA,NA,R,NA,N,Y,1,1,0,1,C,-,18,NA,NA,N,F,A,A,D,G,-,A,D,0,NA,NA,Y,NA,Y,NA,-,-,0,0,0,0,0,0,0,1,0,-,-,33.995059967041016,-117.35591888427734,RIVERSIDE,RIVERSIDE,-117.35591888427734,33.995059967041016
91355380,2020,2020-11-30,9685,2020-11-21,1625,018539,NA,6,2,9,3300,0,1,3,NA,1,026,SR-74 W/B,LEON ROAD,880,E,N,A,-,Y,NA,NA,74,NA,NA,NA,NA,NA,W,Y,4,0,1,2,A,-,01,23152,A,N,C,C,A,A,H,-,C,D,0,NA,NA,NA,NA,Y,Y,A,01,0,0,1,0,0,0,0,0,0,-,-,33.743221282958984,-117.1189422607422,RIVERSIDE,UNINCORPORATED,-117.1189422607422,33.74327087402344
91355563,2020,2020-11-30,9840,2020-11-21,1124,018248,NA,6,1,9,3300,0,3,5,NA,2,003,INDIANA AVE,HILLVIEW DR,150,N,N,A,-,N,NA,NA,NA,NA,NA,NA,NA,NA,NA,Y,3,0,1,1,A,-,08,22107,NA,N,E,I,A,A,H,-,A,D,0,NA,NA,NA,NA,Y,NA,A,01,0,1,0,0,0,0,0,0,0,-,-,33.883209228515625,-117.49765014648438,RIVERSIDE,UNINCORPORATED,-117.4976806640625,33.88321304321289
91356422,2020,2020-12-01,9685,2020-11-25,1820,018539,NA,3,2,9,3300,0,1,3,NA,1,045,SR-371 S/B,HOMESTEAD ROAD,0,NA,Y,A,-,Y,NA,NA,NA,NA,NA,NA,NA,NA,NA,Y,4,0,1,2,A,-,09,21801,A,N,D,C,A,A,H,-,C,A,0,NA,NA,NA,NA,Y,NA,A,01,0,0,1,0,0,0,0,0,0,-,-,33.54111862182617,-116.74378967285156,RIVERSIDE,UNINCORPORATED,NA,NA
91356588,2020,2021-01-04,9685,2020-11-30,1235,015295,NA,1,1,9,3300,0,1,3,NA,1,026,STATE ROUTE 74,CORTRITE AVENUE,1584,W,N,A,-,Y,NA,NA,74,NA,NA,NA,NA,NA,NA,N,4,0,1,2,A,-,03,22350,NA,N,C,C,A,A,D,-,A,D,0,NA,NA,NA,NA,Y,NA,A,07,0,0,1,0,0,0,0,0,0,-,-,33.738861083984375,-117.09300231933594,RIVERSIDE,UNINCORPORATED,-117.09300231933594,33.73882293701172
91357033,2020,2020-12-02,9840,2020-11-23,1617,018281,NA,1,2,6,3315,0,1,3,NA,2,031,SR-91 E/B,MCKINLEY ST,3170,W,N,A,-,Y,NA,NA,91,NA,NA,NA,NA,NA,E,N,2,0,1,2,A,-,03,22350,NA,N,C,C,A,A,H,-,A,D,0,NA,NA,Y,NA,Y,NA,C,02,1,0,0,0,0,0,0,0,1,-,-,33.883880615234375,-117.52783203125,RIVERSIDE,CORONA,-117.52782440185548,33.88380432128906
91357809,2020,2020-12-02,9630,2020-11-23,2250,021604,NA,1,3,9,3300,0,1,1,NA,2,020,I-10 E/B,BOB HOPE DR,7920,W,N,A,-,Y,NA,NA,10,NA,NA,NA,NA,NA,E,Y,4,0,1,2,A,-,01,23152,A,N,C,C,A,A,H,-,D,D,0,NA,NA,NA,NA,Y,Y,A,01,0,0,1,0,0,0,0,0,0,-,-,33.833560943603516,-116.43197631835938,RIVERSIDE,UNINCORPORATED,-116.43196105957033,33.83359146118164
91358188,2020,2020-12-03,9630,2020-11-24,1230,020061,NA,2,1,4,3309,0,1,1,NA,2,021,I-10 E/B,JEFFERSON ST,1584,W,N,A,-,Y,NA,NA,10,NA,NA,NA,NA,NA,E,Y,4,0,1,3,A,-,08,22107,NA,N,B,C,A,A,H,-,A,D,0,NA,NA,NA,NA,Y,NA,A,01,0,0,1,0,0,0,0,0,0,-,-,33.7511100769043,-116.2760772705078,RIVERSIDE,INDIO,-116.2761001586914,33.751068115234375
91358595,2020,2020-12-03,9685,2020-12-01,1725,016185,NA,2,2,5,3335,0,1,1,NA,2,030,I-15 N/B,WINCHESTER ROAD,1500,S,N,A,-,Y,NA,NA,15,NA,NA,NA,NA,NA,N,Y,3,0,2,4,A,-,03,22350,NA,N,C,C,A,A,H,-,C,D,0,NA,NA,NA,NA,Y,NA,A,07,0,2,0,0,0,0,0,0,0,-,-,33.518798828125,-117.1602020263672,RIVERSIDE,TEMECULA,-117.16027069091795,33.51875686645508
91358659,2020,2020-12-03,9630,2020-11-26,1200,019466,NA,4,1,9,3300,0,3,5,NA,2,001,DILLON ROAD,WORSLEY ROAD,0,NA,Y,A,-,N,NA,NA,NA,NA,NA,NA,NA,NA,NA,Y,4,0,1,2,A,-,12,22450,A,N,D,C,A,A,H,-,A,A,0,NA,NA,NA,NA,Y,NA,D,22,0,0,1,0,0,0,0,0,0,-,-,33.924678802490234,-116.59718322753906,RIVERSIDE,UNINCORPORATED,-116.59716796875,33.924678802490234
91358798,2020,2020-12-04,9840,2020-11-15,0159,021218,NA,7,3,7,3313,0,1,1,NA,2,022,I-215 S/B TO COLUMBIA AVE,COLUMBIA AVE,521,N,N,A,-,Y,NA,NA,215,NA,NA,NA,R,NA,S,Y,2,0,2,1,A,-,01,23152,A,N,E,I,A,A,H,-,D,D,0,NA,NA,Y,NA,Y,Y,C,02,2,0,0,0,0,0,0,0,2,-,-,34.00273132324219,-117.35131072998048,RIVERSIDE,RIVERSIDE,-117.35131072998048,34.00273132324219
91360656,2020,2020-12-07,9655,2020-12-04,0906,018168,NA,5,1,9,3300,0,1,3,NA,2,212,SR-60 E/B,GILMAN SPRINGS RD,9504,E,N,A,-,Y,NA,NA,60,NA,NA,NA,NA,NA,E,Y,4,0,2,4,A,-,03,22350,NA,N,C,C,A,A,H,-,A,D,0,NA,NA,NA,NA,Y,NA,D,22,0,0,2,0,0,0,0,0,0,-,-,33.93830108642578,-117.09722137451172,RIVERSIDE,UNINCORPORATED,-117.09722137451172,33.938297271728516
91361554,2020,2020-12-08,9685,2020-12-06,1823,017919,NA,7,2,9,3300,0,1,3,NA,1,039,RANCHO CALIFORNIA RD. WESTBOUND,CAMINO DE OSCAR,0,NA,Y,A,-,N,NA,NA,NA,NA,NA,NA,NA,NA,NA,Y,4,0,1,2,A,-,12,22450,A,N,D,C,A,A,H,-,C,A,0,NA,NA,NA,NA,Y,NA,A,01,0,0,1,0,0,0,0,0,0,-,-,33.52117156982422,-117.08954620361328,RIVERSIDE,UNINCORPORATED,-117.08944702148438,33.52117919921875
91366216,2020,2020-12-14,9630,2020-12-03,2345,019484,NA,4,3,9,3300,0,3,5,NA,2,504,PLONSKI RD.,JOHNSON ST,0,NA,Y,A,-,N,NA,NA,NA,NA,NA,NA,NA,NA,NA,Y,4,0,1,2,A,-,09,21802,A,N,B,C,A,A,H,-,D,A,0,NA,NA,NA,NA,Y,Y,A,01,0,0,1,0,0,0,0,0,0,-,-,33.573299407958984,-116.06160736083984,RIVERSIDE,UNINCORPORATED,-116.06160736083984,33.573280334472656
91366588,2020,2020-12-14,9630,2020-12-06,2014,021162,NA,7,2,9,3300,0,1,1,NA,2,010,I-10 W/B,NORTH INDIAN CANYON DR,528,E,N,A,-,Y,NA,NA,NA,NA,NA,NA,NA,NA,NA,Y,3,0,1,2,A,-,03,22350,NA,N,C,C,A,A,H,-,C,D,0,NA,NA,NA,Y,Y,NA,G,25,0,1,0,0,0,0,0,0,0,-,-,33.90346908569336,-116.53990936279295,RIVERSIDE,UNINCORPORATED,-116.54378509521484,33.90449905395508
91367507,2020,2020-12-15,9840,2020-12-03,1325,014868,NA,4,1,9,3300,0,3,5,NA,2,002,IOWA AVE,VILLA ST,0,NA,Y,A,-,N,NA,NA,NA,NA,NA,NA,NA,NA,NA,Y,4,0,2,2,A,-,09,21801,A,N,D,C,A,A,H,-,A,D,0,NA,NA,NA,NA,Y,NA,A,08,0,0,2,0,0,0,0,0,0,-,-,34.01327896118164,-117.3398666381836,RIVERSIDE,UNINCORPORATED,-117.33997344970705,34.01322937011719
91367615,2020,2020-12-15,9840,2020-12-13,1708,020535,NA,7,2,7,3313,0,1,1,NA,2,022,I-215 S/B,COLUMBIA AVE,1500,N,N,A,-,Y,NA,NA,215,NA,NA,NA,NA,NA,S,Y,4,0,1,2,A,-,03,22350,NA,N,C,C,A,A,H,-,C,D,0,NA,NA,NA,NA,Y,NA,A,01,0,0,1,0,0,0,0,0,0,-,-,34.0059700012207,-117.34895324707033,RIVERSIDE,RIVERSIDE,-117.3489990234375,34.006004333496094
91369448,2020,2020-12-17,9630,2020-12-13,1710,021162,NA,7,2,9,3300,0,1,3,NA,2,111,SR-111 N/B,CLEAVLAND STREET,2640,S,N,A,-,Y,NA,NA,111,NA,NA,NA,NA,NA,N,Y,3,0,1,2,A,-,03,22350,NA,N,C,C,A,A,H,-,D,D,0,NA,NA,NA,NA,Y,NA,A,01,0,1,0,0,0,0,0,0,0,-,-,33.53316879272461,-115.96495819091795,RIVERSIDE,UNINCORPORATED,-115.96495819091795,33.533138275146484
91370785,2020,2020-12-18,9840,2020-12-16,1811,020535,NA,3,2,6,3394,0,1,3,NA,2,025,SR-60 E/B,DAY ST,2000,E,N,A,-,Y,NA,NA,60,NA,NA,NA,NA,NA,E,Y,4,0,1,3,A,-,03,22350,NA,N,C,C,A,A,H,-,C,D,0,NA,NA,NA,NA,Y,NA,A,01,0,0,1,0,0,0,0,0,0,-,-,33.94131851196289,-117.27208709716795,RIVERSIDE,MORENO VALLEY,-117.27208709716795,33.94133377075195
91371191,2020,2020-12-18,9840,2020-12-08,2045,018281,NA,2,2,6,3315,0,1,3,NA,2,031,SR-91 W/B,LINCOLN AVE,730,E,N,A,-,Y,NA,NA,91,NA,NA,NA,NA,NA,W,N,4,0,1,2,A,-,07,21658,A,M,B,C,A,A,H,-,C,D,0,NA,NA,NA,NA,Y,NA,A,01,0,0,1,0,0,0,0,0,0,-,-,33.88182830810547,-117.57987213134766,RIVERSIDE,CORONA,-117.57988739013672,33.88166809082031
91372783,2020,2020-12-22,9840,2020-12-15,0748,014868,NA,2,1,6,3394,0,1,3,NA,2,025,SR-60 W/B,PIGEON PASS RD,20,E,N,A,-,Y,NA,NA,60,NA,NA,NA,NA,NA,W,N,4,0,2,2,D,-,00,NA,NA,N,C,C,A,A,H,-,A,D,0,NA,NA,NA,NA,Y,NA,-,-,0,0,2,0,0,0,0,0,0,-,-,33.94089889526367,-117.26571655273438,RIVERSIDE,MORENO VALLEY,-117.26571655273438,33.94086456298828
91372844,2020,2020-12-22,9840,2020-12-08,0650,017441,NA,2,1,7,3313,0,1,1,NA,2,023,I-215 S/B,IOWA AVE. O/C,50,S,N,B,-,Y,NA,NA,215,NA,NA,NA,NA,NA,S,Y,4,0,1,4,A,-,03,22350,NA,N,C,C,A,A,H,-,A,D,0,NA,NA,NA,NA,Y,NA,A,01,0,0,1,0,0,0,0,0,0,-,-,33.97977066040039,-117.33963775634766,RIVERSIDE,RIVERSIDE,-117.3396453857422,33.979766845703125
91375610,2020,2020-12-28,9840,2020-12-22,1355,021873,NA,2,1,9,3300,0,2,4,NA,2,043,NUEVO RD,MENIFEE RD,295,W,N,A,-,N,NA,NA,NA,NA,NA,NA,NA,NA,NA,Y,4,0,1,2,A,-,03,22350,NA,N,C,C,A,A,H,-,A,D,0,NA,NA,NA,Y,Y,NA,F,55,0,0,1,0,0,0,0,0,0,-,-,33.80121994018555,-117.15737915039063,RIVERSIDE,UNINCORPORATED,-117.15731811523438,33.801239013671875
91377298,2020,2020-12-29,9630,2020-12-22,0925,015165,NA,2,1,9,3300,0,3,5,NA,2,404,BOB HOPE DRIVE,E/B I-10 OFF-RAMP TO BOB HOPE DRIVE,0,NA,Y,A,-,N,NA,NA,NA,NA,NA,NA,NA,NA,NA,N,3,0,1,2,D,-,00,NA,NA,N,B,C,A,A,H,-,A,D,0,NA,NA,NA,NA,Y,NA,-,-,0,1,0,0,0,0,0,0,0,-,-,33.819549560546875,-116.4097900390625,RIVERSIDE,UNINCORPORATED,-116.409684,33.819508
91377429,2020,2020-12-29,9655,2020-12-19,0740,015795,NA,6,1,9,3300,0,1,1,NA,2,202,I-10 W/B,OAK VALLEY PARKWAY,1584,E,N,A,-,Y,NA,NA,NA,NA,NA,NA,NA,NA,NA,Y,4,0,2,2,A,-,03,22350,NA,M,C,C,A,A,H,-,A,D,0,NA,NA,NA,NA,Y,NA,A,01,0,0,2,0,0,0,0,0,0,-,-,33.941131591796875,-116.99965667724608,RIVERSIDE,UNINCORPORATED,-116.99992370605467,33.9413948059082
91378454,2020,2020-12-31,9840,2020-12-23,0835,014916,NA,3,1,9,3300,0,1,1,NA,2,040,I-215 S/B,PLACENTIA AVE,1584,S,N,A,-,Y,NA,NA,215,NA,NA,NA,NA,NA,S,Y,4,0,1,1,A,-,08,22107,NA,N,E,I,A,A,H,-,A,D,0,NA,NA,NA,NA,Y,NA,A,01,0,0,1,0,0,0,0,0,0,-,-,33.81827163696289,-117.24008941650392,RIVERSIDE,UNINCORPORATED,-117.24018096923828,33.81825256347656
91378625,2020,2020-12-31,9630,2020-12-24,2340,021515,NA,4,3,9,3300,0,3,5,NA,2,001,DILLON RD,AVENIDA MANZANA,920,E,N,A,-,N,NA,NA,NA,NA,NA,NA,NA,NA,NA,N,2,0,1,2,A,-,11,21954,A,N,G,B,D,A,H,-,D,D,0,Y,NA,NA,NA,Y,Y,N,60,1,0,0,0,1,0,0,0,0,-,-,33.92498016357422,-116.49315643310548,RIVERSIDE,UNINCORPORATED,-116.49017333984376,33.92496871948242
9137877,2020,2020-11-23,3300,2020-08-13,1324,5568,Y85,4,5,3,3305,0,0,0,NA,0,Y81,7TH ST,GRAPEFRUIT BL,32,E,N,A,-,N,NA,NA,NA,NA,NA,NA,NA,NA,NA,Y,4,0,1,2,A,-,09,21801,A,N,D,C,A,A,H,-,A,D,0,NA,NA,NA,NA,Y,NA,A,01,0,0,1,0,0,0,0,0,0,-,-,33.67945861816406,-116.1735382080078,RIVERSIDE,COACHELLA,-116.17356872558594,33.67942810058594
91380718,2020,2021-01-05,9630,2020-12-30,1516,020845,NA,3,2,9,3300,0,3,5,NA,2,401,DILLON ROAD,JOHNSON STREET,660,W,N,A,-,N,NA,NA,NA,NA,NA,NA,NA,NA,NA,Y,2,0,1,2,A,-,03,22350,NA,F,C,C,A,A,H,-,A,D,0,NA,NA,Y,NA,Y,NA,A,01,1,0,0,0,0,0,0,0,1,-,-,33.9252815246582,-116.44489288330078,RIVERSIDE,UNINCORPORATED,-116.44482421875,33.92525100708008
9138128,2020,2020-10-15,3300,2020-08-05,0735,N5073,36M2,3,5,4,3318,0,0,0,NA,0,2T390,DEEP CANYON RD,FRED WARING DR,0,NA,Y,A,-,N,NA,NA,NA,NA,NA,NA,NA,NA,NA,Y,4,0,1,2,A,-,12,21453,A,N,D,C,A,A,H,-,A,A,0,NA,NA,NA,NA,Y,NA,A,01,0,0,1,0,0,0,0,0,0,-,-,33.728851318359375,-116.36502838134766,RIVERSIDE,PALM DESERT,-116.36502838134766,33.728919982910156
9138139,2020,2020-11-23,3300,2020-08-04,1134,5731,87H1,2,5,2,3316,0,0,0,NA,0,MO872,HWY 111,MOUNTAIN COVE DR,63,W,N,A,-,N,NA,NA,NA,NA,NA,NA,NA,NA,NA,Y,4,0,1,3,A,-,21,22106,NA,N,C,C,A,A,H,-,A,A,0,NA,NA,NA,NA,Y,NA,D,22,0,0,1,0,0,0,0,0,0,-,-,33.71672058105469,-116.30381011962892,RIVERSIDE,INDIAN WELLS,-116.30401611328124,33.71680450439453
91381522,2020,2021-01-06,9840,2020-12-26,2345,018849,NA,6,3,6,3345,0,1,3,NA,2,010,SR-60 W/B,I-15,1625,E,N,A,-,Y,NA,NA,60,NA,NA,NA,NA,NA,W,Y,3,0,1,1,A,-,01,23152,A,N,F,A,A,A,H,-,D,D,0,NA,NA,NA,NA,Y,Y,D,22,0,1,0,0,0,0,0,0,0,-,-,34.020599365234375,-117.54466247558594,RIVERSIDE,JURUPA VALLEY,-117.54471588134766,34.02037811279297
91381600,2021,2021-01-06,9840,2021-01-03,0340,019501,NA,7,3,7,3313,0,1,3,NA,2,020,SR-91 W/B,VAN BUREN BLVD,250,E,N,A,-,Y,NA,NA,91,NA,NA,NA,NA,NA,W,Y,4,0,1,1,A,-,08,22107,NA,N,E,I,A,A,H,-,D,D,0,NA,NA,NA,NA,Y,NA,A,01,0,0,1,0,0,0,0,0,0,-,-,33.91548156738281,-117.44114685058594,RIVERSIDE,RIVERSIDE,-117.44109344482422,33.915382385253906
91384357,2020,2021-01-08,9655,2020-12-28,1000,018677,NA,1,1,9,3300,0,1,3,NA,2,212,SR-60 E/B,WESTERN KNOLLS AVE,400,E,N,C,-,Y,NA,NA,NA,NA,NA,NA,NA,NA,NA,Y,4,0,1,1,A,-,08,22107,NA,N,E,I,A,B,H,-,A,D,0,NA,NA,NA,NA,Y,NA,A,01,0,0,1,0,0,0,0,0,0,-,-,33.9332389831543,-116.99703216552734,RIVERSIDE,UNINCORPORATED,-116.99758911132813,33.9332389831543
91384771,2021,2021-01-11,9840,2021-01-04,0309,021218,NA,1,3,6,3315,0,1,S,NA,2,310,SR-91 E/B,SERFAS CLUB DR,1925,W,N,A,-,Y,NA,NA,91,NA,NA,NA,NA,NA,E,Y,2,0,1,1,A,-,08,22107,NA,N,E,I,A,A,H,-,D,D,0,NA,NA,NA,NA,Y,Y,A,01,1,0,0,0,0,0,0,0,0,-,-,33.8814582824707,-117.61903381347656,RIVERSIDE,CORONA,-117.61904144287108,33.88139724731445