CASE_ID,ACCIDENT_YEAR,PROC_DATE,JURIS,COLLISION_DATE,COLLISION_TIME,OFFICER_ID,REPORTING_DISTRICT,DAY_OF_WEEK,CHP_SHIFT,POPULATION,CNTY_CITY_LOC,SPECIAL_COND,BEAT_TYPE,CHP_BEAT_TYPE,CITY_DIVISION_LAPD,CHP_BEAT_CLASS,BEAT_NUMBER,PRIMARY_RD,SECONDARY_RD,DISTANCE,DIRECTION,INTERSECTION,WEATHER_1,WEATHER_2,STATE_HWY_IND,CALTRANS_COUNTY,CALTRANS_DISTRICT,STATE_ROUTE,ROUTE_SUFFIX,POSTMILE_PREFIX,POSTMILE,LOCATION_TYPE,RAMP_INTERSECTION,SIDE_OF_HWY,TOW_AWAY,COLLISION_SEVERITY,NUMBER_KILLED,NUMBER_INJURED,PARTY_COUNT,PRIMARY_COLL_FACTOR,PCF_CODE_OF_VIOL,PCF_VIOL_CATEGORY,PCF_VIOLATION,PCF_VIOL_SUBSECTION,HIT_AND_RUN,TYPE_OF_COLLISION,MVIW,PED_ACTION,ROAD_SURFACE,ROAD_COND_1,ROAD_COND_2,LIGHTING,CONTROL_DEVICE,CHP_ROAD_TYPE,PEDESTRIAN_ACCIDENT,BICYCLE_ACCIDENT,MOTORCYCLE_ACCIDENT,TRUCK_ACCIDENT,NOT_PRIVATE_PROPERTY,ALCOHOL_INVOLVED,STWD_VEHTYPE_AT_FAULT,CHP_VEHTYPE_AT_FAULT,COUNT_SEVERE_INJ,COUNT_VISIBLE_INJ,COUNT_COMPLAINT_PAIN,COUNT_PED_KILLED,COUNT_PED_INJURED,COUNT_BICYCLIST_KILLED,COUNT_BICYCLIST_INJURED,COUNT_MC_KILLED,COUNT_MC_INJURED,PRIMARY_RAMP,SECONDARY_RAMP,LATITUDE,LONGITUDE,COUNTY,CITY,POINT_X,POINT_Y
91879358,2022,2022-09-30,9630,2022-09-20,1510,021416,NA,2,2,3,3392,1,4,S,NA,2,901,SAGEBRUSH AVE,DATE PALM DR,30,W,N,A,-,N,NA,NA,NA,NA,NA,NA,NA,NA,NA,N,3,0,1,1,C,-,18,NA,NA,N,H,A,A,A,H,-,A,D,0,NA,NA,NA,NA,Y,NA,-,-,0,1,0,0,0,0,0,0,0,-,-,33.68901824951172,-116.29025268554688,RIVERSIDE,LA QUINTA,-116.29049682617188,33.689022064208984
91880930,2022,2022-10-03,9840,2022-09-27,0033,021862,NA,2,3,6,3315,0,1,3,NA,2,031,SR-91 W/B,MAIN ST,155,E,N,A,-,Y,RIV,NA,91,NA,NA,6.408,H,NA,L,N,4,0,1,2,A,-,03,22350,NA,N,C,C,A,A,H,-,C,D,0,NA,NA,NA,Y,Y,Y,A,01,0,0,1,0,0,0,0,0,0,-,-,33.880191802978516,-117.56484222412108,RIVERSIDE,CORONA,-117.56485748291016,33.880062103271484
91881590,2022,2022-10-04,9840,2022-09-30,0550,019219,NA,5,3,7,3313,0,1,3,NA,2,021,SR-91 WESTBOUND,MISSION INN AVENUE,100,W,N,A,-,Y,RIV,NA,91,NA,NA,20.542,H,NA,L,Y,4,0,1,4,A,-,03,22350,NA,N,C,C,A,A,C,-,D,D,0,NA,NA,NA,NA,Y,NA,A,01,0,0,1,0,0,0,0,0,0,-,-,33.98081970214844,-117.36927032470705,RIVERSIDE,RIVERSIDE,-117.36927795410156,33.9808235168457
91882103,2022,2022-10-04,9655,2022-09-30,1655,020669,NA,5,2,9,3300,0,1,3,NA,1,115,SR-243,FOSTER LAKE RD,65,N,N,A,-,Y,RIV,NA,243,NA,NA,5.862,H,NA,R,N,4,0,1,1,C,-,18,NA,NA,N,E,H,A,A,H,-,A,D,0,NA,NA,NA,NA,Y,NA,-,-,0,0,1,0,0,0,0,0,0,-,-,33.75109100341797,-116.73055267333984,RIVERSIDE,UNINCORPORATED,-116.73054504394533,33.7510986328125
91882885,2022,2022-10-05,9840,2022-10-04,0540,016358,NA,2,3,6,3394,0,1,3,NA,2,025,SR-60 E/B,PERRIS BLVD.,528,W,N,A,-,Y,RIV,NA,60,NA,NA,15.888,H,NA,R,Y,4,0,3,3,A,-,08,22107,NA,N,B,C,A,A,H,-,C,D,0,NA,NA,NA,NA,Y,NA,A,01,0,0,3,0,0,0,0,0,0,-,-,33.941001892089844,-117.23448181152344,RIVERSIDE,MORENO VALLEY,-117.23448181152344,33.94100570678711
91883000,2022,2022-10-05,9655,2022-09-26,1728,018708,NA,1,2,9,3300,0,1,3,NA,2,315,SR-79 N/B,DOMENIGONI PKY,528,S,N,A,-,Y,RIV,NA,79,NA,R,15.72,H,NA,R,N,4,0,2,3,A,-,03,22350,NA,N,C,C,A,A,H,-,A,A,0,NA,NA,NA,NA,Y,NA,D,22,0,0,2,0,0,0,0,0,0,-,-,33.69369125366211,-117.08486938476563,RIVERSIDE,UNINCORPORATED,-117.0849380493164,33.69369125366211
91883075,2022,2022-10-05,9840,2022-10-03,1615,020989,NA,1,2,4,3307,0,1,1,NA,2,034,I-15 S/B,LAKE ST,3168,S,N,A,-,Y,RIV,NA,15,NA,NA,26.059,H,NA,L,N,3,0,2,3,A,-,03,22350,NA,N,C,C,A,A,H,-,A,D,0,NA,NA,NA,NA,Y,NA,A,01,0,1,1,0,0,0,0,0,0,-,-,33.72843933105469,-117.38265228271484,RIVERSIDE,LAKE ELSINORE,-117.38265991210938,33.7284049987793
91885447,2022,2022-10-07,9655,2022-10-04,1125,018360,NA,2,1,9,3300,0,3,5,NA,2,003,JOHNSTON AVENUE,SAN JACINTO STREET,0,NA,Y,A,-,N,NA,NA,NA,NA,NA,NA,NA,NA,NA,Y,3,0,2,2,A,-,09,21802,A,N,D,C,A,A,H,-,A,A,0,NA,NA,NA,NA,Y,NA,A,01,0,1,1,0,0,0,0,0,0,-,-,33.733070373535156,-116.95852661132813,RIVERSIDE,UNINCORPORATED,-116.95854949951172,33.73308181762695
9188621,2020,2020-12-07,3302,2020-10-22,0731,764,3302,4,5,3,3302,0,0,0,NA,0,003,BEAUMONT AV,10TH ST,0,NA,Y,B,-,N,NA,NA,NA,NA,NA,NA,NA,NA,NA,Y,4,0,1,1,A,-,08,22107,NA,N,E,I,A,A,H,-,A,D,0,NA,NA,NA,NA,Y,NA,A,01,0,0,1,0,0,0,0,0,0,-,-,NA,NA,RIVERSIDE,BEAUMONT,-116.97718811035156,33.93553924560547
9188639,2020,2020-12-09,3302,2020-10-12,1316,1186,NA,1,5,3,3302,0,0,0,NA,0,NA,PALM AV,11TH ST,0,NA,Y,A,-,NA,NA,NA,NA,NA,NA,NA,NA,NA,NA,NA,3,0,3,2,A,-,09,21802,A,N,D,C,A,A,H,-,A,A,0,NA,NA,NA,NA,Y,NA,-,NA,0,1,2,0,0,0,0,0,0,-,-,33.93600082397461,-116.97100067138672,RIVERSIDE,BEAUMONT,-116.97174835205078,33.93709182739258
9188682,2020,2020-12-02,3300,2020-10-25,1908,N5860,910E,7,5,5,3335,0,0,0,NA,0,061,JEFFERSON AV,WINCHESTER RD,0,NA,Y,A,-,N,NA,NA,NA,NA,NA,NA,NA,NA,NA,N,4,0,2,3,A,-,12,21453,A,N,D,C,A,A,H,-,C,A,0,NA,NA,NA,NA,Y,NA,A,01,0,0,2,0,0,0,0,0,0,-,-,33.52096176147461,-117.16500091552734,RIVERSIDE,TEMECULA,-117.16507720947266,33.52090072631836
9188718,2020,2021-01-14,3313,2020-10-02,2211,1958,2,5,5,7,3313,0,0,0,NA,0,3R20,RT 215,BLAINE ST,0,NA,Y,A,-,Y,RIV,8,215,-,-,42.31,R,4,N,Y,4,0,1,2,A,-,09,21453,B,N,D,C,A,A,H,-,C,A,0,NA,NA,Y,NA,Y,NA,A,07,0,0,1,0,0,0,0,0,1,NO,-,NA,NA,RIVERSIDE,RIVERSIDE,-117.34438323974608,33.984703063964844
91887209,2022,2022-10-11,9685,2022-10-09,1720,016096,NA,7,2,9,3300,0,2,4,NA,2,016,GRAND AVE.,SKYLARK AVE..,85,N,N,A,-,N,NA,NA,NA,NA,NA,NA,NA,NA,NA,Y,3,0,1,1,A,-,08,22107,NA,N,F,A,A,A,H,-,A,D,0,NA,NA,Y,NA,Y,NA,C,02,0,1,0,0,0,0,0,0,1,-,-,33.62017822265625,-117.31404113769533,RIVERSIDE,UNINCORPORATED,-117.31381225585938,33.61991500854492
91888012,2022,2022-10-12,9685,2022-10-04,1625,016185,NA,2,2,5,3335,0,1,1,NA,2,030,I-15 NORTHBOUND,RAINBOW VALLEY BOULEVARD,5280,N,N,A,-,Y,RIV,NA,15,NA,R,0.781,H,NA,R,N,3,0,6,2,A,-,03,22350,NA,N,C,C,A,A,H,-,A,D,0,NA,NA,NA,NA,Y,NA,A,01,0,6,0,0,0,0,0,0,0,-,-,33.4427490234375,-117.13733673095705,RIVERSIDE,TEMECULA,-117.13735961914063,33.44275665283203
91889334,2022,2022-10-13,9630,2022-10-07,1227,021063,NA,5,1,9,3300,0,1,1,NA,2,302,I-10 E/B,HAYFIELD ROAD,7920,W,N,A,-,Y,RIV,NA,10,NA,R,88.299,H,NA,R,Y,4,0,1,1,A,-,08,22107,NA,N,F,A,A,A,H,-,A,D,0,NA,NA,NA,NA,Y,NA,A,01,0,0,1,0,0,0,0,0,0,-,-,33.66556167602539,-115.68565368652344,RIVERSIDE,UNINCORPORATED,-115.68565368652344,33.66558837890625
91891640,2022,2022-10-17,9840,2022-10-09,1453,020659,NA,7,2,6,3394,0,1,3,NA,2,025,SR-60 E/B,HEACOCK ST,1200,W,N,A,-,Y,NA,NA,NA,NA,NA,NA,NA,NA,NA,Y,3,0,1,1,A,-,08,22107,NA,N,F,A,A,A,H,-,A,D,0,NA,NA,NA,NA,Y,NA,A,01,0,1,0,0,0,0,0,0,0,-,-,33.94071960449219,-117.24424743652344,RIVERSIDE,MORENO VALLEY,-117.24425506591795,33.94102096557617
9189200,2020,2021-01-26,3300,2020-11-27,1222,4713,910U,5,5,5,3335,0,0,0,NA,0,070,BUTTERFIELD STAGE RD,WOLF STORE RD,0,NA,Y,A,-,N,NA,NA,NA,NA,NA,NA,NA,NA,NA,Y,4,0,2,2,A,-,12,21453,A,N,A,C,A,A,H,-,A,A,0,NA,NA,NA,NA,Y,NA,A,01,0,0,2,0,0,0,0,0,0,-,-,33.48408889770508,-117.07794952392578,RIVERSIDE,TEMECULA,-117.07765197753906,33.48463821411133
91892039,2022,2022-10-17,9840,2022-10-08,1421,021080,NA,6,2,7,3313,0,1,1,NA,2,022,I-215 S/B,CENTER ST.,1584,S,N,A,-,Y,RIV,NA,215,NA,NA,44.718,H,NA,L,N,3,0,2,2,A,-,03,22350,NA,M,C,C,A,A,H,-,A,D,0,NA,NA,Y,NA,Y,NA,A,01,0,2,0,0,0,0,0,0,0,-,-,34.01179122924805,-117.34516143798828,RIVERSIDE,RIVERSIDE,-117.34513092041016,34.011775970458984
91892597,2022,2022-10-18,9660,2022-10-14,1336,021189,NA,5,1,9,3300,0,1,1,NA,2,031,I-10 W/B,WILEY'S WELL RD. O/C,16368,W,N,A,-,Y,RIV,NA,10,NA,R,131.926,H,NA,L,Y,3,0,2,1,C,-,18,NA,NA,N,E,J,A,A,D,-,A,D,0,NA,NA,NA,NA,Y,NA,-,-,0,2,0,0,0,0,0,0,0,-,-,33.60620880126953,-114.95570373535156,RIVERSIDE,UNINCORPORATED,-114.95570373535156,33.60624313354492
91893321,2022,2022-10-18,9655,2022-10-14,2209,021177,NA,5,3,4,3301,0,1,1,NA,2,204,INTERSTATE 10 W/B,8TH STREET,1320,E,N,A,-,Y,RIV,NA,10,NA,NA,13.116,H,NA,L,N,4,0,1,2,A,-,03,22350,NA,N,C,C,A,A,D,-,D,D,0,NA,NA,NA,NA,Y,NA,A,01,0,0,1,0,0,0,0,0,0,-,-,33.92435836791992,-116.88099670410156,RIVERSIDE,BANNING,-116.88099670410156,33.92438507080078
9189341,2020,2020-12-12,3308,2020-09-07,0440,10752,610,1,5,5,3308,0,0,0,NA,0,NORTH,CHARLTON AV,SUTRO CT,536,E,N,A,-,N,NA,NA,NA,NA,NA,NA,NA,NA,NA,Y,4,0,1,4,A,-,08,22107,NA,N,B,E,A,A,H,-,C,D,0,NA,NA,NA,NA,Y,Y,A,01,0,0,1,0,0,0,0,0,0,-,-,33.75471878051758,-116.91307830810548,RIVERSIDE,HEMET,-116.91146087646484,33.75502014160156
91896197,2022,2022-10-21,9655,2022-09-30,2130,021048,NA,5,2,9,3300,0,3,5,NA,2,001,INTERSTATE 10,OAK VALLEY PARKWAY,100,E,N,A,-,Y,RIV,NA,10,NA,R,5.549,H,NA,R,Y,2,0,2,2,A,-,08,22107,NA,F,B,C,A,A,H,-,D,D,0,NA,NA,Y,NA,Y,NA,D,22,1,0,1,0,0,0,0,0,1,-,-,33.944698333740234,-117.0029525756836,RIVERSIDE,UNINCORPORATED,-117.0029754638672,33.94468307495117
91897082,2022,2022-10-24,9685,2022-10-08,1650,015880,NA,6,2,9,3300,0,3,5,NA,2,003,WARREN ROAD,BOREL ROAD,40,S,N,B,-,N,NA,NA,NA,NA,NA,NA,NA,NA,NA,Y,3,0,1,1,A,-,01,23152,A,N,F,A,A,A,H,-,A,D,0,NA,NA,NA,NA,Y,Y,A,07,0,1,0,0,0,0,0,0,0,-,-,33.5684700012207,-117.03153228759766,RIVERSIDE,UNINCORPORATED,-117.03160858154295,33.56843566894531
91897084,2022,2022-10-24,9685,2022-10-04,1915,017013,NA,2,2,9,3300,0,1,1,NA,2,034,I-215 N/B,MURRIETA HOT SPRINGS ROAD,3696,S,N,A,-,Y,NA,NA,NA,NA,NA,NA,NA,NA,NA,Y,3,0,1,2,A,-,01,23152,G,N,C,C,A,A,H,-,D,D,0,NA,NA,NA,NA,Y,Y,A,01,0,1,0,0,0,0,0,0,0,-,-,33.5494384765625,-117.17810821533205,RIVERSIDE,UNINCORPORATED,-117.18057250976563,33.55582046508789
9189770,2020,2021-01-07,3308,2020-10-16,1911,10752,509,5,5,5,3308,0,0,0,NA,0,NORTH,PARK AV,CHARLTON AV,0,NA,Y,A,-,N,NA,NA,NA,NA,NA,NA,NA,NA,NA,Y,3,0,3,2,A,-,09,21801,A,N,D,C,A,A,H,-,C,D,0,NA,NA,NA,NA,Y,NA,A,01,0,1,2,0,0,0,0,0,0,-,-,33.7547607421875,-116.92723846435548,RIVERSIDE,HEMET,-116.92748260498048,33.75497817993164
91905762,2022,2022-10-31,9685,2022-10-27,0805,015757,NA,4,1,9,3300,0,3,5,NA,2,003,POURROY RD,BENTON RD,340,S,N,A,-,N,NA,NA,NA,NA,NA,NA,NA,NA,NA,N,3,0,1,1,A,-,03,22350,NA,N,H,A,A,A,H,-,A,D,0,NA,Y,NA,NA,Y,NA,L,04,0,1,0,0,0,0,1,0,0,-,-,33.58982849121094,-117.10092926025392,RIVERSIDE,UNINCORPORATED,-117.10100555419922,33.589969635009766
91905842,2022,2022-10-31,9655,2022-04-09,0220,020704,NA,6,3,4,3301,0,1,1,NA,2,204,INTERSTATE 10 WESTBOUND,HATHAWAY STREET,1997,E,N,A,-,Y,RIV,NA,10,NA,R,14.787,H,NA,L,Y,1,1,1,1,A,-,08,22107,NA,N,E,I,A,A,D,-,D,D,0,NA,NA,NA,NA,Y,NA,D,22,1,0,0,0,0,0,0,0,0,-,-,33.92683029174805,-116.8522491455078,RIVERSIDE,BANNING,-116.8521728515625,33.926719665527344
91906058,2022,2022-10-31,9655,2022-09-05,0215,021177,NA,1,3,9,3300,0,1,1,NA,2,206,INTERSTATE 10 EASTBOUND,STATE ROUTE 62,4382,W,N,A,-,Y,RIV,NA,10,NA,NA,28.864,H,NA,R,Y,1,1,0,1,A,-,08,22107,NA,N,E,8,A,A,H,-,D,D,0,NA,NA,NA,NA,Y,NA,A,07,0,0,0,0,0,0,0,0,0,-,-,33.91714859008789,-116.617919921875,RIVERSIDE,UNINCORPORATED,-116.6179428100586,33.917083740234375
91906258,2022,2022-11-01,9685,2022-10-29,1855,018223,NA,6,2,9,3300,0,3,5,NA,2,003,AULD RD,WASHINGTON ST,1584,W,N,A,-,N,NA,NA,NA,NA,NA,NA,NA,NA,NA,Y,4,0,1,2,A,-,01,23152,A,N,A,C,A,A,H,-,D,D,0,NA,NA,NA,NA,Y,Y,A,01,0,0,1,0,0,0,0,0,0,-,-,33.583648681640625,-117.0877685546875,RIVERSIDE,UNINCORPORATED,-117.08890533447266,33.58364486694336
91906949,2022,2022-11-01,9840,2022-10-17,1332,013968,NA,1,1,6,3345,0,1,1,NA,2,011,I-15 N/B,RIVERSIDE DR,1028,N,N,A,-,Y,RIV,NA,15,NA,NA,51.469,H,NA,R,Y,4,0,1,3,A,-,03,22350,NA,N,C,2,A,A,H,-,A,A,0,NA,NA,NA,Y,Y,NA,F,26,0,0,1,0,0,0,0,0,0,-,-,34.02165985107422,-117.55014801025392,RIVERSIDE,JURUPA VALLEY,-117.55010986328124,34.02165985107422
91907541,2022,2022-11-02,9685,2022-10-30,1555,018539,NA,7,2,9,3300,0,3,5,NA,2,003,SAGE ROAD N/B,MORGAN ROAD,140,S,N,A,-,N,NA,NA,NA,NA,NA,NA,NA,NA,NA,N,4,0,1,1,A,-,08,22107,NA,N,F,A,A,A,H,-,A,D,0,NA,NA,Y,NA,Y,NA,C,02,0,0,1,0,0,0,0,0,1,-,-,33.53892135620117,-116.90766143798828,RIVERSIDE,UNINCORPORATED,-116.90764617919922,33.53894805908203
9190887,2020,2020-12-18,3300,2020-10-29,0938,5987,002C,4,5,6,3345,0,0,0,NA,0,020,CAMPBELL ST,EDISON POLE #4857120E,25,S,N,A,-,N,NA,NA,NA,NA,NA,NA,NA,NA,NA,Y,3,0,2,2,A,-,08,22107,NA,N,C,E,A,A,H,-,A,D,0,NA,NA,NA,Y,Y,NA,A,01,0,2,0,0,0,0,0,0,0,-,-,NA,NA,RIVERSIDE,JURUPA VALLEY,NA,NA
91909626,2022,2022-11-04,9840,2022-10-27,0830,019042,NA,4,1,6,3345,0,1,3,NA,2,010,SR-60 E/B,LA RUE ST.,870,E,N,A,-,Y,RIV,NA,60,NA,NA,8.984,H,NA,R,Y,3,0,3,3,A,-,03,22350,NA,N,C,C,A,A,H,-,A,D,0,NA,NA,NA,NA,Y,NA,A,01,0,2,1,0,0,0,0,0,0,-,-,34.004520416259766,-117.41036224365234,RIVERSIDE,JURUPA VALLEY,-117.41036224365234,34.004512786865234
91913166,2022,2022-11-08,9685,2022-10-31,1700,015757,NA,1,2,9,3300,0,1,3,NA,1,031,SR-79 (WINCHESTER RD),AULD RD,700,S,N,B,-,Y,RIV,NA,79,NA,M,6.804,H,NA,R,Y,3,0,4,2,A,-,03,22350,NA,N,C,C,A,A,H,-,A,A,0,NA,NA,NA,NA,Y,NA,A,01,0,1,3,0,0,0,0,0,0,-,-,33.58047103881836,-117.13343048095705,RIVERSIDE,UNINCORPORATED,-117.13346862792967,33.580474853515625
91913980,2022,2022-11-09,9655,2022-10-29,2003,022062,NA,6,2,9,3300,0,3,5,NA,2,003,STANFORD AVE,ACACIA AVE,0,NA,Y,A,-,N,NA,NA,NA,NA,NA,NA,NA,NA,NA,N,4,0,1,2,A,-,09,21801,A,N,D,C,A,A,H,-,C,A,0,NA,NA,NA,NA,Y,NA,A,01,0,0,1,0,0,0,0,0,0,-,-,33.74412155151367,-116.9326171875,RIVERSIDE,UNINCORPORATED,-116.93254089355467,33.74406814575195
91914209,2022,2022-11-09,9655,2022-06-26,2500,021048,NA,7,4,3,3302,0,1,1,NA,2,202,INTERSTATE 10 EASTBOUND,OAK VALLEY PARKWAY,1772,E,N,A,-,Y,RIV,NA,10,NA,R,5.877,H,NA,R,Y,1,2,0,1,A,-,01,23152,A,N,F,0,A,A,H,-,D,D,0,NA,NA,NA,NA,Y,Y,A,01,0,0,0,0,0,0,0,0,0,-,-,33.94078063964844,-116.9997787475586,RIVERSIDE,BEAUMONT,-116.9997100830078,33.940818786621094
91917045,2022,2022-11-14,9655,2022-11-08,0745,019321,NA,2,1,9,3300,0,1,3,NA,2,213,SR-79 S/B,GILMAN SPRINGS RD.,3696,N,N,C,-,Y,RIV,NA,79,NA,R,34.577,H,NA,L,Y,4,0,1,1,A,-,03,22350,NA,N,E,I,A,B,H,-,A,D,0,NA,NA,NA,NA,Y,NA,A,01,0,0,1,0,0,0,0,0,0,-,-,33.85506057739258,-117.0089111328125,RIVERSIDE,UNINCORPORATED,-117.00885009765624,33.855072021484375
91917235,2022,2022-11-14,9685,2022-10-30,2000,018223,NA,7,2,9,3300,0,1,3,NA,1,012,SR-74,DOCKERY LN,230,W,N,A,-,Y,NA,NA,NA,NA,NA,NA,NA,NA,NA,N,3,0,1,2,A,-,03,22350,NA,N,C,C,A,A,H,-,D,D,0,NA,NA,Y,NA,Y,NA,C,02,0,1,0,0,0,0,0,0,1,-,-,33.775718688964844,-117.24698638916016,RIVERSIDE,UNINCORPORATED,-117.24697113037108,33.77571105957031
9191760,2020,2021-02-03,3313,2020-11-10,1143,1523,5,2,5,7,3313,0,0,0,NA,0,M22,LA SIERRA AV,COLLETT AV,0,NA,Y,A,-,N,NA,NA,NA,NA,NA,NA,NA,NA,NA,Y,3,0,2,2,A,-,12,21453,A,N,D,C,A,A,H,-,A,A,0,NA,NA,NA,NA,Y,NA,A,01,0,2,0,0,0,0,0,0,0,-,-,33.91151809692383,-117.48367309570313,RIVERSIDE,RIVERSIDE,-117.4831314086914,33.91178894042969
91917846,2022,2022-11-15,9840,2022-11-02,1620,020989,NA,3,2,7,3313,0,1,1,NA,2,040,I-215 S/B,ALESSANDRO BLVD,60,N,N,A,-,Y,RIV,NA,215,NA,R,36.441,H,NA,L,N,4,0,1,2,A,-,03,22350,NA,N,C,C,A,A,H,-,A,D,0,NA,NA,NA,NA,Y,NA,A,01,0,0,1,0,0,0,0,0,0,-,-,33.91706085205078,-117.28778076171876,RIVERSIDE,RIVERSIDE,-117.28778076171876,33.91706085205078
91918149,2022,2022-11-15,9655,2022-11-05,0725,019630,NA,6,1,9,3300,0,1,3,NA,2,212,STATE ROUTE 60 EASTBOUND,POTRERO BOULEVARD,1500,W,N,A,-,Y,RIV,NA,60,NA,NA,28.697,H,NA,R,Y,4,0,1,1,C,-,18,NA,NA,N,E,I,A,D,C,-,D,D,0,NA,NA,NA,NA,Y,NA,-,-,0,0,1,0,0,0,0,0,0,-,-,33.93315887451172,-117.02113342285156,RIVERSIDE,UNINCORPORATED,-117.02117919921876,33.93332290649414
91918525,2022,2022-11-15,9685,2022-11-14,1245,015027,NA,1,1,9,3300,0,3,5,NA,2,001,TENAJA ROAD,CLINTON KEITH ROAD,1584,W,N,A,-,N,NA,NA,NA,NA,NA,NA,NA,NA,NA,N,4,0,1,1,A,-,08,22107,NA,N,F,A,A,A,H,-,A,D,0,NA,NA,Y,NA,Y,NA,C,02,0,0,1,0,0,0,0,0,1,-,-,33.314029693603516,-117.1650390625,RIVERSIDE,UNINCORPORATED,-117.27821350097656,33.52753829956055
91919254,2022,2022-11-16,9655,2022-11-14,1710,018677,NA,1,2,9,3300,0,1,3,NA,2,213,STATE ROUTE 79,CALIFORNIA AVENUE,0,NA,Y,A,-,Y,RIV,NA,79,NA,NA,39.302,H,NA,R,Y,4,0,2,4,A,-,09,21802,A,N,D,C,A,A,H,-,C,D,0,NA,NA,NA,NA,Y,NA,A,01,0,0,2,0,0,0,0,0,0,-,-,33.91102981567383,-116.98055267333984,RIVERSIDE,UNINCORPORATED,-116.98055267333984,33.911033630371094
91919478,2022,2022-11-16,9630,2022-11-13,1225,019943,NA,7,1,9,3300,0,1,3,NA,1,074,SR-74,PALOWET DRIVE,12672,W,N,A,-,Y,RIV,NA,74,NA,NA,90.474,H,NA,R,Y,3,0,1,2,A,-,09,21804,A,N,D,C,A,A,H,-,A,D,0,NA,NA,Y,NA,Y,NA,A,07,0,1,0,0,0,0,0,0,1,-,-,33.65576934814453,-116.39585876464844,RIVERSIDE,UNINCORPORATED,-116.39573669433594,33.65583419799805
9192012,2020,2021-01-14,3311,2020-11-03,2032,16155,NA,2,5,4,3311,0,0,0,NA,0,001,RT 111,GATEWAY DR,3400,N,N,A,-,Y,RIV,8,111,-,-,55.912,H,-,S,Y,4,0,1,1,A,-,07,21658,A,N,E,I,A,A,H,-,D,D,0,NA,NA,NA,NA,Y,NA,A,07,0,0,1,0,0,0,0,0,0,-,-,33.8613395690918,-116.5611572265625,RIVERSIDE,PALM SPRINGS,-116.57088470458984,33.86618423461914
9192066,2020,2021-01-07,3313,2020-11-19,1457,1798,2,4,5,7,3313,0,0,0,NA,0,M23,14TH ST,RT 91,0,NA,Y,A,-,Y,RIV,8,91,-,-,19.849,R,4,E,Y,4,0,1,2,A,-,12,21453,A,N,D,C,A,A,H,-,A,A,0,NA,NA,NA,NA,Y,NA,A,01,0,0,1,0,0,0,0,0,0,-,EF,33.9736213684082,-117.37258911132813,RIVERSIDE,RIVERSIDE,-117.37445068359376,33.97180938720703
91922898,2022,2022-11-21,9840,2022-11-05,1808,020989,NA,6,2,9,3300,0,3,5,NA,2,003,CAJALCO RD,TEMESCAL CANYON RD,4752,E,N,A,-,N,NA,NA,NA,NA,NA,NA,NA,NA,NA,Y,4,0,2,2,A,-,01,23152,A,M,B,C,A,A,H,-,D,D,0,NA,NA,NA,NA,Y,Y,D,22,0,0,2,0,0,0,0,0,0,-,-,33.827049255371094,-117.49427795410156,RIVERSIDE,UNINCORPORATED,-117.52101135253906,33.821041107177734
91923437,2022,2022-11-21,9840,2022-11-09,1735,016619,NA,3,2,6,3345,0,1,3,NA,2,010,SR-60 E/B,CAMINO REAL,350,E,N,A,-,Y,RIV,NA,60,NA,R,6.395,H,NA,R,Y,4,0,1,2,A,-,03,22350,NA,N,B,C,A,A,H,-,A,D,0,NA,NA,Y,NA,Y,NA,C,02,0,0,1,0,0,0,0,0,1,-,-,34.013980865478516,-117.4487533569336,RIVERSIDE,JURUPA VALLEY,-117.44876098632813,34.0139274597168
91924635,2022,2022-11-22,9840,2022-11-11,1230,016358,NA,5,1,9,3300,0,2,4,NA,2,045,CAJALCO RD.,DAY ST.,0,NA,Y,A,-,N,NA,NA,NA,NA,NA,NA,NA,NA,NA,Y,4,0,1,2,A,-,12,21453,A,N,D,C,A,A,H,-,A,A,0,NA,NA,NA,NA,Y,NA,-,-,0,0,1,0,0,0,0,0,0,-,-,33.83734130859375,-117.27899169921876,RIVERSIDE,UNINCORPORATED,-117.27898406982422,33.837310791015625
9192634,2020,2021-01-22,3311,2020-12-21,1326,16261,NA,1,5,4,3311,0,0,0,NA,0,001,TRAMWAY RD,RT 111,0,NA,Y,A,-,N,NA,NA,NA,NA,NA,NA,NA,NA,NA,N,4,0,1,2,A,-,10,21950,A,N,G,B,B,A,H,-,A,A,0,Y,NA,NA,NA,Y,NA,A,07,0,0,1,0,1,0,0,0,0,-,-,33.858341217041016,-116.55738830566406,RIVERSIDE,PALM SPRINGS,-116.55739,33.85832
91926582,2022,2022-11-25,9840,2022-11-16,1757,018611,NA,3,2,9,3300,0,3,5,NA,2,003,SERFAS CLUB DRIVE,MONTEREY PENINSULA DRIVE,0,NA,Y,A,-,N,NA,NA,NA,NA,NA,NA,NA,NA,NA,Y,4,0,1,2,D,-,00,NA,NA,N,D,C,A,A,H,-,C,A,0,NA,NA,NA,NA,Y,NA,-,-,0,0,1,0,0,0,0,0,0,-,-,33.876678466796875,-117.61560821533205,RIVERSIDE,UNINCORPORATED,-117.61563873291016,33.87662887573242