CASE_ID,ACCIDENT_YEAR,PROC_DATE,JURIS,COLLISION_DATE,COLLISION_TIME,OFFICER_ID,REPORTING_DISTRICT,DAY_OF_WEEK,CHP_SHIFT,POPULATION,CNTY_CITY_LOC,SPECIAL_COND,BEAT_TYPE,CHP_BEAT_TYPE,CITY_DIVISION_LAPD,CHP_BEAT_CLASS,BEAT_NUMBER,PRIMARY_RD,SECONDARY_RD,DISTANCE,DIRECTION,INTERSECTION,WEATHER_1,WEATHER_2,STATE_HWY_IND,CALTRANS_COUNTY,CALTRANS_DISTRICT,STATE_ROUTE,ROUTE_SUFFIX,POSTMILE_PREFIX,POSTMILE,LOCATION_TYPE,RAMP_INTERSECTION,SIDE_OF_HWY,TOW_AWAY,COLLISION_SEVERITY,NUMBER_KILLED,NUMBER_INJURED,PARTY_COUNT,PRIMARY_COLL_FACTOR,PCF_CODE_OF_VIOL,PCF_VIOL_CATEGORY,PCF_VIOLATION,PCF_VIOL_SUBSECTION,HIT_AND_RUN,TYPE_OF_COLLISION,MVIW,PED_ACTION,ROAD_SURFACE,ROAD_COND_1,ROAD_COND_2,LIGHTING,CONTROL_DEVICE,CHP_ROAD_TYPE,PEDESTRIAN_ACCIDENT,BICYCLE_ACCIDENT,MOTORCYCLE_ACCIDENT,TRUCK_ACCIDENT,NOT_PRIVATE_PROPERTY,ALCOHOL_INVOLVED,STWD_VEHTYPE_AT_FAULT,CHP_VEHTYPE_AT_FAULT,COUNT_SEVERE_INJ,COUNT_VISIBLE_INJ,COUNT_COMPLAINT_PAIN,COUNT_PED_KILLED,COUNT_PED_INJURED,COUNT_BICYCLIST_KILLED,COUNT_BICYCLIST_INJURED,COUNT_MC_KILLED,COUNT_MC_INJURED,PRIMARY_RAMP,SECONDARY_RAMP,LATITUDE,LONGITUDE,COUNTY,CITY,POINT_X,POINT_Y
9199122,2020,2021-01-12,3311,2020-11-21,1051,16210,NA,6,5,4,3311,0,0,0,NA,0,001,RT 111,GATEWAY DR,0,NA,Y,A,-,N,NA,NA,111,NA,NA,NA,NA,NA,NA,Y,4,0,3,2,A,-,12,21453,A,N,D,C,A,A,H,-,A,A,0,NA,NA,NA,NA,Y,NA,A,07,0,0,3,0,0,0,0,0,0,-,-,33.8613395690918,-116.5611572265625,RIVERSIDE,PALM SPRINGS,-116.56117248535156,33.86132049560547
9199126,2020,2021-01-14,3311,2020-12-02,1528,15953,NA,3,5,4,3311,0,0,0,NA,0,006,RT 111,DINAH SHORE DR,0,NA,Y,A,-,Y,RIV,8,111,-,T,48.872,I,5,N,Y,4,0,2,3,A,-,09,21801,A,N,D,C,A,A,H,-,A,A,0,NA,NA,NA,NA,Y,NA,A,07,0,0,2,0,0,0,0,0,0,-,-,33.808250427246094,-116.49334716796876,RIVERSIDE,PALM SPRINGS,-116.49293518066406,33.808528900146484
91991554,2022,2023-02-10,9630,2022-09-02,2040,021923,NA,5,2,9,3300,0,1,1,NA,2,302,I-10 W/B,RED CLOUD MINE RD,2112,E,N,A,-,Y,RIV,NA,10,NA,R,95.42,H,NA,L,Y,3,0,1,2,A,-,01,23152,A,N,C,C,A,A,H,-,D,D,0,NA,NA,NA,NA,Y,Y,D,22,0,1,0,0,0,0,0,0,0,-,-,33.67789840698242,-115.56327056884766,RIVERSIDE,UNINCORPORATED,-115.56326293945313,33.677886962890625
91995234,2023,2023-02-15,9630,2023-02-09,825,017467,NA,4,1,9,3300,0,3,5,NA,2,404,RAMON RD,ROBERT RD,200,W,N,A,-,N,NA,NA,NA,NA,NA,NA,NA,NA,NA,Y,4,0,1,2,A,-,03,22350,NA,N,C,C,A,A,H,-,A,D,0,NA,NA,NA,NA,Y,NA,A,07,0,0,1,0,0,0,0,0,0,-,-,33.81642150878906,-116.39765167236328,RIVERSIDE,UNINCORPORATED,-116.39753723144533,33.81644821166992
91996744,2023,2023-02-17,9840,2023-02-15,533,017441,NA,3,3,6,3345,0,1,3,NA,2,101,SR-60 E/B,PYRITE ST,500,E,N,A,-,Y,RIV,NA,60,NA,R,5.7,H,NA,R,Y,3,0,1,2,A,-,07,21658,A,N,B,C,A,A,H,-,C,D,0,NA,NA,NA,NA,Y,NA,A,01,0,1,0,0,0,0,0,0,0,-,-,34.01580047607422,-117.4606704711914,RIVERSIDE,JURUPA VALLEY,-117.46063995361328,34.01591873168945
92001297,2023,2023-02-23,9630,2023-02-13,1818,016635,NA,1,2,9,3300,0,3,5,NA,2,001,PALM DR,CAMINO AVENTURA,180,S,N,A,-,N,NA,NA,NA,NA,NA,NA,NA,NA,NA,Y,4,0,2,2,A,-,03,22350,NA,N,C,C,A,A,H,-,C,D,0,NA,NA,NA,NA,Y,Y,A,07,0,0,2,0,0,0,0,0,0,-,-,33.93169021606445,-116.501708984375,RIVERSIDE,UNINCORPORATED,-116.501708984375,33.931678771972656
92001515,2023,2023-02-23,9630,2023-02-15,530,021604,NA,3,3,9,3300,0,1,1,NA,2,302,I-10 W/B,HAYFIELD ROAD,300,W,N,A,G,Y,RIV,NA,10,NA,R,89.973,H,NA,L,Y,3,0,1,1,A,-,03,22350,NA,N,F,A,A,A,H,-,D,D,0,NA,NA,NA,NA,Y,NA,-,36,0,1,0,0,0,0,0,0,0,-,-,33.66822814941406,-115.65682983398438,RIVERSIDE,UNINCORPORATED,-115.65682983398438,33.66825866699219
92001770,2023,2023-02-24,9685,2023-02-13,344,016765,NA,1,3,5,3335,0,1,1,NA,2,030,I-15 SOUTHBOUND,SANTIAGO RD,735,N,N,B,C,Y,RIV,NA,15,NA,NA,4.262,H,NA,L,Y,3,0,1,2,A,-,03,22350,NA,N,B,C,A,B,H,-,D,D,0,NA,NA,NA,NA,Y,NA,A,01,0,1,0,0,0,0,0,0,0,-,-,33.49222183227539,-117.14510345458984,RIVERSIDE,TEMECULA,-117.14511108398438,33.492218017578125
9200193,2020,2021-01-28,3300,2020-11-20,0438,4630,LA42,5,5,3,3392,0,0,0,NA,0,LA42,50TH AV,WASHINGTON ST,0,NA,Y,A,-,N,NA,NA,NA,NA,NA,NA,NA,NA,NA,Y,3,0,1,2,A,-,01,23152,F,N,D,C,A,A,H,-,C,A,0,NA,NA,NA,NA,Y,NA,A,01,0,1,0,0,0,0,0,0,0,-,-,33.68547821044922,-116.19509887695313,RIVERSIDE,LA QUINTA,-116.2948989868164,33.68544006347656
92004546,2023,2023-02-28,9840,2023-02-22,1519,018611,NA,3,2,6,3315,0,1,3,NA,2,031,SR-91 E/B,MCKINLEY STREET,3200,W,N,A,-,Y,RIV,NA,91,NA,NA,8.606,H,NA,R,Y,4,0,1,2,A,-,03,22350,NA,N,C,C,A,A,H,-,A,A,0,NA,NA,NA,NA,Y,NA,A,01,0,0,1,0,0,0,0,0,0,-,-,33.8839111328125,-117.52735137939452,RIVERSIDE,CORONA,-117.52734375,33.883827209472656
92005467,2023,2023-02-28,9840,2023-02-21,531,018248,NA,2,3,6,3315,0,1,1,NA,2,034,I-15 S/B,DOS LAGOS DR,1056,N,N,A,-,Y,RIV,NA,15,NA,NA,35.86,H,NA,L,Y,4,0,3,3,A,-,08,22107,NA,N,C,C,A,A,H,-,B,D,0,NA,NA,NA,Y,Y,NA,A,07,0,0,3,0,0,0,0,0,0,-,-,33.80971145629883,-117.50901794433594,RIVERSIDE,CORONA,-117.50900268554688,33.809715270996094
92006892,2023,2023-03-01,9840,2023-03-01,635,019492,NA,3,1,6,3315,0,1,3,NA,2,030,SR-91 E/B,SERFAS CLUB DR.,2000,W,N,B,C,Y,RIV,NA,91,NA,R,3.205,H,NA,R,N,4,0,1,1,A,-,08,22107,NA,N,E,I,A,B,H,-,A,A,0,NA,NA,NA,NA,Y,NA,-,-,0,0,1,0,0,0,0,0,0,-,-,33.881568908691406,-117.62203216552734,RIVERSIDE,CORONA,-117.62195587158205,33.88182830810547
92007156,2022,2023-03-01,9685,2022-10-10,1019,015360,NA,1,1,9,3300,0,3,5,NA,2,003,SERDONIS STREET,HOWELL MOUNTAIN STREET,0,NA,Y,A,-,N,NA,NA,NA,NA,NA,NA,NA,NA,NA,N,1,1,0,2,A,-,21,22106,NA,N,G,B,E,A,H,-,A,D,0,Y,NA,NA,NA,Y,NA,A,01,0,0,0,1,0,0,0,0,0,-,-,33.48152160644531,-117.05600738525392,RIVERSIDE,UNINCORPORATED,-117.05594635009766,33.48164749145508
92012517,2023,2023-03-08,9630,2023-03-01,1414,021416,NA,3,2,4,3325,0,1,1,NA,2,020,I-10 W/B,DATE PALM DR,1584,E,N,B,C,Y,RIV,NA,10,NA,NA,39.862,H,NA,L,N,4,0,1,2,A,-,08,22107,NA,N,B,C,A,B,H,-,A,D,0,NA,NA,NA,NA,Y,NA,D,22,0,0,1,0,0,0,0,0,0,-,-,33.84645080566406,-116.4531021118164,RIVERSIDE,CATHEDRAL CITY,-116.453125,33.84641647338867
92013772,2023,2023-03-09,9840,2023-02-27,1613,020455,NA,1,2,9,3300,0,3,5,NA,2,003,ONTARIO AVE,RUDELL RD,125,N,N,C,-,N,NA,NA,NA,NA,NA,NA,NA,NA,NA,Y,4,0,1,2,A,-,09,21801,A,N,D,C,A,B,H,-,A,D,0,NA,NA,NA,NA,Y,NA,D,22,0,0,1,0,0,0,0,0,0,-,-,33.8366813659668,-117.524169921875,RIVERSIDE,UNINCORPORATED,-117.52402496337892,33.83668518066406
92014275,2023,2023-03-10,9685,2023-03-02,2100,015800,NA,4,2,9,3300,0,3,5,NA,2,003,SAGE ROAD,COTTONWOOD SCHOOL ROAD,2500,N,N,A,-,N,NA,NA,NA,NA,NA,NA,NA,NA,NA,Y,4,0,1,1,A,-,01,23152,A,N,E,I,A,A,H,-,D,D,0,NA,NA,NA,NA,Y,Y,A,01,0,0,1,0,0,0,0,0,0,-,-,33.49494934082031,-116.90570068359376,RIVERSIDE,UNINCORPORATED,-116.91059112548828,33.48773956298828
92014319,2023,2023-03-10,9685,2023-03-05,1756,017285,NA,7,2,9,3300,0,2,4,NA,2,016,GRAND AVENUE,PEPPER DRIVE,0,NA,Y,A,-,N,NA,NA,NA,NA,NA,NA,NA,NA,NA,Y,3,0,2,2,A,-,09,21801,A,N,C,C,A,A,H,-,A,D,0,NA,NA,NA,NA,Y,NA,A,01,0,2,0,0,0,0,0,0,0,-,-,33.65631866455078,-117.3725814819336,RIVERSIDE,UNINCORPORATED,-117.37265014648438,33.65631866455078
92018869,2021,2023-03-15,9840,2021-08-02,0043,019492,NA,1,3,6,3345,0,1,3,NA,2,010,SR-60 EASTBOUND TO VALLEY WAY,CAMINO REAL,1935,E,N,A,-,Y,NA,NA,60,NA,NA,NA,R,NA,E,Y,1,1,0,1,A,-,01,23152,A,N,E,I,A,A,H,-,C,D,0,NA,NA,NA,NA,Y,Y,A,01,0,0,0,0,0,0,0,0,0,-,-,34.01287841796875,-117.44345092773438,RIVERSIDE,JURUPA VALLEY,-117.44345092773438,34.01287841796875
92019662,2023,2023-03-16,9840,2023-03-05,1838,021047,NA,7,2,9,3300,0,3,5,NA,2,004,SPRING ST.,OLIVE ST.,30,S,N,B,-,N,NA,NA,NA,NA,NA,NA,NA,NA,NA,N,3,0,1,1,A,-,01,23152,A,N,E,I,A,A,H,-,D,A,0,NA,NA,NA,NA,Y,Y,A,01,0,1,0,0,0,0,0,0,0,-,-,33.7588996887207,-117.2797393798828,RIVERSIDE,UNINCORPORATED,-117.2798080444336,33.758907318115234
92022841,2023,2023-03-20,9630,2023-03-10,1450,019228,NA,5,2,9,3300,0,1,1,NA,2,021,I-10 E/B,WASHINGTON ST,5280,W,N,B,-,Y,RIV,NA,10,NA,NA,49.471,H,NA,R,Y,4,0,1,2,A,-,07,21658,A,N,B,2,A,A,H,-,A,D,0,NA,NA,NA,Y,Y,NA,F,26,0,0,1,0,0,0,0,0,0,-,-,33.7646484375,-116.31773376464844,RIVERSIDE,UNINCORPORATED,-116.31771087646484,33.76469421386719
92022863,2023,2023-03-20,9655,2023-03-10,1200,020051,NA,5,1,9,3300,0,1,3,NA,2,213,SR-79 S/B,LAMB CANYON RD,6864,S,N,B,-,Y,RIV,NA,79,NA,R,35.752,H,NA,L,Y,4,0,1,1,A,-,08,22107,NA,N,E,I,A,B,H,-,A,D,0,NA,NA,NA,NA,Y,NA,A,01,0,0,1,0,0,0,0,0,0,-,-,33.868350982666016,-117.0023193359375,RIVERSIDE,UNINCORPORATED,-117.0023193359375,33.86840057373047
92025335,2023,2023-03-22,9630,2023-02-05,2230,021515,NA,7,3,4,3311,0,1,1,NA,2,010,INTERSTATE-10 EASTBOUND,NORTH INDIAN CANYON DRIVE,2640,W,N,G,-,Y,RIV,NA,10,NA,NA,32.601,H,NA,R,Y,1,1,0,2,A,-,03,22350,NA,N,C,C,A,A,H,-,C,D,0,NA,NA,NA,NA,Y,NA,A,01,0,0,0,0,0,0,0,0,0,-,-,33.904720306396484,-116.55458831787108,RIVERSIDE,PALM SPRINGS,-116.55458831787108,33.90473556518555
92025598,2023,2023-03-22,9655,2023-03-19,2240,022361,NA,7,3,9,3300,0,1,3,NA,2,213,SR-79 S/B,COUNTY LANDFILL RD.,14942,S,N,B,C,Y,RIV,NA,79,NA,R,35.561,H,NA,L,Y,4,0,1,1,A,-,03,22350,NA,N,E,I,A,B,H,-,D,D,0,NA,NA,NA,NA,Y,NA,A,01,0,0,1,0,0,0,0,0,0,-,-,33.86785125732422,-117.00550079345705,RIVERSIDE,UNINCORPORATED,-117.00552368164063,33.867889404296875
92026786,2023,2023-03-23,9840,2023-03-12,2354,019650,NA,7,3,9,3300,0,3,5,NA,2,004,MAPES RD.,MENIFEE RD,2035,E,N,A,-,N,NA,NA,NA,NA,NA,NA,NA,NA,NA,N,4,0,1,2,A,-,00,21461,NA,N,G,B,E,A,H,-,D,D,0,Y,NA,NA,NA,Y,NA,N,60,0,0,1,0,1,0,0,0,0,-,-,33.75777816772461,-117.14688110351563,RIVERSIDE,UNINCORPORATED,-117.14747619628906,33.75773239135742
92027237,2023,2023-03-23,9840,2023-03-14,1349,020455,NA,2,1,6,3315,0,1,3,NA,2,030,SR-91 W/B,SR-71,1600,E,N,C,-,Y,RIV,NA,91,NA,R,2.364,H,NA,L,Y,4,0,1,2,D,-,00,NA,NA,N,C,C,A,B,H,-,A,D,0,NA,NA,NA,NA,Y,NA,-,-,0,0,1,0,0,0,0,0,0,-,-,33.88486099243164,-117.63607788085938,RIVERSIDE,CORONA,-117.63604736328124,33.884708404541016
92029069,2023,2023-03-27,9660,2023-03-19,1555,022114,NA,7,2,9,3300,0,1,1,NA,2,040,INTERSTATE 10,CALIFORNIA AGRICULTURAL INSPECTION STATION,905,E,N,A,-,Y,RIV,NA,10,NA,R,156.397,H,NA,R,Y,4,0,1,2,A,-,03,22350,NA,N,C,C,A,A,H,-,A,A,0,NA,NA,NA,NA,Y,NA,-,-,0,0,1,0,0,0,0,0,0,-,-,33.605159759521484,-114.53254699707033,RIVERSIDE,UNINCORPORATED,-114.53256988525392,33.60509490966797
92029218,2023,2023-03-27,9840,2023-03-17,1625,020989,NA,5,2,4,3344,0,1,1,NA,2,011,I-15 S/B,LIMONITE AVE,4752,N,N,B,-,Y,RIV,NA,15,NA,NA,49.194,H,NA,L,Y,4,0,1,4,A,-,03,22350,NA,N,C,C,A,A,H,-,A,D,0,NA,NA,NA,NA,Y,NA,A,01,0,0,1,0,0,0,0,0,0,-,-,33.988670349121094,-117.54978942871094,RIVERSIDE,EASTVALE,-117.54972839355467,33.98868179321289
92029796,2023,2023-03-27,9840,2023-03-18,2334,021218,NA,6,3,9,3300,0,1,3,NA,1,038,SR-71 S/B,SR-91,6140,N,N,A,-,Y,RIV,NA,71,NA,NA,1.752,H,NA,L,N,4,0,1,1,A,-,01,23152,A,N,E,I,A,A,H,-,D,D,0,NA,NA,NA,NA,Y,Y,-,-,0,0,1,0,0,0,0,0,0,-,-,33.899749755859375,-117.64672088623048,RIVERSIDE,UNINCORPORATED,-117.64658355712892,33.89976501464844
92030602,2023,2023-03-28,9655,2023-03-17,1845,022062,NA,5,2,9,3300,0,1,3,NA,2,315,SR-79 N/B,STETSON AVE,481,S,N,B,-,Y,RIV,NA,79,NA,R,18.376,H,NA,R,Y,4,0,2,2,A,-,03,22350,NA,N,C,C,A,A,H,-,A,A,0,NA,NA,NA,NA,Y,NA,A,01,0,0,2,0,0,0,0,0,0,-,-,33.727840423583984,-117.07640838623048,RIVERSIDE,UNINCORPORATED,-117.07642364501952,33.727840423583984
92031486,2023,2023-03-29,9630,2023-03-22,400,021652,NA,3,3,9,3300,0,1,3,NA,2,014,SR-111,OVERTURE DR,5808,N,N,C,-,Y,RIV,NA,111,NA,R,59.684,H,NA,R,Y,3,0,1,1,A,-,03,22350,NA,N,F,A,A,B,H,-,D,D,0,NA,NA,NA,NA,Y,NA,A,01,0,1,0,0,0,0,0,0,0,-,-,33.89894104003906,-116.62320709228516,RIVERSIDE,UNINCORPORATED,-116.62319946289063,33.89898681640625
92032593,2023,2023-03-30,9840,2023-03-21,205,021872,NA,2,3,9,3300,0,1,3,NA,2,030,SR-91 W/B,SR-71,3120,E,N,B,C,Y,RIV,NA,91,NA,R,2.685,H,NA,L,Y,4,0,1,2,A,-,03,22350,NA,N,D,C,A,B,H,-,C,D,0,NA,NA,NA,NA,Y,NA,A,07,0,0,1,0,0,0,0,0,0,-,-,33.88462829589844,-117.6303482055664,RIVERSIDE,UNINCORPORATED,-117.63035583496094,33.884620666503906
92032798,2023,2023-03-30,9840,2023-03-22,1358,017546,NA,3,1,9,3300,0,1,1,NA,2,040,I-215 N/B TO VAN BUREN BLVD,VAN BUREN BLVD,550,S,N,B,-,Y,NA,NA,NA,NA,NA,NA,NA,NA,NA,Y,2,0,5,1,A,-,08,22107,NA,N,E,I,A,A,H,-,A,D,0,NA,NA,NA,NA,Y,NA,A,01,1,0,4,0,0,0,0,0,0,-,-,33.88582992553711,-117.2685089111328,RIVERSIDE,UNINCORPORATED,-117.2685089111328,33.88582992553711
92033068,2023,2023-03-30,9630,2023-03-14,2200,019153,CABAZ,2,3,9,3300,0,3,5,NA,2,002,DILLON RD,SR-86 S/B TO DILLON RD,191,W,N,B,-,N,NA,NA,NA,NA,NA,NA,NA,NA,NA,Y,2,0,1,1,A,-,08,22107,NA,N,E,I,A,A,H,-,D,D,0,NA,NA,NA,NA,Y,NA,A,01,1,0,0,0,0,0,0,0,0,-,-,33.7070198059082,-116.18244171142578,RIVERSIDE,UNINCORPORATED,-116.18985748291016,33.700069427490234
92035453,2023,2023-04-03,9840,2023-03-21,1847,019874,NA,2,2,7,3313,0,1,1,NA,2,023,INTERSTATE 215,CENTRAL AVENUE/ WATKINS DRIVE,945,S,N,B,C,Y,RIV,NA,215,NA,NA,39.307,H,NA,R,N,4,0,1,2,A,-,08,22107,NA,N,D,C,A,B,H,-,C,D,0,NA,NA,NA,NA,Y,NA,A,07,0,0,1,0,0,0,0,0,0,-,-,33.957149505615234,-117.30696105957033,RIVERSIDE,RIVERSIDE,-117.30698394775392,33.95713424682617
92035900,2023,2023-04-03,9630,2023-03-27,703,017467,NA,1,1,9,3300,0,1,1,NA,2,021,I-10 W/B,JEFFERSON ST,1373,E,N,A,-,Y,RIV,NA,10,NA,R,52.803,H,NA,L,Y,2,0,1,1,A,-,08,22107,NA,N,F,A,A,A,H,-,A,D,0,NA,NA,NA,NA,Y,NA,D,22,1,0,0,0,0,0,0,0,0,-,-,33.74702072143555,-116.26454162597656,RIVERSIDE,UNINCORPORATED,-116.2646255493164,33.746952056884766
92035995,2023,2023-04-03,9840,2023-03-23,35,015802,NA,4,3,9,3300,0,3,5,NA,2,004,CAJALCO RD.,LAKE MATHEWS DR,0,NA,Y,B,-,N,NA,NA,NA,NA,NA,NA,NA,NA,NA,Y,4,0,1,2,A,-,09,21802,A,N,D,C,A,B,H,-,D,A,0,NA,NA,NA,NA,Y,NA,A,08,0,0,1,0,0,0,0,0,0,-,-,33.82514190673828,-117.41500091552734,RIVERSIDE,UNINCORPORATED,-117.4150619506836,33.82517623901367
92036022,2023,2023-04-03,9840,2023-03-23,655,019219,NA,4,1,6,3345,0,1,1,NA,2,011,I-15 NORTHBOUND,SR-60 WESTBOUND,300,N,N,B,-,Y,RIV,NA,15,NA,NA,51.546,H,NA,R,N,4,0,1,2,A,-,07,21658,A,F,F,I,A,A,H,-,A,D,0,NA,NA,Y,NA,Y,NA,A,01,0,0,1,0,0,0,0,0,1,-,-,34.022769927978516,-117.55010986328124,RIVERSIDE,JURUPA VALLEY,-117.55013275146484,34.022769927978516
92036306,2023,2023-04-04,9660,2023-03-30,2020,021994,NA,4,2,9,3300,0,1,1,NA,2,031,INTERSTATE 10 EASTBOUND,WILEY'S WELL ROAD OVERCROSSING,26400,E,N,A,-,Y,RIV,NA,10,NA,R,140.849,H,NA,R,Y,3,0,1,1,A,-,08,22107,NA,N,F,A,A,A,H,-,D,D,0,NA,NA,NA,NA,Y,NA,-,-,0,1,0,0,0,0,0,0,0,-,-,33.609798431396484,-114.80110931396484,RIVERSIDE,UNINCORPORATED,-114.80110931396484,33.609764099121094
92036715,2023,2023-04-04,9840,2023-04-01,1255,017546,NA,6,1,7,3313,0,1,3,NA,2,021,SR-91 W/B TO CENTRAL AVENUE,CENTRAL AVENUE,950,E,N,A,-,Y,RIV,NA,91,NA,NA,18.586,H,NA,L,N,4,0,4,3,A,-,03,22350,NA,N,C,C,A,A,H,-,A,D,0,NA,NA,NA,NA,Y,NA,A,08,0,0,4,0,0,0,0,0,0,-,-,33.955440521240234,-117.38204193115234,RIVERSIDE,RIVERSIDE,-117.38189697265624,33.95530319213867
92036873,2023,2023-04-04,9655,2023-03-25,2050,022062,NA,6,2,9,3300,0,3,5,NA,2,003,FAIRVIEW AVE,BETHLAM AVE,168,E,N,A,-,N,NA,NA,NA,NA,NA,NA,NA,NA,NA,N,4,0,1,1,A,-,01,23152,A,N,E,8,A,A,H,-,C,D,0,NA,NA,NA,NA,Y,Y,A,01,0,0,1,0,0,0,0,0,0,-,-,33.75883865356445,-116.893798828125,RIVERSIDE,UNINCORPORATED,-116.8939208984375,33.75880432128906
92036891,2023,2023-04-04,9840,2023-04-04,720,017546,NA,2,1,6,3315,0,1,3,NA,2,031,SR-91 E/B,W. GRAND BLVD,340,W,N,A,-,Y,RIV,NA,91,NA,NA,5.969,H,NA,R,N,4,0,1,2,A,-,03,22350,NA,N,C,C,A,A,D,-,A,D,0,NA,NA,NA,NA,Y,NA,A,07,0,0,1,0,0,0,0,0,0,-,-,33.88058090209961,-117.5724868774414,RIVERSIDE,CORONA,-117.57247161865234,33.880706787109375
92036942,2023,2023-04-04,9685,2023-03-25,1410,017833,NA,6,2,9,3300,0,3,5,NA,2,003,RANCHO CALIFORNIA RD,MONTE DE ORO RD,1056,S,N,A,-,N,NA,NA,NA,NA,NA,NA,NA,NA,NA,Y,4,0,1,2,A,-,01,23152,A,N,D,C,A,A,H,-,A,D,0,NA,NA,NA,NA,Y,Y,A,01,0,0,1,0,0,0,0,0,0,-,-,33.5476188659668,-117.0439224243164,RIVERSIDE,UNINCORPORATED,-117.04540252685548,33.54185485839844
92039500,2023,2023-04-07,9655,2023-03-26,1832,021399,NA,7,2,4,3301,0,1,1,NA,2,202,I-10 W/B,SUNSET AVE,3485,W,N,A,-,Y,RIV,NA,10,NA,NA,10.668,H,NA,L,Y,4,0,1,2,A,-,07,21658,A,F,F,A,A,A,H,-,A,D,0,NA,NA,NA,NA,Y,Y,-,99,0,0,1,0,0,0,0,0,0,-,-,33.926170349121094,-116.92333984375,RIVERSIDE,BANNING,-116.92333984375,33.92613220214844
92039695,2023,2023-04-07,9840,2023-03-30,1305,019042,NA,4,1,7,3313,0,1,1,NA,2,022,I-215 S/B,COLUMBIA AVE.,1000,N,N,B,-,Y,RIV,NA,215,NA,NA,44.186,H,NA,L,Y,4,0,2,2,A,-,03,22350,NA,N,C,C,A,A,H,-,A,D,0,NA,NA,NA,NA,Y,NA,A,01,0,0,2,0,0,0,0,0,0,-,-,34.0051383972168,-117.34957885742188,RIVERSIDE,RIVERSIDE,-117.34957885742188,34.0051383972168
92041481,2023,2023-04-11,9840,2023-04-01,1423,023250,NA,6,2,9,3300,0,3,5,NA,2,002,LA SIERRA AVENUE,BLACKBURN ROAD,15,N,N,A,-,N,NA,NA,NA,NA,NA,NA,NA,NA,NA,N,4,0,1,2,A,-,03,22350,NA,N,C,C,A,A,H,-,A,A,0,NA,NA,NA,Y,Y,NA,F,27,0,0,1,0,0,0,0,0,0,-,-,33.8626708984375,-117.45393371582033,RIVERSIDE,UNINCORPORATED,-117.45388793945313,33.862552642822266
92044253,2023,2023-04-13,9630,2023-04-04,2215,021409,NA,2,3,9,3300,0,3,5,NA,2,001,NORTH INDIAN CANYON DR,PIERSON BLVD,0,NA,Y,A,-,N,NA,NA,NA,NA,NA,NA,NA,NA,NA,Y,4,0,1,2,A,-,12,22450,A,N,D,C,A,A,H,-,D,A,0,NA,NA,NA,NA,Y,NA,A,01,0,0,1,0,0,0,0,0,0,-,-,33.96141052246094,-116.54508209228516,RIVERSIDE,UNINCORPORATED,-116.54502868652344,33.9614372253418
92044292,2023,2023-04-13,9840,2023-04-08,50,021311,NA,6,3,9,3300,0,3,5,NA,2,002,IOWA AVE.,E. LA CADENA DR.,25,S,N,A,-,N,NA,NA,NA,NA,NA,NA,NA,NA,NA,Y,3,0,1,1,A,-,01,23152,A,N,E,I,A,A,H,-,C,D,0,NA,NA,NA,NA,Y,Y,A,01,0,1,0,0,0,0,0,0,0,-,-,34.01805877685547,-117.34002685546876,RIVERSIDE,UNINCORPORATED,-117.33975219726563,34.01869583129883
92045076,2023,2023-04-14,9685,2023-04-02,1715,016185,NA,7,2,9,3300,0,1,3,NA,1,012,SR-74,MAZIE AVENUE,55,W,N,A,-,Y,NA,NA,NA,NA,NA,NA,NA,NA,NA,Y,4,0,1,1,A,-,08,22107,NA,N,E,I,A,A,H,-,A,D,0,NA,NA,NA,NA,Y,NA,A,01,0,0,1,0,0,0,0,0,0,-,-,33.7276611328125,-117.29157257080078,RIVERSIDE,UNINCORPORATED,-117.2917022705078,33.72771453857422
92045372,2023,2023-04-14,9840,2023-04-12,1450,017006,NA,3,2,4,3344,0,1,1,NA,2,011,I-15 S/B,68TH ST,739,S,N,A,-,Y,RIV,NA,15,NA,NA,47.381,H,NA,L,Y,3,0,2,3,A,-,03,22350,NA,N,C,C,A,A,H,-,A,D,0,NA,NA,NA,NA,Y,NA,A,01,0,2,0,0,0,0,0,0,0,-,-,33.96247100830078,-117.54901885986328,RIVERSIDE,EASTVALE,-117.54901885986328,33.96247100830078
92046106,2023,2023-04-17,9685,2023-04-07,1245,015360,NA,5,1,5,3335,0,1,1,NA,2,030,I-15 SOUTHBOUND,RANCHO CALIFORNIA ROAD,1584,N,N,A,-,Y,RIV,NA,15,NA,NA,5.225,H,NA,L,N,4,0,2,2,A,-,03,22350,NA,N,C,C,A,A,H,-,A,D,0,NA,NA,NA,NA,Y,NA,A,01,0,0,2,0,0,0,0,0,0,-,-,33.5041389465332,-117.1531219482422,RIVERSIDE,TEMECULA,-117.15312957763672,33.5041389465332