CASE_ID,ACCIDENT_YEAR,PROC_DATE,JURIS,COLLISION_DATE,COLLISION_TIME,OFFICER_ID,REPORTING_DISTRICT,DAY_OF_WEEK,CHP_SHIFT,POPULATION,CNTY_CITY_LOC,SPECIAL_COND,BEAT_TYPE,CHP_BEAT_TYPE,CITY_DIVISION_LAPD,CHP_BEAT_CLASS,BEAT_NUMBER,PRIMARY_RD,SECONDARY_RD,DISTANCE,DIRECTION,INTERSECTION,WEATHER_1,WEATHER_2,STATE_HWY_IND,CALTRANS_COUNTY,CALTRANS_DISTRICT,STATE_ROUTE,ROUTE_SUFFIX,POSTMILE_PREFIX,POSTMILE,LOCATION_TYPE,RAMP_INTERSECTION,SIDE_OF_HWY,TOW_AWAY,COLLISION_SEVERITY,NUMBER_KILLED,NUMBER_INJURED,PARTY_COUNT,PRIMARY_COLL_FACTOR,PCF_CODE_OF_VIOL,PCF_VIOL_CATEGORY,PCF_VIOLATION,PCF_VIOL_SUBSECTION,HIT_AND_RUN,TYPE_OF_COLLISION,MVIW,PED_ACTION,ROAD_SURFACE,ROAD_COND_1,ROAD_COND_2,LIGHTING,CONTROL_DEVICE,CHP_ROAD_TYPE,PEDESTRIAN_ACCIDENT,BICYCLE_ACCIDENT,MOTORCYCLE_ACCIDENT,TRUCK_ACCIDENT,NOT_PRIVATE_PROPERTY,ALCOHOL_INVOLVED,STWD_VEHTYPE_AT_FAULT,CHP_VEHTYPE_AT_FAULT,COUNT_SEVERE_INJ,COUNT_VISIBLE_INJ,COUNT_COMPLAINT_PAIN,COUNT_PED_KILLED,COUNT_PED_INJURED,COUNT_BICYCLIST_KILLED,COUNT_BICYCLIST_INJURED,COUNT_MC_KILLED,COUNT_MC_INJURED,PRIMARY_RAMP,SECONDARY_RAMP,LATITUDE,LONGITUDE,COUNTY,CITY,POINT_X,POINT_Y
92232396,2023,2023-11-09,9840,2023-11-03,120,019501,NA,5,3,4,3310,0,1,1,NA,2,011,I-15 S/B,SECOND ST.,528,N,N,A,-,Y,RIV,NA,15,NA,NA,44.257,H,NA,L,Y,4,0,1,2,A,-,03,22350,NA,N,C,C,A,A,H,-,D,D,0,NA,NA,NA,NA,Y,NA,A,01,0,0,1,0,0,0,0,0,0,-,-,33.91841125488281,-117.55718231201172,RIVERSIDE,NORCO,-117.55722045898438,33.91841506958008
92232582,2023,2023-11-09,9840,2023-11-04,2230,019501,NA,6,3,7,3313,0,1,1,NA,2,022,I-215 N/B,COLUMBIA AVE,2376,S,N,A,-,Y,RIV,NA,215,NA,R,43.358,H,NA,R,Y,4,0,1,3,A,-,08,22107,NA,N,D,C,A,A,H,-,D,D,0,NA,NA,NA,NA,Y,NA,A,01,0,0,1,0,0,0,0,0,0,-,-,33.99538040161133,-117.35582733154295,RIVERSIDE,RIVERSIDE,-117.35578918457033,33.99536895751953
92235858,2023,2024-01-25,9685,2023-11-03,1200,015757,NA,5,1,9,3300,0,3,5,NA,2,001,AVENIDA LA CRESTA,VALLE VISTA,150,E,N,A,-,N,NA,NA,NA,NA,NA,NA,NA,NA,NA,Y,4,0,1,2,A,-,03,22350,NA,N,C,C,A,A,H,-,A,A,0,NA,NA,NA,NA,Y,NA,A,07,0,0,1,0,0,0,0,0,0,-,-,33.55546188354492,-117.28883361816406,RIVERSIDE,UNINCORPORATED,-117.28883361816406,33.55552673339844
92235862,2023,2023-11-14,9685,2023-11-07,1955,015295,NA,2,2,9,3300,0,1,1,NA,2,030,INTERSTATE 15 SOUTHBOUND,TEMECULA PARKWAY,5280,S,N,A,-,Y,RIV,NA,15,NA,R,2.415,H,NA,L,Y,3,0,1,1,A,-,08,22107,NA,N,E,I,A,A,H,-,D,D,0,NA,NA,NA,NA,Y,NA,D,22,0,1,0,0,0,0,0,0,0,-,-,33.46625900268555,-117.13668823242188,RIVERSIDE,UNINCORPORATED,-117.13655090332033,33.46626281738281
92237826,2023,2023-11-16,9685,2023-08-23,804,017546,NA,3,1,4,3312,0,1,1,NA,2,020,I-215 S/B,4TH STREET,3410,S,N,A,-,Y,RIV,NA,215,NA,NA,25.663,H,NA,L,Y,4,0,1,1,A,-,08,22107,NA,N,E,8,A,A,H,-,A,D,0,NA,NA,NA,NA,Y,NA,A,01,0,0,1,0,0,0,0,0,0,-,-,33.77814865112305,-117.2073974609375,RIVERSIDE,PERRIS,-117.20743560791016,33.778114318847656
92238462,2023,2023-11-17,9655,2023-11-15,1730,019630,NA,3,2,9,3300,0,1,3,NA,1,314,STATE ROUTE 74,LINCOLN AVENUE,75,W,N,C,-,Y,RIV,NA,74,NA,NA,45.588,H,NA,R,N,2,0,1,2,A,-,11,21954,A,F,G,B,D,B,H,-,D,D,0,Y,NA,NA,NA,Y,Y,N,60,1,0,0,0,1,0,0,0,0,-,-,33.74797058105469,-116.88477325439452,RIVERSIDE,UNINCORPORATED,-116.884765625,33.74784469604492
92240816,2023,2023-11-20,9840,2023-10-30,2030,017459,NA,1,2,9,3300,0,3,5,NA,2,003,SERFAS CLUB DRIVE,MONTEREY PENINSULA DRIVE,0,NA,Y,A,-,N,NA,NA,NA,NA,NA,NA,NA,NA,NA,Y,3,0,2,2,A,-,07,21658,A,N,B,C,A,A,H,-,C,A,0,NA,NA,NA,NA,Y,NA,A,07,0,1,1,0,0,0,0,0,0,-,-,33.876731872558594,-117.6156005859375,RIVERSIDE,UNINCORPORATED,-117.61563873291016,33.87662887573242
92241572,2023,2023-11-21,9655,2023-11-14,1904,019466,NA,2,2,9,3300,0,1,1,NA,2,206,I-10 WESTBOUND,SR-111 NORTHBOUND,1584,E,N,A,-,Y,RIV,NA,10,NA,R,25.484,H,NA,L,Y,4,0,1,2,A,-,03,22350,NA,N,C,C,A,A,H,-,D,D,0,NA,NA,NA,Y,Y,NA,G,25,0,0,1,0,0,0,0,0,0,-,-,33.92293167114258,-116.67362213134766,RIVERSIDE,UNINCORPORATED,-116.67361450195313,33.9229736328125
92242193,2023,2023-11-21,9630,2023-11-15,710,019153,NA,3,1,9,3300,0,1,3,NA,2,111,SR-111,THOBE RD,200,N,N,B,-,Y,RIV,NA,111,NA,NA,15.567,H,NA,R,N,4,0,1,2,A,-,08,22107,NA,N,D,C,A,A,H,-,A,D,0,NA,NA,NA,NA,Y,NA,D,22,0,0,1,0,0,0,0,0,0,-,-,33.54513931274414,-116.0410614013672,RIVERSIDE,UNINCORPORATED,-116.04105377197266,33.5451545715332
92243127,2023,2023-11-22,9685,2023-11-10,1845,016502,NA,5,2,3,3343,0,1,1,NA,2,030,I-15 S/B,CLINTON KEITH RD.,2323,S,N,A,-,Y,RIV,NA,15,NA,NA,13.181,H,NA,L,Y,4,0,1,1,A,-,08,22107,NA,N,E,I,A,A,H,-,C,D,0,NA,NA,NA,NA,Y,NA,A,07,0,0,1,0,0,0,0,0,0,-,-,33.59046936035156,-117.2402801513672,RIVERSIDE,WILDOMAR,-117.24017333984376,33.590553283691406
92245562,2023,2023-11-27,9630,2023-11-16,1018,019228,NA,4,1,9,3300,0,1,1,NA,2,021,I-10 W/B,COOK ST,1584,W,N,B,-,Y,RIV,NA,10,NA,NA,46.584,H,NA,L,N,4,0,1,2,A,-,08,22107,NA,N,B,C,A,A,H,-,A,D,0,NA,NA,NA,NA,Y,NA,D,22,0,0,1,0,0,0,0,0,0,-,-,33.788700103759766,-116.35904693603516,RIVERSIDE,UNINCORPORATED,-116.35899353027344,33.78876495361328
92245586,2023,2023-11-27,9685,2023-11-25,1030,016885,NA,6,1,9,3300,0,1,3,NA,1,031,SR-79 NORTHBOUND,POURROY ROAD,30,S,N,A,-,N,NA,NA,NA,NA,NA,NA,NA,NA,NA,N,3,0,1,2,A,-,08,22107,NA,N,F,A,A,A,H,-,A,D,0,NA,NA,Y,NA,Y,NA,C,02,0,1,0,0,0,0,0,0,1,-,-,33.615028381347656,-117.10394287109376,RIVERSIDE,UNINCORPORATED,-117.10398864746094,33.61507034301758
92246312,2023,2023-11-28,9840,2023-11-17,1705,021481,NA,5,2,9,3300,0,2,4,NA,2,043,RAMONA EXPY,LAKEVIEW AVE,528,W,N,A,-,N,NA,NA,NA,NA,NA,NA,NA,NA,NA,N,4,0,2,2,A,-,03,22350,NA,N,C,C,A,A,H,-,D,D,0,NA,NA,NA,NA,Y,NA,A,07,0,0,2,0,0,0,0,0,0,-,-,33.837860107421875,-117.12622833251952,RIVERSIDE,UNINCORPORATED,-117.12548065185548,33.837791442871094
92246354,2023,2023-11-28,9840,2023-11-15,1150,017802,NA,3,1,6,3345,0,1,1,NA,2,011,I-15 N/B,CANTU GALLEANO RANCH RD.,2350,S,N,C,-,Y,RIV,NA,15,NA,NA,49.671,H,NA,R,N,3,0,1,2,A,-,08,22107,NA,N,B,C,A,B,H,-,A,D,0,NA,NA,NA,Y,Y,NA,A,01,0,1,0,0,0,0,0,0,0,-,-,33.99565887451172,-117.55017852783205,RIVERSIDE,JURUPA VALLEY,-117.55015563964844,33.99565887451172
92247039,2023,2023-12-21,9840,2023-11-11,222,021194,NA,6,3,7,3313,0,1,3,NA,2,021,SR-91 EASTBOUND TO ARLINGTON AVE,ARLINGTON AVE,1000,W,N,A,-,Y,RIV,NA,91,NA,NA,17.663,H,NA,R,Y,2,0,1,1,A,-,01,23152,A,N,E,8,A,A,H,-,C,D,0,NA,NA,Y,NA,Y,Y,C,02,1,0,0,0,0,0,0,0,1,-,-,33.94451904296875,-117.39070892333984,RIVERSIDE,RIVERSIDE,-117.39088439941406,33.94469451904297
92247138,2023,2023-11-28,9840,2023-11-19,1012,018221,NA,7,1,9,3300,0,1,3,NA,2,030,SR-91 W/B,SERFAS CLUB DR.,6970,W,N,A,-,Y,RIV,NA,91,NA,R,2.372,H,NA,L,Y,3,0,2,2,A,-,03,22350,NA,N,C,C,A,A,H,-,A,D,0,NA,NA,NA,NA,Y,NA,A,01,0,2,0,0,0,0,0,0,0,-,-,33.884788513183594,-117.63591766357422,RIVERSIDE,UNINCORPORATED,-117.63590240478516,33.884727478027344
92249354,2023,2023-11-30,9685,2023-11-22,2050,018321,NA,3,2,9,3300,0,3,5,NA,2,003,BENTON RD,COGNAC STREET,0,NA,Y,A,-,N,NA,NA,NA,NA,NA,NA,NA,NA,NA,N,4,0,1,2,A,-,12,22450,A,N,D,C,A,A,H,-,D,A,0,NA,NA,NA,NA,Y,NA,A,01,0,0,1,0,0,0,0,0,0,-,-,33.590911865234375,-117.11409759521484,RIVERSIDE,UNINCORPORATED,-117.11411285400392,33.59088897705078
92253317,2023,2023-12-05,9840,2023-11-09,1751,021047,NA,4,2,9,3300,0,3,5,NA,2,004,ROBERTS RD,BROADEN LN.,150,W,N,A,-,N,NA,NA,NA,NA,NA,NA,NA,NA,NA,N,3,0,3,2,A,-,01,23152,A,N,A,C,A,A,H,-,D,D,0,NA,NA,NA,NA,Y,Y,D,22,0,1,2,0,0,0,0,0,0,-,-,33.89992141723633,-117.35211944580078,RIVERSIDE,UNINCORPORATED,-117.35137176513672,33.89992904663086
92253945,2023,2023-12-06,9840,2023-11-27,1300,023501,NA,1,1,7,3313,0,1,1,NA,2,023,RECHE CANYON RD,CENTER STREET,612,S,N,A,-,N,NA,NA,NA,NA,NA,NA,NA,NA,NA,Y,4,0,1,1,A,-,08,22107,NA,N,E,J,A,A,H,-,A,D,0,NA,NA,NA,Y,Y,NA,F,26,0,0,1,0,0,0,0,0,0,-,-,34.01350021362305,-117.26544189453124,RIVERSIDE,RIVERSIDE,-117.26525115966795,34.01323318481445
92254474,2023,2024-07-22,9655,2023-01-20,2223,020695,NA,5,3,3,3302,0,1,3,NA,2,212,STATE ROUTE 60 WESTBOUND,JACK RABBIT TRAIL,168,E,N,A,-,Y,RIV,NA,60,NA,NA,28.006,H,NA,L,Y,1,1,2,3,A,-,01,23152,A,N,C,C,A,A,H,-,D,D,0,NA,NA,NA,NA,Y,Y,A,07,1,1,0,0,0,0,0,0,0,-,-,33.93381881713867,-117.0328369140625,RIVERSIDE,BEAUMONT,-117.03282165527344,33.93385696411133
92256412,2023,2023-12-07,9655,2023-12-05,1445,019462,NA,2,2,9,3300,0,3,5,NA,2,001,GLENDA LANE,AURORA LN,400,W,N,A,-,N,NA,NA,NA,NA,NA,NA,NA,NA,NA,N,2,0,1,1,A,-,08,22107,NA,N,F,A,A,A,H,-,A,D,0,NA,NA,Y,NA,Y,NA,C,02,1,0,0,0,0,0,0,0,1,-,-,33.571170806884766,-116.71492767333984,RIVERSIDE,UNINCORPORATED,-116.71516418457033,33.57113265991211
92258830,2023,2023-12-11,9660,2023-12-09,1636,021509,NA,6,2,9,3300,0,1,1,NA,2,032,I-10 E/B,MILEPOST MARKER 10-RIV-148,50,E,N,A,-,Y,RIV,NA,10,NA,R,148.017,H,NA,R,Y,3,0,1,1,A,-,08,22107,NA,N,F,A,A,A,H,-,A,D,0,NA,NA,NA,NA,Y,NA,A,07,0,1,0,0,0,0,0,0,0,-,-,33.606380462646484,-114.67738342285156,RIVERSIDE,UNINCORPORATED,-114.67738342285156,33.606590270996094
92259140,2023,2023-12-11,9630,2023-11-30,1850,021513,NA,4,2,9,3300,0,3,5,NA,2,404,VARNER RD,HARRY OLIVER TRL,1584,W,N,A,-,N,NA,NA,NA,NA,NA,NA,NA,NA,NA,Y,2,0,3,3,A,-,01,23152,A,N,D,C,A,A,H,-,D,D,0,NA,NA,NA,NA,Y,Y,D,22,1,1,1,0,0,0,0,0,0,-,-,33.81346130371094,-116.39891815185548,RIVERSIDE,UNINCORPORATED,-116.39845275878906,33.812931060791016
92260324,2023,2023-12-12,9840,2023-11-13,1611,023228,NA,1,2,7,3313,0,1,1,NA,2,023,I 215 SOUTHBOUND,MARTIN LUTHER KING BOULEVARD,2640,S,N,A,-,Y,RIV,NA,215,NA,NA,40.335,H,NA,L,N,3,0,2,2,A,-,08,22107,NA,M,B,C,A,A,H,-,A,D,0,NA,NA,Y,NA,Y,NA,-,99,0,1,1,0,0,0,0,0,2,-,-,33.96268081665039,-117.32296752929688,RIVERSIDE,RIVERSIDE,-117.3229751586914,33.96266555786133
92261263,2023,2023-12-13,9840,2023-12-05,409,022448,NA,2,3,9,3300,0,3,5,NA,2,003,LA SIERRA AVE.,LAKE KNOLL PKWY,275,N,N,A,-,N,NA,NA,NA,NA,NA,NA,NA,NA,NA,Y,3,0,1,1,A,-,08,22107,NA,N,E,I,A,A,H,-,C,D,0,NA,NA,NA,NA,Y,NA,A,07,0,1,0,0,0,0,0,0,0,-,-,33.87321090698242,-117.45642852783205,RIVERSIDE,UNINCORPORATED,-117.45645141601563,33.87314224243164
92261554,2023,2024-01-24,9630,2023-12-04,1717,020445,NA,1,2,9,3300,0,3,5,NA,2,404,MONTEREY AVENUE,VARNER ROAD,55,S,N,A,-,N,NA,NA,NA,NA,NA,NA,NA,NA,NA,Y,4,0,1,3,A,-,07,21658,A,N,B,C,A,A,H,-,A,A,0,NA,NA,NA,NA,Y,NA,A,01,0,0,1,0,0,0,0,0,0,-,-,33.807701110839844,-116.38810729980467,RIVERSIDE,UNINCORPORATED,-116.38818359375,33.80786895751953
92262044,2023,2023-12-14,9840,2023-12-05,1010,023501,NA,2,1,6,3345,0,1,1,NA,2,011,I-15 N/B TO SR-60 W/B,RIVERSIDE DRIVE,1072,N,N,A,-,Y,RIV,NA,15,NA,NA,51.476,H,NA,R,N,4,0,1,2,A,-,03,22350,NA,N,C,C,A,A,H,-,A,D,0,NA,NA,NA,NA,Y,NA,A,01,0,0,1,0,0,0,0,0,0,-,-,34.021759033203125,-117.5498275756836,RIVERSIDE,JURUPA VALLEY,-117.55010223388672,34.02176284790039
92264850,2023,2023-12-18,9685,2023-12-08,513,019897,NA,5,3,9,3300,0,1,3,NA,2,011,SR-74 (ORTEGA HWY),MAIN DIVIDE RD,1584,E,N,E,-,Y,RIV,NA,74,NA,NA,7.223,H,NA,R,Y,4,0,1,1,A,-,08,22107,NA,N,E,I,A,A,H,-,D,D,0,NA,NA,NA,NA,Y,NA,A,07,0,0,1,0,0,0,0,0,0,-,-,33.65317153930664,-117.4034423828125,RIVERSIDE,UNINCORPORATED,-117.40348052978516,33.65321350097656
92265015,2023,2023-12-18,9655,2023-12-11,1020,023553,NA,1,1,4,3301,0,1,1,NA,2,202,I-10 E/B TO HIGHLAND SPRINGS AVENUE,HIGHLAND SPRINGS AVENUE,10,W,N,A,-,Y,NA,NA,NA,NA,NA,NA,NA,NA,NA,N,4,0,1,2,A,-,03,22350,NA,N,C,C,A,A,H,-,A,A,0,NA,NA,NA,NA,Y,NA,A,07,0,0,1,0,0,0,0,0,0,-,-,33.926429748535156,-116.94712066650392,RIVERSIDE,BANNING,-116.94712066650392,33.926429748535156
92265805,2023,2023-12-19,9840,2023-12-11,1803,020989,NA,1,2,9,3300,0,3,5,NA,2,003,INDIANA AVE,DIXIE LN,0,NA,Y,A,-,N,NA,NA,NA,NA,NA,NA,NA,NA,NA,Y,4,0,1,2,A,-,09,21802,B,N,D,C,A,A,H,-,C,A,0,NA,NA,NA,NA,Y,NA,A,08,0,0,1,0,0,0,0,0,0,-,-,33.88167190551758,-117.50054168701172,RIVERSIDE,UNINCORPORATED,-117.50049591064452,33.881587982177734
92265936,2023,2023-12-19,9685,2023-12-15,1550,018321,NA,5,2,5,3335,0,1,1,NA,2,030,INTERSTATE 15 NORTHBOUND,RANCHO CALIFORNIA RD,463,S,N,A,-,Y,RIV,NA,15,NA,NA,4.878,H,NA,R,N,4,0,2,2,A,-,03,22350,NA,N,C,C,A,A,H,-,A,D,0,NA,NA,NA,NA,Y,NA,A,08,0,0,2,0,0,0,0,0,0,-,-,33.499629974365234,-117.15045166015624,RIVERSIDE,TEMECULA,-117.15048980712892,33.49960708618164
92266003,2023,2023-12-19,9840,2023-12-07,1436,020659,NA,4,2,6,3394,0,1,3,NA,2,025,SR-60 W/B,REDLANDS BLVD,1085,E,N,A,-,Y,RIV,NA,60,NA,NA,20.578,H,NA,L,Y,2,0,2,2,A,-,03,22350,NA,N,C,C,A,A,H,-,A,D,0,NA,NA,NA,NA,Y,NA,A,01,1,1,0,0,0,0,0,0,0,-,-,33.939369201660156,-117.1530990600586,RIVERSIDE,MORENO VALLEY,-117.1530990600586,33.93940734863281
92266186,2023,2023-12-19,9655,2023-12-08,1615,023543,NA,5,2,9,3300,0,3,5,NA,2,003,ACACIA AVE,LAKE ST,400,E,N,A,-,N,NA,NA,NA,NA,NA,NA,NA,NA,NA,N,3,0,1,2,A,-,03,22350,NA,F,G,B,E,A,H,-,A,D,0,Y,NA,NA,NA,Y,NA,A,01,0,1,0,0,1,0,0,0,0,-,-,33.74419021606445,-116.9135513305664,RIVERSIDE,UNINCORPORATED,-116.9135513305664,33.7441291809082
92266271,2023,2023-12-19,9630,2023-12-09,1440,021416,NA,6,2,9,3300,0,3,5,NA,2,504,62ND AVE,BUCHANAN ST,75,W,N,A,-,N,NA,NA,NA,NA,NA,NA,NA,NA,NA,Y,4,0,1,2,A,-,03,22350,NA,N,C,C,A,A,H,-,A,D,0,NA,NA,NA,Y,Y,NA,A,01,0,0,1,0,0,0,0,0,0,-,-,33.59856033325195,-116.09538269042967,RIVERSIDE,UNINCORPORATED,-116.09532165527344,33.59857177734375
92269603,2023,2023-12-22,9685,2023-12-18,1751,017285,NA,1,2,9,3300,0,1,3,NA,2,011,SR-74 (ORTEGA HWY),S. MAIN DIVIDE,3600,E,N,A,-,Y,RIV,NA,74,NA,NA,7.544,H,NA,R,Y,4,0,1,2,A,-,05,21460,A,N,B,C,A,A,H,-,D,D,0,NA,NA,NA,NA,Y,NA,A,01,0,0,1,0,0,0,0,0,0,-,-,33.657318115234375,-117.40071105957033,RIVERSIDE,UNINCORPORATED,-117.40068817138672,33.65730667114258
92270421,2023,2023-12-25,9630,2023-12-13,1840,022858,NA,3,2,9,3300,0,3,5,NA,2,001,MOUNTAIN VIEW RD,LOUISAN RD,649,N,N,A,-,N,NA,NA,NA,NA,NA,NA,NA,NA,NA,N,4,0,2,2,A,-,09,21804,A,N,D,C,A,A,H,-,D,D,0,NA,NA,NA,NA,Y,NA,D,22,0,0,2,0,0,0,0,0,0,-,-,33.937721252441406,-116.47545623779295,RIVERSIDE,UNINCORPORATED,-116.47543334960938,33.93766403198242
92271225,2023,2023-12-26,9840,2023-12-06,752,017162,NA,3,1,6,3315,0,1,3,NA,2,030,SR-91 W/B,LINCOLN AVE,1200,W,N,A,-,Y,RIV,NA,91,NA,NA,4.93,H,NA,L,N,4,0,1,4,A,-,08,22107,NA,N,B,C,A,A,H,-,A,D,0,NA,NA,NA,NA,Y,NA,A,07,0,0,1,0,0,0,0,0,0,-,-,33.882389068603516,-117.59034729003906,RIVERSIDE,CORONA,-117.59034729003906,33.88236999511719
92271243,2023,2023-12-26,9840,2023-12-15,5,021218,NA,5,3,4,3307,0,1,1,NA,2,037,I15 S/B,NICHOLS RD,1320,N,N,A,-,Y,RIV,NA,15,NA,NA,24.106,H,NA,L,Y,4,0,2,2,A,-,03,22350,NA,N,C,C,A,A,H,-,D,D,0,NA,NA,NA,Y,Y,NA,A,01,0,0,2,0,0,0,0,0,0,-,-,33.710411071777344,-117.3600616455078,RIVERSIDE,LAKE ELSINORE,-117.35997009277344,33.71043395996094
92271324,2023,2023-12-26,9840,2023-12-16,521,022865,NA,6,3,7,3313,0,1,3,NA,2,010,SR-60 W/B,PEDLEY AVE,1056,W,N,A,-,Y,RIV,NA,60,NA,R,4.385,H,NA,L,Y,4,0,2,2,A,-,03,22350,NA,N,C,C,A,A,H,-,C,D,0,NA,NA,NA,NA,Y,NA,A,01,0,0,2,0,0,0,0,0,0,-,-,34.019561767578125,-117.48323822021484,RIVERSIDE,RIVERSIDE,-117.48323822021484,34.019561767578125
92272794,2023,2023-12-27,9655,2023-12-20,2220,021934,NA,3,3,3,3302,0,1,1,NA,2,202,I-10 EB,OAK VALLEY,2000,E,N,C,-,Y,RIV,NA,10,NA,R,6.09,H,NA,R,N,3,0,1,1,A,-,03,22350,NA,N,E,I,A,B,H,-,C,D,0,NA,NA,NA,NA,Y,NA,A,01,0,1,0,0,0,0,0,0,0,-,-,33.938209533691406,-116.99771881103516,RIVERSIDE,BEAUMONT,-116.99755096435548,33.93832015991211
92273649,2023,2023-12-28,9655,2023-12-17,1220,020669,NA,7,1,9,3300,0,1,3,NA,1,118,SR-74,CARRIZO RD,3168,W,N,A,-,Y,RIV,NA,74,NA,NA,83.407,H,NA,R,Y,3,0,9,3,A,-,05,21460,A,N,A,C,A,A,H,-,A,D,0,NA,NA,NA,NA,Y,NA,A,01,0,8,1,0,0,0,0,0,0,-,-,33.60111999511719,-116.42141723632813,RIVERSIDE,UNINCORPORATED,-116.42144012451172,33.60113525390625
92273746,2023,2023-12-28,9655,2023-12-20,1735,021934,NA,3,2,9,3300,0,3,5,NA,2,003,SIMPSON RD,WHITTIER AVE,150,W,N,C,-,N,NA,NA,NA,NA,NA,NA,NA,NA,NA,N,3,0,1,1,A,-,08,22107,NA,N,F,A,A,A,H,-,C,D,0,NA,NA,NA,NA,Y,NA,-,-,0,1,0,0,0,0,0,0,0,-,-,33.7071418762207,-117.0811767578125,RIVERSIDE,UNINCORPORATED,-117.08106231689452,33.70716094970703
92275059,2023,2023-12-29,9840,2023-12-27,1031,023412,NA,3,1,9,3300,0,3,5,NA,2,004,MENIFEE ROAD,NUEVO VALLEY DRIVE,0,NA,Y,A,-,N,NA,NA,NA,NA,NA,NA,NA,NA,NA,Y,3,0,1,2,A,-,03,22350,NA,N,C,2,A,A,H,-,A,D,0,NA,NA,NA,NA,Y,NA,A,01,0,1,0,0,0,0,0,0,0,-,-,33.78126907348633,-117.15643310546876,RIVERSIDE,UNINCORPORATED,-117.15641784667967,33.78120422363281
92275201,2023,2023-12-29,9630,2023-12-20,1920,021409,NA,3,2,9,3300,0,1,3,NA,2,015,SR-62 W/B,PAINTED HILLS RD,0,NA,Y,B,C,Y,RIV,NA,62,NA,R,1.9,H,NA,L,Y,3,0,4,2,A,-,09,21802,A,N,D,C,A,B,H,-,D,A,0,NA,NA,NA,NA,Y,NA,A,01,0,1,3,0,0,0,0,0,0,-,-,33.940940856933594,-116.5965576171875,RIVERSIDE,UNINCORPORATED,-116.59651947021484,33.94093322753906
92277150,2023,2024-01-02,9840,2023-12-19,1558,023574,NA,2,2,6,3394,0,1,3,NA,2,025,I-215 SOUTHBOUND,CACTUS AVENUE,2245,S,N,C,-,Y,RIV,NA,215,NA,R,35.599,H,NA,L,N,2,0,1,2,A,-,03,22350,NA,N,D,C,A,B,H,-,A,D,0,NA,NA,Y,NA,Y,NA,C,02,1,0,0,0,0,0,0,0,1,-,-,33.90708923339844,-117.27941131591795,RIVERSIDE,MORENO VALLEY,-117.27947235107422,33.90706253051758
92277269,2023,2024-01-02,9655,2023-12-26,1800,021924,NA,2,2,9,3300,0,1,1,NA,2,206,INTERSTATE 10 E/B,MAIN STREET,11616,E,N,A,-,Y,RIV,NA,10,NA,R,21.591,H,NA,R,Y,3,0,1,2,A,-,03,22350,NA,N,C,C,A,A,H,-,D,D,0,NA,NA,NA,NA,Y,NA,A,01,0,1,0,0,0,0,0,0,0,-,-,33.92399978637695,-116.73960113525392,RIVERSIDE,UNINCORPORATED,-116.73963928222656,33.9240608215332
92277694,2023,2024-01-03,9685,2023-12-24,35,019897,NA,7,3,4,3307,0,1,1,NA,2,010,I-15 NORTHBOUND,SR-74,1584,S,N,A,-,Y,RIV,NA,15,NA,NA,21.999,H,NA,R,Y,4,0,2,2,A,-,03,22350,NA,N,C,C,A,A,H,-,C,D,0,NA,NA,NA,NA,Y,NA,A,07,0,0,2,0,0,0,0,0,0,-,-,33.68901062011719,-117.33451080322266,RIVERSIDE,LAKE ELSINORE,-117.33450317382813,33.68901062011719
92278466,2023,2024-01-03,9630,2023-12-27,1325,019153,NA,3,1,9,3300,0,3,5,NA,2,002,WASHINGTON ST,VARNER RD,100,N,N,A,-,N,NA,NA,NA,NA,NA,NA,NA,NA,NA,N,4,0,2,3,A,-,07,21658,A,N,B,C,A,A,H,-,A,D,0,NA,NA,NA,NA,Y,NA,A,07,0,0,2,0,0,0,0,0,0,-,-,33.76192855834961,-116.30087280273438,RIVERSIDE,UNINCORPORATED,-116.30089569091795,33.76166915893555
92279080,2023,2024-01-04,9840,2023-12-23,526,021862,NA,6,3,7,3313,0,1,1,NA,2,040,I-215 N/B,EUCALYPTUS AVE.,1945,S,N,A,-,Y,RIV,NA,215,NA,R,37.118,H,NA,R,Y,4,0,1,2,A,-,03,22350,NA,N,C,2,A,A,H,-,C,D,0,NA,NA,NA,NA,Y,NA,A,01,0,0,1,0,0,0,0,0,0,-,-,33.9267692565918,-117.28864288330078,RIVERSIDE,RIVERSIDE,-117.28856658935548,33.92677307128906