CASE_ID,ACCIDENT_YEAR,PROC_DATE,JURIS,COLLISION_DATE,COLLISION_TIME,OFFICER_ID,REPORTING_DISTRICT,DAY_OF_WEEK,CHP_SHIFT,POPULATION,CNTY_CITY_LOC,SPECIAL_COND,BEAT_TYPE,CHP_BEAT_TYPE,CITY_DIVISION_LAPD,CHP_BEAT_CLASS,BEAT_NUMBER,PRIMARY_RD,SECONDARY_RD,DISTANCE,DIRECTION,INTERSECTION,WEATHER_1,WEATHER_2,STATE_HWY_IND,CALTRANS_COUNTY,CALTRANS_DISTRICT,STATE_ROUTE,ROUTE_SUFFIX,POSTMILE_PREFIX,POSTMILE,LOCATION_TYPE,RAMP_INTERSECTION,SIDE_OF_HWY,TOW_AWAY,COLLISION_SEVERITY,NUMBER_KILLED,NUMBER_INJURED,PARTY_COUNT,PRIMARY_COLL_FACTOR,PCF_CODE_OF_VIOL,PCF_VIOL_CATEGORY,PCF_VIOLATION,PCF_VIOL_SUBSECTION,HIT_AND_RUN,TYPE_OF_COLLISION,MVIW,PED_ACTION,ROAD_SURFACE,ROAD_COND_1,ROAD_COND_2,LIGHTING,CONTROL_DEVICE,CHP_ROAD_TYPE,PEDESTRIAN_ACCIDENT,BICYCLE_ACCIDENT,MOTORCYCLE_ACCIDENT,TRUCK_ACCIDENT,NOT_PRIVATE_PROPERTY,ALCOHOL_INVOLVED,STWD_VEHTYPE_AT_FAULT,CHP_VEHTYPE_AT_FAULT,COUNT_SEVERE_INJ,COUNT_VISIBLE_INJ,COUNT_COMPLAINT_PAIN,COUNT_PED_KILLED,COUNT_PED_INJURED,COUNT_BICYCLIST_KILLED,COUNT_BICYCLIST_INJURED,COUNT_MC_KILLED,COUNT_MC_INJURED,PRIMARY_RAMP,SECONDARY_RAMP,LATITUDE,LONGITUDE,COUNTY,CITY,POINT_X,POINT_Y
9477502,2022,2022-07-26,3313,2022-06-27,1118,1026,1,1,5,7,3313,0,0,0,NA,0,T52,JURUPA AV,BROCKTON AV,203,E,N,A,-,N,NA,NA,NA,NA,NA,NA,NA,NA,NA,N,4,0,1,3,A,-,01,23152,A,N,C,C,A,A,H,-,A,A,0,NA,NA,NA,NA,Y,Y,A,08,0,0,1,0,0,0,0,0,0,-,-,33.96092987060547,-117.39689636230467,RIVERSIDE,RIVERSIDE,-117.39604949951172,33.960899353027344
94776220,2025,2025-07-24,9655,2025-07-21,1305,015892,NA,1,1,9,3300,0,1,3,NA,1,117,STATE ROUTE 74,KEEN CAMP ROAD,0,NA,Y,A,-,Y,RIV,NA,74,NA,NA,59.802,H,NA,R,Y,4,0,8,2,A,-,09,21802,A,N,D,C,A,A,H,-,A,A,0,NA,NA,NA,NA,Y,NA,A,01,0,0,8,0,0,0,0,0,0,-,-,33.700889587402344,-116.71794128417967,RIVERSIDE,UNINCORPORATED,-116.71792602539063,33.70090866088867
94779751,2025,2025-07-28,9660,2025-07-19,520,019480,NA,6,3,3,3303,0,1,1,NA,2,032,I-10 EASTBOUND,7TH STREET,1107,W,N,A,-,Y,RIV,NA,10,NA,R,153.004,H,NA,R,Y,3,0,1,2,A,-,03,22350,NA,N,C,C,A,A,H,-,B,D,0,NA,NA,NA,Y,Y,NA,G,25,0,1,0,0,0,0,0,0,0,-,-,33.60702896118164,-114.59092712402344,RIVERSIDE,BLYTHE,-114.59092712402344,33.607032775878906
94782708,2025,2025-07-30,9840,2025-07-22,1224,022357,NA,2,1,7,3313,0,1,3,NA,2,020,SR-91 E/B FROM MAGNOLIA,MAGNOLIA AVE,30,E,N,A,-,Y,NA,NA,NA,NA,NA,NA,NA,NA,NA,N,4,0,1,1,A,-,08,22107,NA,N,E,I,A,A,H,-,A,D,0,NA,NA,NA,NA,Y,NA,A,01,0,0,1,0,0,0,0,0,0,-,-,33.8962516784668,-117.48851013183594,RIVERSIDE,RIVERSIDE,-117.48755645751952,33.89704132080078
94784610,2025,2025-07-31,9655,2025-07-24,1940,020669,NA,4,2,9,3300,0,1,3,NA,1,117,SR-74,MORRIS RANCH ROAD,4752,W,N,A,-,Y,RIV,NA,74,NA,NA,66.967,H,NA,R,Y,2,0,2,3,A,-,01,23152,A,N,E,8,A,A,H,-,B,D,0,NA,NA,NA,NA,Y,Y,A,01,2,0,0,0,0,0,0,0,0,-,-,33.6267204284668,-116.63752746582033,RIVERSIDE,UNINCORPORATED,-116.63743591308594,33.62676239013672
94789915,2025,2025-08-05,9840,2025-07-30,1350,021080,NA,3,1,9,3300,0,2,4,NA,2,042,VAN BUREN BLVD,GAMBLE AVE,0,NA,Y,A,-,N,NA,NA,NA,NA,NA,NA,NA,NA,NA,Y,4,0,1,2,A,-,12,21453,A,N,D,C,A,A,H,-,A,D,0,NA,NA,NA,NA,Y,NA,A,07,0,0,1,0,0,0,0,0,0,-,-,33.88351058959961,-117.3531494140625,RIVERSIDE,UNINCORPORATED,-117.3530502319336,33.88336181640625
9479597,2022,2022-09-01,3325,2022-06-16,0951,1708,3325,4,5,4,3325,0,0,0,NA,0,003,LANDAU BL,TACHEVAH DR,0,NA,Y,A,-,N,NA,NA,NA,NA,NA,NA,NA,NA,NA,Y,4,0,1,1,A,-,03,22350,NA,N,E,I,A,A,H,-,A,D,0,NA,NA,NA,NA,Y,NA,A,01,0,0,1,0,0,0,0,0,0,-,-,NA,NA,RIVERSIDE,CATHEDRAL CITY,-116.47576141357422,33.837669372558594
94796531,2025,2025-08-11,9655,2025-08-09,844,023380,NA,6,1,9,3300,0,1,1,NA,2,206,I-10 W/B,MORONGO TRAIL,978,E,N,A,-,Y,RIV,NA,10,NA,R,18.083,H,NA,L,Y,2,0,2,2,A,-,01,23152,G,N,C,C,A,A,H,-,A,D,0,NA,NA,NA,NA,Y,Y,D,22,1,1,0,0,0,0,0,0,0,-,-,33.91933059692383,-116.79981231689452,RIVERSIDE,UNINCORPORATED,-116.79985809326172,33.919151306152344
94798930,2025,2025-08-12,9685,2025-08-04,1700,020989,NA,1,2,4,3342,0,1,1,NA,2,030,I-15 SOUTHBOUND,WINCHESTER RD,5280,N,N,A,-,Y,RIV,NA,15,NA,NA,7.66,H,NA,L,Y,3,0,1,2,A,-,03,22350,NA,N,C,C,A,A,H,-,A,D,0,NA,NA,NA,NA,Y,NA,A,01,0,1,0,0,0,0,0,0,0,-,-,33.535579681396484,-117.17201995849608,RIVERSIDE,MURRIETA,-117.17194366455078,33.53561782836914
94799993,2025,2025-08-12,9655,2025-08-05,245,020669,NA,2,3,9,3300,0,1,3,NA,1,115,SR-243,TOLL GATE ROAD,10,N,N,A,-,Y,RIV,NA,243,NA,NA,3.718,H,NA,R,Y,4,0,1,1,A,-,01,23152,A,N,E,I,A,A,H,-,C,D,0,NA,NA,NA,NA,Y,Y,A,07,0,0,1,0,0,0,0,0,0,-,-,33.7377815246582,-116.72164154052734,RIVERSIDE,UNINCORPORATED,-116.72171020507813,33.73782730102539
94800612,2025,2025-08-13,9655,2025-08-08,1352,018320,NA,5,1,9,3300,0,1,3,NA,2,213,SR-79 S/B,GILMAN SPRINGS RD,6442,N,N,A,-,Y,RIV,NA,79,NA,R,35.094,H,NA,L,Y,3,0,1,1,A,-,08,22107,NA,N,E,I,A,A,H,-,A,D,0,NA,NA,NA,NA,Y,NA,A,01,0,1,0,0,0,0,0,0,0,-,-,33.86225891113281,-117.00800323486328,RIVERSIDE,UNINCORPORATED,-117.00804138183594,33.862266540527344
94803111,2025,2025-08-14,9655,2025-08-07,1420,019630,NA,4,2,9,3300,0,1,3,NA,2,315,STATE ROUTE 79,TAYLOR STREET,160,N,N,A,-,Y,RIV,NA,79,NA,R,16.776,H,NA,R,Y,4,0,2,2,A,-,03,22350,NA,N,C,C,A,A,H,-,A,D,0,NA,NA,NA,NA,Y,NA,D,22,0,0,2,0,0,0,0,0,0,-,-,33.70882034301758,-117.08487701416016,RIVERSIDE,UNINCORPORATED,-117.08493041992188,33.70882034301758
94806008,2025,2025-09-24,9655,2025-08-10,2300,023808,NA,7,3,3,3302,0,1,3,NA,2,212,SR-60 E/B,6TH ST,100,W,N,A,-,Y,RIV,NA,60,NA,NA,30.329,H,NA,R,Y,2,0,3,2,A,-,01,23152,G,N,B,C,A,A,H,-,C,D,0,NA,NA,NA,NA,Y,Y,A,01,2,1,0,0,0,0,0,0,0,-,-,33.93302917480469,-116.99259948730467,RIVERSIDE,BEAUMONT,-116.99259948730467,33.93305587768555
94806824,2025,2025-08-25,9685,2025-08-03,2035,022097,NA,7,2,9,3300,0,2,4,NA,2,016,GRAND AVE.,VAIL ST.,100,N,N,A,-,N,NA,NA,NA,NA,NA,NA,NA,NA,NA,Y,3,0,1,1,A,-,08,22107,NA,F,E,I,A,A,H,-,D,D,0,NA,NA,NA,NA,Y,NA,D,22,0,1,0,0,0,0,0,0,0,-,-,33.63336181640625,-117.33522033691406,RIVERSIDE,UNINCORPORATED,-117.33402252197266,33.63238525390625
94808415,2025,2025-08-19,9655,2025-08-10,1342,023205,NA,7,1,9,3300,0,3,5,NA,2,003,GRAND AVE,WHITAKER ST,25,W,N,A,-,N,NA,NA,NA,NA,NA,NA,NA,NA,NA,N,3,0,1,1,A,-,08,22107,NA,N,E,I,A,A,H,-,A,D,0,NA,Y,NA,NA,Y,NA,M,91,0,1,0,0,0,0,1,0,0,-,-,33.71451187133789,-117.09718322753906,RIVERSIDE,UNINCORPORATED,-117.09635162353516,33.714439392089844
94814497,2025,2025-08-22,9630,2025-08-14,1905,021416,NA,4,2,9,3300,0,3,5,NA,2,502,62ND AVE,VARGA ST,70,W,N,A,-,N,NA,NA,NA,NA,NA,NA,NA,NA,NA,N,4,0,1,2,A,-,09,21801,A,N,B,C,A,A,H,-,B,D,0,NA,NA,NA,NA,Y,NA,A,01,0,0,1,0,0,0,0,0,0,-,-,33.598541259765625,-116.11508941650392,RIVERSIDE,UNINCORPORATED,-116.11505889892578,33.59857940673828
94818298,2025,2025-08-26,9840,2025-08-23,305,023688,NA,6,3,9,3300,0,3,5,NA,2,004,ALEXANDER AVE,NANCE ST,25,N,N,A,-,N,NA,NA,NA,NA,NA,NA,NA,NA,NA,Y,3,0,1,1,C,-,18,NA,NA,N,F,H,A,A,H,-,D,D,0,NA,NA,Y,NA,Y,NA,-,-,0,1,0,0,0,0,0,0,1,-,-,33.855140686035156,-117.30509185791016,RIVERSIDE,UNINCORPORATED,-117.30507659912108,33.85511779785156
94820725,2025,2025-08-27,9840,2025-08-09,931,023816,NA,6,1,7,3313,0,1,1,NA,2,023,INTERSTATE 215 SOUTHBOUND,BLAINE STREET,2263,N,N,A,-,Y,RIV,NA,215,NA,NA,42.616,H,NA,L,Y,4,0,1,1,A,-,01,23152,A,N,E,I,A,A,H,-,A,D,0,NA,NA,NA,NA,Y,Y,A,01,0,0,1,0,0,0,0,0,0,-,-,33.987709045410156,-117.34809112548828,RIVERSIDE,RIVERSIDE,-117.34800720214844,33.98777389526367
94822262,2025,2025-08-28,9685,2025-08-19,1506,020989,NA,2,2,5,3335,0,1,1,NA,2,030,I-15 SOUTHBOUND,TEMECULA PKWY,2112,S,N,A,-,Y,RIV,NA,15,NA,NA,3.035,H,NA,L,Y,3,0,1,2,A,-,08,22107,NA,N,D,C,A,A,H,-,A,D,0,NA,NA,NA,NA,Y,NA,A,01,0,1,0,0,0,0,0,0,0,-,-,33.47509002685547,-117.1388931274414,RIVERSIDE,TEMECULA,-117.1389389038086,33.47507858276367
94823184,2025,2025-08-29,9840,2025-08-25,1640,017459,NA,1,2,6,3315,0,1,1,NA,2,034,I-15 S/B,ONTARIO AVE,2710,N,N,A,-,Y,RIV,NA,15,NA,NA,39.245,H,NA,L,Y,3,0,1,2,A,-,03,22350,NA,N,C,C,A,A,H,-,A,D,0,NA,NA,NA,NA,Y,NA,A,08,0,1,0,0,0,0,0,0,0,-,-,33.85171890258789,-117.53502655029295,RIVERSIDE,CORONA,-117.53498077392578,33.85173034667969
94823440,2025,2025-08-29,9685,2025-08-21,1007,015857,NA,4,1,5,3341,0,1,1,NA,2,020,I-215 N/B,NEWPORT RD,1000,N,N,A,-,Y,NA,NA,NA,NA,NA,NA,NA,NA,NA,Y,4,0,2,2,A,-,08,22107,NA,N,C,2,A,A,H,-,A,D,0,NA,NA,NA,Y,Y,NA,A,01,0,0,2,0,0,0,0,0,0,-,-,33.69779968261719,-117.17249298095705,RIVERSIDE,MENIFEE,-117.17249298095705,33.687705993652344
94826959,2025,2025-09-02,9685,2025-08-23,1036,017285,NA,6,1,3,3343,0,1,1,NA,2,010,I-15 N/B,WILDOMAR TRAIL,2073,S,N,B,C,Y,RIV,NA,15,NA,NA,14.669,H,NA,R,Y,3,0,1,2,A,-,07,21658,A,M,B,C,A,B,H,-,A,D,0,NA,NA,NA,NA,Y,Y,-,99,0,1,0,0,0,0,0,0,0,-,-,33.60778045654297,-117.2556610107422,RIVERSIDE,WILDOMAR,-117.25560760498048,33.607810974121094
94830417,2025,2025-09-04,9840,2025-08-25,1637,018248,NA,1,2,6,3315,0,1,1,NA,2,034,I-15 S/B,CAJALCO RD,2059,N,N,A,-,Y,RIV,NA,15,NA,NA,37.259,H,NA,L,N,3,0,1,2,A,-,07,21658,A,N,B,C,A,A,H,-,A,D,0,NA,NA,Y,NA,Y,NA,A,01,0,1,0,0,0,0,0,0,1,-,-,33.82538986206055,-117.52388763427734,RIVERSIDE,CORONA,-117.5238800048828,33.82539367675781
94830653,2025,2025-09-04,9840,2025-08-17,2330,023412,NA,7,3,9,3300,0,2,4,NA,2,045,W/B RIDER STREET,LEE STREET,120,W,N,A,-,N,NA,NA,NA,NA,NA,NA,NA,NA,NA,Y,4,0,1,1,A,-,08,22107,NA,N,E,I,A,A,H,-,E,D,0,NA,NA,NA,NA,Y,NA,D,22,0,0,1,0,0,0,0,0,0,-,-,33.829811096191406,-117.29355621337892,RIVERSIDE,UNINCORPORATED,-117.29353332519533,33.8298454284668
94831945,2025,2025-09-05,9685,2025-08-28,1245,019652,NA,4,1,3,3343,0,1,1,NA,2,030,I-15 NORTHBOUND,CLINTON KIETH RD,1000,S,N,B,-,Y,RIV,NA,15,NA,NA,13.274,H,NA,R,N,4,0,1,2,A,-,03,22350,NA,N,C,C,A,A,H,-,A,D,0,NA,NA,NA,NA,Y,NA,A,01,0,0,1,0,0,0,0,0,0,-,-,33.591819763183594,-117.24098205566406,RIVERSIDE,WILDOMAR,-117.24097442626952,33.59182357788086
94837563,2025,2025-09-09,9840,2025-09-02,1635,017802,NA,2,2,6,3345,0,1,3,NA,2,010,SR-60 E/B,RUBIDOUX BLVD.,200,E,N,A,-,Y,RIV,NA,60,NA,NA,9.587,H,NA,R,Y,3,0,1,5,A,-,03,22350,NA,N,C,C,A,A,H,-,A,D,0,NA,NA,NA,NA,Y,NA,A,01,0,1,0,0,0,0,0,0,0,-,-,34.004581451416016,-117.39990234375,RIVERSIDE,JURUPA VALLEY,-117.39990234375,34.004573822021484
94839601,2025,2025-09-10,9630,2025-09-06,1142,016635,NA,6,1,9,3300,0,3,5,NA,2,503,VAN BUREN ST,66TH AVE,0,NA,Y,A,-,N,NA,NA,NA,NA,NA,NA,NA,NA,NA,Y,4,0,1,2,A,-,09,21802,A,N,D,C,A,A,H,-,A,A,0,NA,NA,NA,NA,Y,NA,D,22,0,0,1,0,0,0,0,0,0,-,-,33.56922912597656,-116.19840240478516,RIVERSIDE,UNINCORPORATED,-116.19841003417967,33.56929016113281
94840344,2025,2025-09-11,9655,2025-09-07,1300,019630,NA,7,1,9,3300,0,3,5,NA,2,002,CALIFORNIA AVENUE,STATE ROUTE 79,10,W,N,A,-,N,NA,NA,NA,NA,NA,NA,NA,NA,NA,N,4,0,2,2,A,-,03,22350,NA,N,C,C,A,A,H,-,A,A,0,NA,NA,NA,NA,Y,NA,D,22,0,0,2,0,0,0,0,0,0,-,-,33.91106033325195,-116.98078155517578,RIVERSIDE,UNINCORPORATED,-117.05013275146484,33.743831634521484
94840445,2025,2025-09-11,9840,2025-08-15,157,024010,NA,5,3,7,3313,0,1,3,NA,2,021,STATE ROUTE 91 EASTBOUND TO INTERSTATE 215 NORTHBO,SR60,213,N,N,A,-,Y,RIV,NA,91,NA,NA,21.897,H,NA,R,Y,4,0,1,1,A,-,03,22350,NA,N,E,I,A,A,H,-,D,D,0,NA,NA,NA,NA,Y,Y,A,01,0,0,1,0,0,0,0,0,0,-,-,33.99399948120117,-117.35655975341795,RIVERSIDE,RIVERSIDE,-117.356689453125,33.99406051635742
94840691,2025,2025-09-11,9840,2025-09-10,735,019893,NA,3,1,6,3315,0,1,3,NA,2,030,SR-91 W/B,I-15,1013,E,N,B,-,Y,RIV,NA,91,NA,NA,7.655,H,NA,L,N,4,0,1,2,A,-,07,21658,A,N,C,2,A,A,H,-,A,D,0,NA,NA,NA,NA,Y,NA,A,01,0,0,1,0,0,0,0,0,0,-,-,33.88282012939453,-117.54386901855467,RIVERSIDE,CORONA,-117.54387664794922,33.88283157348633
94842870,2025,2025-09-12,9840,2025-09-11,825,023114,NA,4,1,7,3313,0,1,3,NA,2,020,SR-91 E/B,MADISON STREET,2112,W,N,A,-,Y,RIV,NA,91,NA,NA,16.269,H,NA,R,Y,4,0,1,2,A,-,03,22350,NA,N,C,C,A,A,H,-,A,D,0,NA,NA,NA,NA,Y,NA,A,07,0,0,1,0,0,0,0,0,0,-,-,33.93260955810547,-117.41039276123048,RIVERSIDE,RIVERSIDE,-117.4104232788086,33.932647705078125
94843079,2025,2025-09-12,9655,2025-08-24,1845,023127,NA,7,2,9,3300,0,1,3,NA,2,315,STATE ROUTE 79 SOUTHBOUND,SCOTT ROAD,2930,N,N,A,-,Y,RIV,NA,79,NA,R,12.749,H,NA,L,Y,3,0,4,3,A,-,05,21460,NA,M,B,C,A,A,H,-,A,D,0,NA,NA,NA,NA,Y,NA,A,01,0,2,2,0,0,0,0,0,0,-,-,33.648189544677734,-117.08415222167967,RIVERSIDE,UNINCORPORATED,-117.08428955078124,33.6481819152832
94861707,2025,2025-09-26,9685,2025-09-18,1650,021977,NA,4,2,4,3342,0,1,1,NA,2,030,INTERSTATE 15 NORTHBOUND,CALIFORNIA OAKS RD,250,S,N,A,-,Y,RIV,NA,15,NA,NA,10.443,H,NA,R,Y,3,0,1,3,A,-,03,22350,NA,N,C,C,A,A,H,-,A,D,0,NA,NA,NA,NA,Y,NA,A,08,0,1,0,0,0,0,0,0,0,-,-,33.564048767089844,-117.20484924316406,RIVERSIDE,MURRIETA,-117.20482635498048,33.56407165527344
94861994,2025,2025-09-26,9685,2025-09-22,945,017169,NA,1,1,9,3300,0,3,5,NA,2,003,RANCHO CALIFORNIA ROAD,SYCAMORE MESA ROAD,56,E,N,B,-,N,NA,NA,NA,NA,NA,NA,NA,NA,NA,Y,4,0,1,2,A,-,03,22350,NA,N,C,C,A,A,H,-,A,D,0,NA,NA,NA,NA,Y,NA,A,07,0,0,1,0,0,0,0,0,0,-,-,33.496761322021484,-117.18150329589844,RIVERSIDE,UNINCORPORATED,-117.18164825439452,33.49690246582031
94862013,2025,2025-09-26,9840,2025-09-23,1420,022357,NA,2,2,7,3313,0,1,1,NA,2,023,I-215 N/B TO I-215 N/B,SPRUCE ST,1285,N,N,A,-,Y,RIV,NA,215,NA,R,43.082,H,NA,R,N,3,0,1,2,A,-,07,21658,A,N,B,C,A,A,H,-,A,D,0,NA,NA,Y,NA,Y,NA,A,01,0,1,0,0,0,0,0,0,1,-,-,33.9921989440918,-117.35401916503906,RIVERSIDE,RIVERSIDE,-117.35403442382813,33.99217987060547
94864142,2025,2025-09-29,9840,2025-08-10,1355,023643,NA,7,1,7,3313,0,1,1,NA,2,023,I-215 N/B,FAIR ISLE DR,1584,S,N,A,-,Y,RIV,NA,215,NA,R,38.581,H,NA,R,Y,3,0,1,2,A,-,08,22107,NA,F,D,C,A,A,H,-,A,D,0,NA,NA,Y,NA,Y,NA,A,01,0,1,0,0,0,0,0,0,1,-,-,33.94586181640625,-117.2961883544922,RIVERSIDE,RIVERSIDE,-117.29617309570313,33.945899963378906
94864631,2025,2025-09-29,9840,2025-09-26,849,019527,NA,5,1,6,3345,0,1,1,NA,2,011,I-15 N/B,MISSION BLVD,630,S,N,A,-,Y,RIV,NA,15,NA,NA,51.837,H,NA,R,Y,4,0,1,3,A,-,03,22350,NA,N,C,C,A,A,D,-,A,D,0,NA,NA,NA,NA,Y,NA,A,01,0,0,1,0,0,0,0,0,0,-,-,34.02693176269531,-117.55013275146484,RIVERSIDE,JURUPA VALLEY,-117.55008697509766,34.02692794799805
94866724,2025,2025-09-30,9840,2025-08-28,925,020659,NA,4,1,7,3313,0,1,1,NA,2,040,I-215 S/B,CACTUS AVE,180,N,N,A,-,Y,RIV,NA,215,NA,R,35.806,H,NA,L,Y,4,0,1,4,A,-,07,21658,A,N,B,C,A,A,H,-,A,D,0,NA,NA,NA,Y,Y,NA,F,27,0,0,1,0,0,0,0,0,0,-,-,33.90951156616211,-117.2815399169922,RIVERSIDE,RIVERSIDE,-117.28154754638672,33.90950393676758
94866937,2025,2025-09-30,9840,2025-09-22,744,018248,NA,1,1,9,3300,0,2,4,NA,2,039,MAGNOLIA AVE,LINCOLN ST,1267,E,N,B,-,N,NA,NA,NA,NA,NA,NA,NA,NA,NA,N,4,0,2,3,A,-,03,22350,NA,N,C,C,A,A,H,-,A,A,0,NA,NA,NA,NA,Y,NA,A,07,0,0,2,0,0,0,0,0,0,-,-,33.88861083984375,-117.50247955322266,RIVERSIDE,UNINCORPORATED,-117.50249481201172,33.888553619384766
94867085,2025,2025-09-30,9840,2025-09-25,638,022357,NA,4,1,7,3313,0,1,3,NA,2,010,SR-60 E/B,ORANGE ST,1235,E,N,A,-,Y,RIV,NA,60,NA,NA,12.057,H,NA,R,N,4,0,1,2,A,-,03,22350,NA,N,C,C,A,A,H,-,A,D,0,NA,NA,NA,NA,Y,NA,D,22,0,0,1,0,0,0,0,0,0,-,-,33.99427032470703,-117.35980224609376,RIVERSIDE,RIVERSIDE,-117.35977172851563,33.994319915771484
94867110,2025,2025-09-30,9840,2025-09-23,925,018248,NA,2,1,9,3300,0,1,1,NA,2,037,I-15 N/B,INDIAN TRUCK TRAIL,2270,S,N,B,-,Y,RIV,NA,15,NA,NA,29.963,H,NA,R,Y,4,0,2,3,A,-,03,22350,NA,N,C,C,A,A,H,-,A,D,0,NA,NA,NA,NA,Y,NA,D,22,0,0,2,0,0,0,0,0,0,-,-,33.74544906616211,-117.44580078125,RIVERSIDE,UNINCORPORATED,-117.44578552246094,33.74547576904297
94870022,2025,2025-10-02,9840,2025-10-01,744,017802,NA,3,1,9,3300,0,1,1,NA,2,022,I-215 N/B,CENTER ST.,300,S,N,A,-,Y,RIV,NA,215,NA,NA,44.966,H,NA,R,N,2,0,1,2,A,-,03,22350,NA,N,C,C,A,A,H,-,A,D,0,NA,NA,NA,NA,Y,NA,A,01,1,0,0,0,0,0,0,0,0,-,-,34.01482009887695,-117.34287261962892,RIVERSIDE,UNINCORPORATED,-117.34288787841795,34.014827728271484
94871669,2025,2025-11-13,9655,2025-09-28,900,023637,NA,7,1,9,3300,0,3,5,NA,2,002,REDLANDS BLVD.,SAN TIMOTEO RD.,0,NA,Y,C,-,N,NA,NA,NA,NA,NA,NA,NA,NA,NA,N,4,0,1,1,A,-,08,22107,NA,N,E,I,A,B,H,-,A,A,0,NA,NA,NA,NA,Y,NA,A,01,0,0,1,0,0,0,0,0,0,-,-,33.99285125732422,-117.1537628173828,RIVERSIDE,UNINCORPORATED,NA,NA
94874279,2025,2025-10-06,9630,2025-09-27,1850,024177,NA,6,2,9,3300,0,1,1,NA,2,010,I-10 E/B,SR-62,2640,W,N,A,-,Y,RIV,NA,10,NA,NA,29.554,H,NA,R,N,4,0,1,2,C,-,18,NA,NA,N,E,J,A,A,H,-,B,D,0,NA,NA,NA,NA,Y,NA,-,-,0,0,1,0,0,0,0,0,0,-,-,33.91468048095703,-116.60629272460938,RIVERSIDE,UNINCORPORATED,-116.60628509521484,33.914703369140625
94875134,2025,2025-10-06,9655,2025-10-04,1355,018677,NA,6,1,9,3300,0,3,5,NA,2,001,FERN VALLEY ROAD,FOREST DRIVE,800,S,N,A,-,N,NA,NA,NA,NA,NA,NA,NA,NA,NA,Y,2,0,2,1,A,-,08,22107,NA,N,F,I,A,A,H,-,A,D,0,NA,NA,NA,NA,Y,NA,A,01,2,0,0,0,0,0,0,0,0,-,-,33.76622009277344,-116.68910217285156,RIVERSIDE,UNINCORPORATED,-116.69186401367188,33.764869689941406
94876346,2025,2025-10-07,9630,2025-09-18,1725,022858,NA,4,2,9,3300,0,3,5,NA,2,404,RAMON RD,VARNER RD,20,E,N,B,-,N,NA,NA,NA,NA,NA,NA,NA,NA,NA,Y,3,0,1,2,A,-,01,23152,A,N,C,2,A,B,H,-,A,A,0,NA,NA,NA,NA,Y,Y,A,01,0,1,0,0,0,0,0,0,0,-,-,33.816368103027344,-116.40090942382813,RIVERSIDE,UNINCORPORATED,-116.4011688232422,33.816341400146484
94876503,2025,2025-10-07,9685,2025-09-29,625,017056,NA,1,1,4,3342,0,1,1,NA,2,034,I-215 SB TO I-15,MURRIETA HOT SPRINGS RD,1742,S,N,A,-,Y,RIV,NA,215,NA,R,9.181,H,NA,L,N,4,0,1,2,A,-,03,22350,NA,N,B,C,A,A,H,-,A,D,0,NA,NA,Y,NA,Y,NA,C,02,0,0,1,0,0,0,0,0,1,-,-,33.55125045776367,-117.18161010742188,RIVERSIDE,MURRIETA,-117.18157958984376,33.551246643066406
94877743,2025,2025-10-08,9630,2025-08-22,1350,023491,NA,5,1,9,3300,0,1,1,NA,2,021,I-10 W/B,WASHINGTON ST,4752,W,N,A,-,Y,RIV,NA,10,NA,NA,49.553,H,NA,L,Y,3,0,1,2,A,-,03,22350,NA,F,C,2,A,A,H,-,A,D,0,NA,NA,NA,NA,Y,NA,A,01,0,1,0,0,0,0,0,0,0,-,-,33.76443862915039,-116.31627655029295,RIVERSIDE,UNINCORPORATED,-116.31625366210938,33.764495849609375
94877778,2025,2025-10-08,9840,2025-09-20,2145,023550,NA,6,2,7,3313,0,1,1,NA,2,023,I-215 N/B TO BLAINE ST,BLAINE ST,32,S,N,A,-,Y,NA,NA,NA,NA,NA,NA,NA,NA,NA,Y,3,0,1,1,A,-,01,23152,A,N,E,8,A,A,H,-,C,A,0,NA,NA,NA,NA,Y,Y,A,07,0,1,0,0,0,0,0,0,0,-,-,33.9827995300293,-117.34198760986328,RIVERSIDE,RIVERSIDE,-117.3423080444336,33.98289108276367
94877887,2025,2025-10-08,9655,2025-10-06,1320,021578,NA,1,1,9,3300,0,3,5,NA,2,002,CHERRY VALLEY BLVD.,NANCY AVE.,0,NA,Y,A,-,N,NA,NA,NA,NA,NA,NA,NA,NA,NA,N,4,0,1,1,A,-,03,22350,NA,N,E,I,A,A,H,-,A,A,0,NA,NA,NA,NA,Y,NA,A,07,0,0,1,0,0,0,0,0,0,-,-,33.968910217285156,-116.99015045166016,RIVERSIDE,UNINCORPORATED,-116.99004364013672,33.968727111816406