CASE_ID,ACCIDENT_YEAR,PROC_DATE,JURIS,COLLISION_DATE,COLLISION_TIME,OFFICER_ID,REPORTING_DISTRICT,DAY_OF_WEEK,CHP_SHIFT,POPULATION,CNTY_CITY_LOC,SPECIAL_COND,BEAT_TYPE,CHP_BEAT_TYPE,CITY_DIVISION_LAPD,CHP_BEAT_CLASS,BEAT_NUMBER,PRIMARY_RD,SECONDARY_RD,DISTANCE,DIRECTION,INTERSECTION,WEATHER_1,WEATHER_2,STATE_HWY_IND,CALTRANS_COUNTY,CALTRANS_DISTRICT,STATE_ROUTE,ROUTE_SUFFIX,POSTMILE_PREFIX,POSTMILE,LOCATION_TYPE,RAMP_INTERSECTION,SIDE_OF_HWY,TOW_AWAY,COLLISION_SEVERITY,NUMBER_KILLED,NUMBER_INJURED,PARTY_COUNT,PRIMARY_COLL_FACTOR,PCF_CODE_OF_VIOL,PCF_VIOL_CATEGORY,PCF_VIOLATION,PCF_VIOL_SUBSECTION,HIT_AND_RUN,TYPE_OF_COLLISION,MVIW,PED_ACTION,ROAD_SURFACE,ROAD_COND_1,ROAD_COND_2,LIGHTING,CONTROL_DEVICE,CHP_ROAD_TYPE,PEDESTRIAN_ACCIDENT,BICYCLE_ACCIDENT,MOTORCYCLE_ACCIDENT,TRUCK_ACCIDENT,NOT_PRIVATE_PROPERTY,ALCOHOL_INVOLVED,STWD_VEHTYPE_AT_FAULT,CHP_VEHTYPE_AT_FAULT,COUNT_SEVERE_INJ,COUNT_VISIBLE_INJ,COUNT_COMPLAINT_PAIN,COUNT_PED_KILLED,COUNT_PED_INJURED,COUNT_BICYCLIST_KILLED,COUNT_BICYCLIST_INJURED,COUNT_MC_KILLED,COUNT_MC_INJURED,PRIMARY_RAMP,SECONDARY_RAMP,LATITUDE,LONGITUDE,COUNTY,CITY,POINT_X,POINT_Y
6989283,2015,2017-01-14,9655,2015-07-09,0132,16442,NA,4,3,9,3300,0,1,3,NA,2,315,RT 79,SCOTT RD,205,N,N,A,-,Y,RIV,8,79,-,R,12.28,H,-,N,Y,2,0,1,2,A,-,01,23152,A,N,B,C,A,A,H,-,C,D,0,NA,NA,Y,NA,Y,Y,C,02,1,0,0,0,0,0,0,0,1,-,-,33.64093,-117.08333,RIVERSIDE,UNINCORPORATED,-117.08463235,33.64056908
6989321,2015,2017-01-14,9655,2015-07-02,1510,015892,NA,4,2,9,3300,0,1,3,NA,1,118,RT 74,CARRIZO RD,408,E,N,A,-,Y,RIV,8,74,-,-,84.09,H,-,E,Y,3,0,1,1,A,-,01,23152,A,N,F,A,A,A,H,-,A,D,0,NA,NA,NA,NA,Y,Y,A,07,0,1,0,0,0,0,0,0,0,-,-,33.60843,-116.41751,RIVERSIDE,UNINCORPORATED,-116.41809565,33.60855436
6989677,2015,2016-12-17,9840,2015-06-20,0328,17037,NA,6,3,7,3313,0,1,3,NA,2,020,RT 91,VAN BUREN,875,W,N,A,-,Y,RIV,8,91,-,-,13.862,R,2,E,Y,3,0,1,1,A,-,01,23152,A,N,E,I,A,A,H,-,C,D,1,NA,NA,NA,NA,Y,Y,A,01,0,1,0,0,0,0,0,0,0,-,-,33.91318,-117.44438,RIVERSIDE,RIVERSIDE,-117.44498589,33.91297573
6990339,2015,2015-07-29,3300,2015-07-04,2232,4881,603A5,6,5,6,3394,0,0,0,NA,0,MV32,ALESSANDRO BL,INDIAN ST,80,E,N,A,-,N,NA,NA,NA,NA,NA,NA,NA,NA,NA,N,3,0,1,2,A,-,11,21950,B,N,G,B,D,A,H,-,C,D,0,Y,NA,NA,NA,Y,NA,N,60,0,1,0,0,1,0,0,0,0,-,-,NA,NA,RIVERSIDE,MORENO VALLEY,-117.23471713,33.91736
6993645,2015,2015-07-31,3302,2015-07-12,1101,898,MSJMC,7,5,3,3302,0,0,0,NA,0,002,HIGHLAND SPRINGS AV,6TH ST,308,S,N,A,-,N,NA,NA,NA,NA,NA,NA,NA,NA,NA,Y,4,0,3,2,A,-,08,22107,NA,N,D,C,A,A,H,-,A,A,0,NA,NA,NA,NA,Y,NA,A,01,0,0,3,0,0,0,0,0,0,-,-,NA,NA,RIVERSIDE,BEAUMONT,-116.94690121,33.9286189
6995258,2015,2015-07-31,3300,2015-06-22,0752,3611,602C4,1,5,6,3394,0,0,0,NA,0,MV24,ALESSANDRO BL,GRAHAM ST,1112,W,N,A,-,N,NA,NA,NA,NA,NA,NA,NA,NA,NA,Y,2,0,2,2,A,-,03,22350,NA,N,A,C,A,A,H,-,B,D,0,NA,NA,NA,NA,Y,NA,A,01,1,1,0,0,0,0,0,0,0,-,-,NA,NA,RIVERSIDE,MORENO VALLEY,-117.25608395,33.91732
6995476,2015,2015-08-05,3313,2015-06-07,1300,1789,CENTR,7,5,7,3313,0,0,0,NA,0,B325,VAN BUREN BL,JURUPA AV,81,N,N,A,-,N,NA,NA,NA,NA,NA,NA,NA,NA,NA,N,4,0,1,2,A,-,03,22350,NA,F,-,C,A,A,H,-,A,A,0,NA,NA,NA,NA,Y,NA,-,99,0,0,1,0,0,0,0,0,0,-,-,NA,NA,RIVERSIDE,RIVERSIDE,-117.46185487,33.95887184
6995962,2015,2015-08-05,3313,2015-07-09,1335,1537,W,4,5,7,3313,0,0,0,NA,0,T40,LA SIERRA AV,MINIER AV,15,S,N,A,-,N,NA,NA,NA,NA,NA,NA,NA,NA,NA,N,4,0,1,2,A,-,03,22350,NA,M,C,C,A,A,H,-,A,A,0,NA,NA,NA,NA,Y,NA,-,99,0,0,1,0,0,0,0,0,0,-,-,NA,NA,RIVERSIDE,RIVERSIDE,-117.48589235,33.91542597
6996878,2015,2015-08-08,3300,2015-07-11,2100,4406,602D3,6,5,6,3394,0,0,0,NA,0,026,COTTONWOOD AV,INDIAN ST,0,NA,Y,A,-,N,NA,NA,NA,NA,NA,NA,NA,NA,NA,Y,4,0,1,2,A,-,12,21453,A,N,D,C,A,A,H,-,C,A,0,NA,NA,NA,NA,Y,NA,A,01,0,0,1,0,0,0,0,0,0,-,-,NA,NA,RIVERSIDE,MORENO VALLEY,-117.23503012,33.92456009
6998909,2015,2016-12-17,3311,2015-06-28,1919,15842,NA,7,5,4,3311,0,0,0,NA,0,006,RT 111,BROADMOOR DR,312,E,N,A,-,Y,RIV,8,111,-,-,47.67,H,-,N,Y,3,0,3,2,A,-,07,21658,A,N,B,C,A,A,H,-,B,D,0,NA,NA,NA,NA,Y,NA,A,01,0,3,0,0,0,0,0,0,0,-,-,NA,NA,RIVERSIDE,PALM SPRINGS,-116.49313692,33.79283038
7000350,2015,2015-07-23,3301,2015-05-27,2102,U422,23,3,5,4,3301,0,0,0,NA,0,002,W HAYS,8TH ST,0,NA,Y,A,-,N,NA,NA,NA,NA,NA,NA,NA,NA,NA,N,2,0,1,2,A,-,03,22350,NA,F,G,B,D,A,H,-,C,A,0,Y,NA,NA,NA,Y,NA,A,07,1,0,0,0,1,0,0,0,0,-,-,33.94372,-116.89352,RIVERSIDE,BANNING,-116.8854501,33.92628011
7002785,2015,2015-07-31,3309,2015-06-26,1406,443,3309,5,5,4,3309,0,0,0,NA,0,001,MONROE ST,HOOVER ST,145,N,N,A,-,N,NA,NA,NA,NA,NA,NA,NA,NA,NA,Y,4,0,3,3,A,-,04,21703,NA,N,C,C,A,A,H,-,A,A,0,NA,NA,NA,NA,Y,NA,D,22,0,0,3,0,0,0,0,0,0,-,-,NA,NA,RIVERSIDE,INDIO,-116.23377,33.72716669
7003070,2015,2016-06-14,3309,2015-06-04,1128,180,3309,4,5,4,3309,0,0,0,NA,0,001,RT 111,MONROE ST,530,E,N,A,-,N,NA,NA,NA,NA,NA,NA,NA,NA,NA,N,4,0,2,2,A,-,03,22350,NA,N,C,C,A,A,H,-,A,A,0,NA,NA,NA,NA,Y,NA,A,01,0,0,2,0,0,0,0,0,0,-,-,NA,NA,RIVERSIDE,INDIO,-116.23213399,33.7148543
7003188,2015,2015-07-30,3300,2015-07-15,1348,4996,604C9,3,5,6,3394,0,0,0,NA,0,MV44,ADOBE WY,VIA DE LA REAL,422,S,N,A,-,N,NA,NA,NA,NA,NA,NA,NA,NA,NA,Y,4,0,2,2,A,-,09,21801,A,N,D,C,A,A,H,-,A,D,0,NA,NA,NA,NA,Y,NA,A,01,0,0,2,0,0,0,0,0,0,-,-,NA,NA,RIVERSIDE,MORENO VALLEY,-117.177118,33.89924908
7004863,2015,2015-07-25,3300,2015-06-21,1916,4940,902E3,7,5,6,3394,0,0,0,NA,0,MV28,DRACAEA AV,SHIREBOURN RD,0,NA,Y,A,-,N,NA,NA,NA,NA,NA,NA,NA,NA,NA,N,4,0,1,2,A,-,09,21800,A,N,D,G,A,A,H,-,A,D,0,NA,Y,NA,NA,Y,NA,A,01,0,0,1,0,0,0,1,0,0,-,-,NA,NA,RIVERSIDE,MORENO VALLEY,-117.22150012,33.92817008
7005028,2015,2017-01-25,9685,2015-07-10,0857,17285,NA,5,1,4,3342,0,1,1,NA,2,034,RT 215,KELLER RD,983,N,N,A,-,Y,RIV,8,215,-,R,14.72,H,-,S,Y,3,0,1,1,A,-,08,22107,NA,N,E,I,A,A,H,-,A,D,1,NA,NA,NA,NA,Y,NA,A,01,0,1,0,0,0,0,0,0,0,-,-,33.62834,-117.17132,RIVERSIDE,MURRIETA,-117.17125475,33.63000298
7005338,2015,2016-12-05,9840,2015-06-29,2245,015802,RIVER,1,3,7,3313,0,1,1,NA,2,023,RT 215,IOWA AV,220,N,N,A,-,Y,RIV,8,215,-,-,41.94,H,-,S,Y,3,0,1,1,A,-,03,22350,NA,N,E,I,A,A,H,-,C,D,1,NA,NA,NA,NA,Y,Y,A,01,0,1,0,0,0,0,0,0,0,-,-,33.98376,-117.34396,RIVERSIDE,RIVERSIDE,-117.340363,33.98045083
7005428,2015,2015-07-23,9840,2015-07-07,2020,15802,RIVER,2,2,9,3300,0,2,4,NA,2,043,RAMONA EXPWY,6TH ST,0,NA,Y,A,-,N,NA,NA,NA,NA,NA,NA,NA,NA,NA,Y,2,0,1,2,A,-,09,21801,A,N,D,C,A,A,H,-,A,D,0,NA,NA,Y,NA,Y,NA,A,07,1,0,0,0,0,0,0,0,1,-,-,33.83978,-117.10848,RIVERSIDE,UNINCORPORATED,-117.10858004,33.83977008
7006137,2015,2015-09-23,3300,2015-01-21,1635,4211,38D2,3,5,4,3318,0,0,0,NA,0,T38,COOK ST,GERALD FORD DR,296,S,N,A,-,N,NA,NA,NA,NA,NA,NA,NA,NA,NA,N,1,1,1,1,C,-,18,NA,NA,N,E,I,A,A,H,-,A,A,0,NA,NA,NA,NA,Y,NA,-,-,1,0,0,0,0,0,0,0,0,-,-,NA,NA,RIVERSIDE,PALM DESERT,-116.35580605,33.7808002
7006232,2015,2015-11-10,3300,2015-08-14,2134,4252,506A,5,5,5,3341,0,0,0,NA,0,056,BRADLEY RD,LAZY CREEK RD,0,NA,Y,A,-,N,NA,NA,NA,NA,NA,NA,NA,NA,NA,Y,1,1,0,2,A,-,11,21954,A,N,G,-,B,A,H,-,C,-,0,Y,NA,NA,NA,Y,NA,N,60,0,0,0,1,0,0,0,0,0,-,-,NA,NA,RIVERSIDE,MENIFEE,-117.18862009,33.68884004
7006459,2015,2016-01-25,3302,2015-07-29,1409,609,MSJSC,3,5,3,3302,0,0,0,NA,0,001,BEAUMONT AV,E 1ST,0,NA,Y,A,-,Y,RIV,8,79,-,-,40.084,I,5,N,Y,1,2,3,3,A,-,12,21453,A,N,D,C,A,A,H,-,A,A,0,NA,NA,NA,NA,Y,NA,D,22,2,0,1,0,0,0,0,0,0,-,-,NA,NA,RIVERSIDE,BEAUMONT,-116.97714773,33.92169638
7006743,2015,2016-01-12,9685,2015-07-12,0345,17013,NA,7,3,9,3300,0,1,1,NA,2,020,RT 215,RT 74,4621,N,N,A,-,Y,RIV,8,215,-,-,24.42,H,-,S,Y,1,1,0,2,A,-,03,22350,NA,N,E,J,A,A,D,H,D,D,1,NA,NA,NA,NA,Y,NA,A,07,0,0,0,0,0,0,0,0,0,-,-,34.29479,-117.687,RIVERSIDE,UNINCORPORATED,-117.19096599,33.76700468
7006785,2015,2016-01-25,9840,2015-07-12,0330,019242,NA,7,3,7,3313,0,1,3,NA,2,025,RT 60,DAY ST,4940,W,N,A,-,Y,RIV,8,60,-,-,11.29,H,-,W,Y,1,2,2,1,A,-,01,23152,A,N,E,I,A,A,H,-,C,D,1,NA,NA,NA,NA,Y,Y,A,01,2,0,0,0,0,0,0,0,0,TO,-,33.9458,-117.29552,RIVERSIDE,RIVERSIDE,-117.37173827,33.99940295
7009635,2015,2017-01-14,9655,2015-07-15,1430,14743,NA,3,2,9,3300,0,1,1,NA,2,204,RT 10,MAIN ST,2112,W,N,A,-,Y,RIV,8,10,-,R,19,H,-,W,N,3,0,1,1,A,-,03,22350,NA,N,F,A,A,A,H,-,A,D,1,NA,NA,Y,NA,Y,NA,C,02,0,1,0,0,0,0,0,0,1,-,-,33.91885,-116.87355,RIVERSIDE,UNINCORPORATED,-116.78381436,33.91890261
7010241,2015,2017-01-10,3300,2015-07-06,0650,3774,601C1,1,5,6,3394,0,0,0,NA,0,024,FREDERICK ST,RT 60,0,NA,Y,A,-,Y,RIV,8,60,-,-,14.036,R,4,E,Y,4,0,1,2,A,-,12,21453,A,N,D,C,A,A,H,-,A,A,0,NA,NA,NA,NA,Y,NA,-,-,0,0,1,0,0,0,0,0,0,-,EF,NA,NA,RIVERSIDE,MORENO VALLEY,-117.26666842,33.9406789
7010313,2015,2015-08-19,3300,2015-07-31,1846,N2646,602D1,5,5,6,3394,0,0,0,NA,0,026,SUNNYMEAD BL,INDIAN ST,907,E,N,A,-,N,NA,NA,NA,NA,NA,NA,NA,NA,NA,N,3,0,1,1,A,-,08,22107,NA,N,E,I,A,A,A,-,A,D,0,NA,NA,Y,NA,Y,NA,C,02,0,1,0,0,0,0,0,0,1,-,-,NA,NA,RIVERSIDE,MORENO VALLEY,-117.23208906,33.93907842
7010589,2015,2017-01-14,9840,2015-07-11,0110,19844,NA,6,3,6,3315,0,1,3,NA,2,031,RT 91,GRAND BL,1000,W,N,A,-,Y,RIV,8,91,-,-,5.83,H,-,W,Y,4,0,1,4,A,-,03,22350,NA,N,C,C,A,A,D,-,D,D,1,NA,NA,NA,NA,Y,NA,A,01,0,0,1,0,0,0,0,0,0,-,-,33.88397,-117.58356,RIVERSIDE,CORONA,-117.574823,33.88109466
7010591,2015,2017-01-14,9840,2015-07-13,1605,13950,NA,1,2,6,3315,0,1,3,NA,2,031,RT 91,WEST GRAND BL,100,E,N,A,-,Y,RIV,8,91,-,-,6.11,H,-,E,N,4,0,1,2,A,-,03,22350,NA,N,C,C,A,A,D,-,A,D,1,NA,NA,NA,NA,Y,NA,A,01,0,0,1,0,0,0,0,0,0,-,-,33.88045,-117.57037,RIVERSIDE,CORONA,-117.57001531,33.88044366
7010600,2015,2017-01-14,9840,2015-07-19,1335,18611,NA,7,1,6,3315,0,1,3,NA,2,031,RT 91,LINCOLN AV,300,E,N,B,-,Y,RIV,8,91,-,-,5.44,H,-,E,N,4,0,1,2,A,-,03,22350,NA,N,C,C,A,A,D,-,A,D,1,NA,NA,NA,NA,Y,NA,A,01,0,0,1,0,0,0,0,0,0,-,-,33.88158,-117.58144,RIVERSIDE,CORONA,-117.58150163,33.88166851
7011392,2015,2015-09-19,3300,2015-08-13,1547,N5539,905C,4,5,4,3307,0,0,0,NA,0,090,RAILROAD CANYON RD,FIRE STATION,180,W,N,A,-,N,NA,NA,NA,NA,NA,NA,NA,NA,NA,Y,3,0,3,1,A,-,08,22107,NA,N,A,I,A,A,H,-,A,D,0,NA,NA,NA,NA,Y,NA,A,01,0,1,2,0,0,0,0,0,0,-,-,NA,NA,RIVERSIDE,LAKE ELSINORE,NA,NA
7011570,2015,2015-09-19,3300,2015-08-31,1357,4996,604C5,1,5,6,3394,0,0,0,NA,0,MV44,LASSELLE ST,VIA DE ANZA,192,N,N,A,-,N,NA,NA,NA,NA,NA,NA,NA,NA,NA,N,4,0,3,4,A,-,03,22350,NA,N,C,C,A,A,H,-,A,A,0,NA,NA,NA,NA,Y,NA,A,08,0,0,3,0,0,0,0,0,0,-,-,NA,NA,RIVERSIDE,MORENO VALLEY,-117.20882,33.86195595
7012195,2015,2015-08-08,3300,2015-06-29,1529,3698,001J,1,5,6,3345,0,0,0,NA,0,014,JURUPA RD,CAMINO REAL,334,E,N,A,-,N,NA,NA,NA,NA,NA,NA,NA,NA,NA,N,4,0,1,2,A,-,03,22350,NA,N,C,C,A,A,H,-,A,A,0,NA,NA,NA,NA,Y,NA,A,07,0,0,1,0,0,0,0,0,0,-,-,NA,NA,RIVERSIDE,JURUPA VALLEY,-117.44590245,34.00652866
7012297,2015,2017-01-19,9840,2015-07-19,0145,18949,NA,7,3,9,3300,0,1,1,NA,2,037,RT 15,LAKE ST,6600,N,N,B,-,Y,RIV,8,15,-,-,27.96,H,-,S,Y,4,0,1,1,A,-,08,22107,NA,N,E,I,A,A,H,-,D,D,1,NA,NA,NA,NA,Y,NA,A,01,0,0,1,0,0,0,0,0,0,-,-,33.73338,-117.41756,RIVERSIDE,UNINCORPORATED,-117.41462117,33.73315045
7013891,2015,2015-08-17,3300,2015-05-05,2051,4956,803A,2,5,3,3343,0,0,0,NA,0,083,MISSION TRAIL,BUNDY CANYON RD,528,N,N,A,-,N,NA,NA,NA,NA,NA,NA,NA,NA,NA,Y,4,0,5,2,A,-,08,22107,NA,N,A,-,A,A,H,-,C,A,0,NA,NA,NA,NA,Y,NA,A,07,0,0,5,0,0,0,0,0,0,-,-,NA,NA,RIVERSIDE,WILDOMAR,-117.29037,33.62835494
7014199,2015,2016-06-14,3300,2015-06-03,1153,N3558,916A,3,5,4,3312,0,0,0,NA,0,393,RAMONA EXPWY,LAKE PERRIS DR,0,NA,Y,A,-,N,NA,NA,NA,NA,NA,NA,NA,NA,NA,N,3,0,1,2,D,-,00,NA,NA,N,H,-,A,A,H,-,A,A,0,NA,Y,NA,Y,Y,NA,-,-,0,1,0,0,0,0,1,0,0,-,-,NA,NA,RIVERSIDE,PERRIS,-117.20413006,33.84467009
7014783,2015,2017-01-23,9840,2015-07-26,1359,019719,NA,7,1,4,3310,0,1,1,NA,2,034,RT 15,HIDDEN VALLEY PKWY,10,S,N,A,-,Y,RIV,8,15,-,-,42.88,H,-,S,Y,4,0,1,2,A,-,03,22350,NA,N,C,C,A,A,H,-,A,D,1,NA,NA,NA,NA,Y,NA,A,07,0,0,1,0,0,0,0,0,0,-,-,33.89862,-117.56005999999999,RIVERSIDE,NORCO,-117.56005994,33.89865365
7015870,2015,2017-01-14,9685,2015-07-24,2125,016185,NA,5,2,9,3300,0,1,3,NA,2,011,RT 74,GRAND AV,3168,W,N,A,-,Y,RIV,8,74,-,-,11.24,H,-,W,Y,4,0,1,2,A,-,09,21804,A,N,D,C,A,A,H,-,D,D,0,NA,NA,NA,NA,Y,NA,A,01,0,0,1,0,0,0,0,0,0,-,-,33.65024,-117.37754,RIVERSIDE,UNINCORPORATED,-117.37808722,33.6510778
7016533,2015,2015-08-21,3308,2015-07-06,0813,10560,535,1,5,5,3308,0,0,0,NA,0,SOUTH,LYON AV,JOHNSTON AV,0,NA,Y,A,-,N,NA,NA,NA,NA,NA,NA,NA,NA,NA,Y,4,0,1,2,A,-,09,21800,A,N,D,C,A,A,H,-,A,A,0,NA,NA,NA,NA,Y,NA,D,22,0,0,1,0,0,0,0,0,0,-,-,NA,NA,RIVERSIDE,HEMET,-116.98902003,33.73288009
7016557,2015,2015-08-27,3308,2015-07-21,1718,4189,516,2,5,5,3308,0,0,0,NA,0,NORTH,STATE ST,FRONT ST,38,N,N,A,-,N,NA,NA,NA,NA,NA,NA,NA,NA,NA,N,4,0,1,2,A,-,21,22106,NA,N,C,C,A,A,H,-,A,A,0,NA,NA,NA,NA,Y,NA,D,22,0,0,1,0,0,0,0,0,0,-,-,NA,NA,RIVERSIDE,HEMET,-116.97172799,33.74798385
7016775,2015,2015-08-14,9655,2015-07-29,1730,012408,NA,3,2,9,3300,0,3,5,NA,2,003,DOMENIGONI PKWY,WARREN RD,20,E,N,B,-,N,NA,NA,NA,NA,NA,NA,NA,NA,NA,N,3,0,2,2,A,-,03,22350,NA,N,C,C,A,A,H,-,A,A,0,NA,NA,NA,NA,Y,NA,A,07,0,1,1,0,0,0,0,0,0,-,-,33.70481,-117.03293,RIVERSIDE,UNINCORPORATED,-117.03387465,33.70435954
7021037,2015,2015-12-02,3300,2015-07-29,0813,2392,420,3,5,2,3336,0,0,0,NA,0,CM20,WEST 7TH ST,SANDALWOOD DR,1584,N,N,A,-,N,NA,NA,NA,NA,NA,NA,NA,NA,NA,Y,3,0,1,1,A,-,01,23152,D,N,H,I,A,A,H,-,A,D,0,NA,NA,NA,NA,Y,NA,-,NA,0,1,0,0,0,0,0,0,0,-,-,NA,NA,RIVERSIDE,CALIMESA,-117.06249202,33.99590266
7022005,2015,2017-01-10,9840,2015-07-25,0227,015957,NA,6,3,6,3345,0,1,3,NA,2,010,RT 60,SANTA ANA RIVER,200,W,N,A,-,Y,RIV,8,60,-,-,10.47,H,-,W,Y,4,0,2,2,A,-,03,22350,NA,F,C,C,A,A,H,-,D,D,6,NA,NA,NA,NA,Y,NA,A,07,0,0,2,0,0,0,0,0,0,-,-,34.00446,-117.38416,RIVERSIDE,JURUPA VALLEY,-117.3845364,34.00444985
7022041,2015,2017-01-10,9840,2015-07-27,0108,020210,NA,1,3,6,3345,0,1,3,NA,2,010,RT 60,VALLEY WY,500,E,N,A,-,Y,RIV,8,60,-,-,7.64,H,-,W,Y,4,0,1,1,A,-,08,22107,NA,N,F,A,A,A,H,-,D,D,1,NA,NA,Y,NA,Y,NA,C,02,0,0,1,0,0,0,0,0,1,-,-,34.01132,-117.43168,RIVERSIDE,JURUPA VALLEY,-117.43214299,34.01135535
7023853,2015,2017-01-11,3311,2015-07-24,1857,15855,NA,5,5,4,3311,0,0,0,NA,0,004,GENE AUTRY TRL,RT 10,0,NA,Y,A,-,Y,RIV,8,10,-,-,35.853,R,4,E,Y,3,0,3,3,A,-,17,21461,A,N,A,C,A,A,H,-,A,A,0,NA,NA,NA,Y,Y,NA,A,07,0,1,2,0,0,0,0,0,0,-,-,NA,NA,RIVERSIDE,PALM SPRINGS,-116.50737046,33.8824326
7024939,2015,2015-08-28,3313,2015-07-26,0030,1565,C,7,5,7,3313,0,0,0,NA,0,A325,VAN BUREN BL,MAGNOLIA AV,553,S,N,A,-,N,NA,NA,NA,NA,NA,NA,NA,NA,NA,Y,4,0,1,1,A,-,08,22107,NA,N,E,I,A,A,H,-,C,A,0,NA,NA,NA,NA,Y,NA,A,01,0,0,1,0,0,0,0,0,0,-,-,NA,NA,RIVERSIDE,RIVERSIDE,-117.44558171,33.91914056
7025268,2015,2015-08-29,3313,2015-07-31,1357,1222,C,5,5,7,3313,0,0,0,NA,0,T41,INDIANA AV,JANE ST,474,E,N,B,-,N,NA,NA,NA,NA,NA,NA,NA,NA,NA,N,4,0,1,3,A,-,03,22350,NA,M,C,C,A,A,H,-,A,D,0,NA,NA,NA,NA,Y,NA,D,22,0,0,1,0,0,0,0,0,0,-,-,NA,NA,RIVERSIDE,RIVERSIDE,-117.38898638,33.94512453
7025971,2015,2017-01-23,9685,2015-08-06,1145,012190,NA,4,1,4,3342,0,1,1,NA,2,030,RT 15,WARM SPRINGS CREEK,200,N,N,A,-,Y,RIV,8,15,-,-,7.85,H,-,S,Y,4,0,1,2,A,-,03,22350,NA,N,C,C,A,A,H,-,A,D,1,NA,NA,NA,NA,Y,NA,A,07,0,0,1,0,0,0,0,0,0,-,-,NA,NA,RIVERSIDE,MURRIETA,-117.17353006,33.537993
7026080,2015,2015-08-22,3300,2015-07-18,0755,4586,001J,6,5,6,3345,0,0,0,NA,0,014,MISSION BL,SOTO AV,785,E,N,B,-,N,NA,NA,NA,NA,NA,NA,NA,NA,NA,Y,4,0,1,1,A,-,08,22107,NA,N,E,I,A,A,H,-,A,D,0,NA,NA,NA,NA,Y,NA,-,NA,0,0,1,0,0,0,0,0,0,-,-,NA,NA,RIVERSIDE,JURUPA VALLEY,-117.43816771,34.01205388
7027223,2015,2017-01-03,9685,2015-07-30,1610,013376,NA,4,2,4,3307,0,1,1,NA,2,010,RT 15,MAIN ST,1620,S,N,B,-,Y,RIV,8,15,-,-,20.64,H,-,S,Y,4,0,3,2,A,-,03,22350,NA,N,C,C,A,A,D,-,A,D,1,NA,NA,NA,NA,Y,NA,D,22,0,0,3,0,0,0,0,0,0,-,-,33.67417,-117.31803,RIVERSIDE,LAKE ELSINORE,-117.31946029,33.67460437
7027796,2015,2015-09-16,3313,2015-08-04,0806,1686,E,2,5,7,3313,0,0,0,NA,0,T58,PARK AV,PROSPECT AV,11,S,N,A,-,N,NA,NA,NA,NA,NA,NA,NA,NA,NA,Y,3,0,1,1,A,-,08,22107,NA,N,E,I,A,A,H,-,A,D,0,NA,NA,NA,NA,Y,NA,A,01,0,1,0,0,0,0,0,0,0,-,-,NA,NA,RIVERSIDE,RIVERSIDE,-117.37053843,33.96870407
7028285,2015,2016-01-25,3313,2015-05-16,1730,1768,C,6,5,7,3313,0,0,0,NA,0,C330,VAN BUREN BL,DUFFERIN AV,1790,NA,N,A,-,N,NA,NA,NA,NA,NA,NA,NA,NA,NA,Y,4,0,1,1,A,-,03,22350,NA,N,E,I,A,A,H,-,B,A,0,NA,NA,Y,NA,Y,NA,C,02,0,0,1,0,0,0,0,0,1,-,-,NA,NA,RIVERSIDE,RIVERSIDE,-117.4284801,33.89825008
7032347,2015,2016-07-26,3300,2015-08-18,1057,N5482,30A2,2,5,4,3318,0,0,0,NA,0,030,RT 111,FRED WARING DR,177,S,N,A,-,N,NA,NA,NA,NA,NA,NA,NA,NA,NA,Y,4,0,3,2,A,-,07,21658,A,N,B,C,A,A,H,-,A,A,0,NA,NA,NA,NA,Y,NA,A,01,0,0,3,0,0,0,0,0,0,-,-,NA,NA,RIVERSIDE,PALM DESERT,-116.40271292,33.72819409
7032451,2015,2015-09-02,3300,2015-07-07,0658,3717,002R,2,5,6,3345,0,0,0,NA,0,024,FELSPAR ST,59TH ST,29,S,N,A,-,N,NA,NA,NA,NA,NA,NA,NA,NA,NA,Y,4,0,2,3,A,-,08,22107,NA,N,E,I,A,A,H,-,A,D,0,NA,NA,NA,NA,Y,NA,A,01,0,0,2,0,0,0,0,0,0,-,-,NA,NA,RIVERSIDE,JURUPA VALLEY,-117.48413,33.98089053
7037048,2015,2015-08-26,9630,2015-08-01,1041,018451,NA,6,1,9,3300,0,2,4,NA,2,017,NORTH INDIAN CANYON DR,MISSION LAKES BL,0,NA,Y,A,-,N,NA,NA,NA,NA,NA,NA,NA,NA,NA,Y,3,0,1,1,A,-,03,22350,NA,N,E,I,A,A,H,-,A,A,0,NA,NA,Y,NA,Y,NA,C,02,0,1,0,0,0,0,0,0,1,-,-,NA,NA,RIVERSIDE,UNINCORPORATED,-116.54492002,33.97612007
7037109,2015,2017-01-20,9630,2015-08-04,1520,19310,NA,2,2,9,3300,0,1,3,NA,2,015,RT 62,INDIAN CANYON DR,3696,E,N,A,-,Y,RIV,8,62,-,-,7.61,H,-,W,N,3,0,1,1,A,-,08,22107,NA,N,E,I,A,A,H,-,A,D,5,NA,NA,Y,NA,Y,NA,C,02,0,1,0,0,0,0,0,0,1,-,-,34.1483,-116.57816,RIVERSIDE,UNINCORPORATED,-116.57748328,34.01465138
7038796,2015,2015-09-03,9630,2015-08-04,1352,20840,NA,2,1,9,3300,0,3,5,NA,2,005,58TH AV,VAN BUREN ST,601,W,N,A,-,N,NA,NA,NA,NA,NA,NA,NA,NA,NA,Y,3,0,2,1,A,-,08,22107,NA,N,E,I,A,A,H,-,A,D,0,NA,NA,NA,NA,Y,NA,A,01,0,2,0,0,0,0,0,0,0,-,-,33.62744,-116.19958,RIVERSIDE,UNINCORPORATED,-116.20057535,33.62747122
7038838,2015,2017-01-19,9685,2015-08-11,0520,015654,NA,2,3,9,3300,0,1,1,NA,2,030,RT 15,TEMECULA PKWY,279,S,N,E,-,Y,RIV,8,15,-,R,3.37,H,-,S,N,4,0,1,3,A,-,03,22350,NA,N,C,C,A,A,H,-,B,D,1,NA,NA,NA,NA,Y,NA,D,22,0,0,1,0,0,0,0,0,0,-,-,33.47361,-117.13826,RIVERSIDE,UNINCORPORATED,-117.14072663,33.48009282
7038923,2015,2017-01-14,9840,2015-08-14,2145,17481,NA,5,2,7,3313,0,1,3,NA,2,020,RT 91,BUCHANAN AV,500,E,N,A,-,Y,RIV,8,91,-,-,10.38,H,-,E,Y,3,0,2,2,A,-,07,21658,A,N,C,C,A,A,H,-,C,D,1,NA,NA,NA,NA,Y,NA,D,22,0,1,1,0,0,0,0,0,0,-,-,33.8947,-117.50053,RIVERSIDE,RIVERSIDE,-117.49974675,33.89479241