CASE_ID,ACCIDENT_YEAR,PROC_DATE,JURIS,COLLISION_DATE,COLLISION_TIME,OFFICER_ID,REPORTING_DISTRICT,DAY_OF_WEEK,CHP_SHIFT,POPULATION,CNTY_CITY_LOC,SPECIAL_COND,BEAT_TYPE,CHP_BEAT_TYPE,CITY_DIVISION_LAPD,CHP_BEAT_CLASS,BEAT_NUMBER,PRIMARY_RD,SECONDARY_RD,DISTANCE,DIRECTION,INTERSECTION,WEATHER_1,WEATHER_2,STATE_HWY_IND,CALTRANS_COUNTY,CALTRANS_DISTRICT,STATE_ROUTE,ROUTE_SUFFIX,POSTMILE_PREFIX,POSTMILE,LOCATION_TYPE,RAMP_INTERSECTION,SIDE_OF_HWY,TOW_AWAY,COLLISION_SEVERITY,NUMBER_KILLED,NUMBER_INJURED,PARTY_COUNT,PRIMARY_COLL_FACTOR,PCF_CODE_OF_VIOL,PCF_VIOL_CATEGORY,PCF_VIOLATION,PCF_VIOL_SUBSECTION,HIT_AND_RUN,TYPE_OF_COLLISION,MVIW,PED_ACTION,ROAD_SURFACE,ROAD_COND_1,ROAD_COND_2,LIGHTING,CONTROL_DEVICE,CHP_ROAD_TYPE,PEDESTRIAN_ACCIDENT,BICYCLE_ACCIDENT,MOTORCYCLE_ACCIDENT,TRUCK_ACCIDENT,NOT_PRIVATE_PROPERTY,ALCOHOL_INVOLVED,STWD_VEHTYPE_AT_FAULT,CHP_VEHTYPE_AT_FAULT,COUNT_SEVERE_INJ,COUNT_VISIBLE_INJ,COUNT_COMPLAINT_PAIN,COUNT_PED_KILLED,COUNT_PED_INJURED,COUNT_BICYCLIST_KILLED,COUNT_BICYCLIST_INJURED,COUNT_MC_KILLED,COUNT_MC_INJURED,PRIMARY_RAMP,SECONDARY_RAMP,LATITUDE,LONGITUDE,COUNTY,CITY,POINT_X,POINT_Y
7039509,2015,2016-07-25,9685,2015-08-07,1845,016381,NA,5,2,9,3300,0,3,5,NA,2,003,SAGE RD,POWER LINE RD,5280,N,N,A,-,N,NA,NA,NA,NA,NA,NA,NA,NA,NA,Y,3,0,2,1,A,-,03,22350,NA,N,F,A,A,A,H,-,A,D,0,NA,NA,Y,NA,Y,NA,C,02,0,2,0,0,0,0,0,0,2,-,-,NA,NA,RIVERSIDE,UNINCORPORATED,-116.89963513,33.52711696
7039545,2015,2017-01-14,9685,2015-07-28,0400,016150,NA,2,3,9,3300,0,1,3,NA,2,011,RT 74,EL CARISO ST,10560,W,N,A,-,Y,RIV,8,74,-,-,3.87,H,-,W,Y,3,0,1,1,A,-,01,23152,A,N,E,I,A,A,H,-,D,D,0,NA,NA,Y,NA,Y,Y,C,02,0,1,0,0,0,0,0,0,1,-,-,33.01095,-117.4271,RIVERSIDE,UNINCORPORATED,-117.42702064,33.61926852
7041138,2015,2015-09-21,3306,2015-01-29,1608,122,3306,4,5,3,3306,0,0,0,NA,0,NA,HACIENDA AV,INAJA ST,0,NA,Y,A,-,N,NA,NA,NA,NA,NA,NA,NA,NA,NA,N,3,0,1,2,A,-,09,21801,A,N,D,C,A,A,H,-,A,D,0,NA,NA,Y,NA,Y,NA,A,08,0,1,0,0,0,0,0,0,1,-,-,NA,NA,RIVERSIDE,DESERT HOT SPRINGS,-116.47767008,33.95414006
7041463,2015,2015-09-10,3308,2015-07-15,1543,10527,285,3,5,5,3308,0,0,0,NA,0,NORTH,ESPLANADE AV,SANDERSON AV,809,W,N,A,-,N,NA,NA,NA,NA,NA,NA,NA,NA,NA,N,4,0,1,2,A,-,04,21703,NA,N,C,C,A,A,H,-,A,A,0,NA,NA,NA,Y,Y,NA,A,01,0,0,1,0,0,0,0,0,0,-,-,NA,NA,RIVERSIDE,HEMET,-117.00934271,33.77274803
7041894,2015,2015-09-11,3300,2015-08-12,1017,3098,910F,3,5,5,3335,0,0,0,NA,0,062,YNEZ RD,OVERLAND DR,35,S,N,A,-,N,NA,NA,NA,NA,NA,NA,NA,NA,NA,N,4,0,5,3,A,-,03,22350,NA,N,C,C,A,A,H,-,A,A,0,NA,NA,NA,NA,Y,NA,A,01,0,0,5,0,0,0,0,0,0,-,-,NA,NA,RIVERSIDE,TEMECULA,-117.15654914,33.51983573
7043730,2015,2017-01-14,9685,2015-08-22,0828,015857,NA,6,1,9,3300,0,1,3,NA,1,026,RT 74,JUNIPER FLATS RD,39,W,N,A,-,Y,RIV,8,74,-,-,32.02,H,-,E,Y,3,0,1,2,A,-,03,22350,NA,N,C,C,A,A,H,-,A,A,0,NA,NA,NA,NA,Y,NA,A,01,0,1,0,0,0,0,0,0,0,-,-,33.74321,-117.11539,RIVERSIDE,UNINCORPORATED,-117.115221,33.74323763
7043898,2015,2015-09-04,3300,2015-08-11,0729,2403,920A,2,5,4,3314,0,0,0,NA,0,074,SANDERSON AV,COTTONWOOD AV,5396,N,N,A,-,N,NA,NA,NA,NA,NA,NA,NA,NA,NA,Y,2,0,1,1,A,-,07,21658,A,N,E,I,A,A,H,-,A,D,0,NA,NA,NA,NA,Y,NA,A,01,1,0,0,0,0,0,0,0,0,-,-,NA,NA,RIVERSIDE,SAN JACINTO,-117.00688418,33.80208691
7045335,2015,2016-12-07,3308,2015-05-12,0039,10548,517,2,5,5,3308,0,0,0,NA,0,SOUTH,FLORIDA AV,SAN JACINTO ST,381,E,N,A,-,Y,RIV,8,74,-,-,41.42,H,-,E,N,3,0,1,2,A,-,09,21804,A,F,D,G,A,A,H,-,D,D,0,NA,Y,NA,NA,Y,NA,L,04,0,1,0,0,0,0,1,0,0,-,-,NA,NA,RIVERSIDE,HEMET,-116.95722562,33.74761718
7045406,2015,2015-09-08,3300,2015-08-06,1535,4781,602D2,4,5,6,3394,0,0,0,NA,0,026,SUNNYMEAD BL,BACK WY,265,W,N,B,-,N,NA,NA,NA,NA,NA,NA,NA,NA,NA,N,4,0,2,2,A,-,09,21804,A,N,B,C,A,A,H,-,A,D,0,NA,NA,NA,NA,Y,NA,A,01,0,0,2,0,0,0,0,0,0,-,-,NA,NA,RIVERSIDE,MORENO VALLEY,-117.23892097,33.93906698
7045427,2015,2015-09-08,3311,2015-08-19,0444,15824,3311,3,5,4,3311,0,0,0,NA,0,002,NORTH INDIAN CANYON DR,WEST VIA OLIVERA,276,S,N,A,-,N,NA,NA,NA,NA,NA,NA,NA,NA,NA,Y,4,0,1,2,A,-,07,21658,A,N,B,E,A,A,H,-,C,D,0,NA,NA,NA,NA,Y,NA,A,01,0,0,1,0,0,0,0,0,0,-,-,NA,NA,RIVERSIDE,PALM SPRINGS,-116.54558,33.8495346
7045619,2015,2015-09-11,3300,2015-07-23,1005,4071,603D5,4,5,6,3394,0,0,0,NA,0,MV38,LASSELLE ST,CAMINO QUINTANA,115,N,N,A,-,N,NA,NA,NA,NA,NA,NA,NA,NA,NA,Y,4,0,1,1,A,-,08,22107,NA,N,E,I,A,A,H,-,A,D,0,NA,NA,NA,NA,Y,NA,A,07,0,0,1,0,0,0,0,0,0,-,-,NA,NA,RIVERSIDE,MORENO VALLEY,-117.20890521,33.86438134
7045815,2015,2015-09-11,3306,2015-05-11,1709,124,3306,1,5,3,3306,0,0,0,NA,0,NA,PALM DR,HACIENDA AV,300,S,N,A,-,N,NA,NA,NA,NA,NA,NA,NA,NA,NA,Y,4,0,1,2,A,-,09,21801,NA,N,A,C,A,A,H,-,A,D,0,NA,NA,NA,NA,Y,NA,A,01,0,0,1,0,0,0,0,0,0,-,-,NA,NA,RIVERSIDE,DESERT HOT SPRINGS,-116.50131,33.95332896
7048695,2015,2015-09-21,3313,2015-08-23,1200,1703,C,7,5,7,3313,0,0,0,NA,0,B317,LINCOLN AV,MARY ST,24,W,N,A,-,N,NA,NA,NA,NA,NA,NA,NA,NA,NA,N,3,0,3,2,A,-,12,21453,A,N,D,C,A,A,H,-,A,A,0,NA,NA,NA,NA,Y,NA,-,-,0,1,2,0,0,0,0,0,0,-,-,NA,NA,RIVERSIDE,RIVERSIDE,-117.38823433,33.93528193
7048700,2015,2015-09-14,3313,2015-08-20,1440,1822,E,4,5,7,3313,0,0,0,NA,0,T40,CANYON CREST DR,CENTRAL AV,291,N,N,A,-,N,NA,NA,NA,NA,NA,NA,NA,NA,NA,N,4,0,1,1,A,-,08,22107,NA,N,E,I,A,A,H,-,A,D,0,NA,NA,NA,NA,Y,NA,A,07,0,0,1,0,0,0,0,0,0,-,-,NA,NA,RIVERSIDE,RIVERSIDE,-117.32922814,33.95577883
7050246,2015,2017-01-10,9685,2015-08-29,2130,013165,NA,6,2,5,3341,0,1,1,NA,2,020,RT 215,MCLAUGHLIN RD,15,S,N,A,-,Y,RIV,8,215,-,-,22.25,H,-,N,Y,4,0,1,1,A,-,08,22107,NA,N,E,I,A,A,D,-,D,D,1,NA,NA,NA,NA,Y,NA,A,01,0,0,1,0,0,0,0,0,0,-,-,NA,NA,RIVERSIDE,MENIFEE,-117.18915143,33.73557072
7052109,2015,2015-09-29,3300,2015-08-07,0056,5327,81A2,5,5,3,3305,0,0,0,NA,0,1480,CALHOUN ST,EL MISIONERO DR,0,NA,Y,A,-,N,NA,NA,NA,NA,NA,NA,NA,NA,NA,Y,2,0,3,2,A,-,08,22100,A,F,A,I,A,A,H,-,C,A,0,NA,NA,NA,NA,Y,Y,A,01,2,1,0,0,0,0,0,0,0,-,-,NA,NA,RIVERSIDE,COACHELLA,NA,NA
7052867,2015,2016-10-14,3302,2015-07-24,0900,905,N,5,5,3,3302,0,0,0,NA,0,004,OAK VALLEY,DESERT LAWN,0,NA,Y,A,-,N,NA,NA,NA,NA,NA,NA,NA,NA,NA,Y,4,0,1,1,A,-,03,22350,NA,N,E,I,A,A,H,-,A,D,0,NA,NA,NA,NA,Y,NA,A,01,0,0,1,0,0,0,0,0,0,-,-,NA,NA,RIVERSIDE,BEAUMONT,-117.00820006,33.94391004
7054274,2015,2015-09-25,3313,2015-09-08,1100,1820,W,2,5,7,3313,0,0,0,NA,0,T70,ARLINGTON AV,MITCHELL AV,0,NA,Y,A,-,N,NA,NA,NA,NA,NA,NA,NA,NA,NA,Y,4,0,2,2,A,-,12,21453,A,N,D,C,A,A,H,-,A,A,0,NA,NA,NA,NA,Y,NA,A,07,0,0,2,0,0,0,0,0,0,-,-,NA,NA,RIVERSIDE,RIVERSIDE,-117.49159006,33.94466012
7054337,2015,2015-09-29,3313,2015-09-09,1256,1762,C,3,5,7,3313,0,0,0,NA,0,T44,MAGNOLIA AV,OVERLAND ST,0,NA,Y,B,-,N,NA,NA,NA,NA,NA,NA,NA,NA,NA,Y,3,0,2,2,A,-,09,21801,A,N,D,C,A,A,H,-,A,A,0,NA,NA,NA,NA,Y,NA,A,08,0,1,1,0,0,0,0,0,0,-,-,NA,NA,RIVERSIDE,RIVERSIDE,-117.43474009,33.92714006
7055908,2015,2017-01-14,9655,2015-08-25,1820,16564,NA,2,2,9,3300,0,1,1,NA,2,204,RT 10,MALKI RD,20,W,N,A,-,Y,RIV,8,10,-,R,16.308,R,2,W,N,4,0,1,1,A,-,08,22107,NA,N,E,I,A,A,H,-,A,D,1,NA,NA,Y,NA,Y,NA,C,02,0,0,1,0,0,0,0,0,1,FR,-,33.93189,-116.82456,RIVERSIDE,UNINCORPORATED,-116.8260403,33.93161014
7056938,2015,2015-11-13,3300,2015-10-27,0745,N1673,36K3,2,5,4,3318,0,0,0,NA,0,T36,HOVLEY GARDENS DR,VERDIN LN,111,E,N,A,-,N,NA,NA,NA,NA,NA,NA,NA,NA,NA,N,4,0,1,2,A,-,09,21804,A,N,D,G,A,A,H,-,A,A,0,NA,Y,NA,NA,Y,NA,L,04,0,0,1,0,0,0,1,0,0,-,-,NA,NA,RIVERSIDE,PALM DESERT,-116.36342716,33.7419491
7057358,2015,2015-11-16,3302,2015-09-29,1410,496,MSJMC,2,5,3,3302,0,0,0,NA,0,001,1ST ST,MAPLE AV,398,W,N,A,-,N,NA,NA,NA,NA,NA,NA,NA,NA,NA,N,2,0,1,2,A,-,08,22107,NA,N,B,C,A,A,H,-,A,D,0,NA,Y,NA,NA,Y,NA,L,04,1,0,0,0,0,0,1,0,0,-,-,NA,NA,RIVERSIDE,BEAUMONT,-116.97426741,33.9217
7058997,2015,2015-10-07,3313,2015-09-27,1021,1777,C,7,5,7,3313,0,0,0,NA,0,B339,MONROE,COPENHAGEN,150,S,N,A,-,N,NA,NA,NA,NA,NA,NA,NA,NA,NA,Y,4,0,1,2,A,-,08,22107,NA,N,-,-,A,A,H,-,A,D,0,NA,NA,NA,NA,Y,NA,A,07,0,0,1,0,0,0,0,0,0,-,-,NA,NA,RIVERSIDE,RIVERSIDE,-117.42298965,33.91807193
7059809,2015,2017-01-11,9630,2015-09-12,2248,021063,NA,6,3,4,3309,0,1,1,NA,2,022,RT 10,MONROE ST,5808,W,N,A,-,Y,RIV,8,10,-,R,53.64,H,-,E,Y,3,0,2,1,A,-,00,23162,A,N,E,I,A,A,H,-,D,D,1,NA,NA,NA,NA,Y,Y,A,01,0,2,0,0,0,0,0,0,0,-,-,33.73991,-116.25254,RIVERSIDE,INDIO,-116.25225295,33.73987208
7059857,2015,2015-11-16,3313,2015-09-30,0126,1373,EAST,3,5,7,3313,0,0,0,NA,0,A229,ALESSANDRO BL,ROYAL HILL DR,373,E,N,A,-,N,NA,NA,NA,NA,NA,NA,NA,NA,NA,Y,4,0,1,1,A,-,01,23152,F,N,E,I,A,A,H,-,C,D,0,NA,NA,NA,NA,Y,Y,A,01,0,0,1,0,0,0,0,0,0,-,-,33.94909,-117.35858,RIVERSIDE,RIVERSIDE,-117.3578222,33.948774
7060980,2015,2017-01-10,9840,2015-08-18,1730,18498,NA,2,2,6,3394,0,1,3,NA,2,025,RT 60,HEACOCK ST,1600,E,N,A,-,Y,RIV,8,60,-,-,15.59,R,2,E,N,4,0,3,2,A,-,03,22350,NA,F,C,C,A,A,H,-,A,D,1,NA,NA,NA,NA,Y,NA,A,01,0,0,3,0,0,0,0,0,0,FR,-,33.94097,-117.23837,RIVERSIDE,MORENO VALLEY,-117.23969005,33.94101731
7061555,2015,2015-11-23,3300,2015-09-29,0903,N3202,011K,2,5,4,3344,0,0,0,NA,0,61C1,HAMNER AV,OAKDALE ST,45,S,N,A,-,N,NA,NA,NA,NA,NA,NA,NA,NA,NA,N,4,0,1,2,A,-,03,22350,NA,N,C,C,A,A,H,-,A,A,0,NA,NA,NA,NA,Y,NA,A,01,0,0,1,0,0,0,0,0,0,-,-,NA,NA,RIVERSIDE,EASTVALE,-117.55845926,33.97160668
7061706,2015,2017-01-10,9840,2015-09-04,2210,017817,NA,5,3,6,3394,0,1,3,NA,2,025,RT 60,GILMAN SPRINGS RD,400,W,N,A,-,Y,RIV,8,60,-,-,22.08,H,-,W,N,4,0,1,2,A,-,21,22106,NA,F,G,B,E,A,H,-,D,D,1,Y,NA,NA,NA,Y,NA,E,22,0,0,1,0,1,0,0,0,0,-,-,33.93756,-117.12796,RIVERSIDE,MORENO VALLEY,-117.12721668,33.93821101
7061812,2015,2016-08-12,3300,2015-10-12,2005,N3130,916D,1,5,4,3312,0,0,0,NA,0,035,4TH ST,G ST,273,E,N,A,-,N,NA,NA,NA,NA,NA,NA,NA,NA,NA,N,4,0,1,2,A,-,03,22350,NA,N,C,C,A,A,H,-,C,D,0,NA,NA,NA,NA,Y,NA,A,01,0,0,1,0,0,0,0,0,0,-,-,NA,NA,RIVERSIDE,PERRIS,-117.2208444,33.78237
7062179,2015,2015-11-16,3300,2015-06-26,1024,4470,916D,5,5,4,3312,0,0,0,NA,0,035,4TH ST,G ST,0,NA,Y,A,-,N,NA,NA,NA,NA,NA,NA,NA,NA,NA,N,4,0,1,2,A,-,12,21453,A,N,B,C,A,A,H,-,A,A,0,NA,NA,NA,NA,Y,NA,A,01,0,0,1,0,0,0,0,0,0,-,-,NA,NA,RIVERSIDE,PERRIS,-117.22174003,33.78237003
7064428,2015,2017-01-14,9840,2015-08-24,0222,19844,NA,1,3,6,3315,0,1,3,NA,2,031,RT 91,MAIN ST,750,W,N,A,-,Y,RIV,8,91,-,-,6.2,H,-,E,Y,3,0,2,2,A,-,03,22350,NA,N,C,C,A,A,D,-,D,D,1,NA,NA,NA,NA,Y,NA,A,01,0,1,1,0,0,0,0,0,0,-,-,33.88067,-117.57213,RIVERSIDE,CORONA,-117.56845297,33.88027493
7064491,2015,2017-01-10,9840,2015-07-29,0234,17817,NA,3,3,7,3313,0,1,1,NA,2,023,RT 215,UNIVERSITY AV,1200,S,N,A,-,Y,RIV,8,215,-,-,41.26,H,-,N,Y,3,0,1,3,A,-,01,23152,A,M,B,C,A,A,H,-,C,D,1,NA,NA,NA,NA,Y,Y,A,01,0,1,0,0,0,0,0,0,0,-,-,33.97492,-117.33437,RIVERSIDE,RIVERSIDE,-117.33252968,33.97311415
7064499,2015,2017-01-19,9840,2015-09-01,2113,18849,NA,2,2,6,3315,0,1,1,NA,2,034,RT 15,WEIRICK RD,300,N,N,A,-,Y,RIV,8,15,-,-,35.854,R,2,S,Y,4,0,1,3,A,-,07,21658,A,N,C,C,A,A,H,-,D,D,1,NA,NA,NA,NA,Y,NA,A,01,0,0,1,0,0,0,0,0,0,TO,-,33.80792,-117.50843,RIVERSIDE,CORONA,-117.50906004,33.80982735
7065149,2015,2016-07-25,9630,2015-08-12,1100,18451,NA,3,1,9,3300,0,2,4,NA,2,051,GRAPEFRUIT BL,FILLMORE ST,198,N,N,A,-,N,NA,NA,NA,NA,NA,NA,NA,NA,NA,N,4,0,1,2,A,-,03,22350,NA,N,C,C,A,A,H,-,A,D,0,NA,NA,NA,NA,Y,NA,D,22,0,0,1,0,0,0,0,0,0,-,-,33.63431,-116.13401,RIVERSIDE,UNINCORPORATED,-116.13404989,33.63429139
7065151,2015,2015-09-18,9630,2015-08-26,1450,15710,NA,3,2,9,3300,0,3,5,NA,2,005,73RD AV,FILLMORE ST,0,NA,Y,A,-,N,NA,NA,NA,NA,NA,NA,NA,NA,NA,Y,4,0,2,2,A,-,12,22450,A,N,D,C,A,A,H,-,A,A,0,NA,NA,NA,NA,Y,NA,A,01,0,0,2,0,0,0,0,0,0,-,-,33.5179,-116.1301,RIVERSIDE,UNINCORPORATED,-116.13013007,33.5179401
7065335,2015,2015-09-17,9655,2015-08-27,1701,014421,NA,4,2,9,3300,0,3,5,NA,2,002,BEAUMONT AV,ORCHARD ST,30,S,N,A,-,N,NA,NA,NA,NA,NA,NA,NA,NA,NA,Y,2,0,2,2,A,-,08,22107,NA,N,D,G,A,A,H,-,A,D,0,NA,Y,Y,NA,Y,NA,L,04,1,1,0,0,0,0,1,0,1,-,-,33.97585,-116.97737,RIVERSIDE,UNINCORPORATED,-116.97732961,33.97587785
7065336,2015,2016-01-06,9655,2015-08-28,0948,015862,NA,5,1,9,3300,0,3,5,NA,2,003,DOMENIGONI PKWY,RT 79,3696,W,N,A,-,N,NA,NA,NA,NA,NA,NA,NA,NA,NA,Y,4,0,4,2,A,-,03,22350,NA,N,C,C,A,A,H,-,A,D,0,NA,NA,NA,NA,Y,NA,A,01,0,0,4,0,0,0,0,0,0,-,-,33.69237,-117.09835,RIVERSIDE,UNINCORPORATED,-117.09613288,33.69304683
7065387,2015,2017-01-10,9840,2015-08-20,1755,14991,NA,4,2,6,3394,0,1,3,NA,2,025,RT 60,FREDERICK,2300,E,N,A,-,Y,RIV,8,60,-,-,14.79,H,-,E,Y,3,0,1,2,A,-,07,21658,A,N,C,C,A,A,H,-,A,D,1,NA,NA,Y,NA,Y,NA,A,01,0,1,0,0,0,0,0,0,1,-,-,33.94074,-117.25579,RIVERSIDE,MORENO VALLEY,-117.25356623,33.94085454
7065388,2015,2017-01-10,9840,2015-08-31,1750,14571,NA,1,2,7,3313,0,1,3,NA,2,010,RT 60,RT 91,150,W,N,A,-,Y,RIV,8,60,-,-,12.18,H,-,E,N,4,0,1,2,A,-,03,22350,NA,N,C,C,A,A,H,-,A,D,1,NA,NA,NA,NA,Y,NA,A,01,0,0,1,0,0,0,0,0,0,-,-,33.99358,-117.3583,RIVERSIDE,RIVERSIDE,-117.35785016,33.99346954
7065413,2015,2017-01-10,9840,2015-08-26,1715,14991,NA,3,2,6,3394,0,1,3,NA,2,025,RT 60,REDLANDS BL,0,E,N,A,-,Y,RIV,8,60,-,-,20.62,H,-,W,Y,3,0,1,1,A,-,08,22107,NA,N,E,I,A,A,H,-,A,D,1,NA,NA,NA,NA,Y,NA,A,01,0,1,0,0,0,0,0,0,0,-,-,33.93943,-117.14702,RIVERSIDE,MORENO VALLEY,-117.15237027,33.93941139
7065432,2015,2017-01-11,9630,2015-08-02,1605,020570,NA,7,2,4,3311,0,1,1,NA,2,010,RT 10,NORTH INDIAN CANYON DR,7392,W,N,A,-,Y,RIV,8,10,-,-,31.73,H,-,E,Y,3,0,1,1,A,-,08,22107,NA,N,F,A,A,A,H,-,A,D,1,NA,NA,NA,NA,Y,NA,A,01,0,1,0,0,0,0,0,0,0,-,-,33.9073,-116.5701,RIVERSIDE,PALM SPRINGS,-116.56938665,33.9072317
7065464,2015,2017-01-25,9685,2015-08-26,2005,16502,NA,3,2,4,3312,0,1,1,NA,2,020,RT 215,RT 74,5808,N,N,A,-,Y,RIV,8,215,-,-,24.41,H,-,S,Y,3,0,2,2,A,-,01,23152,A,N,B,C,A,A,D,-,D,D,1,NA,NA,NA,NA,Y,Y,A,01,0,1,1,0,0,0,0,0,0,-,-,33.4608,-117.1137,RIVERSIDE,PERRIS,-117.19085491,33.76689152
7066025,2015,2017-01-10,9840,2015-08-21,1815,1745,NA,5,2,9,3300,0,1,1,NA,2,040,RT 215,HARLEY KNOX BL,3000,S,N,A,-,Y,RIV,8,215,-,R,31.76,H,-,S,Y,4,0,1,2,A,-,03,22350,NA,N,C,C,A,A,H,-,A,D,1,NA,NA,NA,NA,Y,NA,A,01,0,0,1,0,0,0,0,0,0,-,-,33.86017,-117.25911,RIVERSIDE,UNINCORPORATED,-117.25653096,33.8548462
7066421,2015,2017-01-11,3300,2015-09-07,2105,3658,420,1,5,2,3336,0,0,0,NA,0,020,CALIMESA BL,RT 10,21,W,N,A,-,Y,RIV,8,10,-,R,1.078,R,4,W,Y,2,0,1,1,A,-,08,22107,NA,N,E,I,A,A,H,-,D,D,0,NA,NA,Y,NA,Y,Y,C,02,1,0,0,0,0,0,0,0,1,-,-,NA,NA,RIVERSIDE,CALIMESA,-117.05623418,33.99015695
7066448,2015,2015-09-22,3300,2015-08-30,1020,4338,910F,7,5,5,3335,0,0,0,NA,0,062,WINCHESTER RD,YNEZ RD,0,NA,Y,A,-,N,NA,NA,NA,NA,NA,NA,NA,NA,NA,Y,4,0,1,2,A,-,12,21453,A,N,D,C,A,A,H,-,A,A,0,NA,NA,NA,NA,Y,NA,A,01,0,0,1,0,0,0,0,0,0,-,-,33.52469,-117.16016,RIVERSIDE,TEMECULA,-117.16036007,33.5246601
7067062,2015,2015-09-28,3300,2015-09-03,1254,4323,910B,4,5,5,3335,0,0,0,NA,0,063,WINCHESTER RD,NICOLAS RD,400,S,N,A,-,N,NA,NA,NA,NA,NA,NA,NA,NA,NA,N,4,0,2,2,A,-,17,22109,NA,N,C,C,A,A,H,-,A,D,0,NA,NA,NA,NA,Y,NA,A,01,0,0,2,0,0,0,0,0,0,-,-,NA,NA,RIVERSIDE,TEMECULA,-117.14503693,33.53824329
7067341,2015,2015-09-23,3300,2015-09-04,2133,4413,910Q,5,5,5,3335,0,0,0,NA,0,069,WOLF VALLEY RD,FORREST FALLS WY,0,NA,Y,A,-,N,NA,NA,NA,NA,NA,NA,NA,NA,NA,Y,4,0,3,2,A,-,09,21801,A,N,D,C,A,A,H,-,C,D,0,NA,NA,NA,NA,Y,NA,A,01,0,0,3,0,0,0,0,0,0,-,-,NA,NA,RIVERSIDE,TEMECULA,-117.10302005,33.46421009
7069604,2015,2017-01-20,9655,2015-09-12,1755,19234,NA,6,2,9,3300,0,1,1,NA,2,204,RT 10,MORONGO TRL,750,W,N,A,-,Y,RIV,8,10,-,R,17.52,H,-,E,Y,4,0,1,1,A,-,08,22107,NA,N,E,I,A,A,H,-,A,D,1,NA,NA,NA,NA,Y,Y,D,22,0,0,1,0,0,0,0,0,0,-,-,33.92245,-116.80969,RIVERSIDE,UNINCORPORATED,-116.80881872,33.92224266
7070519,2015,2015-09-17,3311,2015-09-04,1700,15842,NA,5,5,4,3311,0,0,0,NA,0,003,RAMON RD,AVENIDA CABALLEROS,0,NA,Y,A,-,N,NA,NA,NA,NA,NA,NA,NA,NA,NA,Y,3,0,1,2,D,-,00,NA,NA,N,B,C,A,A,H,-,A,A,0,NA,NA,NA,NA,Y,NA,-,-,0,1,0,0,0,0,0,0,0,-,-,NA,NA,RIVERSIDE,PALM SPRINGS,-116.53694001,33.8158901
7070554,2015,2015-09-19,3313,2015-08-17,1830,1629,CTR,1,5,7,3313,0,0,0,NA,0,C312,CALIFORNIA AV,JEFFERSON ST,40,E,N,A,-,N,NA,NA,NA,NA,NA,NA,NA,NA,NA,N,4,0,1,2,A,-,11,21954,A,N,G,B,D,A,H,-,A,A,0,Y,NA,NA,NA,Y,NA,N,60,0,0,1,0,1,0,0,0,0,-,-,NA,NA,RIVERSIDE,RIVERSIDE,-117.4218911,33.94353143
7071244,2015,2017-02-03,9660,2015-09-12,0558,21088,NA,6,3,3,3303,0,1,1,NA,2,032,RT 10,NEIGHBORS,7920,W,N,A,-,Y,RIV,8,10,-,R,147.48,H,-,E,Y,4,0,1,1,A,-,08,22107,NA,N,F,A,A,A,H,-,B,D,1,NA,NA,NA,NA,Y,NA,D,22,0,0,1,0,0,0,0,0,0,-,-,33.60664,-114.68551,RIVERSIDE,BLYTHE,-114.68666347,33.60657996
7078444,2015,2017-01-11,9655,2015-08-20,1715,14743,NA,4,2,3,3302,0,1,1,NA,2,202,RT 10,HIGHLAND SPRINGS AV,80,W,N,A,-,Y,RIV,8,10,-,-,9.103,R,1,E,N,4,0,1,2,A,-,03,22350,NA,N,C,C,A,A,A,-,A,A,1,NA,NA,NA,NA,Y,NA,E,22,0,0,1,0,0,0,0,0,0,TO,-,33.92645,-116.94729,RIVERSIDE,BEAUMONT,-116.95056839,33.92687928
7079184,2015,2015-10-15,3313,2015-09-29,1402,1779,C,2,5,7,3313,0,0,0,NA,0,T49,ARLINGTON AV,STREETER AV,221,E,N,A,-,N,NA,NA,NA,NA,NA,NA,NA,NA,NA,N,4,0,2,2,A,-,03,22350,NA,N,C,C,A,A,H,-,A,A,0,NA,NA,NA,NA,Y,NA,A,01,0,0,2,0,0,0,0,0,0,-,-,NA,NA,RIVERSIDE,RIVERSIDE,-117.41778342,33.94606
7079988,2015,2015-10-03,3300,2015-08-18,1727,4924,916A,2,5,4,3312,0,0,0,NA,0,031,RAMONA EXPWY,NEVADA RD,0,NA,Y,A,-,N,NA,NA,NA,NA,NA,NA,NA,NA,NA,Y,4,0,1,2,A,-,09,21802,A,N,D,C,A,A,H,-,A,A,0,NA,NA,NA,NA,Y,NA,D,22,0,0,1,0,0,0,0,0,0,-,-,NA,NA,RIVERSIDE,PERRIS,-117.24819004,33.84454011
7082364,2015,2015-10-03,3300,2015-09-15,1020,2988,NA,2,5,6,3394,0,0,0,NA,0,NA,IRIS AV,HAMMETT CT,240,E,N,C,-,N,NA,NA,NA,NA,NA,NA,NA,NA,NA,Y,4,0,1,1,A,-,03,22350,NA,N,E,J,A,B,H,-,A,D,0,NA,NA,NA,NA,Y,NA,A,01,0,0,1,0,0,0,0,0,0,-,-,NA,NA,RIVERSIDE,MORENO VALLEY,-117.18986167,33.89532563
7086321,2015,2015-10-08,3300,2015-09-17,1203,N6000,916D,4,5,4,3312,0,0,0,NA,0,035,CASE RD,ELLIS AV,0,NA,Y,A,-,N,NA,NA,NA,NA,NA,NA,NA,NA,NA,Y,4,0,2,2,A,-,09,21802,A,N,D,C,A,A,H,-,A,A,0,NA,NA,NA,NA,Y,NA,D,22,0,0,2,0,0,0,0,0,0,-,-,NA,NA,RIVERSIDE,PERRIS,-117.21944013,33.77205006
7086342,2015,2015-10-20,3300,2015-09-25,1051,4767,916A,5,5,4,3312,0,0,0,NA,0,031,HARLEY KNOX BL,INDIAN ST,97,E,N,A,-,N,NA,NA,NA,NA,NA,NA,NA,NA,NA,Y,3,0,1,2,A,-,03,22350,NA,N,B,C,A,A,H,-,A,A,0,NA,NA,NA,Y,Y,NA,A,01,0,1,0,0,0,0,0,0,0,-,-,NA,NA,RIVERSIDE,PERRIS,-117.2345315,33.85725068
7087701,2015,2017-01-14,3308,2015-08-28,0858,4189,517,5,5,5,3308,0,0,0,NA,0,NORTH,FLORIDA AV,HARVARD ST,107,E,N,A,-,Y,RIV,8,74,-,-,40.67,H,-,E,Y,3,0,2,2,A,-,08,22107,NA,N,A,C,A,A,H,-,A,A,0,NA,NA,NA,NA,Y,NA,D,22,0,1,1,0,0,0,0,0,0,-,-,NA,NA,RIVERSIDE,HEMET,-116.970266,33.74750136