CASE_ID,ACCIDENT_YEAR,PROC_DATE,JURIS,COLLISION_DATE,COLLISION_TIME,OFFICER_ID,REPORTING_DISTRICT,DAY_OF_WEEK,CHP_SHIFT,POPULATION,CNTY_CITY_LOC,SPECIAL_COND,BEAT_TYPE,CHP_BEAT_TYPE,CITY_DIVISION_LAPD,CHP_BEAT_CLASS,BEAT_NUMBER,PRIMARY_RD,SECONDARY_RD,DISTANCE,DIRECTION,INTERSECTION,WEATHER_1,WEATHER_2,STATE_HWY_IND,CALTRANS_COUNTY,CALTRANS_DISTRICT,STATE_ROUTE,ROUTE_SUFFIX,POSTMILE_PREFIX,POSTMILE,LOCATION_TYPE,RAMP_INTERSECTION,SIDE_OF_HWY,TOW_AWAY,COLLISION_SEVERITY,NUMBER_KILLED,NUMBER_INJURED,PARTY_COUNT,PRIMARY_COLL_FACTOR,PCF_CODE_OF_VIOL,PCF_VIOL_CATEGORY,PCF_VIOLATION,PCF_VIOL_SUBSECTION,HIT_AND_RUN,TYPE_OF_COLLISION,MVIW,PED_ACTION,ROAD_SURFACE,ROAD_COND_1,ROAD_COND_2,LIGHTING,CONTROL_DEVICE,CHP_ROAD_TYPE,PEDESTRIAN_ACCIDENT,BICYCLE_ACCIDENT,MOTORCYCLE_ACCIDENT,TRUCK_ACCIDENT,NOT_PRIVATE_PROPERTY,ALCOHOL_INVOLVED,STWD_VEHTYPE_AT_FAULT,CHP_VEHTYPE_AT_FAULT,COUNT_SEVERE_INJ,COUNT_VISIBLE_INJ,COUNT_COMPLAINT_PAIN,COUNT_PED_KILLED,COUNT_PED_INJURED,COUNT_BICYCLIST_KILLED,COUNT_BICYCLIST_INJURED,COUNT_MC_KILLED,COUNT_MC_INJURED,PRIMARY_RAMP,SECONDARY_RAMP,LATITUDE,LONGITUDE,COUNTY,CITY,POINT_X,POINT_Y
81354847,2020,2020-11-30,3315,2020-11-27,2207,002536,NA,5,5,6,3315,0,0,0,NA,0,NA,LINCOLN AV,RAILROAD ST,351,N,N,A,-,N,NA,NA,NA,NA,NA,NA,NA,NA,NA,Y,2,0,3,2,A,-,01,23152,B,N,A,C,A,A,H,-,C,D,0,NA,NA,NA,NA,Y,Y,A,01,2,1,0,0,0,0,0,0,0,-,-,33.88656997680664,-117.58148956298828,RIVERSIDE,CORONA,-117.58113098144533,33.88822937011719
81357834,2020,2020-12-03,3300,2020-12-01,0649,2680,910A,2,5,5,3335,0,0,0,NA,0,061,WINCHESTER RD,I 15 FRWY,0,NA,Y,A,-,N,NA,NA,NA,NA,NA,NA,NA,NA,NA,Y,4,0,2,2,A,-,12,21453,A,N,D,C,A,A,H,-,A,A,0,NA,NA,NA,NA,Y,NA,D,22,0,0,2,0,0,0,0,0,0,-,-,NA,NA,RIVERSIDE,TEMECULA,-117.16311645507813,33.522361755371094
81357849,2020,2020-12-03,3300,2020-11-27,0451,3775,603 A,5,5,6,3394,0,0,0,NA,0,MV32,INDIAN ST,CACTUS AVE,0,NA,Y,A,-,N,NA,NA,NA,NA,NA,NA,NA,NA,NA,N,4,0,2,2,A,-,12,21453,A,N,D,C,A,A,H,-,C,A,0,NA,NA,NA,NA,Y,NA,A,01,0,0,2,0,0,0,0,0,0,-,-,33.909969329833984,-117.23489379882813,RIVERSIDE,MORENO VALLEY,-117.23496246337892,33.91004180908203
81358365,2020,2020-12-03,3300,2020-11-30,1511,N6299,22G2,1,5,3,3317,0,0,0,NA,0,2S307,FRANK SINATRA DR,HALPER LAKE DR,6,E,N,A,-,N,NA,NA,NA,NA,NA,NA,NA,NA,NA,N,3,0,1,2,A,-,03,22350,NA,N,C,C,A,A,H,-,A,D,0,NA,NA,NA,NA,Y,NA,D,22,0,1,0,0,0,0,0,0,0,-,-,33.77244186401367,-116.42711639404295,RIVERSIDE,RANCHO MIRAGE,-116.42716979980467,33.77241134643555
81360803,2020,2020-12-08,3300,2020-11-23,0956,4300,NA,1,5,4,3314,0,0,0,NA,0,NA,COMMONWEALTH AVE,SAN JACINTO AVE,596,E,N,A,-,N,NA,NA,NA,NA,NA,NA,NA,NA,NA,N,4,0,1,1,A,-,08,22107,NA,N,E,I,A,A,H,-,A,D,0,NA,NA,NA,NA,Y,NA,I,11,0,0,1,0,0,0,0,0,0,-,-,33.76921844482422,-116.95867919921876,RIVERSIDE,SAN JACINTO,-116.95682525634766,33.76921463012695
81360807,2020,2020-12-08,3300,2020-11-26,1429,3481,920G,4,5,4,3314,0,0,0,NA,0,074,STATE ST,CROWS NEST PL,0,NA,Y,A,-,N,NA,NA,NA,NA,NA,NA,NA,NA,NA,Y,4,0,1,1,A,-,08,22107,NA,N,E,I,A,A,H,-,A,D,0,NA,NA,NA,NA,Y,NA,D,22,0,0,1,0,0,0,0,0,0,-,-,33.76860046386719,-116.97186279296876,RIVERSIDE,SAN JACINTO,-116.97184753417967,33.768558502197266
81363557,2020,2020-12-10,3349,2020-08-06,1758,361,NA,4,5,5,3341,0,0,0,NA,0,004,DESERT HILLS RD,PEBBLE BEACH DR,0,NA,Y,A,-,N,NA,NA,NA,NA,NA,NA,NA,NA,NA,N,4,0,2,2,A,-,12,22450,A,N,D,C,A,A,H,-,A,A,0,NA,NA,NA,NA,Y,NA,A,01,0,0,2,0,0,0,0,0,0,-,-,33.6951789855957,-117.19184112548828,RIVERSIDE,MENIFEE,-117.19188690185548,33.69514846801758
81363594,2020,2020-12-10,3349,2020-09-02,0751,331,NA,3,5,5,3341,0,0,0,NA,0,NA,NEWPORT RD,WINTER HAWK RD,530,E,N,A,-,N,NA,NA,NA,NA,NA,NA,NA,NA,NA,N,4,0,1,2,A,-,10,21950,A,N,H,G,A,A,H,-,A,D,0,NA,Y,NA,NA,Y,NA,A,01,0,0,1,0,0,0,1,0,0,-,-,33.68505859375,-117.19300079345705,RIVERSIDE,MENIFEE,-117.19122314453124,33.68503189086914
81363621,2020,2020-12-10,3349,2020-09-23,1950,341,NA,3,5,5,3341,0,0,0,NA,0,001,HWY 74,MENIFEE RD,0,NA,Y,A,-,Y,NA,NA,NA,NA,NA,NA,NA,NA,NA,Y,4,0,1,2,A,-,12,21453,A,F,A,C,A,A,D,-,C,A,0,NA,NA,NA,NA,Y,NA,A,01,0,0,1,0,0,0,0,0,0,-,-,33.743019104003906,-117.15396881103516,RIVERSIDE,MENIFEE,-117.15409088134766,33.74312973022461
81363633,2020,2020-12-10,3349,2020-09-29,1520,340,NA,2,5,5,3341,0,0,0,NA,0,004,GOETZ RD,CASA BONITA AVE,350,N,N,A,-,N,NA,NA,NA,NA,NA,NA,NA,NA,NA,Y,3,0,1,1,A,-,01,23152,A,N,E,I,A,A,H,-,A,D,0,NA,NA,NA,NA,Y,Y,A,01,0,1,0,0,0,0,0,0,0,-,-,NA,NA,RIVERSIDE,MENIFEE,-117.24256134033205,33.6910285949707
81363674,2020,2020-12-10,3349,2020-11-01,2107,362,NA,7,5,5,3341,0,0,0,NA,0,001,NEWPORT RD,ANTELOPE RD,0,NA,Y,A,-,N,NA,NA,NA,NA,NA,NA,NA,NA,NA,Y,4,0,1,2,A,-,09,21453,C,N,D,C,A,A,H,-,C,A,0,NA,NA,NA,NA,Y,NA,A,01,0,0,1,0,0,0,0,0,0,-,-,NA,NA,RIVERSIDE,MENIFEE,-117.16722869873048,33.685089111328125
81363900,2020,2020-12-11,3306,2020-05-15,1943,652,INDIO,5,5,3,3306,0,0,0,NA,0,NA,OCOTILLO RD,6TH ST,0,NA,Y,A,-,N,NA,NA,NA,NA,NA,NA,NA,NA,NA,Y,4,0,1,2,A,-,12,22450,A,F,D,C,A,A,H,-,A,A,0,NA,NA,NA,NA,Y,NA,A,01,0,0,1,0,0,0,0,0,0,-,-,33.96696090698242,-116.49944305419922,RIVERSIDE,DESERT HOT SPRINGS,-116.49939727783205,33.96691131591797
81363924,2020,2020-12-11,3306,2020-07-28,1920,746,NA,2,5,3,3306,0,0,0,NA,0,NA,CACTUS DR,3RD ST,0,NA,Y,A,-,N,NA,NA,NA,NA,NA,NA,NA,NA,NA,N,4,0,1,2,A,-,12,22450,A,N,D,C,A,A,H,-,A,A,0,NA,NA,NA,NA,Y,NA,A,01,0,0,1,0,0,0,0,0,0,-,-,NA,NA,RIVERSIDE,DESERT HOT SPRINGS,-116.50572967529295,33.964149475097656
81363930,2020,2020-12-11,3306,2020-08-26,1322,749,NA,3,5,3,3306,0,0,0,NA,0,NA,HACIENDA AVE,PALM DR,0,NA,Y,A,-,N,NA,NA,NA,NA,NA,NA,NA,NA,NA,N,3,0,1,2,A,-,11,21955,NA,N,G,B,D,A,H,-,A,A,0,Y,NA,NA,NA,Y,NA,N,60,0,1,0,0,1,0,0,0,0,-,-,NA,NA,RIVERSIDE,DESERT HOT SPRINGS,-116.50131225585938,33.95415115356445
81363931,2020,2020-12-11,3306,2020-08-27,1222,749,NA,4,5,3,3306,0,0,0,NA,0,NA,PALM DR,VARNER,276,N,N,A,-,N,NA,NA,NA,NA,NA,NA,NA,NA,NA,N,4,0,2,3,A,-,03,22350,NA,N,C,C,A,A,H,-,A,A,0,NA,NA,NA,NA,Y,NA,A,01,0,0,2,0,0,0,0,0,0,-,-,NA,NA,RIVERSIDE,DESERT HOT SPRINGS,-116.50160980224608,33.892093658447266
81363935,2020,2020-12-11,3306,2020-09-03,0258,742,NA,4,5,3,3306,0,0,0,NA,0,NA,WEST DR,CAHUILLA AVE,20,S,N,A,-,N,NA,NA,NA,NA,NA,NA,NA,NA,NA,Y,3,0,1,3,A,-,03,22350,NA,N,C,E,A,A,H,-,C,D,0,NA,NA,NA,NA,Y,Y,A,01,0,1,0,0,0,0,0,0,0,-,-,33.95854949951172,-116.51016235351563,RIVERSIDE,DESERT HOT SPRINGS,-116.51009368896484,33.95858383178711
81363952,2020,2020-12-11,3306,2020-10-09,2231,741,NA,5,5,3,3306,0,0,0,NA,0,NA,BUENA VISTA AVE,MESQUITE AVE,195,W,N,A,-,N,NA,NA,NA,NA,NA,NA,NA,NA,NA,Y,3,0,1,2,A,-,08,22107,NA,N,B,E,A,A,H,-,C,D,0,NA,NA,NA,NA,Y,NA,A,01,0,1,0,0,0,0,0,0,0,-,-,NA,NA,RIVERSIDE,DESERT HOT SPRINGS,-116.49761962890624,33.9595832824707
81363958,2020,2020-12-11,3306,2020-11-20,1808,710,NA,5,5,3,3306,0,0,0,NA,0,NA,IRONWOOD DR,SARITA DR,275,E,N,A,-,N,NA,NA,NA,NA,NA,NA,NA,NA,NA,N,3,0,1,2,A,-,03,22350,NA,N,G,B,E,A,H,-,C,D,0,Y,NA,NA,NA,Y,NA,A,01,0,1,0,0,1,0,0,0,0,-,-,NA,NA,RIVERSIDE,DESERT HOT SPRINGS,-116.49918365478516,33.95048522949219
81370713,2020,2020-12-18,3300,2020-11-23,1356,3536,603 A,1,5,6,3394,0,0,0,NA,0,MV32,PHILO ST,CAPE COD ST,70,S,N,A,-,N,NA,NA,NA,NA,NA,NA,NA,NA,NA,N,3,0,1,1,A,-,01,23152,A,N,E,I,A,A,H,-,A,D,0,NA,NA,NA,NA,Y,Y,A,01,0,1,0,0,0,0,0,0,0,-,-,33.938560485839844,-117.23032379150392,RIVERSIDE,MORENO VALLEY,-117.23013305664063,33.908447265625
81371414,2020,2020-12-21,3300,2020-12-16,1803,5989,905L,3,5,4,3307,0,0,0,NA,0,093,RIVERSIDE DR,JOY ST,22,S,N,A,-,N,NA,NA,74,NA,NA,NA,NA,NA,NA,N,3,0,1,2,A,-,03,22350,NA,N,C,D,A,A,H,-,C,D,0,NA,NA,NA,NA,Y,NA,A,01,0,1,0,0,0,0,0,0,0,-,-,33.68186950683594,-117.37024688720705,RIVERSIDE,LAKE ELSINORE,-117.36959838867188,33.68128204345703
81375147,2020,2020-12-25,3300,2020-12-22,1640,N6519,601 E,2,5,6,3394,0,0,0,NA,0,MV16,PERRIS BLVD,VIA VON BOTSCH,384,N,N,A,-,N,NA,NA,NA,NA,NA,NA,NA,NA,NA,N,4,0,2,2,A,-,03,22350,NA,N,C,C,A,A,H,-,A,D,0,NA,NA,NA,NA,Y,NA,A,01,0,0,2,0,0,0,0,0,0,-,-,33.949378967285156,-117.22647857666016,RIVERSIDE,MORENO VALLEY,-117.22650909423828,33.95041275024414
81376452,2020,2020-12-29,3300,2020-11-12,1730,5976,WI 80,4,5,3,3343,0,0,0,NA,0,081,LEMON ST,MISSION TRL,253,W,N,A,-,N,NA,NA,NA,NA,NA,NA,NA,NA,NA,N,2,0,1,1,A,-,01,23152,A,N,E,I,A,A,H,-,D,D,0,NA,NA,NA,NA,Y,NA,A,01,1,0,0,0,0,0,0,0,0,-,-,33.63412094116211,-117.29061126708984,RIVERSIDE,WILDOMAR,-117.29067230224608,33.634239196777344
81376553,2020,2020-12-29,3315,2020-12-22,1707,002235,NA,2,5,6,3315,0,0,0,NA,0,002,MCKINLEY ST,SHOPPING CENTER,0,NA,Y,A,-,N,NA,NA,NA,NA,NA,NA,NA,NA,NA,Y,4,0,2,2,A,-,12,21453,A,N,A,C,A,A,H,-,C,A,0,NA,NA,NA,NA,Y,NA,A,01,0,0,2,0,0,0,0,0,0,-,-,NA,NA,RIVERSIDE,CORONA,-117.52082,33.88978
81377450,2020,2020-12-30,3300,2020-12-21,1057,4323,910F,1,5,5,3335,0,0,0,NA,0,062,MARGARITA ROAD,SOLANA WAY,100,S,N,A,-,N,NA,NA,NA,NA,NA,NA,NA,NA,NA,N,4,0,1,2,A,-,03,22350,NA,N,C,C,A,A,H,-,A,A,0,NA,NA,NA,NA,Y,NA,A,01,0,0,1,0,0,0,0,0,0,-,-,NA,NA,RIVERSIDE,TEMECULA,-117.14974975585938,33.516021728515625
81377463,2020,2020-12-30,3300,2020-10-31,0931,N6635,001L4,6,5,6,3345,0,0,0,NA,0,016,MISSION BL,RUBIDOUX BL,0,NA,Y,A,-,N,NA,NA,NA,NA,NA,NA,NA,NA,NA,Y,4,0,1,3,A,-,03,22350,NA,N,C,C,A,A,H,-,A,D,0,NA,NA,NA,NA,Y,NA,A,01,0,0,1,0,0,0,0,0,0,-,-,33.99721908569336,-117.40730285644533,RIVERSIDE,JURUPA VALLEY,-117.4072494506836,33.99700164794922
81377465,2020,2020-12-30,3300,2020-12-22,0813,3831,002T2,2,5,6,3345,0,0,0,NA,0,024,LIMONITE AV,EL PALOMINO DR,0,NA,Y,A,-,N,NA,NA,NA,NA,NA,NA,NA,NA,NA,Y,4,0,1,2,A,-,12,21453,A,N,D,C,A,A,H,-,A,A,0,NA,NA,NA,NA,Y,NA,A,01,0,0,1,0,0,0,0,0,0,-,-,33.97829055786133,-117.45854949951172,RIVERSIDE,JURUPA VALLEY,-117.45857238769533,33.978389739990234
81378397,2020,2020-12-31,3349,2020-11-07,1600,387,NA,6,5,5,3341,0,0,0,NA,0,001,ENCANTO DR,ROUSE RD,0,NA,Y,B,C,N,NA,NA,NA,NA,NA,NA,NA,NA,NA,Y,4,0,1,1,A,-,03,22350,NA,N,E,I,A,B,H,-,B,D,0,NA,NA,NA,NA,Y,NA,-,-,0,0,1,0,0,0,0,0,0,-,-,33.728729248046875,-117.18881988525392,RIVERSIDE,MENIFEE,-117.18878936767578,33.72856140136719
81378426,2020,2020-12-31,3315,2020-12-28,1125,003362,2D,1,5,6,3315,0,0,0,NA,0,002,PARKRIDGE AV,MEYER CI,621,E,N,B,-,N,NA,NA,NA,NA,NA,NA,NA,NA,NA,Y,4,0,1,1,A,-,03,22350,NA,N,E,I,A,B,H,-,A,D,0,NA,NA,NA,NA,Y,NA,-,-,0,0,1,0,0,0,0,0,0,-,-,33.884620666503906,-117.55210113525392,RIVERSIDE,CORONA,-117.5505142211914,33.88571548461914
8137879,2016,2016-10-12,3311,2016-09-25,0148,16014,NA,7,5,4,3311,0,0,0,NA,0,003,CALLE ENCILIA,AMADO RD,200,N,N,A,-,N,NA,NA,NA,NA,NA,NA,NA,NA,NA,N,4,0,1,2,A,-,03,22350,NA,F,C,C,A,A,H,-,D,D,0,NA,NA,NA,NA,Y,NA,A,01,0,0,1,0,0,0,0,0,0,-,-,33.82685,-116.5438,RIVERSIDE,PALM SPRINGS,-116.54375536,33.82726738
8138049,2016,2016-10-12,3300,2016-10-03,1727,3552,916A,1,5,4,3312,0,0,0,NA,0,031,RAMONA EXPWY,WEBSTER AV,51,W,N,A,-,N,NA,NA,NA,NA,NA,NA,NA,NA,NA,Y,3,0,4,3,A,-,03,22350,NA,N,C,C,A,A,H,-,A,A,0,NA,NA,NA,NA,Y,NA,A,08,0,1,3,0,0,0,0,0,0,-,-,33.84475,-117.24378,RIVERSIDE,PERRIS,-117.24399744,33.84457
81381477,2020,2021-01-06,3300,2020-11-18,1945,N4809,920E,3,5,4,3314,0,0,0,NA,0,072,SAN JACINTO AVE,7TH ST,0,NA,Y,A,-,N,NA,NA,NA,NA,NA,NA,NA,NA,NA,N,4,0,1,2,A,-,07,21658,A,N,B,C,A,A,H,-,C,A,0,NA,NA,NA,NA,Y,NA,A,07,0,0,1,0,0,0,0,0,0,-,-,33.780269622802734,-116.95887756347656,RIVERSIDE,SAN JACINTO,-116.9588623046875,33.7802619934082
81381509,2020,2021-01-06,3300,2020-12-31,1012,5127,LA45,4,5,3,3392,0,0,0,NA,0,LA45,MADISON ST,WEISKOPF,0,NA,Y,A,-,N,NA,NA,NA,NA,NA,NA,NA,NA,NA,Y,3,0,1,2,A,-,09,21804,A,N,D,C,A,A,H,-,A,D,0,NA,NA,NA,NA,Y,NA,A,01,0,1,0,0,0,0,0,0,0,-,-,33.635009765625,-116.25074768066406,RIVERSIDE,LA QUINTA,-116.25079345703124,33.6351318359375
81383755,2020,2021-01-08,3300,2020-11-24,2115,3343,001H,2,5,6,3345,0,0,0,NA,0,014,FAIRBANKS AV,JURUPA RD,702,S,N,A,-,N,NA,NA,NA,NA,NA,NA,NA,NA,NA,N,2,0,1,1,A,-,03,22350,NA,N,E,I,A,A,H,-,C,D,0,NA,NA,Y,NA,Y,NA,C,02,1,0,0,0,0,0,0,0,1,-,-,34.00831985473633,-117.43740081787108,RIVERSIDE,JURUPA VALLEY,-117.43733978271484,34.00663757324219
81383774,2020,2021-01-08,3300,2020-12-15,1141,4468,905F,2,5,4,3307,0,0,0,NA,0,092,FRANKLIN ST,BANCROFT WAY,870,N,N,A,-,N,NA,NA,NA,NA,NA,NA,NA,NA,NA,Y,4,0,1,2,A,-,05,21460,A,N,A,C,A,A,H,-,A,A,0,NA,NA,NA,NA,Y,NA,A,01,0,0,1,0,0,0,0,0,0,-,-,33.6684684753418,-117.310791015625,RIVERSIDE,LAKE ELSINORE,-117.30558776855467,33.670169830322266
81385607,2021,2021-01-12,3300,2021-01-08,1833,5059,604 A,5,5,6,3394,0,0,0,NA,0,MV42,DRACAEA AVE,NASON ST,0,NA,Y,A,-,N,NA,NA,NA,NA,NA,NA,NA,NA,NA,N,3,0,2,3,A,-,10,21950,A,N,G,B,B,A,H,-,C,A,0,Y,NA,NA,NA,Y,NA,A,01,0,2,0,0,2,0,0,0,0,-,-,33.9282112121582,-117.19136810302734,RIVERSIDE,MORENO VALLEY,-117.19168853759766,33.92820739746094
81387154,2020,2021-01-14,3300,2020-12-09,1311,4695,602 D,3,5,6,3394,0,0,0,NA,0,MV26,PERRIS BLVD,EUCALYPTUS AVE,0,NA,Y,A,-,N,NA,NA,NA,NA,NA,NA,NA,NA,NA,Y,4,0,1,2,-,-,-,NA,NA,N,D,C,A,A,H,-,A,A,0,NA,NA,NA,NA,Y,Y,-,-,0,0,1,0,0,0,0,0,0,-,-,33.93186950683594,-117.22621917724608,RIVERSIDE,MORENO VALLEY,-117.22628784179688,33.93178176879883
81387160,2020,2021-01-14,3300,2020-12-29,1345,4695,602 D,2,5,6,3394,0,0,0,NA,0,MV26,INDIAN ST,ATWOOD AVE,0,NA,Y,A,-,N,NA,NA,NA,NA,NA,NA,NA,NA,NA,N,4,0,1,2,A,-,09,21802,A,N,D,G,A,A,H,-,A,A,0,NA,Y,NA,NA,Y,NA,A,01,0,0,1,0,0,0,1,0,0,-,-,33.92998123168945,-117.2350616455078,RIVERSIDE,MORENO VALLEY,-117.23503112792967,33.92995834350586
81387840,2020,2021-01-15,3300,2020-12-22,1655,3343,002R,2,5,6,3345,0,0,0,NA,0,024,LIMONITE AV,FELSPAR ST,0,NA,Y,A,-,N,NA,NA,NA,NA,NA,NA,NA,NA,NA,Y,3,0,2,2,A,-,12,21453,A,N,D,C,A,A,H,-,C,A,0,NA,NA,NA,NA,Y,NA,A,01,0,1,1,0,0,0,0,0,0,-,-,33.97434997558594,-117.48358917236328,RIVERSIDE,JURUPA VALLEY,-117.48410034179688,33.975528717041016
81387848,2021,2021-01-15,3300,2021-01-13,0428,5510,002B,3,5,6,3345,0,0,0,NA,0,020,MISSION BL,PYRITE ST,0,NA,Y,A,-,N,NA,NA,NA,NA,NA,NA,NA,NA,NA,Y,4,0,1,2,A,-,09,21801,A,N,D,C,A,A,H,-,C,A,0,NA,NA,NA,NA,Y,NA,A,01,0,0,1,0,0,0,0,0,0,-,-,34.01179885864258,-117.4623565673828,RIVERSIDE,JURUPA VALLEY,-117.46236419677734,34.011802673339844
81388501,2021,2021-01-18,3300,2021-01-14,0857,4713,910A,4,5,5,3335,0,0,0,NA,0,062,MARGARITA RD,HARVESTON SCHOOL RD,1250,S,N,A,-,N,NA,NA,NA,NA,NA,NA,NA,NA,NA,N,3,0,1,1,D,-,00,NA,NA,N,F,-,A,A,-,-,A,D,0,NA,Y,NA,NA,Y,NA,-,-,0,1,0,0,0,0,1,0,0,-,-,33.54153060913086,-117.15054321289063,RIVERSIDE,TEMECULA,-117.15045166015624,33.538211822509766
8139156,2016,2016-12-13,3311,2016-11-17,1301,15302,NA,4,5,4,3311,0,0,0,NA,0,004,GENE AUTRY TRL,VIA ESCUELA,513,S,N,A,-,N,NA,NA,NA,NA,NA,NA,NA,NA,NA,Y,4,0,1,2,A,-,03,22350,NA,N,C,C,A,A,H,-,A,A,0,NA,NA,NA,NA,Y,NA,D,22,0,0,1,0,0,0,0,0,0,-,-,33.84836,-116.50579,RIVERSIDE,PALM SPRINGS,-116.50589891,33.8471061
81393077,2021,2021-01-25,3315,2021-01-21,1803,002536,7D,4,5,6,3315,0,0,0,NA,0,001,EIGHTH ST,LINCOLN AV,0,NA,Y,A,-,N,NA,NA,NA,NA,NA,NA,NA,NA,NA,N,3,0,1,2,A,-,10,21950,A,N,G,B,B,A,H,-,C,A,0,Y,NA,NA,NA,Y,NA,A,01,0,1,0,0,1,0,0,0,0,-,-,33.87519073486328,-117.58363342285156,RIVERSIDE,CORONA,-117.58360290527344,33.875099182128906
81393948,2020,2021-01-26,3300,2020-12-10,1523,N6611,602 Z,4,5,6,3394,0,0,0,NA,0,MV22,DAY ST,GATEWAY DR,0,NA,Y,A,-,N,NA,NA,NA,NA,NA,NA,NA,NA,NA,Y,4,0,1,2,A,-,12,21453,A,N,D,C,A,A,H,-,A,A,0,NA,NA,NA,NA,Y,NA,A,01,0,0,1,0,0,0,0,0,0,-,-,33.935081481933594,-117.27864837646484,RIVERSIDE,MORENO VALLEY,-117.27873992919922,33.934791564941406
81394713,2021,2021-01-27,3300,2021-01-25,1056,4323,910F,1,5,5,3335,0,0,0,NA,0,062,YNEZ ROAD,TOWN PLAZA SOUTH,0,NA,Y,B,C,N,NA,NA,NA,NA,NA,NA,NA,NA,NA,Y,4,0,3,3,A,-,12,21453,A,N,D,C,A,B,H,-,A,A,0,NA,NA,NA,NA,Y,NA,A,01,0,0,3,0,0,0,0,0,0,-,-,NA,NA,RIVERSIDE,TEMECULA,-117.14955139160156,33.5042724609375
81394716,2020,2021-01-27,3300,2020-12-19,0714,5582,002A,6,5,6,3345,0,0,0,NA,0,020,GRANITE HILL DR,PYRITE ST,128,W,N,A,-,N,NA,NA,NA,NA,NA,NA,NA,NA,NA,Y,2,0,2,2,A,-,08,22107,NA,N,A,C,A,A,H,-,A,D,0,NA,NA,NA,NA,Y,NA,D,22,1,1,0,0,0,0,0,0,0,-,-,34.017799377441406,-117.46230316162108,RIVERSIDE,JURUPA VALLEY,-117.46280670166016,34.01774978637695
81395420,2021,2021-01-28,3300,2021-01-24,2011,5199,905B,7,5,4,3307,0,0,0,NA,0,090,SUMMERHILL DR,VILLA RAVENNA,65,N,N,B,C,N,NA,NA,NA,NA,NA,NA,NA,NA,NA,N,3,0,1,1,A,-,03,22350,NA,N,E,I,A,B,H,-,C,D,0,NA,NA,NA,NA,Y,NA,A,01,0,1,0,0,0,0,0,0,0,-,-,33.687129974365234,-117.2849578857422,RIVERSIDE,LAKE ELSINORE,-117.28533935546876,33.687110900878906
81398212,2020,2021-01-29,3300,2020-12-31,1853,3552,916C,4,5,4,3312,0,0,0,NA,0,034,MAPES RD,A ST,0,E,N,A,-,N,NA,NA,NA,NA,NA,NA,NA,NA,NA,Y,1,1,5,2,A,-,01,23152,B,N,A,C,A,A,H,-,D,D,0,NA,NA,NA,NA,Y,Y,A,07,4,1,0,0,0,0,0,0,0,-,-,33.757598876953125,-117.23423767089844,RIVERSIDE,PERRIS,-117.23429870605467,33.75748062133789
81399294,2021,2021-02-01,3315,2021-01-29,1934,003404,5A,5,5,6,3315,0,0,0,NA,0,004,SIXTH ST,PASEO GRANDE,0,NA,Y,C,-,N,NA,NA,NA,NA,NA,NA,NA,NA,NA,Y,4,0,2,2,A,-,12,21453,A,N,D,C,A,B,H,-,C,A,0,NA,NA,NA,NA,Y,NA,A,01,0,0,2,0,0,0,0,0,0,-,-,33.879188537597656,-117.601318359375,RIVERSIDE,CORONA,-117.60134887695313,33.879058837890625
81400256,2020,2021-02-02,3300,2020-11-30,1111,N6519,601 B,1,5,6,3394,0,0,0,NA,0,MV12,SUNNYMEAD RANCH PKWY,VILLAGE RD (S),22,W,N,A,-,N,NA,NA,NA,NA,NA,NA,NA,NA,NA,Y,3,0,2,2,A,-,12,21453,A,N,D,C,A,A,H,-,A,D,0,NA,NA,NA,NA,Y,NA,A,01,0,1,1,0,0,0,0,0,0,-,-,33.96553039550781,-117.24842071533205,RIVERSIDE,MORENO VALLEY,-117.2511978149414,33.967742919921875
81401308,2020,2021-02-03,3300,2020-12-21,1804,N4809,920A,1,5,4,3314,0,0,0,NA,0,070,COTTONWOOD AVE,LYON AVE,0,NA,Y,A,-,N,NA,NA,NA,NA,NA,NA,NA,NA,NA,Y,4,0,2,2,A,-,12,22450,A,F,D,D,A,A,H,-,C,A,0,NA,NA,NA,NA,Y,NA,A,01,0,0,2,0,0,0,0,0,0,-,-,33.78736877441406,-116.9893798828125,RIVERSIDE,SAN JACINTO,-116.98938751220705,33.78739929199219
81402093,2020,2021-02-04,3300,2020-07-09,1016,3988,002,4,5,6,3345,0,0,0,NA,0,022,ETIWANDA AV,RYDER RD,0,NA,Y,A,-,N,NA,NA,NA,NA,NA,NA,NA,NA,NA,N,1,1,5,2,A,-,12,21453,A,N,D,C,A,A,H,-,A,A,0,NA,NA,NA,NA,Y,NA,A,08,0,5,0,0,0,0,0,0,0,-,-,NA,NA,RIVERSIDE,JURUPA VALLEY,-117.52453,34.00175
81404808,2020,2021-02-09,3300,2020-11-14,1716,5619,602 D,6,5,6,3394,0,0,0,NA,0,MV26,COTTONWOOD AVE,MORENO WAY (E),0,NA,Y,C,-,N,NA,NA,NA,NA,NA,NA,NA,NA,NA,N,3,0,1,3,A,-,08,22107,NA,N,A,C,A,B,H,-,C,D,0,NA,NA,NA,NA,Y,NA,A,01,0,1,0,0,0,0,0,0,0,-,-,33.92441940307617,-117.22908782958984,RIVERSIDE,MORENO VALLEY,-117.22982025146484,33.9245719909668