CASE_ID,ACCIDENT_YEAR,PROC_DATE,JURIS,COLLISION_DATE,COLLISION_TIME,OFFICER_ID,REPORTING_DISTRICT,DAY_OF_WEEK,CHP_SHIFT,POPULATION,CNTY_CITY_LOC,SPECIAL_COND,BEAT_TYPE,CHP_BEAT_TYPE,CITY_DIVISION_LAPD,CHP_BEAT_CLASS,BEAT_NUMBER,PRIMARY_RD,SECONDARY_RD,DISTANCE,DIRECTION,INTERSECTION,WEATHER_1,WEATHER_2,STATE_HWY_IND,CALTRANS_COUNTY,CALTRANS_DISTRICT,STATE_ROUTE,ROUTE_SUFFIX,POSTMILE_PREFIX,POSTMILE,LOCATION_TYPE,RAMP_INTERSECTION,SIDE_OF_HWY,TOW_AWAY,COLLISION_SEVERITY,NUMBER_KILLED,NUMBER_INJURED,PARTY_COUNT,PRIMARY_COLL_FACTOR,PCF_CODE_OF_VIOL,PCF_VIOL_CATEGORY,PCF_VIOLATION,PCF_VIOL_SUBSECTION,HIT_AND_RUN,TYPE_OF_COLLISION,MVIW,PED_ACTION,ROAD_SURFACE,ROAD_COND_1,ROAD_COND_2,LIGHTING,CONTROL_DEVICE,CHP_ROAD_TYPE,PEDESTRIAN_ACCIDENT,BICYCLE_ACCIDENT,MOTORCYCLE_ACCIDENT,TRUCK_ACCIDENT,NOT_PRIVATE_PROPERTY,ALCOHOL_INVOLVED,STWD_VEHTYPE_AT_FAULT,CHP_VEHTYPE_AT_FAULT,COUNT_SEVERE_INJ,COUNT_VISIBLE_INJ,COUNT_COMPLAINT_PAIN,COUNT_PED_KILLED,COUNT_PED_INJURED,COUNT_BICYCLIST_KILLED,COUNT_BICYCLIST_INJURED,COUNT_MC_KILLED,COUNT_MC_INJURED,PRIMARY_RAMP,SECONDARY_RAMP,LATITUDE,LONGITUDE,COUNTY,CITY,POINT_X,POINT_Y
81530304,2021,2021-07-28,3349,2021-07-09,1441,340,NA,5,5,5,3341,0,0,0,NA,0,001,NEWPORT RD,VIA CORAZON,324,W,N,A,-,N,NA,NA,NA,NA,NA,NA,NA,NA,NA,Y,4,0,1,3,A,-,03,22350,NA,N,C,C,A,A,H,-,A,D,0,NA,NA,NA,NA,Y,NA,A,01,0,0,1,0,0,0,0,0,0,-,-,33.68519973754883,-117.16287231445313,RIVERSIDE,MENIFEE,-117.1639404296875,33.68498992919922
81531171,2021,2021-07-29,3300,2021-07-25,1939,3552,916D,7,5,4,3312,0,0,0,NA,0,035,6TH ST,F ST,75,W,N,B,-,N,NA,NA,NA,NA,NA,NA,NA,NA,NA,N,4,0,1,2,A,-,08,22107,NA,N,D,C,A,A,H,-,A,D,0,NA,NA,NA,NA,Y,NA,A,01,0,0,1,0,0,0,0,0,0,-,-,33.78023147583008,-117.223876953125,RIVERSIDE,PERRIS,-117.2241668701172,33.78025817871094
8153289,2016,2016-10-26,3300,2016-09-20,1742,N4809,920A,2,5,4,3314,0,0,0,NA,0,070,RAMONA EXPWY,SANDERSON AV,49,E,N,B,C,N,NA,NA,NA,NA,NA,NA,NA,NA,NA,Y,4,0,1,3,A,-,03,22350,NA,F,C,C,A,B,H,-,A,A,0,NA,NA,NA,NA,Y,Y,-,99,0,0,1,0,0,0,0,0,0,-,-,NA,NA,RIVERSIDE,SAN JACINTO,-117.0034426,33.82360263
81534353,2021,2021-08-02,3300,2021-07-14,1648,4845,LA42,3,5,3,3392,0,0,0,NA,0,LA42,WASHINGTON ST,SAGEBRUSH AV,26,N,N,A,-,N,NA,NA,NA,NA,NA,NA,NA,NA,NA,N,4,0,1,3,A,-,03,22350,NA,N,C,C,A,A,H,-,A,B,0,NA,NA,NA,NA,Y,Y,A,01,0,0,1,0,0,0,0,0,0,-,-,33.68907165527344,-116.29488372802734,RIVERSIDE,LA QUINTA,-116.2948989868164,33.68910217285156
81535256,2021,2021-08-03,3300,2021-07-30,0923,5129,916B,5,5,4,3312,0,0,0,NA,0,032,PERRIS BL,PLACENTIA AV,90,N,N,A,-,N,NA,NA,NA,NA,NA,NA,NA,NA,NA,Y,4,0,1,2,A,-,09,21453,B,N,C,C,A,A,H,-,A,A,0,NA,NA,NA,NA,Y,NA,D,22,0,0,1,0,0,0,0,0,0,-,-,33.82291030883789,-117.22560119628906,RIVERSIDE,PERRIS,-117.22615814208984,33.82310104370117
8153638,2016,2016-10-26,3300,2016-09-20,2323,4408,501A,2,5,5,3341,0,0,0,NA,0,051,PALOMAR RD,MATTHEWS RD,300,N,N,A,-,N,NA,NA,NA,NA,NA,NA,NA,NA,NA,N,3,0,2,2,A,-,01,23153,A,N,C,E,A,A,H,-,C,D,0,NA,NA,NA,NA,Y,Y,A,01,0,1,1,0,0,0,0,0,0,-,-,33.73835,-117.16287,RIVERSIDE,MENIFEE,-117.16297601,33.73920165
81538340,2021,2021-08-06,3342,2021-07-03,2049,1148,211,6,5,4,3342,0,0,0,NA,0,002,CLINTON KEITH RD,MURRIETA OAKS AVE (E),30,W,N,A,-,N,NA,NA,NA,NA,NA,NA,NA,NA,NA,N,4,0,1,2,A,-,03,22350,NA,F,C,C,A,A,H,-,A,A,0,NA,NA,NA,NA,Y,NA,-,99,0,0,1,0,0,0,0,0,0,-,-,33.59690856933594,-117.18097686767578,RIVERSIDE,MURRIETA,-117.18682861328124,33.59653854370117
81541008,2021,2021-08-10,3349,2021-07-28,1733,410,NA,3,5,5,3341,0,0,0,NA,0,001,MENIFEE RD,TRAILHEAD DR,0,NA,Y,A,-,N,NA,NA,NA,NA,NA,NA,NA,NA,NA,N,3,0,2,2,A,-,12,21453,A,N,D,C,A,A,H,-,A,A,0,NA,NA,NA,NA,Y,NA,A,01,0,2,0,0,0,0,0,0,0,-,-,NA,NA,RIVERSIDE,MENIFEE,-117.15286254882813,33.70218276977539
81541873,2021,2021-08-11,3300,2021-08-09,0805,4657,901C,1,5,4,3310,0,0,0,NA,0,051,RIVER RD,SUNDANCE LN,0,NA,Y,A,-,N,NA,NA,NA,NA,NA,NA,NA,NA,NA,N,4,0,2,2,A,-,12,21453,A,N,D,C,A,A,H,-,A,A,0,NA,NA,NA,NA,Y,NA,A,01,0,0,2,0,0,0,0,0,0,-,-,33.91701126098633,-117.59113311767578,RIVERSIDE,NORCO,-117.59104919433594,33.91701126098633
81541878,2021,2021-08-11,3300,2021-07-16,2129,5447,NA,5,5,6,3345,0,0,0,NA,0,NA,COUNTRY VILLAGE RD,RT 60 WB OFFRAMP,50,S,N,A,-,N,NA,NA,60,NA,NA,NA,NA,NA,NA,N,4,0,1,2,A,-,08,22107,NA,N,A,D,A,A,H,-,C,A,0,NA,NA,NA,NA,Y,NA,D,22,0,0,1,0,0,0,0,0,0,-,-,34.019771575927734,-117.50678253173828,RIVERSIDE,JURUPA VALLEY,-117.50675201416016,34.019012451171875
81543000,2021,2021-08-12,3300,2021-08-09,2041,4867,602 C,1,5,6,3394,0,0,0,NA,0,MV24,FREDERICK ST,COTTONWOOD AVE,0,NA,Y,A,-,N,NA,NA,NA,NA,NA,NA,NA,NA,NA,N,4,0,1,2,A,-,09,21804,A,N,C,G,A,A,H,-,C,A,0,NA,Y,NA,NA,Y,NA,L,04,0,0,1,0,0,0,1,0,0,-,-,33.9244384765625,-117.2612075805664,RIVERSIDE,MORENO VALLEY,-117.26117706298828,33.92451858520508
8154369,2016,2016-10-28,3300,2016-08-17,1835,4449,002V,3,5,6,3345,0,0,0,NA,0,026,ETIWANDA AV,54TH ST,0,NA,Y,A,-,N,NA,NA,NA,NA,NA,NA,NA,NA,NA,Y,4,0,1,2,A,-,09,21801,A,N,D,C,A,A,H,-,A,D,0,NA,NA,NA,NA,Y,NA,A,01,0,0,1,0,0,0,0,0,0,-,-,33.99009,-117.52328,RIVERSIDE,JURUPA VALLEY,-117.52342005,33.98999008
81546299,2021,2021-08-17,3300,2021-08-06,2327,5632,916A,5,5,4,3312,0,0,0,NA,0,031,PERRIS BL,HARLEY KNOX BL,0,NA,Y,A,-,N,NA,NA,NA,NA,NA,NA,NA,NA,NA,N,2,0,1,2,A,-,12,21453,A,N,D,C,A,A,H,-,C,A,0,NA,NA,NA,Y,Y,NA,A,01,1,0,0,0,0,0,0,0,0,-,-,33.8573112487793,-117.225830078125,RIVERSIDE,PERRIS,-117.22618103027344,33.85736846923828
81549866,2021,2021-08-20,3300,2021-08-15,1028,N6519,603 A,7,5,6,3394,0,0,0,NA,0,MV32,CACTUS AVE,OLD I-215 FRONTAGE RD,36,E,N,A,-,N,NA,NA,NA,NA,NA,NA,NA,NA,NA,N,3,0,1,2,A,-,12,21453,A,N,A,C,A,A,H,-,A,D,0,NA,NA,NA,NA,Y,NA,-,-,0,1,0,0,0,0,0,0,0,-,-,33.909690856933594,-117.2783432006836,RIVERSIDE,MORENO VALLEY,-117.2781219482422,33.9094352722168
81552187,2021,2021-08-24,3300,2021-08-07,1500,N6910,001L4,6,5,6,3345,0,0,0,NA,0,016,MISSION BL,RUBIDOUX BL,30,W,N,A,-,N,NA,NA,NA,NA,NA,NA,NA,NA,NA,N,4,0,2,2,A,-,03,22350,NA,N,C,C,A,A,H,-,A,A,0,NA,NA,NA,NA,Y,NA,A,07,0,0,2,0,0,0,0,0,0,-,-,33.99721908569336,-117.40730285644533,RIVERSIDE,JURUPA VALLEY,-117.40733337402344,33.99704360961914
81553321,2021,2021-08-25,3300,2021-06-03,2214,5747,905C,4,5,4,3307,0,0,0,NA,0,090,RAILROAD CANYON RD,GRAPE ST,505,E,N,A,-,N,NA,NA,NA,NA,NA,NA,NA,NA,NA,N,3,0,1,1,A,-,03,22350,NA,N,F,A,A,A,H,-,C,D,0,NA,NA,NA,NA,Y,NA,A,01,0,1,0,0,0,0,0,0,0,-,-,33.664791107177734,-117.29749298095705,RIVERSIDE,LAKE ELSINORE,-117.29627990722656,33.664031982421875
81553330,2021,2021-08-25,3300,2021-06-24,1949,5397,905L,4,5,4,3307,0,0,0,NA,0,093,LAKESHORE DR,VISCAYA ST,72,E,N,A,-,N,NA,NA,NA,NA,NA,NA,NA,NA,NA,N,2,0,1,2,A,-,01,23152,A,N,C,C,A,A,H,-,B,D,0,NA,NA,Y,NA,Y,Y,C,02,1,0,0,0,0,0,0,0,1,-,-,33.6879997253418,-117.36849212646484,RIVERSIDE,LAKE ELSINORE,-117.36886596679688,33.685943603515625
81553334,2021,2021-08-25,3300,2021-06-28,1345,5237,NA,1,5,4,3307,0,0,0,NA,0,NA,CAMBERN AVE,SH 74,0,NA,Y,A,-,Y,NA,NA,NA,NA,NA,NA,NA,NA,NA,Y,2,0,1,2,A,-,09,21801,A,N,D,C,A,A,H,-,A,A,0,NA,NA,NA,NA,Y,NA,A,01,1,0,0,0,0,0,0,0,0,-,-,33.69697189331055,-117.33318328857422,RIVERSIDE,LAKE ELSINORE,NA,NA
81553361,2021,2021-08-25,3300,2021-07-22,0816,4201,905L,4,5,4,3307,0,0,0,NA,0,093,GRAND AVE,RIVERSIDE DRIVE,206,S,N,A,-,N,NA,NA,NA,NA,NA,NA,NA,NA,NA,N,3,0,1,3,A,-,03,22350,NA,N,C,E,A,A,H,-,A,D,0,NA,NA,NA,NA,Y,NA,A,01,0,1,0,0,0,0,0,0,0,-,-,33.664058685302734,-117.38497161865234,RIVERSIDE,LAKE ELSINORE,-117.38486480712892,33.664039611816406
81553392,2021,2021-08-25,3300,2021-07-08,1738,N6689,NA,4,5,3,3343,0,0,0,NA,0,NA,PALOMAR ST,ROBIN SCOTT ST,82,S,N,A,-,Y,NA,NA,NA,NA,NA,NA,NA,NA,NA,Y,4,0,5,2,A,-,08,22107,NA,N,D,C,A,A,H,-,A,D,0,NA,NA,NA,NA,Y,NA,A,07,0,0,5,0,0,0,0,0,0,-,-,33.58694076538086,-117.24899291992188,RIVERSIDE,WILDOMAR,-117.24617004394533,33.58513259887695
81553404,2021,2021-08-25,3300,2021-08-16,1717,4867,601 D,1,5,6,3394,0,0,0,NA,0,MV14,PIGEON PASS RD,CHAMBRAY DR,0,NA,Y,A,-,N,NA,NA,NA,NA,NA,NA,NA,NA,NA,N,4,0,1,2,A,-,09,21802,A,N,D,G,A,A,H,-,A,A,0,NA,Y,NA,NA,Y,NA,L,04,0,0,1,0,0,0,1,0,0,-,-,33.94453048706055,-117.26142120361328,RIVERSIDE,MORENO VALLEY,-117.26146697998048,33.944480895996094
81554493,2021,2021-08-26,3306,2021-08-01,1235,783,NA,7,5,3,3306,0,0,0,NA,0,NA,PIERSON BLVD,SKYBORNE DR,0,NA,Y,A,-,N,NA,NA,NA,NA,NA,NA,NA,NA,NA,Y,4,0,1,2,A,-,12,21453,A,N,D,C,A,A,H,-,A,A,0,NA,NA,NA,NA,Y,NA,A,01,0,0,1,0,0,0,0,0,0,-,-,33.96139907836914,-116.57283782958984,RIVERSIDE,DESERT HOT SPRINGS,-116.57278442382813,33.96141815185547
81556556,2021,2021-08-27,3300,2021-08-13,2005,5397,905L,5,5,4,3307,0,0,0,NA,0,093,MACHADO ST,MARI DR,0,NA,Y,A,-,N,NA,NA,NA,NA,NA,NA,NA,NA,NA,N,4,0,1,2,A,-,01,23152,A,N,C,C,A,A,H,-,C,D,0,NA,NA,NA,Y,Y,Y,F,26,0,0,1,0,0,0,0,0,0,-,-,33.678138732910156,-117.38346099853516,RIVERSIDE,LAKE ELSINORE,-117.38340759277344,33.67820739746094
81557442,2021,2021-08-30,3300,2021-08-14,1629,2840,910K,6,5,5,3335,0,0,0,NA,0,064,RANCHO CALIFORNIA RD,MORAGA RD,0,NA,Y,A,-,N,NA,NA,NA,NA,NA,NA,NA,NA,NA,Y,3,0,1,2,A,-,01,23152,A,N,C,C,A,A,H,-,A,A,0,NA,NA,NA,NA,Y,Y,A,01,0,1,0,0,0,0,0,0,0,-,-,33.50743865966797,-117.14002990722656,RIVERSIDE,TEMECULA,-117.14009857177734,33.50752258300781
81557467,2021,2021-08-30,3311,2021-08-05,1515,15951,NA,4,5,4,3311,0,0,0,NA,0,006,DINAH SHORE DRIVE,LAWRENCE CROSSLEY ROAD,35,W,N,A,-,N,NA,NA,NA,NA,NA,NA,NA,NA,NA,Y,4,0,1,2,A,-,03,22350,NA,N,C,C,A,A,H,-,A,A,0,NA,NA,NA,NA,Y,NA,A,01,0,0,1,0,0,0,0,0,0,-,-,NA,NA,RIVERSIDE,PALM SPRINGS,-116.48436737060548,33.80854034423828
81557590,2021,2021-08-30,3300,2021-07-13,1508,5726,602 C,2,5,6,3394,0,0,0,NA,0,MV24,ALESSANDRO BLVD,ALESSANDRO PLAZA,50,W,N,A,-,N,NA,NA,NA,NA,NA,NA,NA,NA,NA,Y,4,0,1,2,A,-,03,22350,NA,N,C,C,A,A,H,-,A,A,0,NA,NA,NA,NA,Y,NA,A,08,0,0,1,0,0,0,0,0,0,-,-,33.91727828979492,-117.2480697631836,RIVERSIDE,MORENO VALLEY,-117.24820709228516,33.917179107666016
81557594,2021,2021-08-30,3300,2021-08-23,0827,3536,602 A,1,5,6,3394,0,0,0,NA,0,MV22,EUCALYPTUS AVE,DAY ST,809,W,N,A,-,N,NA,NA,NA,NA,NA,NA,NA,NA,NA,N,4,0,1,2,A,-,04,21703,NA,N,C,C,A,A,H,-,A,D,0,NA,NA,NA,NA,Y,NA,A,01,0,0,1,0,0,0,0,0,0,-,-,33.93170166015625,-117.27864837646484,RIVERSIDE,MORENO VALLEY,-117.28147888183594,33.93138885498047
81558938,2021,2021-08-31,3300,2021-08-01,2120,5727,602 B,7,5,6,3394,0,0,0,NA,0,MV22,EUCALYPTUS AVE,ARBOR PARK LN,215,W,N,A,-,N,NA,NA,NA,NA,NA,NA,NA,NA,NA,N,3,0,1,1,A,-,08,22107,NA,N,E,I,A,A,H,-,C,D,0,NA,NA,Y,NA,Y,NA,C,02,0,1,0,0,0,0,0,0,1,-,-,33.931819915771484,-117.27507781982422,RIVERSIDE,MORENO VALLEY,-117.27565002441406,33.93156433105469
81559037,2021,2021-08-31,3349,2021-07-15,1618,394,NA,4,5,5,3341,0,0,0,NA,0,001,MENIFEE RD,MAPES RD,0,NA,Y,A,-,N,NA,NA,NA,NA,NA,NA,NA,NA,NA,Y,4,0,4,2,A,-,09,21802,A,N,D,C,A,A,H,-,A,D,0,NA,NA,NA,NA,Y,NA,A,07,0,0,4,0,0,0,0,0,0,-,-,33.75749969482422,-117.15390777587892,RIVERSIDE,MENIFEE,-117.15415191650392,33.7575798034668
81559066,2021,2021-08-31,3349,2021-08-09,0832,410,NA,1,5,5,3341,0,0,0,NA,0,NA,BRADLEY RD,LAZY CREEK RD,270,N,N,A,-,N,NA,NA,NA,NA,NA,NA,NA,NA,NA,N,4,0,1,2,A,-,03,22350,NA,N,C,C,A,A,H,-,A,D,0,NA,NA,NA,NA,Y,NA,A,07,0,0,1,0,0,0,0,0,0,-,-,33.688880920410156,-117.1885986328125,RIVERSIDE,MENIFEE,-117.18860626220705,33.689579010009766
81559978,2021,2021-09-01,3311,2021-08-09,1238,16210,NA,1,5,4,3311,0,0,0,NA,0,NA,RAMON ROAD,AVENIDA EVELITA,0,NA,Y,A,-,N,NA,NA,NA,NA,NA,NA,NA,NA,NA,Y,4,0,3,2,A,-,09,21802,A,N,D,C,A,A,H,-,A,A,0,NA,NA,NA,NA,Y,NA,A,07,0,0,3,0,0,0,0,0,0,-,-,33.815921783447266,-116.50402069091795,RIVERSIDE,PALM SPRINGS,-116.50402069091795,33.81587219238281
81569406,2021,2021-09-14,3300,2021-08-15,0200,3698,82E2,7,5,3,3305,0,0,0,NA,0,082,CESAR CHAVEZ ST,52ND AV,30,N,N,A,-,N,NA,NA,NA,NA,NA,NA,NA,NA,NA,N,3,0,1,2,A,-,01,23153,B,N,C,C,A,A,H,-,C,A,0,NA,NA,NA,NA,Y,Y,A,01,0,1,0,0,0,0,0,0,0,-,-,33.67087936401367,-116.18160247802734,RIVERSIDE,COACHELLA,-116.1816864013672,33.670963287353516
81570365,2021,2021-09-15,3300,2021-09-08,1929,4050,NA,3,5,6,3394,0,0,0,NA,0,NA,KITCHING ST,CACTUS AVE,250,N,N,A,-,N,NA,NA,NA,NA,NA,NA,NA,NA,NA,N,4,0,1,2,A,-,03,22350,NA,N,C,C,A,A,H,-,C,D,0,NA,NA,NA,NA,Y,NA,A,01,0,0,1,0,0,0,0,0,0,-,-,33.90983963012695,-117.21746826171876,RIVERSIDE,MORENO VALLEY,-117.21736145019533,33.910743713378906
81570555,2021,2021-09-15,3315,2021-09-01,0855,003568,3B,3,5,6,3315,0,0,0,NA,0,003,ONTARIO AV,MAGNOLIA AV,576,W,N,A,-,N,NA,NA,NA,NA,NA,NA,NA,NA,NA,N,3,0,1,3,A,-,03,22350,NA,N,C,C,A,A,H,-,A,D,0,NA,NA,NA,NA,Y,NA,A,07,0,1,0,0,0,0,0,0,0,-,-,33.85499954223633,-117.56134796142578,RIVERSIDE,CORONA,-117.56339263916016,33.85525894165039
81571518,2021,2021-09-16,3300,2021-09-12,1449,N6519,601 A,7,5,6,3394,0,0,0,NA,0,MV12,PIGEON PASS RD,OLD LAKE DR,37,N,N,A,-,N,NA,NA,NA,NA,NA,NA,NA,NA,NA,N,4,0,3,2,A,-,12,21453,A,N,A,C,A,A,H,-,A,D,0,NA,NA,NA,NA,Y,NA,A,01,0,0,3,0,0,0,0,0,0,-,-,33.96820831298828,-117.26139831542967,RIVERSIDE,MORENO VALLEY,-117.2615203857422,33.96821975708008
81572819,2021,2021-09-17,3300,2021-09-01,1015,3031,LA41,3,5,3,3392,0,0,0,NA,0,LA41,WASHINGTON ST,HWY 111,207,N,N,A,-,N,NA,NA,NA,NA,NA,NA,NA,NA,NA,N,4,0,1,2,A,-,03,22350,NA,N,C,C,A,A,H,-,A,A,0,NA,NA,NA,NA,Y,NA,A,08,0,0,1,0,0,0,0,0,0,-,-,33.71514892578125,-116.29502868652344,RIVERSIDE,LA QUINTA,-116.29499053955078,33.71584701538086
81578605,2021,2021-09-24,3349,2021-09-04,1248,412,NA,6,5,5,3341,0,0,0,NA,0,001,LINDENBERGER RD,BROOKSTONE ST,18,W,N,A,-,N,NA,NA,NA,NA,NA,NA,NA,NA,NA,Y,3,0,2,2,A,-,09,21801,A,N,D,C,A,A,H,-,A,A,0,NA,NA,NA,NA,Y,NA,A,01,0,2,0,0,0,0,0,0,0,-,-,33.704341888427734,-117.145263671875,RIVERSIDE,MENIFEE,-117.1452407836914,33.704368591308594
81578614,2021,2021-09-24,3349,2021-09-13,1243,321,NA,1,5,5,3341,0,0,0,NA,0,002,SHORELINE DR,WESTLAKE DR,25,S,N,A,-,N,NA,NA,NA,NA,NA,NA,NA,NA,NA,Y,3,0,1,2,A,-,03,22350,NA,M,D,E,A,A,A,H,A,A,0,NA,NA,NA,NA,Y,NA,A,01,0,1,0,0,0,0,0,0,0,-,-,33.6845588684082,-117.16568756103516,RIVERSIDE,MENIFEE,-117.16569519042967,33.6843376159668
81579645,2021,2021-09-27,3300,2021-07-30,2210,5059,603 A,5,5,6,3394,0,0,0,NA,0,MV34,INDIAN ST,SUPERIOR AVE,713,S,N,A,-,N,NA,NA,NA,NA,NA,NA,NA,NA,NA,Y,2,0,1,1,A,-,01,23152,A,N,E,I,A,A,H,-,C,D,0,NA,NA,NA,NA,Y,Y,A,01,1,0,0,0,0,0,0,0,0,-,-,33.875850677490234,-117.23533630371094,RIVERSIDE,MORENO VALLEY,-117.23484802246094,33.87399673461914
81579647,2021,2021-09-27,3300,2021-08-03,0738,4695,604 A,2,5,6,3394,0,0,0,NA,0,MV42,LASSELLE ST,DRACAEA AVE,0,NA,Y,A,-,N,NA,NA,NA,NA,NA,NA,NA,NA,NA,Y,4,0,2,2,A,-,12,22450,A,N,D,C,A,A,H,-,A,A,0,NA,NA,NA,NA,Y,NA,A,01,0,0,2,0,0,0,0,0,0,-,-,33.928199768066406,-117.20887756347656,RIVERSIDE,MORENO VALLEY,-117.20893096923828,33.928192138671875
81585425,2021,2021-10-01,3300,2021-04-30,1245,5720,NA,5,5,6,3394,0,0,0,NA,0,NA,SUNNYMEAD BLVD,HEACOCK ST,687,E,N,A,-,N,NA,NA,NA,NA,NA,NA,NA,NA,NA,N,4,0,1,2,A,-,09,21804,A,N,D,G,A,A,H,-,A,D,0,NA,Y,NA,NA,Y,NA,A,01,0,0,1,0,0,0,1,0,0,-,-,33.93906021118164,-117.24376678466795,RIVERSIDE,MORENO VALLEY,-117.24153137207033,33.939048767089844
81586351,2021,2021-10-04,3342,2021-08-18,1520,1089,263,3,5,4,3342,0,0,0,NA,0,002,MONROE AVE,JACKSON AVE,35,W,N,A,-,N,NA,NA,NA,NA,NA,NA,NA,NA,NA,Y,4,0,3,2,A,-,03,22350,NA,N,C,C,A,A,H,-,A,A,0,NA,NA,NA,NA,Y,NA,A,07,0,0,3,0,0,0,0,0,0,-,-,33.57789993286133,-117.21106719970705,RIVERSIDE,MURRIETA,-117.21115112304688,33.57786178588867
81586462,2021,2021-10-04,3300,2021-09-19,1432,3536,602 E,7,5,6,3394,0,0,0,NA,0,MV28,BAY AVE,FLAMING ARROW DR,0,NA,Y,A,-,N,NA,NA,NA,NA,NA,NA,NA,NA,NA,Y,3,0,5,2,A,-,09,21802,A,N,D,C,A,A,H,-,A,A,0,NA,NA,NA,NA,Y,NA,D,22,0,1,4,0,0,0,0,0,0,-,-,33.92074966430664,-117.22235870361328,RIVERSIDE,MORENO VALLEY,-117.22238159179688,33.9209098815918
81588864,2021,2021-10-06,3300,2021-08-17,0728,3394,910U,2,5,5,3335,0,0,0,NA,0,070,DEER HOLLOW WY,PECHANGA PKY,1245,E,N,A,-,N,NA,NA,NA,NA,NA,NA,NA,NA,NA,Y,4,0,1,3,A,-,05,21460,A,N,A,C,A,A,H,-,A,A,0,NA,NA,NA,NA,Y,Y,A,07,0,0,1,0,0,0,0,0,0,-,-,33.45030975341797,-117.09600830078124,RIVERSIDE,TEMECULA,-117.09335327148438,33.45281982421875
81589014,2021,2021-10-06,3315,2021-09-20,1653,004228,13A,1,5,6,3315,0,0,0,NA,0,003,MAGNOLIA AV,SANTANA WY,0,N,Y,A,-,N,NA,NA,NA,NA,NA,NA,NA,NA,NA,Y,3,0,1,2,A,-,12,21453,A,F,D,C,A,A,H,-,A,A,0,NA,NA,NA,NA,Y,NA,A,01,0,1,0,0,0,0,0,0,0,-,-,33.85232925415039,-117.56411743164063,RIVERSIDE,CORONA,-117.56375885009766,33.85343551635742
8158940,2016,2016-11-03,3313,2016-10-07,0826,1686,E,5,5,7,3313,0,0,0,NA,0,T58,SYCAMORE CANYON BL,BOX SPRINGS BL,90,S,N,A,-,N,NA,NA,NA,NA,NA,NA,NA,NA,NA,N,4,0,1,2,A,-,03,22350,NA,N,C,C,A,A,H,-,A,A,0,NA,NA,NA,NA,Y,NA,A,01,0,0,1,0,0,0,0,0,0,-,-,33.94033,-117.29865,RIVERSIDE,RIVERSIDE,-117.2987,33.94017344
81591374,2021,2021-10-08,3300,2021-09-24,2041,N3074,84D4,5,5,3,3305,0,0,0,NA,0,Y84,86 EXPRESSWAY,AVENUE 50,19,N,N,A,-,Y,NA,NA,NA,NA,NA,NA,NA,NA,NA,N,4,0,1,2,A,-,03,22350,NA,F,C,C,A,A,H,-,C,A,0,NA,NA,NA,NA,Y,Y,-,99,0,0,1,0,0,0,0,0,0,-,-,NA,NA,RIVERSIDE,COACHELLA,NA,NA
81597013,2021,2021-10-15,3300,2021-10-07,1805,5632,NA,4,5,4,3312,0,0,0,NA,0,NA,RAMONA EXPRESSWAY,REDLANDS AV,741,W,N,A,-,N,NA,NA,NA,NA,NA,NA,NA,NA,NA,N,4,0,1,2,A,-,08,22107,NA,N,D,C,A,A,H,-,B,D,0,NA,NA,NA,NA,Y,NA,A,01,0,0,1,0,0,0,0,0,0,-,-,33.84442901611328,-117.216796875,RIVERSIDE,PERRIS,-117.21932983398438,33.84450149536133
81597018,2021,2021-10-15,3300,2021-10-07,1711,N6426,910K,4,5,5,3335,0,0,0,NA,0,064,CAMPO VERDE,CAMPO ROJO,120,N,N,A,-,N,NA,NA,NA,NA,NA,NA,NA,NA,NA,N,4,0,1,2,A,-,21,22106,NA,N,G,B,E,A,H,-,A,D,0,Y,NA,NA,NA,Y,NA,A,07,0,0,1,0,1,0,0,0,0,-,-,33.49433135986328,-117.13707733154295,RIVERSIDE,TEMECULA,-117.1364974975586,33.49458694458008
81597025,2021,2021-10-15,3300,2021-09-24,1926,N5791,011C,5,5,4,3344,0,0,0,NA,0,061,LIMONITE AV,HAMNER AV,852,E,N,A,-,N,NA,NA,NA,NA,NA,NA,NA,NA,NA,N,4,0,1,3,A,-,03,22350,NA,N,C,C,A,A,H,-,C,D,0,NA,NA,NA,NA,Y,NA,A,07,0,0,1,0,0,0,0,0,0,-,-,33.975341796875,-117.558349609375,RIVERSIDE,EASTVALE,-117.5556411743164,33.975120544433594
81598188,2021,2021-10-18,3325,2021-07-17,0127,1614,NA,6,5,4,3325,0,0,0,NA,0,002,DATE PALM DR,DINAH SHORE DR,0,NA,Y,A,-,N,NA,NA,NA,NA,NA,NA,NA,NA,NA,Y,2,0,1,3,A,-,08,22100,A,N,D,D,A,A,H,-,C,A,0,NA,NA,NA,NA,Y,NA,A,01,1,0,0,0,0,0,0,0,0,-,-,NA,NA,RIVERSIDE,CATHEDRAL CITY,-116.45814514160156,33.801353454589844