CASE_ID,ACCIDENT_YEAR,PROC_DATE,JURIS,COLLISION_DATE,COLLISION_TIME,OFFICER_ID,REPORTING_DISTRICT,DAY_OF_WEEK,CHP_SHIFT,POPULATION,CNTY_CITY_LOC,SPECIAL_COND,BEAT_TYPE,CHP_BEAT_TYPE,CITY_DIVISION_LAPD,CHP_BEAT_CLASS,BEAT_NUMBER,PRIMARY_RD,SECONDARY_RD,DISTANCE,DIRECTION,INTERSECTION,WEATHER_1,WEATHER_2,STATE_HWY_IND,CALTRANS_COUNTY,CALTRANS_DISTRICT,STATE_ROUTE,ROUTE_SUFFIX,POSTMILE_PREFIX,POSTMILE,LOCATION_TYPE,RAMP_INTERSECTION,SIDE_OF_HWY,TOW_AWAY,COLLISION_SEVERITY,NUMBER_KILLED,NUMBER_INJURED,PARTY_COUNT,PRIMARY_COLL_FACTOR,PCF_CODE_OF_VIOL,PCF_VIOL_CATEGORY,PCF_VIOLATION,PCF_VIOL_SUBSECTION,HIT_AND_RUN,TYPE_OF_COLLISION,MVIW,PED_ACTION,ROAD_SURFACE,ROAD_COND_1,ROAD_COND_2,LIGHTING,CONTROL_DEVICE,CHP_ROAD_TYPE,PEDESTRIAN_ACCIDENT,BICYCLE_ACCIDENT,MOTORCYCLE_ACCIDENT,TRUCK_ACCIDENT,NOT_PRIVATE_PROPERTY,ALCOHOL_INVOLVED,STWD_VEHTYPE_AT_FAULT,CHP_VEHTYPE_AT_FAULT,COUNT_SEVERE_INJ,COUNT_VISIBLE_INJ,COUNT_COMPLAINT_PAIN,COUNT_PED_KILLED,COUNT_PED_INJURED,COUNT_BICYCLIST_KILLED,COUNT_BICYCLIST_INJURED,COUNT_MC_KILLED,COUNT_MC_INJURED,PRIMARY_RAMP,SECONDARY_RAMP,LATITUDE,LONGITUDE,COUNTY,CITY,POINT_X,POINT_Y
82006542,2023,2023-03-01,3342,2023-01-27,1607,1148,643,5,5,4,3342,0,0,0,NA,0,006,MURRIETA HOT SPRINGS RD,VILLA DRIVE,15,W,N,A,-,N,NA,NA,NA,NA,NA,NA,NA,NA,NA,Y,4,0,1,3,A,-,01,23152,A,N,C,C,A,A,H,-,A,A,0,NA,NA,NA,NA,Y,Y,A,07,0,0,1,0,0,0,0,0,0,-,-,33.55691909790039,-117.16029357910156,RIVERSIDE,MURRIETA,-117.16036987304688,33.556888580322266
8200713,2017,2017-03-20,3300,2017-02-07,1753,4579,908,2,5,3,3337,0,0,0,NA,0,039,RAILROAD CANYON RD,SORREL LN,357,E,N,A,-,N,NA,NA,NA,NA,NA,NA,NA,NA,NA,Y,3,0,2,4,A,-,08,22107,NA,N,B,C,A,A,H,-,C,D,0,NA,NA,NA,NA,Y,NA,D,22,0,1,1,0,0,0,0,0,0,-,-,33.67676,-117.24376,RIVERSIDE,CANYON LAKE,-117.24307701,33.67721965
82008452,2023,2023-03-03,3300,2023-02-27,1403,3552,916C,1,5,4,3312,0,0,0,NA,0,034,TOMAHAWK RD,INDIAN CI,0,NA,Y,B,-,N,NA,NA,NA,NA,NA,NA,NA,NA,NA,N,3,0,1,2,A,-,12,22450,A,F,G,B,E,A,H,-,A,A,0,Y,NA,NA,NA,Y,NA,D,22,0,1,0,0,1,0,0,0,0,-,-,33.781028747558594,-117.24449920654295,RIVERSIDE,PERRIS,NA,NA
82011050,2023,2023-03-07,3306,2023-02-24,2351,773,NA,5,5,3,3306,0,0,0,NA,0,NA,HACIENDA AVE,STARLIGHT WAY,0,NA,Y,A,-,N,NA,NA,NA,NA,NA,NA,NA,NA,NA,N,4,0,1,2,A,-,04,21703,NA,N,D,C,A,A,H,-,D,D,0,NA,NA,NA,NA,Y,NA,A,01,0,0,1,0,0,0,0,0,0,-,-,33.948970794677734,-116.45950317382813,RIVERSIDE,DESERT HOT SPRINGS,-116.4594497680664,33.94902420043945
82012243,2022,2023-03-08,3313,2022-11-10,1400,1686,5,4,5,7,3313,0,0,0,NA,0,T58,NORWOOD AV,CAMPBELL AV,22,N,N,A,-,N,NA,NA,NA,NA,NA,NA,NA,NA,NA,Y,3,0,1,2,A,-,01,23152,A,M,B,C,A,A,H,-,A,A,0,NA,NA,NA,NA,Y,Y,A,01,0,1,0,0,0,0,0,0,0,-,-,33.935630798339844,-117.48709106445313,RIVERSIDE,RIVERSIDE,-117.48705291748048,33.93571090698242
82012250,2022,2023-03-08,3313,2022-12-09,2057,1849,2,5,5,7,3313,0,0,0,NA,0,3R24,BLAINE ST,IOWA AVE,428,W,N,A,-,N,NA,NA,NA,NA,NA,NA,NA,NA,NA,N,4,0,1,2,A,-,03,22350,NA,F,C,C,A,A,H,-,C,A,0,NA,NA,NA,NA,Y,NA,I,11,0,0,1,0,0,0,0,0,0,-,-,33.981380462646484,-117.33944702148438,RIVERSIDE,RIVERSIDE,-117.34130859375,33.98299026489258
82012260,2023,2023-03-08,3313,2023-02-16,2150,2014,3,4,5,7,3313,0,0,0,NA,0,3R34,ALESSANDRO BLVD,TRAUTWEIN RD,26,E,N,A,-,N,NA,NA,NA,NA,NA,NA,NA,NA,NA,Y,4,0,1,2,A,-,12,21453,A,N,B,C,A,A,H,-,C,A,0,NA,NA,NA,NA,Y,NA,A,01,0,0,1,0,0,0,0,0,0,-,-,33.91836929321289,-117.3336181640625,RIVERSIDE,RIVERSIDE,-117.3324737548828,33.91862106323242
82014332,2023,2023-03-10,3300,2023-03-06,2046,N6297,910M,1,5,5,3335,0,0,0,NA,0,067,DE PORTOLA RD,JEDEDIAH SMITH RD,25,E,N,A,-,N,NA,NA,NA,NA,NA,NA,NA,NA,NA,N,4,0,1,2,A,-,01,23152,A,M,C,C,A,A,H,-,C,A,0,NA,NA,NA,NA,Y,Y,A,01,0,0,1,0,0,0,0,0,0,-,-,33.47856903076172,-117.1226806640625,RIVERSIDE,TEMECULA,-117.12255859375,33.478580474853516
82014339,2022,2023-08-14,3300,2022-11-16,2336,6031,002W,3,5,6,3345,0,0,0,NA,0,026,SKY COUNTRY DR,SUNNY CIRC,68,E,N,A,-,N,NA,NA,NA,NA,NA,NA,NA,NA,NA,Y,4,0,1,3,A,-,03,22350,NA,N,A,E,A,A,H,-,C,D,0,NA,NA,NA,NA,Y,Y,A,01,0,0,1,0,0,0,0,0,0,-,-,NA,NA,RIVERSIDE,JURUPA VALLEY,-117.5263900756836,33.976219177246094
82015351,2023,2023-03-13,3313,2023-02-16,909,1389,3,4,5,7,3313,0,0,0,NA,0,T53,BOX SPRINGS BLVD,QUAIL VALLEY CT,146,W,N,B,-,N,NA,NA,NA,NA,NA,NA,NA,NA,NA,N,4,0,2,2,A,-,08,22107,NA,N,A,C,A,A,H,-,A,D,0,NA,NA,NA,NA,Y,NA,A,01,0,0,2,0,0,0,0,0,0,-,-,33.939430236816406,-117.29537200927734,RIVERSIDE,RIVERSIDE,-117.29573822021484,33.93967056274414
82015526,2023,2023-03-13,3313,2023-02-25,612,2032,2,6,5,7,3313,0,0,0,NA,0,1R37,BLAINE ST,215 FWY S/B OFF RAMP,25,E,N,B,C,N,NA,NA,NA,NA,NA,NA,NA,NA,NA,N,4,0,1,2,D,-,00,NA,NA,N,D,C,A,B,H,-,B,A,0,NA,NA,NA,NA,Y,NA,-,-,0,0,1,0,0,0,0,0,0,-,-,NA,NA,RIVERSIDE,RIVERSIDE,-117.34331512451172,33.98300552368164
8201580,2017,2017-03-27,3300,2017-03-09,0715,N4544,601E1,4,5,6,3394,0,0,0,NA,0,016,IRONWOOD AV,HUBBARD ST,8,W,N,A,-,N,NA,NA,NA,NA,NA,NA,NA,NA,NA,Y,4,0,1,2,A,-,09,21802,A,N,D,C,A,A,H,-,A,A,0,NA,NA,NA,NA,Y,NA,D,22,0,0,1,0,0,0,0,0,0,-,-,33.94668,-117.23088,RIVERSIDE,MORENO VALLEY,-117.2309063,33.94666
82018241,2022,2023-03-15,3349,2022-12-16,0726,420,ME420,5,5,5,3341,0,0,0,NA,0,001,ANTELOPE RD,NEWPORT RD,0,NA,Y,A,-,N,NA,NA,NA,NA,NA,NA,NA,NA,NA,Y,4,0,1,3,A,-,09,21453,C,N,D,D,A,A,H,-,A,A,0,NA,NA,NA,Y,Y,NA,A,01,0,0,1,0,0,0,0,0,0,-,-,NA,NA,RIVERSIDE,MENIFEE,-117.16722869873048,33.684967041015625
82019048,2023,2023-03-16,3300,2023-03-08,948,N8074,604 C,3,5,6,3394,0,0,0,NA,0,MV44,IRIS AVE,VIA DEL LAGO,0,NA,Y,A,-,N,NA,NA,NA,NA,NA,NA,NA,NA,NA,N,2,0,1,2,A,-,12,21453,A,N,D,C,A,A,H,-,A,A,0,NA,NA,NA,NA,Y,NA,A,01,1,0,0,0,0,0,0,0,0,-,-,33.895111083984375,-117.17916870117188,RIVERSIDE,MORENO VALLEY,-117.17903137207033,33.8951416015625
82020153,2023,2023-03-17,3300,2023-03-08,1533,N7042,916D,3,5,4,3312,0,0,0,NA,0,035,ETHANAC RD,I 215  N,206,W,N,A,-,N,NA,NA,NA,NA,NA,NA,NA,NA,NA,Y,4,0,1,2,A,-,08,22107,NA,N,D,C,A,A,H,-,A,A,0,NA,NA,NA,NA,Y,NA,A,01,0,0,1,0,0,0,0,0,0,-,-,33.743141174316406,-117.18914031982422,RIVERSIDE,PERRIS,-117.1894302368164,33.74298095703125
82020170,2023,2023-03-17,3300,2023-01-30,812,2812,012C,1,5,4,3344,0,0,0,NA,0,065,CITRUS ST,MAYFIELD ST,0,NA,Y,B,-,N,NA,NA,NA,NA,NA,NA,NA,NA,NA,N,3,0,3,5,A,-,09,21802,A,N,D,D,A,B,H,-,A,A,0,NA,NA,NA,NA,Y,NA,A,01,0,1,2,0,0,0,0,0,0,-,-,33.951778411865234,-117.56491088867188,RIVERSIDE,EASTVALE,-117.56478118896484,33.95183563232422
82021913,2023,2023-03-20,3300,2023-03-08,1816,4765,34F1,3,5,4,3318,0,0,0,NA,0,T34,COOK ST,HOVLEY LN E,0,NA,Y,A,-,N,NA,NA,NA,NA,NA,NA,NA,NA,NA,N,4,0,2,2,A,-,09,21453,C,N,D,C,A,A,H,-,C,A,0,NA,NA,NA,NA,Y,NA,A,07,0,0,2,0,0,0,0,0,0,-,-,33.74700927734375,-116.3564224243164,RIVERSIDE,PALM DESERT,-116.35636901855467,33.74702835083008
82024553,2023,2023-03-22,3300,2023-03-14,1221,5515,36R4,2,5,4,3318,0,0,0,NA,0,T36,PARKVIEW DR,MARBRISSA DR,0,NA,Y,A,-,N,NA,NA,NA,NA,NA,NA,NA,NA,NA,N,3,0,1,2,A,-,09,21804,A,N,D,G,A,A,H,-,A,D,0,NA,Y,NA,NA,Y,NA,I,11,0,1,0,0,0,0,1,0,0,-,-,33.73234176635742,-116.39729309082033,RIVERSIDE,PALM DESERT,-116.39731597900392,33.73238754272461
82026183,2023,2023-03-23,3300,2023-03-06,2044,3786,002R,1,5,6,3345,0,0,0,NA,0,024,LIMONITE AV,FELSPAR ST,0,NA,Y,A,-,N,NA,NA,NA,NA,NA,NA,NA,NA,NA,Y,3,0,2,2,A,-,17,21457,B,N,D,C,A,A,H,-,C,A,0,NA,NA,NA,NA,Y,NA,D,22,0,1,1,0,0,0,0,0,0,-,-,33.975860595703125,-117.48416137695313,RIVERSIDE,JURUPA VALLEY,-117.48410034179688,33.97553253173828
82026204,2023,2023-03-23,3300,2023-03-20,650,N4883,002T,1,5,6,3345,0,0,0,NA,0,024,CLAY ST,GENERAL RD,40,N,N,A,-,N,NA,NA,NA,NA,NA,NA,NA,NA,NA,Y,4,0,5,1,A,-,08,22107,NA,N,E,I,A,A,H,-,A,A,0,NA,NA,NA,NA,Y,NA,A,07,0,0,5,0,0,0,0,0,0,-,-,33.96836853027344,-117.462890625,RIVERSIDE,JURUPA VALLEY,-117.46268463134766,33.96829605102539
82027649,2023,2023-03-24,3342,2023-03-10,2211,1363,289,5,5,4,3342,0,0,0,NA,0,002,HANCOCK AVE,LOS ALAMOS RD,10,S,N,B,-,N,NA,NA,NA,NA,NA,NA,NA,NA,NA,Y,4,0,1,2,A,-,01,23152,A,N,C,C,A,A,H,-,C,A,0,NA,NA,NA,NA,Y,Y,A,01,0,0,1,0,0,0,0,0,0,-,-,33.56996154785156,-117.18422698974608,RIVERSIDE,MURRIETA,-117.1842041015625,33.570556640625
82028609,2023,2023-03-27,3300,2023-03-11,20,6079,604 A,6,5,6,3394,0,0,0,NA,0,MV42,NASON ST,EUCALYPTUS AVE,33,N,N,B,C,N,NA,NA,NA,NA,NA,NA,NA,NA,NA,Y,3,0,3,2,A,-,03,22350,NA,N,C,C,A,B,H,-,C,A,0,NA,NA,NA,NA,Y,NA,A,01,0,3,0,0,0,0,0,0,0,-,-,33.931819915771484,-117.19133758544922,RIVERSIDE,MORENO VALLEY,-117.19161987304688,33.93190002441406
82032203,2023,2023-03-30,3311,2023-02-26,407,16344,NA,7,5,4,3311,0,0,0,NA,0,006,PAR DRIVE,SR 111 (GENE AUTRY TRAIL),0,NA,Y,A,-,N,NA,NA,NA,NA,NA,NA,NA,NA,NA,Y,2,0,1,1,A,-,01,23152,A,N,E,I,A,B,H,-,C,A,0,NA,NA,NA,NA,Y,Y,D,22,1,0,0,0,0,0,0,0,0,-,-,33.80038833618164,-116.49501037597656,RIVERSIDE,PALM SPRINGS,-116.4949951171875,33.80046844482422
82032292,2022,2023-03-31,3349,2022-12-15,1058,378,NA,4,5,5,3341,0,0,0,NA,0,005,MURRIETA RD,CAMINITO DEL SOL SUR,44,N,N,A,-,N,NA,NA,NA,NA,NA,NA,NA,NA,NA,N,3,0,1,1,C,-,18,NA,NA,N,E,I,A,A,H,-,A,D,0,NA,NA,NA,NA,Y,NA,-,-,0,1,0,0,0,0,0,0,0,-,-,33.69546127319336,-117.20584869384766,RIVERSIDE,MENIFEE,-117.20602416992188,33.695640563964844
82034871,2023,2023-04-03,3342,2023-03-31,1200,1241,671,5,5,4,3342,0,0,0,NA,0,006,GROVE WAY,MARGARITA RD,146,E,N,A,-,N,NA,NA,NA,NA,NA,NA,NA,NA,NA,Y,4,0,1,2,A,-,09,21804,A,N,D,C,A,A,H,-,A,A,0,NA,NA,NA,NA,Y,NA,A,01,0,0,1,0,0,0,0,0,0,-,-,33.54726028442383,-117.15657043457033,RIVERSIDE,MURRIETA,-117.15654754638672,33.5472297668457
82036070,2023,2023-04-04,3300,2023-03-31,1334,4323,910S,5,5,5,3335,0,0,0,NA,0,070,REDHAWK PKY,TEMECULA PKY,100,S,N,A,-,N,NA,NA,NA,NA,NA,NA,NA,NA,NA,Y,4,0,2,3,A,-,09,21801,A,N,D,C,A,A,H,-,A,D,0,NA,NA,NA,NA,Y,NA,A,01,0,0,2,0,0,0,0,0,0,-,-,33.48017120361328,-117.10147094726563,RIVERSIDE,TEMECULA,-117.1014404296875,33.479957580566406
82036210,2023,2023-04-04,3313,2023-02-24,1850,1499,1,5,5,7,3313,0,0,0,NA,0,M34,MISSION INN AVE,INDIAN HILL RD,148,E,N,C,-,N,NA,NA,NA,NA,NA,NA,NA,NA,NA,Y,4,0,1,1,A,-,08,22107,NA,N,E,I,A,B,H,-,C,D,0,NA,NA,NA,NA,Y,NA,A,01,0,0,1,0,0,0,0,0,0,-,-,33.98834991455078,-117.38533020019533,RIVERSIDE,RIVERSIDE,-117.38687896728516,33.98881912231445
82037255,2023,2023-04-05,3342,2023-03-29,1728,1148,411,3,5,4,3342,0,0,0,NA,0,004,MURRIETA HOT SPRINGS RD,JEFFERSON AVE,28,E,N,B,-,N,NA,NA,NA,NA,NA,NA,NA,NA,NA,Y,4,0,1,2,A,-,08,22107,NA,N,D,C,A,A,H,-,C,A,0,NA,NA,NA,NA,Y,NA,A,01,0,0,1,0,0,0,0,0,0,-,-,33.550559997558594,-117.19893646240234,RIVERSIDE,MURRIETA,-117.1989288330078,33.55072784423828
82038183,2023,2023-04-06,3349,2023-01-12,120,365,NA,4,5,5,3341,0,0,0,NA,0,NA,BRADLEY RD,CHERRY HILLS BLVD,140,N,N,A,-,N,NA,NA,NA,NA,NA,NA,NA,NA,NA,Y,3,0,1,1,A,-,08,22107,NA,N,E,I,A,A,H,-,C,D,0,NA,NA,NA,NA,Y,NA,A,01,0,1,0,0,0,0,0,0,0,-,-,33.7110595703125,-117.1888427734375,RIVERSIDE,MENIFEE,-117.18892669677734,33.71146774291992
82038189,2023,2023-04-06,3349,2023-03-20,1443,575,ME104,1,5,5,3341,0,0,0,NA,0,004,NEWPORT RD,WINTER HAWK RD,490,W,N,A,-,N,NA,NA,NA,NA,NA,NA,NA,NA,NA,N,4,0,2,2,A,-,03,22350,NA,N,C,C,A,A,H,-,A,A,0,NA,NA,NA,NA,Y,NA,A,01,0,0,2,0,0,0,0,0,0,-,-,NA,NA,RIVERSIDE,MENIFEE,-117.19456481933594,33.68504333496094
82039080,2023,2023-04-07,3300,2023-01-31,349,5819,905K,2,5,4,3307,0,0,0,NA,0,094,LAKE ST,ALBERHILL RANCH RD,1218,E,N,A,-,N,NA,NA,NA,NA,NA,NA,NA,NA,NA,Y,2,0,3,2,A,-,01,23152,A,N,A,C,A,A,H,-,D,D,0,NA,NA,NA,NA,Y,Y,A,01,2,0,1,0,0,0,0,0,0,-,-,33.70505905151367,-117.38921356201172,RIVERSIDE,LAKE ELSINORE,-117.387451171875,33.70793914794922
82039082,2022,2023-04-07,3300,2022-05-28,1513,6051,WI 80,6,5,3,3343,0,0,0,NA,0,087,PALOMAR ST,CLINTON KEITH RD,0,NA,Y,A,-,N,NA,NA,NA,NA,NA,NA,NA,NA,NA,Y,3,0,1,2,A,-,01,23152,F,N,A,C,A,A,H,-,A,A,0,NA,NA,NA,NA,Y,Y,D,22,0,1,0,0,0,0,0,0,0,-,-,33.59025955200195,-117.25250244140624,RIVERSIDE,WILDOMAR,-117.25209045410156,33.58931350708008
82039973,2023,2023-04-10,3300,2023-03-09,1614,N6689,NA,4,5,3,3343,0,0,0,NA,0,NA,BUNDY CANYON RD,MONTE VISTA DR,28,N,N,A,-,N,NA,NA,NA,NA,NA,NA,NA,NA,NA,Y,4,0,1,3,A,-,03,22350,NA,N,C,C,A,A,D,-,A,D,0,NA,NA,NA,NA,Y,NA,A,01,0,0,1,0,0,0,0,0,0,-,-,33.62786865234375,-117.26673889160156,RIVERSIDE,WILDOMAR,-117.26670074462892,33.6268310546875
82040113,2023,2023-04-10,3313,2023-03-28,941,1686,2,2,5,7,3313,0,0,0,NA,0,T58,ARLINGTON AVE,MC MAHON ST,0,NA,Y,A,-,N,NA,NA,NA,NA,NA,NA,NA,NA,NA,Y,2,0,1,3,A,-,09,21801,A,N,D,C,A,A,H,-,A,D,0,NA,NA,Y,NA,Y,NA,A,01,1,0,0,0,0,0,0,0,1,-,-,33.94635009765625,-117.3834228515625,RIVERSIDE,RIVERSIDE,-117.38346099853516,33.94636154174805
82042562,2023,2023-04-12,3311,2023-03-17,1650,16343,NA,5,5,4,3311,0,0,0,NA,0,006,SR 111 (GENE AUTRY TRAIL),SUNNY DUNES ROAD,0,NA,Y,A,-,Y,RIV,NA,111,NA,T,49.117,H,NA,R,Y,3,0,2,2,A,-,09,21802,A,N,D,C,A,A,H,-,A,A,0,NA,NA,NA,NA,Y,NA,A,01,0,2,0,0,0,0,0,0,0,-,-,33.81216812133789,-116.49285888671876,RIVERSIDE,PALM SPRINGS,-116.49288177490234,33.81216812133789
82042563,2023,2023-04-12,3311,2023-03-17,1928,16404,NA,5,5,4,3311,0,0,0,NA,0,006,SR 111 (GENE AUTRY TRAIL),MISSION DRIVE,0,NA,Y,A,-,Y,RIV,NA,111,NA,T,49.669,H,NA,R,Y,2,0,2,2,A,-,12,21453,A,N,A,C,A,A,H,-,C,A,0,NA,NA,NA,NA,Y,NA,A,01,1,1,0,0,0,0,0,0,0,-,-,33.820159912109375,-116.49373626708984,RIVERSIDE,PALM SPRINGS,-116.49373626708984,33.82016372680664
82045909,2023,2023-04-17,3300,2023-04-12,2006,6161,910Q,3,5,5,3335,0,0,0,NA,0,069,TEMECULA PKY,PECHANGA PKY,650,E,N,C,-,N,NA,NA,NA,NA,NA,NA,NA,NA,NA,Y,3,0,3,3,A,-,08,22107,NA,N,E,I,A,B,H,-,C,D,0,NA,NA,NA,NA,Y,NA,A,01,0,1,2,0,0,0,0,0,0,-,-,33.47563934326172,-117.12914276123048,RIVERSIDE,TEMECULA,-117.12706756591795,33.47596740722656
82046139,2023,2023-04-17,3300,2023-04-08,1619,5437,601 B,6,5,6,3394,0,0,0,NA,0,MV12,RECHE VISTA DR,HEACOCK ST,512,N,N,-,-,N,NA,NA,NA,NA,NA,NA,NA,NA,NA,N,3,0,2,2,A,-,04,21703,NA,N,C,C,A,A,H,-,A,A,0,NA,NA,NA,NA,Y,NA,A,01,0,2,0,0,0,0,0,0,0,-,-,33.975860595703125,-117.23210144042967,RIVERSIDE,MORENO VALLEY,-117.2341766357422,33.97727584838867
82047092,2023,2023-04-18,3300,2023-03-12,2056,5776,019,7,5,6,3394,0,0,0,NA,0,MV32,CACTUS AVE,GRAHAM ST,500,W,N,A,-,N,NA,NA,NA,NA,NA,NA,NA,NA,NA,Y,3,0,1,1,A,-,08,22107,NA,N,E,I,A,A,H,-,C,D,0,NA,NA,NA,NA,Y,NA,A,01,0,1,0,0,0,0,0,0,0,-,-,33.91019821166992,-117.25250244140624,RIVERSIDE,MORENO VALLEY,-117.25399017333984,33.91025161743164
82047117,2023,2023-04-18,3300,2023-04-13,850,N1673,38E2,4,5,4,3318,0,0,0,NA,0,T38,COUNTRY CLUB DR,VIA SCENA,33,W,N,A,G,N,NA,NA,NA,NA,NA,NA,NA,NA,NA,Y,3,0,1,2,A,-,08,22107,NA,N,D,C,A,A,H,-,A,A,0,NA,NA,NA,NA,Y,NA,A,01,0,1,0,0,0,0,0,0,0,-,-,33.75783157348633,-116.38819885253906,RIVERSIDE,PALM DESERT,-116.38823699951172,33.75782012939453
82048082,2023,2023-04-19,3300,2023-04-12,1448,N4654,910F,3,5,5,3335,0,0,0,NA,0,062,YNEZ RD,PALM PLAZA S,50,N,N,B,-,N,NA,NA,NA,NA,NA,NA,NA,NA,NA,N,4,0,1,2,A,-,12,21453,A,N,A,C,A,A,H,-,A,A,0,NA,NA,NA,NA,Y,NA,A,01,0,0,1,0,0,0,0,0,0,-,-,33.52170944213867,-117.15701293945313,RIVERSIDE,TEMECULA,-117.15726470947266,33.52177810668945
82048304,2023,2023-04-20,3349,2023-01-16,1152,378,NA,1,5,5,3341,0,0,0,NA,0,003,ANTELOPE RD,NEWPORT RD,33,E,N,A,-,N,NA,NA,NA,NA,NA,NA,NA,NA,NA,N,2,0,1,2,A,-,09,21804,A,N,D,G,A,A,H,-,A,A,0,NA,Y,NA,NA,Y,NA,L,04,1,0,0,0,0,0,1,0,0,-,-,NA,NA,RIVERSIDE,MENIFEE,-117.16722869873048,33.68497085571289
82049022,2023,2023-04-20,3300,2023-04-07,941,4145,603 A,5,5,6,3394,0,0,0,NA,0,MV32,PERRIS BLVD,CACTUS AVE,133,S,N,A,-,N,NA,NA,NA,NA,NA,NA,NA,NA,NA,N,3,0,3,3,A,-,03,22350,NA,N,C,C,A,A,H,-,A,A,0,NA,NA,NA,NA,Y,NA,A,07,0,1,2,0,0,0,0,0,0,-,-,33.9399299621582,-117.22644805908205,RIVERSIDE,MORENO VALLEY,-117.22631072998048,33.90968704223633
82051062,2023,2023-04-24,3313,2023-04-05,1014,2128,1,3,5,7,3313,0,0,0,NA,0,NA,MAIN ST,THIRD ST,6,N,N,A,-,N,NA,NA,NA,NA,NA,NA,NA,NA,NA,Y,4,0,1,2,A,-,01,23152,A,N,C,C,A,A,H,-,A,A,0,NA,NA,NA,NA,Y,Y,D,22,0,0,1,0,0,0,0,0,0,-,-,33.986751556396484,-117.37127685546876,RIVERSIDE,RIVERSIDE,-117.37122344970705,33.9868049621582
82051305,2023,2023-04-24,3313,2023-04-11,637,1026,5,2,5,7,3313,0,0,0,NA,0,T52,INDIANA AVE,LA SIERRA AVE,0,NA,Y,A,-,N,NA,NA,NA,NA,NA,NA,NA,NA,NA,Y,4,0,2,2,A,-,12,21453,A,N,D,C,A,A,H,-,A,A,0,NA,NA,NA,NA,Y,NA,A,01,0,0,2,0,0,0,0,0,0,-,-,NA,NA,RIVERSIDE,RIVERSIDE,-117.4711685180664,33.8972053527832
82052202,2023,2023-04-25,3300,2023-04-16,1830,6337,910F,7,5,5,3335,0,0,0,NA,0,062,WINCHESTER RD,1-15 OFF RAMP,20,E,N,A,-,Y,NA,NA,NA,NA,NA,NA,NA,NA,NA,N,4,0,1,2,A,-,04,21703,NA,N,C,C,A,A,H,-,A,A,0,NA,NA,NA,NA,Y,Y,A,01,0,0,1,0,0,0,0,0,0,-,-,33.52465057373047,-117.16008758544922,RIVERSIDE,TEMECULA,NA,NA
82053294,2023,2023-04-26,3306,2023-04-04,1738,806,DESER,2,5,3,3306,0,0,0,NA,0,NA,MESQUITE AVE,IRONWOOD DR,0,N,Y,A,-,N,NA,NA,NA,NA,NA,NA,NA,NA,NA,Y,4,0,1,2,A,-,08,22103,NA,N,D,C,A,A,H,-,A,A,0,NA,NA,NA,NA,Y,NA,A,01,0,0,1,0,0,0,0,0,0,-,-,33.95132827758789,-116.4968719482422,RIVERSIDE,DESERT HOT SPRINGS,-116.49690246582033,33.95048522949219
82056145,2023,2023-04-28,3300,2023-03-18,828,6080,020A1,6,5,4,3344,0,0,0,NA,0,063,CITRUS ST,ROOSEVELT HIGH SCHOOL,0,N,Y,A,-,N,NA,NA,NA,NA,NA,NA,NA,NA,NA,N,4,0,2,2,A,-,03,22350,NA,N,C,C,A,A,H,-,A,A,0,NA,NA,NA,NA,Y,Y,D,22,0,0,2,0,0,0,0,0,0,-,-,33.951820373535156,-117.57108306884766,RIVERSIDE,EASTVALE,NA,NA
82057233,2023,2023-05-01,3313,2023-02-01,11,1705,1,3,5,7,3313,0,0,0,NA,0,1R17,FOURTEENTH ST,MIRAMONTE PL,0,NA,Y,A,-,N,NA,NA,NA,NA,NA,NA,NA,NA,NA,Y,1,1,0,1,A,-,03,22350,NA,N,E,I,A,A,H,-,C,D,0,NA,NA,NA,NA,Y,NA,A,01,0,0,0,0,0,0,0,0,0,-,-,NA,NA,RIVERSIDE,RIVERSIDE,-117.3906707763672,33.981895446777344
82057257,2023,2023-05-01,3313,2023-04-10,1041,1389,1,1,5,7,3313,0,0,0,NA,0,T53,PANORAMA RD,OLIVEWOOD AVE,888,E,N,A,-,N,NA,NA,NA,NA,NA,NA,NA,NA,NA,N,4,0,2,2,A,-,09,21801,A,N,D,C,A,A,H,-,A,D,0,NA,NA,NA,NA,Y,NA,A,01,0,0,2,0,0,0,0,0,0,-,-,NA,NA,RIVERSIDE,RIVERSIDE,-117.37882995605467,33.963897705078125
82058671,2023,2023-05-02,3300,2023-04-30,1403,5827,011,7,5,4,3344,0,0,0,NA,0,060,HAMNER AV,THE STATION,0,NA,Y,A,-,N,NA,NA,NA,NA,NA,NA,NA,NA,NA,Y,4,0,1,2,A,-,12,21453,A,F,B,D,A,A,H,-,A,A,0,NA,NA,NA,NA,Y,Y,A,01,0,0,1,0,0,0,0,0,0,-,-,NA,NA,RIVERSIDE,EASTVALE,NA,NA
82058687,2023,2023-05-12,3300,2023-02-14,1350,3536,602 E,2,5,6,3394,0,0,0,NA,0,MV28,ALESSANDRO BLVD,KITCHING ST,0,NA,Y,A,-,N,NA,NA,NA,NA,NA,NA,NA,NA,NA,Y,1,1,1,4,A,-,12,21453,A,N,D,C,A,A,H,-,A,A,0,NA,NA,NA,NA,Y,NA,A,07,1,0,0,0,0,0,0,0,0,-,-,33.917091369628906,-117.21762847900392,RIVERSIDE,MORENO VALLEY,-117.21761322021484,33.917327880859375