CASE_ID,ACCIDENT_YEAR,PROC_DATE,JURIS,COLLISION_DATE,COLLISION_TIME,OFFICER_ID,REPORTING_DISTRICT,DAY_OF_WEEK,CHP_SHIFT,POPULATION,CNTY_CITY_LOC,SPECIAL_COND,BEAT_TYPE,CHP_BEAT_TYPE,CITY_DIVISION_LAPD,CHP_BEAT_CLASS,BEAT_NUMBER,PRIMARY_RD,SECONDARY_RD,DISTANCE,DIRECTION,INTERSECTION,WEATHER_1,WEATHER_2,STATE_HWY_IND,CALTRANS_COUNTY,CALTRANS_DISTRICT,STATE_ROUTE,ROUTE_SUFFIX,POSTMILE_PREFIX,POSTMILE,LOCATION_TYPE,RAMP_INTERSECTION,SIDE_OF_HWY,TOW_AWAY,COLLISION_SEVERITY,NUMBER_KILLED,NUMBER_INJURED,PARTY_COUNT,PRIMARY_COLL_FACTOR,PCF_CODE_OF_VIOL,PCF_VIOL_CATEGORY,PCF_VIOLATION,PCF_VIOL_SUBSECTION,HIT_AND_RUN,TYPE_OF_COLLISION,MVIW,PED_ACTION,ROAD_SURFACE,ROAD_COND_1,ROAD_COND_2,LIGHTING,CONTROL_DEVICE,CHP_ROAD_TYPE,PEDESTRIAN_ACCIDENT,BICYCLE_ACCIDENT,MOTORCYCLE_ACCIDENT,TRUCK_ACCIDENT,NOT_PRIVATE_PROPERTY,ALCOHOL_INVOLVED,STWD_VEHTYPE_AT_FAULT,CHP_VEHTYPE_AT_FAULT,COUNT_SEVERE_INJ,COUNT_VISIBLE_INJ,COUNT_COMPLAINT_PAIN,COUNT_PED_KILLED,COUNT_PED_INJURED,COUNT_BICYCLIST_KILLED,COUNT_BICYCLIST_INJURED,COUNT_MC_KILLED,COUNT_MC_INJURED,PRIMARY_RAMP,SECONDARY_RAMP,LATITUDE,LONGITUDE,COUNTY,CITY,POINT_X,POINT_Y
82444298,2024,2024-07-22,3313,2024-07-09,1311,1686,NA,2,5,7,3313,0,0,0,NA,0,T58,MAGNOLIA AVE,PALM AVE,114,N,N,A,-,N,NA,NA,NA,NA,NA,NA,NA,NA,NA,N,4,0,9,5,C,-,18,NA,NA,N,C,C,A,A,H,-,A,A,0,NA,NA,NA,NA,Y,NA,-,-,0,0,9,0,0,0,0,0,0,-,-,33.946319580078125,-117.40042114257813,RIVERSIDE,RIVERSIDE,-117.4001693725586,33.947654724121094
82444498,2024,2024-07-22,3313,2024-07-10,1810,1830,NA,3,5,7,3313,0,0,0,NA,0,T41,CYPRESS AVE,VAN BUREN BLVD,247,W,N,A,-,N,NA,NA,NA,NA,NA,NA,NA,NA,NA,Y,3,0,2,2,A,-,09,21804,A,N,D,C,A,A,H,-,A,D,0,NA,NA,NA,NA,Y,NA,A,07,0,2,0,0,0,0,0,0,0,-,-,33.94224166870117,-117.45413970947266,RIVERSIDE,RIVERSIDE,-117.45484924316406,33.94279861450195
82508648,2024,2024-07-24,3300,2024-05-11,225,5978,NA,6,5,3,3392,0,0,0,NA,0,LA45,MONROE ST,AIRPORT BL,443,S,N,A,-,N,NA,NA,NA,NA,NA,NA,NA,NA,NA,Y,1,1,0,1,A,-,03,22350,NA,N,F,I,A,A,H,-,D,D,0,NA,NA,NA,NA,Y,NA,A,01,0,0,0,0,0,0,0,0,0,-,-,33.64213180541992,-116.2333526611328,RIVERSIDE,LA QUINTA,-116.23341369628906,33.64091873168945
82595833,2024,2024-07-24,3300,2024-06-08,1353,3618,NA,6,5,4,3314,0,0,0,NA,0,070,LYON AVE,ESPLANADE AVE,210,N,N,A,-,N,NA,NA,NA,NA,NA,NA,NA,NA,NA,N,3,0,1,2,A,-,08,22100,B,N,D,C,A,A,H,-,A,D,0,NA,NA,NA,NA,Y,NA,A,01,0,1,0,0,0,0,0,0,0,-,-,33.7728385925293,-116.98940277099608,RIVERSIDE,SAN JACINTO,-116.98928833007813,33.7734260559082
82729827,2024,2024-07-26,3349,2024-04-22,1414,486,NA,1,5,5,3341,0,0,0,NA,0,002,BAVARIA DR,EL PUENTE ST,0,E,Y,-,-,N,NA,NA,NA,NA,NA,NA,NA,NA,NA,Y,2,0,1,2,A,-,09,21801,A,N,D,C,A,A,H,-,A,D,0,NA,NA,Y,NA,Y,NA,A,01,1,0,0,0,0,0,0,0,1,-,-,33.70948028564453,-117.18116760253906,RIVERSIDE,MENIFEE,-117.18138122558594,33.709354400634766
82730116,2024,2024-07-26,3349,2024-06-06,1831,488,NA,4,5,5,3341,0,0,0,NA,0,001,SH-74,TRADE WINDS DR,10,E,N,A,-,Y,RIV,NA,74,NA,NA,29.04,H,NA,L,Y,3,0,1,1,A,-,07,21658,A,N,E,I,A,A,H,-,A,D,0,NA,NA,NA,NA,Y,NA,D,22,0,1,0,0,0,0,0,0,0,-,-,33.742950439453125,-117.1672821044922,RIVERSIDE,MENIFEE,-117.1672821044922,33.742984771728516
82799964,2024,2024-07-29,3300,2024-07-23,1417,6437,NA,2,5,4,3312,0,0,0,NA,0,031,RAMONA EXPRESSWAY,AVALON PY,24,E,N,A,-,N,NA,NA,NA,NA,NA,NA,NA,NA,NA,Y,4,0,1,2,A,-,01,23152,A,N,B,C,A,A,H,-,A,A,0,NA,NA,NA,NA,Y,Y,A,01,0,0,1,0,0,0,0,0,0,-,-,33.84431076049805,-117.19924926757813,RIVERSIDE,PERRIS,-117.1999282836914,33.84457015991211
82800414,2024,2024-07-29,3313,2024-07-15,1520,1384,NA,1,5,7,3313,0,0,0,NA,0,M17,INDIANA AVE,LA SIERRA AVE,116,W,N,A,-,N,NA,NA,NA,NA,NA,NA,NA,NA,NA,N,4,0,1,2,A,-,03,22350,NA,M,C,C,A,A,H,-,A,A,0,NA,NA,NA,NA,Y,NA,A,01,0,0,1,0,0,0,0,0,0,-,-,33.8968391418457,-117.4719467163086,RIVERSIDE,RIVERSIDE,-117.47148895263672,33.89702606201172
82800599,2024,2024-07-29,3300,2024-06-22,1647,6356,NA,6,5,4,3318,0,0,0,NA,0,T30,HWY 111,EL PASEO (E),0,NA,Y,A,-,N,NA,NA,NA,NA,NA,NA,NA,NA,NA,N,4,0,1,2,D,-,00,NA,NA,N,D,C,A,A,H,-,A,A,0,NA,NA,NA,NA,Y,NA,-,-,0,0,1,0,0,0,0,0,0,-,-,33.72126007080078,-116.37100982666016,RIVERSIDE,PALM DESERT,-116.37081146240234,33.721073150634766
8280373,2016,2017-02-27,3300,2016-12-23,0955,N5073,30J2,5,5,4,3318,0,0,0,NA,0,T390,RT 111,HOSPITALITY ROW,500,W,N,B,-,N,NA,NA,NA,NA,NA,NA,NA,NA,NA,Y,4,0,1,2,A,-,03,22350,NA,N,C,C,A,A,H,-,A,D,0,NA,NA,NA,NA,Y,NA,A,01,0,0,1,0,0,0,0,0,0,-,-,NA,NA,RIVERSIDE,PALM DESERT,-116.36396237,33.72126
8280391,2016,2017-01-17,3309,2016-12-12,1658,418,3309,1,5,4,3309,0,0,0,NA,0,005,FRED WARING DR,HOOVER ST,0,NA,Y,A,-,N,NA,NA,NA,NA,NA,NA,NA,NA,NA,Y,3,0,3,2,A,-,09,21801,A,N,A,C,A,A,H,-,C,A,0,NA,NA,NA,NA,Y,NA,A,01,0,1,2,0,0,0,0,0,0,-,-,NA,NA,RIVERSIDE,INDIO,-116.23803006,33.72933003
8281318,2016,2017-01-19,3313,2016-12-04,0532,0531,4,7,5,7,3313,0,0,0,NA,0,1R43,COLORADO AV,JACKSON ST,0,NA,Y,A,-,N,NA,NA,NA,NA,NA,NA,NA,NA,NA,Y,3,0,1,2,A,-,12,21453,A,M,D,C,A,A,H,-,C,A,0,NA,NA,NA,NA,Y,Y,A,01,0,1,0,0,0,0,0,0,0,-,-,33.93705,-117.44921,RIVERSIDE,RIVERSIDE,-117.44930005,33.93697
8281510,2016,2017-05-01,3308,2016-09-20,1837,10530,519,2,5,5,3308,0,0,0,NA,0,NORTH,FLORIDA AV,DARTMOUTH ST,251,E,N,B,-,Y,RIV,8,74,-,-,42.64,H,-,W,Y,4,0,1,3,A,-,03,22350,NA,F,C,C,A,B,H,-,B,A,0,NA,NA,NA,NA,Y,NA,A,01,0,0,1,0,0,0,0,0,0,-,-,NA,NA,RIVERSIDE,HEMET,-116.93598177,33.7477166
8282580,2016,2017-01-19,3300,2016-12-28,1320,2403,920H,3,5,4,3314,0,0,0,NA,0,074,ESPLANADE AV,SAN JACINTO AV,212,E,N,A,-,N,NA,NA,NA,NA,NA,NA,NA,NA,NA,N,4,0,1,2,A,-,09,21804,A,F,D,C,A,A,H,-,A,A,0,NA,NA,NA,NA,Y,NA,A,07,0,0,1,0,0,0,0,0,0,-,-,33.773,-116.95869,RIVERSIDE,SAN JACINTO,-116.95811482,33.77299
8284360,2016,2017-05-03,3315,2016-12-27,1237,001531,3D,2,5,6,3315,0,0,0,NA,0,NA,MAGNOLIA AV,RT 15,104,E,N,A,-,Y,RIV,8,15,-,-,40.211,R,4,N,N,3,0,1,2,A,-,07,21658,A,N,H,C,A,A,H,-,A,A,0,NA,NA,Y,NA,Y,NA,I,20,0,1,0,0,0,0,0,0,0,-,NF,NA,NA,RIVERSIDE,CORONA,-117.54049617,33.86448204
8284449,2016,2017-01-24,3315,2016-12-24,0601,11563,11A,6,5,6,3315,0,0,0,NA,0,002,PROMENADE AV,BRITTANY DR,80,W,N,A,-,N,NA,NA,NA,NA,NA,NA,NA,NA,NA,Y,4,0,1,1,A,-,08,22107,NA,N,E,J,A,A,H,-,C,D,0,NA,NA,NA,NA,Y,NA,A,08,0,0,1,0,0,0,0,0,0,-,-,33.89769,-117.50941,RIVERSIDE,CORONA,-117.50961565,33.89747378
8287248,2017,2017-01-25,3313,2017-01-11,1937,0399,1,3,5,7,3313,0,0,0,NA,0,M18,ORANGE ST,COLUMBIA AV,0,NA,Y,B,-,N,NA,NA,NA,NA,NA,NA,NA,NA,NA,Y,4,0,2,2,A,-,12,21453,A,N,D,C,A,A,H,-,C,A,0,NA,NA,NA,NA,Y,NA,A,01,0,0,2,0,0,0,0,0,0,-,-,34.00413,-117.35813,RIVERSIDE,RIVERSIDE,-117.35797003,34.00407003
82877878,2024,2024-07-30,3300,2024-07-27,1943,6164,NA,6,5,6,3345,0,0,0,NA,0,010,HALL AV,24TH ST,137,N,N,A,-,N,NA,NA,NA,NA,NA,NA,NA,NA,NA,N,4,0,1,2,A,-,08,22102,NA,N,D,C,A,A,H,-,A,D,0,NA,NA,NA,NA,Y,NA,A,01,0,0,1,0,0,0,0,0,0,-,-,34.013118743896484,-117.38593292236328,RIVERSIDE,JURUPA VALLEY,-117.38565826416016,34.013633728027344
82877902,2024,2024-07-30,3300,2024-07-11,1804,N7633,NA,4,5,4,3318,0,0,0,NA,0,T36,DEEP CANYON RD,HIDDEN PALMS DR,20,S,N,A,-,N,NA,NA,NA,NA,NA,NA,NA,NA,NA,N,4,0,2,2,A,-,09,21801,A,N,D,C,A,A,H,-,A,A,0,NA,NA,NA,NA,Y,NA,A,01,0,0,2,0,0,0,0,0,0,-,-,33.7257194519043,-116.36521911621094,RIVERSIDE,PALM DESERT,-116.36500549316406,33.72573471069336
8291398,2017,2017-03-22,3315,2017-01-06,1030,002235,NA,5,5,6,3315,0,0,0,NA,0,001,RAILROAD ST,SHERMAN AV,240,W,N,A,-,N,NA,NA,NA,NA,NA,NA,NA,NA,NA,N,3,0,1,2,A,-,05,21202,A,M,H,A,A,A,H,-,A,B,0,NA,Y,NA,NA,Y,NA,L,04,0,1,0,0,0,0,1,0,0,-,-,33.8894,-117.58699,RIVERSIDE,CORONA,-117.58779778,33.88959253
8292680,2017,2017-04-21,3300,2017-03-29,1657,5132,43B2,3,5,3,3392,0,0,0,NA,0,043,AVENIDA MONTEZUMA,AVENIDA MADERO,0,NA,Y,A,-,N,NA,NA,NA,NA,NA,NA,NA,NA,NA,Y,4,0,1,1,A,-,03,22350,NA,N,E,I,A,A,H,-,A,D,0,NA,NA,NA,NA,Y,NA,J,48,0,0,1,0,0,0,0,0,0,-,-,33.65072,-116.31751,RIVERSIDE,LA QUINTA,-116.31757012999999,33.67338004
8292865,2017,2017-04-14,3311,2017-04-01,1808,16018,NA,6,5,4,3311,0,0,0,NA,0,001,INDIAN CANYON DR N,VISTA CHINO,0,NA,Y,A,-,N,NA,NA,NA,NA,NA,NA,NA,NA,NA,Y,2,0,2,3,A,-,09,21801,NA,F,D,C,A,A,H,-,B,A,0,NA,NA,Y,NA,Y,NA,A,01,1,1,0,0,0,0,0,0,2,-,-,NA,NA,RIVERSIDE,PALM SPRINGS,-116.54559003,33.84487006
8293144,2017,2017-01-27,3311,2017-01-02,1802,15302,NA,1,5,4,3311,0,0,0,NA,0,004,SUNRISE WY,SAN RAFAEL DR,12,N,N,A,-,N,NA,NA,NA,NA,NA,NA,NA,NA,NA,Y,2,0,1,2,A,-,11,21456,B,N,G,B,B,A,H,-,C,A,0,Y,NA,NA,NA,Y,Y,N,60,1,0,0,0,1,0,0,0,0,-,-,33.8597,-116.52805,RIVERSIDE,PALM SPRINGS,-116.5280805,33.85955284
8293297,2016,2017-01-31,3300,2016-12-31,1410,N3605,42D7,6,5,3,3392,0,0,0,NA,0,LA42,JEFFERSON ST,DEREK ALAN DR,0,NA,Y,B,-,N,NA,NA,NA,NA,NA,NA,NA,NA,NA,Y,4,0,1,2,A,-,09,21804,A,N,D,C,A,A,H,-,A,A,0,NA,NA,NA,NA,Y,NA,D,22,0,0,1,0,0,0,0,0,0,-,-,33.68812,-116.26872,RIVERSIDE,LA QUINTA,-116.2688101,33.68817002
8293928,2016,2017-02-06,3308,2016-07-14,2216,10515,586,4,5,5,3308,0,0,0,NA,0,SOUTH,STATE ST,DOMENIGONI PKWY,1000,NA,N,A,-,N,NA,NA,NA,NA,NA,NA,NA,NA,NA,Y,2,0,1,1,A,-,01,23152,A,N,E,I,A,A,H,-,D,A,0,NA,NA,NA,NA,Y,Y,D,22,1,0,0,0,0,0,0,0,0,-,-,NA,NA,RIVERSIDE,HEMET,-116.97138006,33.70301005
8294191,2017,2017-02-01,3313,2017-01-07,1922,1819,C,6,5,7,3313,0,0,0,NA,0,004,CENTRAL AV,HILLSIDE AV,314,W,N,A,-,N,NA,NA,NA,NA,NA,NA,NA,NA,NA,Y,4,0,1,2,A,-,08,22107,NA,N,D,C,A,A,H,-,C,D,0,NA,NA,NA,NA,Y,NA,A,01,0,0,1,0,0,0,0,0,0,-,-,33.95308,-117.42749,RIVERSIDE,RIVERSIDE,-117.42851229,33.95325641
8295125,2017,2017-02-06,3300,2017-01-13,1202,2403,NA,5,5,4,3314,0,0,0,NA,0,NA,MOUNTAIN AV,ESPLANADE AV,280,N,N,A,-,N,NA,NA,NA,NA,NA,NA,NA,NA,NA,Y,4,0,1,1,A,-,08,22107,NA,N,E,I,A,A,H,-,A,D,0,NA,NA,NA,NA,Y,NA,A,07,0,0,1,0,0,0,0,0,0,-,-,33.77041,-116.92932,RIVERSIDE,SAN JACINTO,-116.92996512,33.77093718
8295761,2016,2017-02-24,3300,2016-12-22,0751,3774,604E5,4,5,6,3394,0,0,0,NA,0,046,GILMAN SPRINGS RD,EUCALYPTUS AV,295,S,N,C,-,N,NA,NA,NA,NA,NA,NA,NA,NA,NA,N,4,0,2,2,A,-,03,22350,NA,N,C,C,A,A,H,-,A,D,0,NA,NA,NA,NA,Y,NA,A,01,0,0,2,0,0,0,0,0,0,-,-,33.93295,-117.12449,RIVERSIDE,MORENO VALLEY,-117.12406268,33.93205602
8296063,2017,2017-02-06,3300,2017-01-07,2103,N5835,602C4,6,5,6,3394,0,0,0,NA,0,MV24,FREDERICK ST,COTTONWOOD AV,341,S,N,A,-,N,NA,NA,NA,NA,NA,NA,NA,NA,NA,Y,4,0,1,2,A,-,09,21801,A,N,D,C,A,A,H,-,A,D,0,NA,NA,NA,NA,Y,NA,A,07,0,0,1,0,0,0,0,0,0,-,-,33.92444,-117.26121,RIVERSIDE,MORENO VALLEY,-117.26118,33.92358584
8296281,2016,2017-02-09,3300,2016-12-25,1425,4900,002V,7,5,6,3345,0,0,0,NA,0,024,LIMONITE AV,DOWNEY ST,22,E,N,A,-,N,NA,NA,NA,NA,NA,NA,NA,NA,NA,Y,3,0,1,2,A,-,03,22350,NA,N,C,C,A,A,H,-,A,A,0,NA,NA,NA,NA,Y,NA,A,01,0,1,0,0,0,0,0,0,0,-,-,NA,NA,RIVERSIDE,JURUPA VALLEY,-117.48840764,33.97553
8296413,2016,2017-02-08,3300,2016-11-04,1644,3988,901D,5,5,4,3310,0,0,0,NA,0,051,HAMNER AV,HIDDEN VALLEY PKWY,200,S,N,A,-,N,NA,NA,NA,NA,NA,NA,NA,NA,NA,N,4,0,1,2,A,-,09,21804,A,N,B,C,A,A,H,-,A,D,0,NA,NA,NA,NA,Y,NA,A,01,0,0,1,0,0,0,0,0,0,-,-,NA,NA,RIVERSIDE,NORCO,-117.56291914,33.8975759
8297280,2016,2017-02-23,3313,2016-11-15,1818,1499,W,2,5,7,3313,0,0,0,NA,0,T42,ARLINGTON AV,VAN BUREN BL,435,E,N,A,-,N,NA,NA,NA,NA,NA,NA,NA,NA,NA,N,4,0,1,2,A,-,05,21650,NA,N,H,G,A,A,H,-,C,D,0,NA,Y,NA,NA,Y,Y,L,04,0,0,1,0,0,0,1,0,0,-,-,33.94585,-117.45417,RIVERSIDE,RIVERSIDE,-117.4525998,33.94588
8297594,2017,2017-02-13,3313,2017-01-02,1230,1519,3,1,5,7,3313,0,0,0,NA,0,2R31,DAY ST,GATEWAY DR,142,N,N,B,-,N,NA,NA,NA,NA,NA,NA,NA,NA,NA,N,4,0,1,2,A,-,08,22107,NA,N,B,C,A,A,H,-,A,A,0,NA,NA,NA,NA,Y,NA,A,01,0,0,1,0,0,0,0,0,0,-,-,33.93479,-117.27888,RIVERSIDE,RIVERSIDE,-117.27893,33.93517901
8297598,2017,2017-02-13,3313,2017-01-22,1323,1813,1,7,5,7,3313,0,0,0,NA,0,2R13,BROCKTON AV,MISSION INN AV,0,NA,Y,C,-,N,NA,NA,NA,NA,NA,NA,NA,NA,NA,Y,3,0,2,2,A,-,00,21453,NA,N,D,C,A,B,-,-,A,A,0,NA,NA,NA,NA,Y,NA,A,01,0,1,1,0,0,0,0,0,0,-,-,NA,NA,RIVERSIDE,RIVERSIDE,-117.3785301,33.98514007
8297691,2017,2018-06-11,3300,2017-01-25,2215,4746,905L,3,5,3,3343,0,0,0,NA,0,090,RAILROAD CANYON RD,RT 15,0,NA,Y,A,-,Y,RIV,8,15,-,-,19.308,R,4,N,N,4,0,1,2,A,-,12,21453,A,N,-,-,A,A,H,-,C,A,0,NA,NA,NA,NA,Y,NA,D,22,0,0,1,0,0,0,0,0,0,-,-,NA,NA,RIVERSIDE,WILDOMAR,-117.30033579,33.66403305
8298283,2016,2017-02-14,3313,2016-12-30,1530,1475,2,5,5,7,3313,0,0,0,NA,0,M19,UNIVERSITY AV,CRANFORD AV,488,W,N,B,-,N,NA,NA,NA,NA,NA,NA,NA,NA,NA,N,3,0,1,2,A,-,05,21650,1,N,B,G,A,A,H,-,A,A,0,NA,Y,NA,NA,Y,NA,L,04,0,1,0,0,0,0,1,0,0,-,-,33.97552,-117.3441,RIVERSIDE,RIVERSIDE,-117.34580478,33.9757345
8298450,2017,2017-02-16,3311,2017-01-20,2140,15931,DSESE,5,5,4,3311,0,0,0,NA,0,NIK,INDIAN CANYON DR,ANDREAS RD,0,NA,Y,A,-,N,NA,NA,NA,NA,NA,NA,NA,NA,NA,N,4,0,1,2,A,-,00,21461,NA,F,G,B,D,A,H,-,C,D,0,Y,NA,NA,NA,Y,Y,-,-,0,0,1,0,1,0,0,0,0,-,-,33.82474,-116.54565,RIVERSIDE,PALM SPRINGS,-116.54558006,33.82495011
8298456,2017,2018-07-20,3313,2017-01-31,1729,1222,1,2,5,7,3313,0,0,0,NA,0,M36,UNIVERSITY AV,MULBERRY ST,0,NA,Y,A,-,N,NA,NA,NA,NA,NA,NA,NA,NA,NA,Y,4,0,1,2,A,-,05,21651,A,F,D,C,A,A,H,-,A,A,0,NA,NA,NA,NA,Y,NA,A,01,0,0,1,0,0,0,0,0,0,-,-,33.97983,-117.36968,RIVERSIDE,RIVERSIDE,-117.36983007,33.97975001
8299455,2016,2017-02-22,3313,2016-12-27,1329,0282,5,2,5,7,3313,0,0,0,NA,0,T48,HUGHES ALY,SHIRLEY ST,466,S,N,A,-,N,NA,NA,NA,NA,NA,NA,NA,NA,NA,Y,4,0,1,1,A,-,08,22107,NA,N,E,I,A,A,H,-,A,D,0,NA,NA,NA,NA,Y,NA,A,01,0,0,1,0,0,0,0,0,0,-,-,33.91299,-117.45706,RIVERSIDE,RIVERSIDE,-117.45593327,33.91178303
82996998,2024,2024-07-31,3300,2024-07-10,1146,N7168,NA,3,5,3,3305,0,0,0,NA,0,Y83,PALM AV,4TH ST,0,NA,Y,A,-,N,NA,NA,NA,NA,NA,NA,NA,NA,NA,N,4,0,1,2,A,-,12,22450,A,N,D,C,A,A,H,-,A,D,0,NA,NA,NA,NA,Y,NA,A,01,0,0,1,0,0,0,0,0,0,-,-,33.679508209228516,-116.17887878417967,RIVERSIDE,COACHELLA,-116.17888641357422,33.67951202392578
8300556,2016,2017-02-07,3313,2016-10-28,2230,1506,WEST,5,5,7,3313,0,0,0,NA,0,A427,WELLS AV,NOBLE ST,150,E,N,B,-,N,NA,NA,NA,NA,NA,NA,NA,NA,NA,Y,4,0,1,2,A,-,08,22107,NA,F,B,C,A,A,H,-,C,D,0,NA,NA,NA,NA,Y,NA,A,01,0,0,1,0,0,0,0,0,0,-,-,33.93338,-117.48745,RIVERSIDE,RIVERSIDE,-117.4670353,33.93330788
8301730,2017,2017-02-09,3300,2017-01-07,1036,N5997,910B,6,5,5,3335,0,0,0,NA,0,063,WINCHESTER RD,NICOLAS RD,530,E,N,B,-,N,NA,NA,NA,NA,NA,NA,NA,NA,NA,N,3,0,1,2,A,-,05,21650,1,N,D,G,A,A,H,-,A,D,0,NA,Y,NA,NA,Y,NA,L,04,0,1,0,0,0,0,1,0,0,-,-,NA,NA,RIVERSIDE,TEMECULA,-117.14437362,33.54072885
8302491,2017,2017-02-22,3315,2017-01-26,0027,002628,2D,4,5,6,3315,0,0,0,NA,0,002,E PARKRIDGE AV,JOY ST,300,E,N,A,-,N,NA,NA,NA,NA,NA,NA,NA,NA,NA,Y,3,0,1,1,A,-,01,23152,A,N,E,I,A,A,H,-,C,D,0,NA,NA,NA,NA,Y,Y,-,NA,0,1,0,0,0,0,0,0,0,-,-,NA,NA,RIVERSIDE,CORONA,-117.5587301,33.8875258
8304566,2017,2017-02-17,3300,2017-01-11,0820,N5073,36P4,3,5,4,3318,0,0,0,NA,0,T390,SAN PASCUAL,FRED WARING DR,0,NA,Y,B,-,N,NA,NA,NA,NA,NA,NA,NA,NA,NA,N,4,0,1,2,A,-,09,21453,B,N,D,G,A,A,H,-,A,A,0,NA,Y,NA,NA,Y,NA,A,01,0,0,1,0,0,0,1,0,0,-,-,NA,NA,RIVERSIDE,PALM DESERT,-116.3781101,33.72893008
8306323,2017,2017-02-27,3300,2017-01-10,1832,4571,602D3,2,5,6,3394,0,0,0,NA,0,026,INDIAN ST,DRACAEA AV,7,N,N,A,F,N,NA,NA,NA,NA,NA,NA,NA,NA,NA,N,4,0,1,2,A,-,01,21200,5,F,H,G,A,A,H,-,C,A,0,NA,Y,NA,NA,Y,Y,L,04,0,0,1,0,0,0,1,0,0,-,-,33.92817,-117.23507,RIVERSIDE,MORENO VALLEY,-117.23503,33.92817918
8308274,2017,2017-02-21,3309,2017-01-29,2208,412,3309,7,5,4,3309,0,0,0,NA,0,005,MILES AV,JEFFERSON ST,0,NA,Y,A,-,N,NA,NA,NA,NA,NA,NA,NA,NA,NA,Y,4,0,1,2,A,-,12,21453,A,M,D,C,A,A,H,-,C,A,0,NA,NA,NA,NA,Y,NA,D,22,0,0,1,0,0,0,0,0,0,-,-,NA,NA,RIVERSIDE,INDIO,-116.26890013,33.72194002
8308577,2017,2017-02-21,3313,2017-01-26,1520,1772,5,4,5,7,3313,0,0,0,NA,0,T45,TYLER ST,CALIFORNIA AV,0,NA,Y,A,-,N,NA,NA,NA,NA,NA,NA,NA,NA,NA,Y,3,0,1,2,A,-,09,21801,A,N,D,C,A,A,H,-,A,A,0,NA,NA,NA,NA,Y,NA,A,01,0,1,0,0,0,0,0,0,0,-,-,33.92072,-117.46854,RIVERSIDE,RIVERSIDE,-117.46843002,33.92049004
8308789,2016,2017-02-27,3313,2016-11-09,1907,1722,E,3,5,7,3313,0,0,0,NA,0,T71,RANSOM PL,CANYON CREST DR,21,W,N,A,-,N,NA,NA,NA,NA,NA,NA,NA,NA,NA,Y,3,0,1,1,A,-,08,22100,A,N,E,I,A,A,H,-,C,A,0,NA,NA,NA,NA,Y,NA,A,01,0,1,0,0,0,0,0,0,0,-,-,NA,NA,RIVERSIDE,RIVERSIDE,-117.33238301,33.94039349
83097233,2024,2024-08-01,3300,2024-06-25,2119,5585,NA,2,5,6,3345,0,0,0,NA,0,012,VALLEY WY,37TH ST,67,N,N,A,-,N,NA,NA,NA,NA,NA,NA,NA,NA,NA,N,3,0,1,4,A,-,03,22350,NA,F,C,C,A,A,H,-,C,A,0,NA,NA,NA,NA,Y,NA,-,99,0,1,0,0,0,0,0,0,0,-,-,34.01240158081055,-117.43234252929688,RIVERSIDE,JURUPA VALLEY,-117.43215942382813,34.01276779174805
8309724,2017,2017-02-22,3313,2017-01-17,1602,1772,5,2,5,7,3313,0,0,0,NA,0,T45,RIVERWALK PKWY,YAEGER WY,0,NA,Y,A,-,N,NA,NA,NA,NA,NA,NA,NA,NA,NA,N,4,0,1,2,A,-,05,21202,A,N,D,G,A,A,H,-,A,A,0,NA,Y,NA,NA,Y,NA,L,04,0,0,1,0,0,0,1,0,0,-,-,NA,NA,RIVERSIDE,RIVERSIDE,NA,NA
83097374,2024,2024-08-01,3342,2024-07-20,1252,P1288,NA,6,5,4,3342,0,0,0,NA,0,001,WASHINGTON AVE,CALLE DEL OSO ORO,0,NA,Y,A,-,N,NA,NA,NA,NA,NA,NA,NA,NA,NA,N,4,0,1,2,A,-,12,21453,A,N,D,C,A,A,H,-,A,A,0,NA,NA,NA,NA,Y,NA,A,01,0,0,1,0,0,0,0,0,0,-,-,33.57244873046875,-117.2345733642578,RIVERSIDE,MURRIETA,-117.2346649169922,33.572547912597656
8310627,2017,2017-03-01,3313,2017-02-05,1259,1787,5,7,5,7,3313,0,0,0,NA,0,2R51,HOLE AV,POLK ST,0,NA,Y,A,B,N,NA,NA,NA,NA,NA,NA,NA,NA,NA,N,4,0,1,2,A,-,09,21802,A,N,B,C,A,B,H,-,A,A,0,NA,NA,NA,NA,Y,NA,D,22,0,0,1,0,0,0,0,0,0,-,-,33.917,-117.47658,RIVERSIDE,RIVERSIDE,-117.47655007,33.91725003
8311252,2017,2017-03-03,3311,2017-02-05,1323,16029,NA,7,5,4,3311,0,0,0,NA,0,NA,INDIAN CANYON DR N,ALEJO RD,0,NA,Y,A,-,N,NA,NA,NA,NA,NA,NA,NA,NA,NA,Y,4,0,4,3,A,-,09,21801,A,N,D,C,A,A,H,-,A,A,0,NA,NA,NA,NA,Y,NA,A,01,0,0,4,0,0,0,0,0,0,-,-,33.83042,-116.54566,RIVERSIDE,PALM SPRINGS,-116.5456101,33.83031005
8312535,2017,2017-03-02,3313,2017-02-05,1610,1836,1,7,5,7,3313,0,0,0,NA,0,3R12,STRONG ST,MAIN ST,298,N,N,B,-,N,NA,NA,NA,NA,NA,NA,NA,NA,NA,Y,4,0,3,2,A,-,03,22350,NA,N,C,C,A,A,H,-,A,D,0,NA,NA,NA,NA,Y,NA,D,22,0,0,3,0,0,0,0,0,0,-,-,34.00061,-117.36411,RIVERSIDE,RIVERSIDE,-117.36509974,34.00110711
8312633,2016,2018-09-24,3309,2016-12-26,1849,356,3209,1,5,4,3309,0,0,0,NA,0,004,MONROE ST,AVE 48,74,N,N,A,-,N,NA,NA,NA,NA,NA,NA,NA,NA,NA,Y,1,1,11,4,A,-,01,23153,A,N,C,C,A,A,H,-,C,A,0,NA,NA,NA,NA,Y,Y,A,07,4,2,5,0,0,0,0,0,0,-,-,NA,NA,RIVERSIDE,INDIO,-116.23386,33.70028245
8312729,2017,2017-03-02,3313,2017-01-28,1559,1797,2,6,5,7,3313,0,0,0,NA,0,3R24,ALESSANDRO BL,CHICAGO AV,0,NA,Y,A,-,N,NA,NA,NA,NA,NA,NA,NA,NA,NA,N,4,0,1,2,A,-,03,22350,NA,M,C,C,A,A,H,-,A,A,0,NA,NA,NA,NA,Y,NA,A,01,0,0,1,0,0,0,0,0,0,-,-,33.94444,-117.35435,RIVERSIDE,RIVERSIDE,-117.35432013,33.94478007