CASE_ID,ACCIDENT_YEAR,PROC_DATE,JURIS,COLLISION_DATE,COLLISION_TIME,OFFICER_ID,REPORTING_DISTRICT,DAY_OF_WEEK,CHP_SHIFT,POPULATION,CNTY_CITY_LOC,SPECIAL_COND,BEAT_TYPE,CHP_BEAT_TYPE,CITY_DIVISION_LAPD,CHP_BEAT_CLASS,BEAT_NUMBER,PRIMARY_RD,SECONDARY_RD,DISTANCE,DIRECTION,INTERSECTION,WEATHER_1,WEATHER_2,STATE_HWY_IND,CALTRANS_COUNTY,CALTRANS_DISTRICT,STATE_ROUTE,ROUTE_SUFFIX,POSTMILE_PREFIX,POSTMILE,LOCATION_TYPE,RAMP_INTERSECTION,SIDE_OF_HWY,TOW_AWAY,COLLISION_SEVERITY,NUMBER_KILLED,NUMBER_INJURED,PARTY_COUNT,PRIMARY_COLL_FACTOR,PCF_CODE_OF_VIOL,PCF_VIOL_CATEGORY,PCF_VIOLATION,PCF_VIOL_SUBSECTION,HIT_AND_RUN,TYPE_OF_COLLISION,MVIW,PED_ACTION,ROAD_SURFACE,ROAD_COND_1,ROAD_COND_2,LIGHTING,CONTROL_DEVICE,CHP_ROAD_TYPE,PEDESTRIAN_ACCIDENT,BICYCLE_ACCIDENT,MOTORCYCLE_ACCIDENT,TRUCK_ACCIDENT,NOT_PRIVATE_PROPERTY,ALCOHOL_INVOLVED,STWD_VEHTYPE_AT_FAULT,CHP_VEHTYPE_AT_FAULT,COUNT_SEVERE_INJ,COUNT_VISIBLE_INJ,COUNT_COMPLAINT_PAIN,COUNT_PED_KILLED,COUNT_PED_INJURED,COUNT_BICYCLIST_KILLED,COUNT_BICYCLIST_INJURED,COUNT_MC_KILLED,COUNT_MC_INJURED,PRIMARY_RAMP,SECONDARY_RAMP,LATITUDE,LONGITUDE,COUNTY,CITY,POINT_X,POINT_Y
8390965,2017,2017-06-30,3300,2017-04-02,0953,N4883,002F,7,5,6,3345,0,0,0,NA,0,022,COUNTRY VILLAGE RD,GRANITE HILL DR,4,W,N,A,-,N,NA,NA,NA,NA,NA,NA,NA,NA,NA,Y,4,0,2,2,A,-,09,21801,A,N,D,C,A,A,H,-,A,A,0,NA,NA,NA,NA,Y,NA,A,01,0,0,2,0,0,0,0,0,0,-,-,34.02032,-117.50703,RIVERSIDE,JURUPA VALLEY,-117.50738454,34.02024029
8391005,2017,2017-06-29,3300,2017-05-30,1018,N3202,011A,2,5,4,3344,0,0,0,NA,0,060,MISSION BL,CORNERSTONE DR,0,NA,Y,A,-,N,NA,NA,NA,NA,NA,NA,NA,NA,NA,Y,4,0,1,2,D,-,00,NA,NA,N,D,C,A,A,H,-,A,A,0,NA,NA,NA,NA,Y,NA,-,-,0,0,1,0,0,0,0,0,0,-,-,NA,NA,RIVERSIDE,EASTVALE,-117.55354001,34.03035009
8391371,2017,2017-06-20,3300,2017-05-31,0125,N4925,NA,3,5,4,3318,0,0,0,NA,0,1T375,DINAH SHORE DR,ATHENA PT,37,E,N,A,-,N,NA,NA,NA,NA,NA,NA,NA,NA,NA,Y,3,0,1,1,A,-,03,22350,NA,N,E,J,A,A,H,-,D,-,0,NA,NA,NA,NA,Y,NA,A,07,0,1,0,0,0,0,0,0,0,-,-,NA,NA,RIVERSIDE,PALM DESERT,-116.367166,33.790481
8392258,2017,2017-06-26,3300,2017-05-26,1644,3793,916D,5,5,4,3312,0,0,0,NA,0,034,NAVAJO RD,IROQUOIS RD,139,W,N,A,-,N,NA,NA,NA,NA,NA,NA,NA,NA,NA,Y,2,0,3,4,A,-,01,23153,NA,N,A,C,A,A,H,-,A,A,0,NA,NA,NA,NA,Y,Y,A,01,1,1,1,0,0,0,0,0,0,-,-,33.78261,-117.24998,RIVERSIDE,PERRIS,-117.25043752,33.78263858
8392447,2017,2017-09-06,3300,2017-06-04,1117,4996,602B3,7,5,6,3394,0,0,0,NA,0,MV22,MEMORIAL WY,TOWN CIR,0,NA,Y,A,-,N,NA,NA,NA,NA,NA,NA,NA,NA,NA,N,4,0,2,2,A,-,12,22450,A,N,D,C,A,A,H,-,A,A,0,NA,NA,NA,NA,Y,NA,-,-,0,0,2,0,0,0,0,0,0,-,-,33.93678,-117.27325,RIVERSIDE,MORENO VALLEY,-117.27322001,33.93677
8392646,2017,2017-06-20,3300,2017-05-09,0738,N4815,506C,2,5,5,3341,0,0,0,NA,0,056,BRADLEY RD,CANBERRA ST,42,S,N,A,-,N,NA,NA,NA,NA,NA,NA,NA,NA,NA,N,4,0,1,2,A,-,03,22350,NA,N,C,C,A,A,H,-,A,D,0,NA,NA,NA,NA,Y,NA,A,01,0,0,1,0,0,0,0,0,0,-,-,33.67557,-117.18854,RIVERSIDE,MENIFEE,-117.18867157,33.67558496
8394844,2017,2017-06-27,3300,2017-05-08,1741,3611,602D2,1,5,6,3394,0,0,0,NA,0,MV26,DRACAEA AV,PERRIS BL,0,NA,Y,A,-,N,NA,NA,NA,NA,NA,NA,NA,NA,NA,Y,3,0,1,2,A,-,12,21453,A,N,D,C,A,A,H,-,A,A,0,NA,NA,NA,NA,Y,NA,D,22,0,1,0,0,0,0,0,0,0,-,-,33.92818,-117.22622,RIVERSIDE,MORENO VALLEY,-117.22628007,33.92816007
8395437,2017,2017-06-29,3313,2017-06-08,1100,1686,1,4,5,7,3313,0,0,0,NA,0,T58,BROCKTON AV,TEQUESQUITE AV,0,NA,Y,A,-,N,NA,NA,NA,NA,NA,NA,NA,NA,NA,Y,3,0,2,2,A,-,09,21801,A,N,D,C,A,A,H,-,A,A,0,NA,NA,Y,NA,Y,NA,A,01,0,2,0,0,0,0,0,0,1,-,-,33.97627,-117.38561,RIVERSIDE,RIVERSIDE,-117.38571004,33.97632011
8395567,2017,2018-04-24,3313,2017-06-18,0615,1825,4,7,5,7,3313,0,0,0,NA,0,1R41,ADAMS ST,RT 91,0,NA,Y,A,-,Y,RIV,8,91,-,-,15.781,R,4,E,N,4,0,1,2,A,-,12,21453,A,N,D,C,A,A,H,-,A,A,0,NA,NA,NA,NA,Y,NA,-,-,0,0,1,0,0,0,0,0,0,-,EF,NA,NA,RIVERSIDE,RIVERSIDE,-117.41748105,33.92863283
8395813,2017,2017-07-14,3315,2017-07-01,1312,003547,16H,6,5,6,3315,0,0,0,NA,0,003,CAJALCO RD,RT 15,200,W,N,A,-,N,NA,NA,NA,NA,NA,NA,NA,NA,NA,N,4,0,1,2,A,-,03,22350,NA,N,C,C,A,A,H,-,A,A,0,NA,NA,NA,NA,Y,NA,A,01,0,0,1,0,0,0,0,0,0,-,-,NA,NA,RIVERSIDE,CORONA,-117.51908258,33.82101799
8396296,2017,2017-07-13,3315,2017-06-28,1925,003166.,2B,3,5,6,3315,0,0,0,NA,0,002,EAST GRAND BL,VICTORIA AV,95,W,N,A,-,N,NA,NA,NA,NA,NA,NA,NA,NA,NA,Y,3,0,1,2,A,-,08,22107,NA,N,G,G,A,A,H,-,A,A,0,NA,Y,NA,NA,Y,NA,A,01,0,1,0,0,0,0,1,0,0,-,-,NA,NA,RIVERSIDE,CORONA,-117.56511762,33.86909605
8396902,2017,2017-06-28,3300,2017-05-23,1015,N4544,602A1,2,5,6,3394,0,0,0,NA,0,022,DAY ST,EUCALYPTUS AV,80,S,N,A,-,N,NA,NA,NA,NA,NA,NA,NA,NA,NA,N,4,0,1,2,A,-,03,22350,NA,N,C,C,A,A,H,-,A,A,0,NA,NA,NA,NA,Y,NA,A,01,0,0,1,0,0,0,0,0,0,-,-,33.93142,-117.27877,RIVERSIDE,MORENO VALLEY,-117.27881544,33.93124087
8396910,2017,2017-06-28,3300,2017-05-20,0925,4071,602C4,6,5,6,3394,0,0,0,NA,0,MV24,GRAHAM ST,ALESSANDRO BL,360,N,N,A,-,N,NA,NA,NA,NA,NA,NA,NA,NA,NA,N,4,0,1,2,A,-,08,22100,B,N,C,C,A,A,H,-,A,D,0,NA,NA,NA,NA,Y,NA,A,01,0,0,1,0,0,0,0,0,0,-,-,33.91724,-117.25244000000001,RIVERSIDE,MORENO VALLEY,-117.25243865,33.91830618
8397306,2017,2017-06-26,3315,2017-06-02,1931,001804,3E,5,5,6,3315,0,0,0,NA,0,003,KELLOGG AV,MAGNOLIA AV,0,NA,Y,A,-,N,NA,NA,NA,NA,NA,NA,NA,NA,NA,Y,4,0,1,2,A,-,12,21453,A,N,D,C,A,A,H,-,B,A,0,NA,NA,NA,NA,Y,NA,-,NA,0,0,1,0,0,0,0,0,0,-,-,NA,NA,RIVERSIDE,CORONA,-117.55599008,33.85810005
83983407,2024,2024-08-09,3313,2024-07-21,2020,2162,NA,7,5,7,3313,0,0,0,NA,0,3R28,UNIVERSITY AVE,MULBERRY ST,0,NA,Y,A,-,N,NA,NA,NA,NA,NA,NA,NA,NA,NA,Y,4,0,1,2,A,-,12,21453,A,N,D,C,A,A,H,-,C,A,0,NA,NA,NA,NA,Y,NA,A,07,0,0,1,0,0,0,0,0,0,-,-,33.97840118408203,-117.36949157714844,RIVERSIDE,RIVERSIDE,-117.3698272705078,33.97975158691406
83983421,2024,2024-08-09,3313,2024-07-28,2057,2141,NA,7,5,7,3313,0,0,0,NA,0,NA,MISSION VILLAGE DR,TRAUTWEIN RD,0,NA,Y,A,-,N,NA,NA,NA,NA,NA,NA,NA,NA,NA,N,3,0,2,2,A,-,08,22107,NA,N,A,D,A,A,H,-,C,A,0,NA,NA,NA,NA,Y,NA,A,01,0,2,0,0,0,0,0,0,0,-,-,33.913490295410156,-117.33042907714844,RIVERSIDE,RIVERSIDE,-117.33030700683594,33.913414001464844
8398670,2017,2017-06-29,3308,2017-06-12,0716,10530,526,1,5,5,3308,0,0,0,NA,0,SOUTH,STATE ST,ACACIA AV,0,NA,Y,A,-,N,NA,NA,NA,NA,NA,NA,NA,NA,NA,Y,3,0,3,2,A,-,12,21453,A,N,D,C,A,A,H,-,A,A,0,NA,NA,NA,NA,Y,NA,D,22,0,2,1,0,0,0,0,0,0,-,-,33.7439,-116.97157,RIVERSIDE,HEMET,-116.97164009,33.74390004
8398757,2017,2017-07-03,3308,2017-06-09,2153,10620,544,5,5,5,3308,0,0,0,NA,0,SOUTH,SANDERSON AV,PAGE PLAZA PL,0,NA,Y,A,-,N,NA,NA,NA,NA,NA,NA,NA,NA,NA,Y,3,0,1,2,A,-,09,21801,A,N,D,C,A,A,H,-,C,A,0,NA,NA,Y,NA,Y,NA,A,01,0,1,0,0,0,0,0,0,1,-,-,NA,NA,RIVERSIDE,HEMET,-117.00666013,33.72747006
8399038,2017,2017-07-13,3315,2017-06-14,1540,002235,5A,3,5,6,3315,0,0,0,NA,0,004,6TH ST,VIA BERNARDO,150,W,N,A,-,N,NA,NA,NA,NA,NA,NA,NA,NA,NA,Y,4,0,4,2,A,-,03,22350,NA,N,C,C,A,A,H,-,A,D,0,NA,NA,NA,NA,Y,NA,A,07,0,0,4,0,0,0,0,0,0,-,-,NA,NA,RIVERSIDE,CORONA,-117.59903911,33.87877273
8400399,2017,2017-07-17,3300,2017-06-13,0700,3968,603G3,2,5,6,3394,0,0,0,NA,0,MV18,IRONWOOD AV,MORENO BEACH DR,170,E,N,A,-,N,NA,NA,NA,NA,NA,NA,NA,NA,NA,Y,4,0,1,2,A,-,08,22107,NA,N,D,C,A,A,H,-,A,D,0,NA,NA,NA,NA,Y,NA,A,01,0,0,1,0,0,0,0,0,0,-,-,33.94636,-117.1785,RIVERSIDE,MORENO VALLEY,-117.17794125,33.94637
8404476,2017,2017-09-23,3306,2017-04-02,0010,134,3306,7,5,3,3306,0,0,0,NA,0,NA,MISSION LAKES BL,SONORA DR,166,W,N,A,-,N,NA,NA,NA,NA,NA,NA,NA,NA,NA,Y,1,1,0,1,A,-,08,22107,NA,N,F,J,A,A,H,-,D,D,0,NA,NA,NA,NA,Y,NA,A,07,0,0,0,0,0,0,0,0,0,-,-,NA,NA,RIVERSIDE,DESERT HOT SPRINGS,-116.51931523,33.97602135
8404478,2017,2019-04-09,3313,2017-05-21,2114,1629,CTR,7,5,7,3313,0,0,0,NA,0,3R42,CALIFORNIA AV,HEIDI RD,20,E,N,A,-,N,NA,NA,NA,NA,NA,NA,NA,NA,NA,Y,1,1,0,2,A,-,11,21954,A,N,G,B,D,A,H,-,C,D,0,Y,NA,NA,NA,Y,Y,N,60,0,0,0,1,0,0,0,0,0,-,-,33.93723,-117.43265,RIVERSIDE,RIVERSIDE,-117.4327059,33.93737115
8404498,2016,2017-08-30,3300,2016-07-16,1842,4713,910Q,6,5,5,3335,0,0,0,NA,0,069,RAINBOW CANYON RD,BAYHILL DR,2672,S,N,A,-,N,NA,NA,NA,NA,NA,NA,NA,NA,NA,Y,1,1,0,2,C,-,18,NA,NA,N,A,C,A,A,H,-,A,D,0,NA,NA,Y,NA,Y,NA,-,-,0,0,0,0,0,0,0,1,0,-,-,NA,NA,RIVERSIDE,TEMECULA,-117.13014574,33.46365977
8404816,2018,2020-05-21,3308,2018-03-28,2258,10514,518,3,5,5,3308,0,0,0,NA,0,SOUTH,FLORIDA AV,GILBERT ST,0,NA,Y,A,-,Y,RIV,8,74,-,-,40.338,I,5,E,Y,1,1,0,2,A,-,11,21950,B,F,G,B,B,A,H,-,C,A,0,Y,NA,NA,NA,Y,NA,N,60,0,0,0,1,0,0,0,0,0,-,-,33.74760055541992,-116.97612762451172,RIVERSIDE,HEMET,-116.97605895996094,33.74747085571289
8404975,2017,2018-04-17,3300,2017-05-20,2140,4309,505A,6,5,5,3341,0,0,0,NA,0,055,MENIFEE RD,RT 74,220,S,N,A,-,Y,RIV,8,74,-,-,29.8,I,5,W,N,4,0,1,2,A,-,09,21804,A,M,D,C,A,A,H,-,C,D,0,NA,NA,NA,NA,Y,NA,D,22,0,0,1,0,0,0,0,0,0,-,-,NA,NA,RIVERSIDE,MENIFEE,-117.15408144,33.74316947
8404995,2017,2017-07-21,3300,2017-06-16,1156,4960,916A,5,5,4,3312,0,0,0,NA,0,031,RAMONA EXPWY,WEBSTER AV,0,NA,Y,A,-,N,NA,NA,NA,NA,NA,NA,NA,NA,NA,Y,4,0,2,2,A,-,12,21453,A,N,D,C,A,A,H,-,A,A,0,NA,NA,NA,NA,Y,NA,A,01,0,0,2,0,0,0,0,0,0,-,-,NA,NA,RIVERSIDE,PERRIS,-117.24383003,33.84457011
8406185,2017,2017-08-07,3300,2017-07-07,0514,N4722,910S,5,5,5,3335,0,0,0,NA,0,070,MARGARITA RD,TEMECULA PKWY,0,NA,Y,A,-,N,NA,NA,NA,NA,NA,NA,NA,NA,NA,Y,4,0,1,2,A,-,09,21801,A,N,D,C,A,A,D,-,A,A,0,NA,NA,NA,NA,Y,NA,A,01,0,0,1,0,0,0,0,0,0,-,-,NA,NA,RIVERSIDE,TEMECULA,-117.10143,33.480432
8407856,2017,2017-07-21,3309,2017-07-06,0856,101,DESER,4,5,4,3309,0,0,0,NA,0,003,INDIO BL,VAN BUREN ST,0,NA,Y,A,-,N,NA,NA,NA,NA,NA,NA,NA,NA,NA,Y,4,0,2,3,A,-,03,22350,NA,N,C,C,A,A,H,-,A,A,0,NA,NA,NA,NA,Y,NA,A,01,0,0,2,0,0,0,0,0,0,-,-,NA,NA,RIVERSIDE,INDIO,-116.19898012,33.70855005
8407858,2017,2017-07-21,3309,2017-06-28,0518,191,3309,3,5,4,3309,0,0,0,NA,0,001,JACKSON ST,CIVIC CENTER DR,0,NA,Y,A,-,N,NA,NA,NA,NA,NA,NA,NA,NA,NA,Y,4,0,1,2,A,-,17,21451,A,N,F,C,A,A,H,-,A,A,0,NA,NA,NA,NA,Y,NA,A,08,0,0,1,0,0,0,0,0,0,-,-,NA,NA,RIVERSIDE,INDIO,-116.21617013,33.71865008
8408689,2017,2018-03-22,3300,2017-04-27,2210,N5482,22E4,4,5,3,3317,0,0,0,NA,0,022,RT 111,FRANK SINATRA DR,0,NA,Y,A,-,N,NA,NA,NA,NA,NA,NA,NA,NA,NA,Y,3,0,1,2,A,-,12,21453,A,N,D,C,A,A,H,-,C,A,0,NA,NA,NA,NA,Y,NA,A,01,0,1,0,0,0,0,0,0,0,-,-,NA,NA,RIVERSIDE,RANCHO MIRAGE,-116.44735005,33.77234001
8408873,2017,2017-08-14,3313,2017-07-14,1739,1537,5,5,5,7,3313,0,0,0,NA,0,M16,SIERRA VISTA AV,RIVERWALK PKWY,20,E,N,A,-,N,NA,NA,NA,NA,NA,NA,NA,NA,NA,Y,3,0,3,2,B,-,22,NA,NA,N,D,C,A,A,H,-,A,A,0,NA,NA,NA,NA,Y,NA,J,48,0,1,2,0,0,0,0,0,0,-,-,NA,NA,RIVERSIDE,RIVERSIDE,-117.49364353,33.91136441
8410112,2017,2017-07-24,3313,2017-06-29,1823,1641,3,4,5,7,3313,0,0,0,NA,0,T45,VAN BUREN BL,CLEVELAND AV,102,S,N,A,-,N,NA,NA,NA,NA,NA,NA,NA,NA,NA,Y,4,0,1,2,A,-,21,22106,NA,N,C,C,A,A,H,-,A,A,0,NA,NA,NA,NA,Y,NA,D,22,0,0,1,0,0,0,0,0,0,-,-,33.90155,-117.4311,RIVERSIDE,RIVERSIDE,-117.430971,33.90128919
8410295,2017,2017-07-26,3313,2017-06-29,1527,1499,5,4,5,7,3313,0,0,0,NA,0,T42,MAGNOLIA AV,TYLER ST,20,E,N,A,-,N,NA,NA,NA,NA,NA,NA,NA,NA,NA,N,4,0,2,3,A,-,11,21950,B,F,C,C,B,A,H,-,A,A,0,Y,NA,NA,NA,Y,NA,N,60,0,0,2,0,0,0,0,0,0,-,-,NA,NA,RIVERSIDE,RIVERSIDE,-117.46148578,33.91198098
8410505,2017,2017-07-28,3306,2017-06-18,1442,140,INDIO,7,5,3,3306,0,0,0,NA,0,NA,TWO BUNCH PALMS TRL,PALM DR,103,E,N,A,-,N,NA,NA,NA,NA,NA,NA,NA,NA,NA,N,4,0,1,2,A,-,03,22350,NA,N,C,C,A,A,H,-,A,A,0,NA,NA,NA,NA,Y,NA,A,08,0,0,1,0,0,0,0,0,0,-,-,NA,NA,RIVERSIDE,DESERT HOT SPRINGS,-116.50095191,33.94677832
8411105,2017,2017-07-24,3300,2017-05-30,0650,4097,11,2,5,4,3344,0,0,0,NA,0,063,ARCHIBALD AV,WHISPERING HILLS DR,0,NA,Y,A,-,N,NA,NA,NA,NA,NA,NA,NA,NA,NA,N,3,0,1,2,A,-,10,21950,A,N,G,B,B,A,H,-,A,A,0,Y,NA,NA,NA,Y,NA,A,01,0,1,0,0,1,0,0,0,0,-,-,33.96449,-117.59316,RIVERSIDE,EASTVALE,-117.59300009,33.96446003
8411256,2017,2017-08-01,3300,2017-07-16,1550,3613,502C,7,5,5,3341,0,0,0,NA,0,052,CHAMBERS AV,GROSSE POINT DR,0,NA,Y,A,-,N,NA,NA,NA,NA,NA,NA,NA,NA,NA,Y,3,0,1,2,A,-,12,22450,A,N,D,C,A,A,H,-,A,A,0,NA,NA,NA,NA,Y,NA,D,22,0,1,0,0,0,0,0,0,0,-,-,33.72143,-117.20181,RIVERSIDE,MENIFEE,-117.20186002,33.72138003
8413285,2017,2018-06-07,3300,2017-07-09,1911,5228,910S,7,5,5,3335,0,0,0,NA,0,070,TEMECULA PKWY,COUNTRY GLEN WY,0,NA,Y,A,-,Y,RIV,8,79,-,R,2.61,H,-,N,Y,4,0,2,2,A,-,09,21453,C,N,D,C,A,A,H,-,B,A,0,NA,NA,NA,NA,Y,NA,A,01,0,0,2,0,0,0,0,0,0,-,-,33.47913,-117.1056,RIVERSIDE,TEMECULA,NA,NA
8414040,2017,2017-08-10,3300,2017-07-28,0640,N2988,604A3,5,5,6,3394,0,0,0,NA,0,MV42,ALESSANDRO BL,MORRISON ST,0,NA,Y,A,-,N,NA,NA,NA,NA,NA,NA,NA,NA,NA,Y,4,0,3,2,A,-,12,21453,A,N,D,C,A,A,H,-,A,A,0,NA,NA,NA,NA,Y,NA,A,01,0,0,3,0,0,0,0,0,0,-,-,33.91734,-117.2002,RIVERSIDE,MORENO VALLEY,-117.20022009,33.91742002
8414209,2017,2017-09-14,3309,2017-08-08,1039,180,3309,2,5,4,3309,0,0,0,NA,0,NA,OASIS ST,DOCTOR CARREON BL,0,NA,Y,-,-,N,NA,NA,NA,NA,NA,NA,NA,NA,NA,N,3,0,3,2,A,-,09,21801,A,N,A,C,A,A,H,-,A,A,0,NA,NA,NA,NA,Y,NA,A,01,0,1,2,0,0,0,0,0,0,-,-,NA,NA,RIVERSIDE,INDIO,-116.22088006,33.70755009
8415083,2018,2018-03-05,3300,2018-01-27,0706,4252,916A,6,5,4,3312,0,0,0,NA,0,031,MARKHAM ST,INDIAN ST,990,E,N,A,-,N,NA,NA,NA,NA,NA,NA,NA,NA,NA,Y,2,0,1,2,A,-,03,22350,NA,N,C,C,A,A,H,-,A,D,0,NA,NA,NA,Y,Y,NA,A,01,1,0,0,0,0,0,0,0,0,-,-,33.851898193359375,-117.23461151123048,RIVERSIDE,PERRIS,-117.23159790039063,33.8518180847168
8415425,2017,2018-05-08,3300,2017-09-15,1203,4713,910F,5,5,5,3335,0,0,0,NA,0,062,WINCHESTER RD,YNEZ RD,648,E,N,A,-,N,NA,NA,NA,NA,NA,NA,NA,NA,NA,N,4,0,1,2,A,-,07,21658,A,N,C,C,A,A,H,-,A,A,0,NA,NA,NA,NA,Y,NA,A,01,0,0,1,0,0,0,0,0,0,-,-,NA,NA,RIVERSIDE,TEMECULA,-117.15878874,33.5258509
8416305,2017,2018-06-07,3315,2017-07-13,0033,002628,3F,4,5,6,3315,0,0,0,NA,0,002,MAIN ST,RT 91,0,NA,Y,A,-,Y,RIV,8,91,-,-,6.387,R,4,E,Y,4,0,1,2,A,-,12,21453,A,M,D,C,A,A,H,-,C,A,0,NA,NA,NA,NA,Y,NA,-,NA,0,0,1,0,0,0,0,0,0,-,-,NA,NA,RIVERSIDE,CORONA,-117.56520292,33.87991814
8416909,2017,2017-08-07,3315,2017-07-07,1315,002661,10C,5,5,6,3315,0,0,0,NA,0,002,MCKINLEY ST,SAMPSON AV,60,S,N,A,-,N,NA,NA,NA,NA,NA,NA,NA,NA,NA,N,4,0,1,3,A,-,03,22350,NA,N,C,C,A,A,H,-,A,A,0,NA,NA,NA,NA,Y,NA,-,NA,0,0,1,0,0,0,0,0,0,-,-,NA,NA,RIVERSIDE,CORONA,-117.51605918999999,33.88412401
84176184,2024,2024-08-13,3300,2024-08-07,1621,6053,NA,3,5,4,3312,0,0,0,NA,0,031,RIDER ST,EVANS RD,0,NA,Y,A,-,N,NA,NA,NA,NA,NA,NA,NA,NA,NA,N,3,0,2,3,A,-,12,21453,A,N,B,C,A,A,H,-,A,A,0,NA,NA,NA,NA,Y,NA,A,01,0,1,1,0,0,0,0,0,0,-,-,33.83026123046875,-117.20417022705078,RIVERSIDE,PERRIS,-117.19995880126952,33.83021545410156
84176190,2024,2024-08-13,3300,2024-07-28,2100,5212,NA,7,5,4,3344,0,0,0,NA,0,NA,RIVERBOAT DR,LANCELOT DR,50,W,N,A,-,N,NA,NA,NA,NA,NA,NA,NA,NA,NA,N,2,0,1,2,A,-,08,22107,NA,F,C,G,A,A,H,-,C,D,0,NA,Y,NA,NA,Y,NA,-,99,1,0,0,0,0,0,1,0,0,-,-,NA,NA,RIVERSIDE,EASTVALE,-117.56236267089844,33.96086120605469
84176399,2024,2024-08-13,3313,2024-08-01,1731,1882,NA,4,5,7,3313,0,0,0,NA,0,M20,LIME ST,6TH ST,0,NA,Y,A,-,N,NA,NA,NA,NA,NA,NA,NA,NA,NA,N,3,0,1,2,A,-,06,21750,A,N,B,C,A,A,H,-,A,A,0,NA,NA,Y,NA,Y,NA,C,02,0,1,0,0,0,0,0,0,1,-,-,NA,NA,RIVERSIDE,RIVERSIDE,-117.36966705322266,33.98228073120117
8417662,2017,2017-07-31,3306,2017-04-20,2500,138,INDIO,4,5,3,3306,0,0,0,NA,0,NA,OCOTILLO RD,HACIENDA AV,359,S,N,A,-,N,NA,NA,NA,NA,NA,NA,NA,NA,NA,N,3,0,1,2,A,-,09,21804,A,F,A,J,-,A,H,-,A,D,0,Y,NA,NA,NA,Y,NA,N,60,0,1,0,0,1,0,0,0,0,-,-,NA,NA,RIVERSIDE,DESERT HOT SPRINGS,-116.49845235,33.95331644
8418612,2017,2017-07-27,3313,2017-07-12,2500,1772,4,3,5,7,3313,0,0,0,NA,0,T45,MAGNOLIA AV,WAYNE CT,225,E,N,A,-,N,NA,NA,NA,NA,NA,NA,NA,NA,NA,Y,4,0,2,2,A,-,01,23152,A,N,B,C,A,A,H,-,C,A,0,NA,NA,NA,NA,Y,Y,A,01,0,0,2,0,0,0,0,0,0,-,-,33.93119,-117.42717,RIVERSIDE,RIVERSIDE,-117.42663226,33.93175135
8418619,2017,2017-07-28,3311,2017-06-23,0931,15911,3311,5,5,4,3311,0,0,0,NA,0,NA,S FARRELL DR,E BARISTO RD,0,NA,Y,A,-,N,NA,NA,NA,NA,NA,NA,NA,NA,NA,Y,3,0,2,2,A,-,09,21801,A,N,D,C,A,A,H,-,A,A,0,NA,NA,NA,NA,Y,NA,A,01,0,2,0,0,0,0,0,0,0,-,-,NA,NA,RIVERSIDE,PALM SPRINGS,-116.51804012,33.81954007
8418632,2017,2017-07-27,3308,2017-07-05,2100,10610,285,3,5,5,3308,0,0,0,NA,0,NORTH,SANDERSON AV,ESPLANADE AV,70,S,N,A,-,N,NA,NA,NA,NA,NA,NA,NA,NA,NA,N,4,0,1,2,A,-,03,22350,NA,F,C,C,A,A,H,-,C,A,0,NA,NA,NA,NA,Y,NA,A,07,0,0,1,0,0,0,0,0,0,-,-,33.77294,-117.00656,RIVERSIDE,HEMET,-117.00668769,33.7725883
8419580,2017,2017-08-04,3308,2017-06-19,1318,10610,554,1,5,5,3308,0,0,0,NA,0,SOUTH,MUSTANG WY,MORGAN HILL RD,474,W,N,A,-,N,NA,NA,NA,NA,NA,NA,NA,NA,NA,Y,3,0,2,2,A,-,09,21804,A,N,D,C,A,A,H,-,A,A,0,NA,NA,NA,NA,Y,NA,A,01,0,2,0,0,0,0,0,0,0,-,-,33.7208,-117.00788,RIVERSIDE,HEMET,-117.00939347,33.72078
8419830,2017,2017-08-07,3308,2017-07-02,0647,10530,516,7,5,5,3308,0,0,0,NA,0,NORHT,STATE ST,OAKLAND AV,550,S,N,A,-,N,NA,NA,NA,NA,NA,NA,NA,NA,NA,Y,3,0,2,1,A,-,03,22350,NA,N,E,I,A,A,H,-,A,D,0,NA,NA,NA,NA,Y,NA,A,08,0,1,1,0,0,0,0,0,0,-,-,33.75474,-116.97171,RIVERSIDE,HEMET,-116.97171814,33.75327405
8423201,2017,2017-08-10,3309,2017-07-14,1615,112,DESER,5,5,4,3309,0,0,0,NA,0,002,INDIO SPRINGS DR,FANTASY SPRINGS CASINO,0,NA,Y,A,-,N,NA,NA,NA,NA,NA,NA,NA,NA,NA,Y,4,0,2,2,A,-,09,21802,A,N,D,C,A,A,H,-,A,A,0,NA,NA,NA,NA,Y,NA,A,01,0,0,2,0,0,0,0,0,0,-,-,NA,NA,RIVERSIDE,INDIO,-116.194407,33.721915
8423314,2017,2017-08-14,3309,2017-07-20,0844,443,3309,4,5,4,3309,0,0,0,NA,0,002,AVENUE 42,MONROE ST,300,E,N,A,-,N,NA,NA,NA,NA,NA,NA,NA,NA,NA,N,3,0,2,1,A,-,08,22107,NA,F,E,I,A,A,H,-,A,A,0,NA,NA,NA,NA,Y,NA,A,07,0,2,0,0,0,0,0,0,0,-,-,NA,NA,RIVERSIDE,INDIO,-116.23312788,33.74401
8423345,2017,2017-08-14,3315,2017-07-15,1744,003201,3C,6,5,6,3315,0,0,0,NA,0,002,MAGNOLIA AV,EL SOBRANTE RD,6,E,N,A,-,N,NA,NA,NA,NA,NA,NA,NA,NA,NA,Y,4,0,3,2,A,-,12,21453,A,N,D,C,A,A,H,-,A,-,0,NA,NA,NA,NA,Y,NA,-,NA,0,0,3,0,0,0,0,0,0,-,-,NA,NA,RIVERSIDE,CORONA,-117.54340419,33.86521981
8423353,2017,2017-08-14,3315,2017-07-27,1711,003166,1D,4,5,6,3315,0,0,0,NA,0,001,MAIN ST,PARKRIDGE AV,900,S,N,A,-,N,NA,NA,NA,NA,NA,NA,NA,NA,NA,N,4,0,1,2,A,-,07,21658,A,N,B,C,A,A,H,-,A,A,0,NA,NA,NA,NA,Y,NA,A,01,0,0,1,0,0,0,0,0,0,-,-,NA,NA,RIVERSIDE,CORONA,-117.56411942,33.89064998
8423926,2017,2017-08-10,3300,2017-07-12,1311,N5539,905F,3,5,4,3307,0,0,0,NA,0,092,FRANKLIN ST,CONKLIN AV,1975,S,N,A,-,N,NA,NA,NA,NA,NA,NA,NA,NA,NA,N,4,0,1,1,A,-,03,22350,NA,N,F,A,A,A,H,-,A,D,0,NA,NA,Y,NA,Y,NA,C,02,0,0,1,0,0,0,0,0,1,-,-,33.66974,-117.32145,RIVERSIDE,LAKE ELSINORE,-117.32166,33.66951
8424143,2017,2017-08-10,3313,2017-07-21,2114,1475,4,5,5,7,3313,0,0,0,NA,0,M19,JURUPA AV,GRAND AV,14,W,N,A,-,N,NA,NA,NA,NA,NA,NA,NA,NA,NA,N,3,0,1,2,A,-,09,21804,A,N,D,G,A,A,H,-,C,A,0,NA,Y,NA,NA,Y,Y,L,04,0,1,0,0,0,0,1,0,0,-,-,33.96209,-117.41615,RIVERSIDE,RIVERSIDE,-117.41612593,33.96189265