CASE_ID,ACCIDENT_YEAR,PROC_DATE,JURIS,COLLISION_DATE,COLLISION_TIME,OFFICER_ID,REPORTING_DISTRICT,DAY_OF_WEEK,CHP_SHIFT,POPULATION,CNTY_CITY_LOC,SPECIAL_COND,BEAT_TYPE,CHP_BEAT_TYPE,CITY_DIVISION_LAPD,CHP_BEAT_CLASS,BEAT_NUMBER,PRIMARY_RD,SECONDARY_RD,DISTANCE,DIRECTION,INTERSECTION,WEATHER_1,WEATHER_2,STATE_HWY_IND,CALTRANS_COUNTY,CALTRANS_DISTRICT,STATE_ROUTE,ROUTE_SUFFIX,POSTMILE_PREFIX,POSTMILE,LOCATION_TYPE,RAMP_INTERSECTION,SIDE_OF_HWY,TOW_AWAY,COLLISION_SEVERITY,NUMBER_KILLED,NUMBER_INJURED,PARTY_COUNT,PRIMARY_COLL_FACTOR,PCF_CODE_OF_VIOL,PCF_VIOL_CATEGORY,PCF_VIOLATION,PCF_VIOL_SUBSECTION,HIT_AND_RUN,TYPE_OF_COLLISION,MVIW,PED_ACTION,ROAD_SURFACE,ROAD_COND_1,ROAD_COND_2,LIGHTING,CONTROL_DEVICE,CHP_ROAD_TYPE,PEDESTRIAN_ACCIDENT,BICYCLE_ACCIDENT,MOTORCYCLE_ACCIDENT,TRUCK_ACCIDENT,NOT_PRIVATE_PROPERTY,ALCOHOL_INVOLVED,STWD_VEHTYPE_AT_FAULT,CHP_VEHTYPE_AT_FAULT,COUNT_SEVERE_INJ,COUNT_VISIBLE_INJ,COUNT_COMPLAINT_PAIN,COUNT_PED_KILLED,COUNT_PED_INJURED,COUNT_BICYCLIST_KILLED,COUNT_BICYCLIST_INJURED,COUNT_MC_KILLED,COUNT_MC_INJURED,PRIMARY_RAMP,SECONDARY_RAMP,LATITUDE,LONGITUDE,COUNTY,CITY,POINT_X,POINT_Y
84472544,2024,2024-11-18,3308,2024-08-15,959,11022,NA,4,5,5,3308,0,0,0,NA,0,NA,FLORIDA AVE,HAMILTON AVE,0,N,Y,A,-,N,NA,NA,NA,NA,NA,NA,NA,NA,NA,Y,4,0,1,2,A,-,09,21801,A,N,D,C,A,A,H,-,A,A,0,NA,NA,NA,NA,Y,Y,D,22,0,0,1,0,0,0,0,0,0,-,-,33.745521545410156,-116.97911834716795,RIVERSIDE,HEMET,-116.98255920410156,33.74741744995117
8447267,2017,2017-09-07,3300,2017-08-28,0822,N5068,42D5,1,5,3,3392,0,0,0,NA,0,LA43,AVENUE 52,WASHINGTON ST,0,NA,Y,A,-,N,NA,NA,NA,NA,NA,NA,NA,NA,NA,Y,4,0,4,3,A,-,12,21453,A,N,D,C,A,A,H,-,A,A,0,NA,NA,NA,NA,Y,NA,A,01,0,0,4,0,0,0,0,0,0,-,-,NA,NA,RIVERSIDE,LA QUINTA,-116.29507007,33.67436005
84479378,2024,2024-11-22,3300,2024-10-11,749,6552,NA,5,5,6,3394,0,0,0,NA,0,MV32,CACTUS AVE,ELSWORTH ST,555,E,N,A,-,N,NA,NA,NA,NA,NA,NA,NA,NA,NA,Y,3,0,2,2,A,-,09,21801,A,N,D,C,A,A,H,-,A,D,0,NA,NA,NA,NA,Y,NA,A,07,0,1,1,0,0,0,0,0,0,-,-,33.910308837890625,-117.2702865600586,RIVERSIDE,MORENO VALLEY,-117.26837158203124,33.91007995605469
84479615,2024,2024-11-22,3315,2024-11-18,1203,004456,NA,1,5,6,3315,0,0,0,NA,0,002,PROMENADE AV,MCKINLEY ST,183,W,N,A,-,N,NA,NA,NA,NA,NA,NA,NA,NA,NA,Y,3,0,1,3,A,-,08,22107,NA,N,B,C,A,A,H,-,A,A,0,NA,NA,Y,NA,Y,NA,C,02,0,1,0,0,0,0,0,0,1,-,-,NA,NA,RIVERSIDE,CORONA,-117.52244567871094,33.89094924926758
8447969,2017,2017-11-29,3313,2017-10-26,1725,1537,5,4,5,7,3313,0,0,0,NA,0,M16,LA SIERRA AV,MINIER AV,460,N,N,A,-,N,NA,NA,NA,NA,NA,NA,NA,NA,NA,N,3,0,1,3,A,-,03,22350,NA,N,C,C,A,A,H,-,B,D,0,NA,NA,NA,NA,Y,NA,A,01,0,1,0,0,0,0,0,0,0,-,-,NA,NA,RIVERSIDE,RIVERSIDE,-117.48669456,33.91654252
84480918,2024,2024-11-25,3300,2024-11-18,1812,6053,NA,1,5,4,3312,0,0,0,NA,0,032,REDLANDS AV,ORANGE AV,40,S,N,A,-,N,NA,NA,NA,NA,NA,NA,NA,NA,NA,Y,3,0,1,2,A,-,01,23152,A,N,C,C,A,A,H,-,C,A,0,NA,NA,NA,NA,Y,Y,A,01,0,1,0,0,0,0,0,0,0,-,-,33.81581115722656,-117.21736907958984,RIVERSIDE,PERRIS,-117.21737670898438,33.8155517578125
84481045,2024,2025-02-03,3300,2024-11-21,1918,6362,NA,4,5,3,3305,0,0,0,NA,0,Y81,52ND AV,VAN BUREN ST,0,NA,Y,A,-,N,NA,NA,NA,NA,NA,NA,NA,NA,NA,Y,2,0,2,2,A,-,01,23152,A,F,D,C,A,A,H,-,C,A,0,NA,NA,NA,NA,Y,Y,A,01,1,1,0,0,0,0,0,0,0,-,-,33.67087173461914,-116.19904327392578,RIVERSIDE,COACHELLA,-116.19907379150392,33.67086410522461
84481505,2024,2024-11-25,3308,2024-08-20,1924,10877,NA,2,5,5,3308,0,0,0,NA,0,SOUTH,ARBOR PKWY,WHITTIER AVE,310,S,N,A,-,N,NA,NA,NA,NA,NA,NA,NA,NA,NA,Y,3,0,2,3,A,-,01,23152,A,N,B,C,A,A,H,-,C,D,0,NA,NA,NA,NA,Y,Y,D,22,0,2,0,0,0,0,0,0,0,-,-,33.73551940917969,-116.9933624267578,RIVERSIDE,HEMET,-116.99205017089844,33.735782623291016
8448262,2017,2017-09-29,3300,2017-08-02,1704,4773,905I,3,5,4,3307,0,0,0,NA,0,095,COLLIER AV,HUNCO WY,0,NA,Y,A,-,N,NA,NA,NA,NA,NA,NA,NA,NA,NA,N,4,0,1,2,A,-,03,22350,NA,N,C,C,A,A,H,-,A,A,0,NA,NA,NA,NA,Y,NA,A,01,0,0,1,0,0,0,0,0,0,-,-,NA,NA,RIVERSIDE,LAKE ELSINORE,-117.34233005,33.69198008
84483334,2024,2024-11-26,3300,2024-11-17,1038,3786,NA,7,5,6,3345,0,0,0,NA,0,024,PEDLEY RD,MISSION BL,0,NA,Y,A,-,N,NA,NA,NA,NA,NA,NA,NA,NA,NA,Y,3,0,2,2,A,-,17,21457,B,N,A,C,A,A,H,-,A,A,0,NA,NA,NA,NA,Y,NA,A,01,0,2,0,0,0,0,0,0,0,-,-,34.01192092895508,-117.47545623779295,RIVERSIDE,JURUPA VALLEY,-117.47544097900392,34.01179122924805
84485049,2024,2024-11-27,3300,2024-11-19,1828,5199,NA,2,5,5,3335,0,0,0,NA,0,062,RUSTIC GLEN DR,QUAIL SLOPE DR,150,W,N,A,-,N,NA,NA,NA,NA,NA,NA,NA,NA,NA,Y,3,0,1,2,A,-,01,23152,A,N,B,C,A,A,H,-,C,D,0,NA,NA,NA,NA,Y,Y,A,07,0,1,0,0,0,0,0,0,0,-,-,33.54338073730469,-117.1476593017578,RIVERSIDE,TEMECULA,-117.14842987060548,33.543357849121094
84487004,2024,2024-11-28,3300,2024-11-14,1740,5920,NA,4,5,3,3305,0,0,0,NA,0,Y81,CESAR CHAVEZ ST,51ST AV,0,NA,Y,A,-,N,NA,NA,NA,NA,NA,NA,NA,NA,NA,N,3,0,1,2,A,-,12,21453,A,F,D,G,A,A,H,-,C,A,0,NA,Y,NA,NA,Y,NA,L,04,0,1,0,0,0,0,1,0,0,-,-,33.67818069458008,-116.18157958984376,RIVERSIDE,COACHELLA,-116.1816635131836,33.678199768066406
84487240,2024,2024-11-29,3300,2024-11-03,1419,N7114,NA,7,5,6,3345,0,0,0,NA,0,020,MISSION BL,CONNING ST,615,E,N,A,-,N,NA,NA,NA,NA,NA,NA,NA,NA,NA,Y,4,0,1,2,A,-,09,21804,A,N,D,C,A,A,H,-,A,D,0,NA,NA,NA,NA,Y,NA,A,01,0,0,1,0,0,0,0,0,0,-,-,34.01525115966797,-117.50383758544922,RIVERSIDE,JURUPA VALLEY,-117.50262451171876,34.014076232910156
8448791,2017,2017-09-15,3315,2017-09-02,1041,002755,4A,6,5,6,3315,0,0,0,NA,0,004,LINCOLN AV,TOPAZ ST,14,N,N,A,-,N,NA,NA,NA,NA,NA,NA,NA,NA,NA,Y,4,0,3,2,A,-,09,21804,A,N,D,C,A,A,H,-,A,D,0,NA,NA,NA,NA,Y,NA,-,NA,0,0,3,0,0,0,0,0,0,-,-,NA,NA,RIVERSIDE,CORONA,-117.58452492,33.86907813
84487925,2024,2024-12-02,3308,2024-10-04,1812,10746,NA,5,5,5,3308,0,0,0,NA,0,NORTH,FLORIDA AVE,GOLDEN VILLAGE,141,E,N,A,-,Y,NA,NA,NA,NA,NA,NA,NA,NA,NA,N,2,0,1,2,A,-,09,21804,A,N,D,G,A,A,H,-,A,D,0,NA,Y,NA,NA,Y,NA,L,04,1,0,0,0,0,0,1,0,0,-,-,NA,NA,RIVERSIDE,HEMET,NA,NA
8448859,2017,2017-09-18,3300,2017-08-08,0134,4869,901C,2,5,4,3310,0,0,0,NA,0,051,HAMNER AV,MARKET ST,210,N,N,A,-,N,NA,NA,NA,NA,NA,NA,NA,NA,NA,Y,4,0,1,1,A,-,01,23152,B,N,E,I,A,A,H,-,C,D,0,NA,NA,NA,NA,Y,Y,A,01,0,0,1,0,0,0,0,0,0,-,-,NA,NA,RIVERSIDE,NORCO,-117.5592001,33.92208158
84489706,2024,2024-12-03,3300,2024-12-01,1145,N4544,NA,7,5,6,3345,0,0,0,NA,0,016,MISSION BL,AVALON ST,0,NA,Y,A,-,N,NA,NA,NA,NA,NA,NA,NA,NA,NA,Y,3,0,1,2,A,-,12,21453,A,N,D,C,A,A,H,-,A,A,0,NA,NA,NA,NA,Y,NA,A,07,0,1,0,0,0,0,0,0,0,-,-,33.996559143066406,-117.40888214111328,RIVERSIDE,JURUPA VALLEY,-117.40985870361328,33.99827575683594
84492933,2024,2024-12-06,3300,2024-11-18,231,6395,NA,1,5,3,3305,0,0,0,NA,0,Y80,AVE 48,CALHOUN STREET,0,NA,Y,A,-,N,NA,NA,NA,NA,NA,NA,NA,NA,NA,N,3,0,2,2,A,-,01,23152,A,N,D,C,A,A,H,-,C,A,0,NA,NA,NA,NA,Y,Y,A,07,0,1,1,0,0,0,0,0,0,-,-,NA,NA,RIVERSIDE,COACHELLA,-116.20768737792967,33.70033645629883
84494138,2024,2024-12-06,3300,2024-11-26,2016,4491,NA,2,5,5,3335,0,0,0,NA,0,062,RANCHO CALIFORNIA RD,RT 15 SB OFFRAMP,0,NA,Y,A,-,N,NA,NA,NA,NA,NA,NA,NA,NA,NA,Y,4,0,1,2,A,-,01,23152,B,N,B,C,A,A,H,-,C,A,0,NA,NA,NA,NA,Y,Y,A,01,0,0,1,0,0,0,0,0,0,-,-,33.50033187866211,-117.15222930908205,RIVERSIDE,TEMECULA,-117.15154266357422,33.500701904296875
84495674,2024,2024-12-09,3313,2024-11-08,1129,1686,NA,5,5,7,3313,0,0,0,NA,0,T58,COLLETT AVE,JONES AVE,6,E,N,A,-,N,NA,NA,NA,NA,NA,NA,NA,NA,NA,Y,3,0,2,2,A,-,03,22350,NA,N,C,C,A,A,H,-,A,D,0,NA,NA,NA,NA,Y,NA,A,07,0,2,0,0,0,0,0,0,0,-,-,33.914451599121094,-117.47753143310548,RIVERSIDE,RIVERSIDE,-117.47750091552734,33.91474914550781
84495994,2024,2025-09-08,3313,2024-11-19,1400,2222,NA,2,5,7,3313,0,0,0,NA,0,3R56,LA SIERRA AVE,SPAULDING DR,11,S,N,A,-,N,NA,NA,NA,NA,NA,NA,NA,NA,NA,N,3,0,1,2,A,-,10,21950,A,F,G,B,B,A,H,-,A,A,0,Y,NA,NA,NA,Y,NA,A,01,0,1,0,0,1,0,0,0,0,-,-,33.90876007080078,-117.4814682006836,RIVERSIDE,RIVERSIDE,-117.48082733154295,33.908973693847656
84496184,2024,2024-12-11,3349,2024-11-27,1725,551,NA,3,5,5,3341,0,0,0,NA,0,004,NEWPORT RD,DERBY HILL DR,205,E,N,B,-,N,NA,NA,NA,NA,NA,NA,NA,NA,NA,Y,3,0,1,3,A,-,03,22350,NA,N,C,C,A,A,H,-,A,A,0,NA,NA,NA,NA,Y,NA,A,07,0,1,0,0,0,0,0,0,0,-,-,33.68077850341797,-117.220703125,RIVERSIDE,MENIFEE,-117.2202606201172,33.680999755859375
84497712,2024,2024-12-13,3300,2024-10-28,1953,5585,NA,1,5,6,3345,0,0,0,NA,0,010,RUBIDOUX BL,CASTELLANO RD,525,S,N,A,-,N,NA,NA,NA,NA,NA,NA,NA,NA,NA,N,4,0,1,2,A,-,08,22107,NA,F,B,C,A,A,H,-,C,A,0,NA,NA,NA,NA,Y,NA,-,99,0,0,1,0,0,0,0,0,0,-,-,34.03232955932617,-117.39217376708984,RIVERSIDE,JURUPA VALLEY,-117.3915557861328,34.03129959106445
84497728,2024,2024-12-13,3300,2024-11-21,1556,N7633,NA,4,5,4,3318,0,0,0,NA,0,T36,RUTLEDGE WAY,PORTOLA AVE,920,E,N,A,-,N,NA,NA,NA,NA,NA,NA,NA,NA,NA,Y,4,0,1,2,A,-,09,21804,A,N,C,G,A,A,H,-,A,A,0,NA,Y,NA,NA,Y,NA,D,22,0,0,1,0,0,0,1,0,0,-,-,33.73331069946289,-116.3737564086914,RIVERSIDE,PALM DESERT,-116.37075805664063,33.73332595825195
84499494,2024,2024-12-13,3300,2024-12-09,1708,3618,NA,1,5,4,3314,0,0,0,NA,0,074,HEWITT ST,EVANS ST,30,N,N,A,-,N,NA,NA,NA,NA,NA,NA,NA,NA,NA,N,4,0,1,2,A,-,08,22101,D,N,G,B,D,A,H,-,D,A,0,Y,NA,NA,NA,Y,NA,A,07,0,0,1,0,1,0,0,0,0,-,-,NA,NA,RIVERSIDE,SAN JACINTO,-116.95107269287108,33.77538299560547
84499965,2024,2024-12-13,3342,2024-12-10,1222,P898,NA,2,5,4,3342,0,0,0,NA,0,005,ALTA MURRIETA DR,MURRIETA HOT SPRINGS RD,0,NA,Y,A,-,N,NA,NA,NA,NA,NA,NA,NA,NA,NA,N,4,0,3,2,A,-,03,22350,NA,N,C,C,A,A,H,-,A,A,0,NA,NA,NA,NA,Y,NA,A,07,0,0,3,0,0,0,0,0,0,-,-,33.556400299072266,-117.17738342285156,RIVERSIDE,MURRIETA,-117.177490234375,33.55643844604492
84502715,2024,2024-12-13,3300,2024-12-10,1812,5059,NA,2,5,3,3305,0,0,0,NA,0,Y83,HWY 111,TYLER ST,110,S,N,A,-,N,NA,NA,NA,NA,NA,NA,NA,NA,NA,Y,3,0,3,3,A,-,03,22350,NA,N,C,C,A,A,H,-,C,A,0,NA,NA,NA,NA,Y,NA,A,07,0,1,2,0,0,0,0,0,0,-,-,33.668399810791016,-116.163818359375,RIVERSIDE,COACHELLA,-116.16362762451172,33.668155670166016
84506252,2024,2024-12-17,3300,2024-12-05,1832,6161,NA,4,5,5,3335,0,0,0,NA,0,069,TEMECULA PKY,WABASH LN,250,W,N,A,-,N,NA,NA,NA,NA,NA,NA,NA,NA,NA,N,4,0,1,2,A,-,03,22350,NA,N,C,C,A,A,H,-,C,A,0,NA,NA,NA,NA,Y,NA,A,07,0,0,1,0,0,0,0,0,0,-,-,33.47660827636719,-117.13336944580078,RIVERSIDE,TEMECULA,-117.13370513916016,33.47726058959961
84508095,2024,2024-12-18,3315,2024-12-12,1717,004274,NA,4,5,6,3315,0,0,0,NA,0,002,SIXTH ST,E. GRAND BLVD,742,E,N,B,-,N,NA,NA,NA,NA,NA,NA,NA,NA,NA,Y,3,0,3,2,A,-,09,21801,A,N,D,C,A,A,H,-,C,D,0,NA,NA,NA,NA,Y,NA,A,01,0,1,2,0,0,0,0,0,0,-,-,NA,NA,RIVERSIDE,CORONA,-117.5563507080078,33.87456130981445
84510966,2024,2024-12-20,3300,2024-10-30,200,5585,NA,3,5,6,3345,0,0,0,NA,0,024,VAN BUREN BL,CLAY ST,0,NA,Y,A,-,N,NA,NA,NA,NA,NA,NA,NA,NA,NA,N,4,0,2,2,A,-,12,21453,A,N,D,C,A,A,H,-,C,A,0,NA,NA,NA,NA,Y,NA,-,-,0,0,2,0,0,0,0,0,0,-,-,33.96731948852539,-117.46681213378906,RIVERSIDE,JURUPA VALLEY,-117.46662902832033,33.96714401245117
84512372,2024,2024-12-23,3300,2024-12-18,2039,6513,NA,3,5,6,3394,0,0,0,NA,0,MV42,NASON ST,ALESSANDRO BLVD,12,S,N,A,-,N,NA,NA,NA,NA,NA,NA,NA,NA,NA,Y,3,0,1,2,A,-,09,21804,A,N,B,C,A,A,H,-,C,A,0,NA,NA,NA,NA,Y,NA,-,-,0,1,0,0,0,0,0,0,0,-,-,33.91733932495117,-117.1915283203125,RIVERSIDE,MORENO VALLEY,-117.19168090820313,33.917335510253906
84512593,2024,2024-12-23,3300,2024-12-03,2024,N4809,NA,2,5,4,3314,0,0,0,NA,0,070,STATE ST,ESPLANADE AVE,0,NA,Y,A,-,N,NA,NA,NA,NA,NA,NA,NA,NA,NA,N,4,0,1,2,A,-,12,21453,A,N,D,C,A,A,H,-,C,A,0,NA,NA,NA,NA,Y,NA,A,01,0,0,1,0,0,0,0,0,0,-,-,NA,NA,RIVERSIDE,SAN JACINTO,-116.9718780517578,33.77294158935547
84512839,2024,2025-01-06,3313,2024-10-24,1431,1830,NA,4,5,7,3313,0,0,0,NA,0,T70,RIVERWALK PKWY,COLLETT AVE,168,S,N,A,-,N,NA,NA,NA,NA,NA,NA,NA,NA,NA,Y,1,1,3,5,A,-,03,22350,NA,N,C,C,A,A,H,-,A,A,0,NA,NA,NA,NA,Y,NA,A,01,0,3,0,0,0,0,0,0,0,-,-,33.90610122680664,-117.4938735961914,RIVERSIDE,RIVERSIDE,-117.49381256103516,33.9056282043457
84512873,2024,2024-12-23,3313,2024-12-01,318,2143,NA,7,5,7,3313,0,0,0,NA,0,1R27,UNIVERSITY AVE,MULBERRY ST,45,E,N,A,-,N,NA,NA,NA,NA,NA,NA,NA,NA,NA,Y,3,0,1,2,A,-,01,23152,A,N,D,C,A,A,H,-,C,A,0,NA,NA,NA,NA,Y,Y,A,01,0,1,0,0,0,0,0,0,0,-,-,33.97970962524414,-117.37000274658205,RIVERSIDE,RIVERSIDE,-117.36970520019533,33.97968673706055
84512879,2024,2024-12-23,3313,2024-12-02,1531,2030,NA,1,5,7,3313,0,0,0,NA,0,M26,CANYON SPRINGS PKWY,DAY ST,531,W,N,A,-,N,NA,NA,NA,NA,NA,NA,NA,NA,NA,Y,4,0,1,2,A,-,12,21453,A,N,D,C,A,A,H,-,A,A,0,NA,NA,NA,NA,Y,NA,A,01,0,0,1,0,0,0,0,0,0,-,-,NA,NA,RIVERSIDE,RIVERSIDE,-117.28062438964844,33.93988800048828
84520824,2024,2024-12-31,3300,2024-12-22,1023,4695,NA,7,5,6,3394,0,0,0,NA,0,MV38,LASSELLE ST,YANEZ TRAIL RD,0,NA,Y,A,-,N,NA,NA,NA,NA,NA,NA,NA,NA,NA,Y,3,0,2,2,A,-,08,22107,NA,N,A,C,A,A,H,-,A,A,0,NA,NA,NA,NA,Y,NA,A,01,0,1,1,0,0,0,0,0,0,-,-,33.879920959472656,-117.20958709716795,RIVERSIDE,MORENO VALLEY,-117.20911407470705,33.87994384765625
8452147,2017,2017-09-22,3300,2017-08-28,1443,3481,920E,1,5,4,3314,0,0,0,NA,0,072,RAMONA EXPWY,EAGLE RD,251,W,N,A,-,N,NA,NA,NA,NA,NA,NA,NA,NA,NA,Y,4,0,1,5,A,-,03,22350,NA,N,C,C,A,A,H,-,A,D,0,NA,NA,NA,NA,Y,NA,A,01,0,0,1,0,0,0,0,0,0,-,-,33.8017,-116.9677,RIVERSIDE,SAN JACINTO,-116.96853336,33.80179
84524488,2024,2025-01-03,3313,2024-12-16,1508,2231,NA,1,5,7,3313,0,0,0,NA,0,T78,LINDEN ST,CRANFORD AVE,0,NA,Y,A,-,N,NA,NA,NA,NA,NA,NA,NA,NA,NA,N,4,0,1,2,A,-,09,21802,A,N,D,C,A,A,H,-,A,A,0,NA,NA,NA,NA,Y,NA,A,07,0,0,1,0,0,0,0,0,0,-,-,33.97779083251953,-117.34384918212892,RIVERSIDE,RIVERSIDE,-117.34420013427734,33.979347229003906
84524489,2024,2025-01-03,3313,2024-12-18,620,2293,NA,3,5,7,3313,0,0,0,NA,0,T75,THIRD ST,MARKET ST,0,NA,Y,A,-,N,NA,NA,NA,NA,NA,NA,NA,NA,NA,N,3,0,1,2,A,-,09,21804,A,N,D,C,A,A,H,-,B,A,0,NA,NA,NA,NA,Y,NA,-,-,0,1,0,0,0,0,0,0,0,-,-,33.98733901977539,-117.37252044677734,RIVERSIDE,RIVERSIDE,-117.37248229980467,33.98733901977539
84525593,2025,2025-01-06,3300,2025-01-02,632,6211,NA,4,5,6,3394,0,0,0,NA,0,MV38,LASSELLE ST,KRAMERIA AVE,27,S,N,A,-,N,NA,NA,NA,NA,NA,NA,NA,NA,NA,N,4,0,1,2,A,-,03,22350,NA,N,C,C,A,A,H,-,A,A,0,NA,NA,NA,NA,Y,NA,A,01,0,0,1,0,0,0,0,0,0,-,-,33.8819694519043,-117.20783996582033,RIVERSIDE,MORENO VALLEY,-117.20755767822266,33.88224792480469
84525727,2024,2025-01-06,3313,2024-12-10,1701,1222,NA,2,5,7,3313,0,0,0,NA,0,T76,CHICAGO AVE,UNIVERSITY AVE,232,S,N,A,-,N,NA,NA,NA,NA,NA,NA,NA,NA,NA,Y,4,0,1,2,A,-,08,22107,NA,N,C,C,A,A,H,-,C,A,0,NA,NA,NA,NA,Y,NA,A,01,0,0,1,0,0,0,0,0,0,-,-,NA,NA,RIVERSIDE,RIVERSIDE,-117.34850311279295,33.974952697753906
84525993,2024,2025-01-06,3300,2024-12-27,1510,6483,NA,5,5,4,3314,0,0,0,NA,0,NA,RAMONA EXPY,SANDERSON AVE (E),60,E,N,A,-,N,NA,NA,NA,NA,NA,NA,NA,NA,NA,Y,3,0,1,2,A,-,21,22106,NA,N,C,C,A,A,H,-,A,A,0,NA,NA,NA,NA,Y,NA,A,07,0,1,0,0,0,0,0,0,0,-,-,33.823699951171875,-117.00328063964844,RIVERSIDE,SAN JACINTO,-117.00341033935548,33.823482513427734
84527628,2025,2025-01-07,3300,2025-01-02,621,6503,NA,4,5,4,3312,0,0,0,NA,0,031,RAMONA EXPRESSWAY,WEBSTER AV,364,E,N,A,-,N,NA,NA,NA,NA,NA,NA,NA,NA,NA,N,4,0,1,3,A,-,03,22350,NA,N,C,C,A,A,H,-,A,A,0,NA,NA,NA,NA,Y,NA,D,22,0,0,1,0,0,0,0,0,0,-,-,33.84471893310547,-117.24378204345705,RIVERSIDE,PERRIS,-117.24264526367188,33.84463119506836
84529136,2024,2025-01-08,3300,2024-09-06,1542,6186,NA,5,5,3,3343,0,0,0,NA,0,083,ORANGE ST,BUNDY CANYON RD,111,N,N,A,-,N,NA,NA,NA,NA,NA,NA,NA,NA,NA,Y,3,0,2,2,A,-,01,23152,F,N,C,C,A,A,H,-,A,A,0,NA,NA,NA,NA,Y,NA,A,07,0,2,0,0,0,0,0,0,0,-,-,33.62718963623047,-117.2753677368164,RIVERSIDE,WILDOMAR,-117.27535247802734,33.62720489501953
84532558,2024,2025-01-10,3313,2024-09-07,1427,2001,NA,6,5,7,3313,0,0,0,NA,0,2R41,OVERLOOK PKWY,WASHINGTON ST,20,E,N,A,-,Y,NA,NA,NA,NA,NA,NA,NA,NA,NA,N,3,0,1,2,A,-,03,22350,NA,N,C,C,A,A,H,-,A,A,0,NA,NA,NA,NA,Y,NA,J,48,0,1,0,0,0,0,0,0,0,-,-,33.919898986816406,-117.38337707519533,RIVERSIDE,RIVERSIDE,-117.38341522216795,33.919830322265625
84532559,2024,2025-01-10,3313,2024-09-09,913,1389,NA,1,5,7,3313,0,0,0,NA,0,T53,INDIANA AVE,GIBSON ST,21,E,N,A,-,N,NA,NA,NA,NA,NA,NA,NA,NA,NA,N,3,0,2,2,A,-,03,22350,NA,N,C,C,A,A,H,-,A,D,0,NA,NA,NA,NA,Y,NA,A,01,0,1,1,0,0,0,0,0,0,-,-,33.916160583496094,-117.43792724609376,RIVERSIDE,RIVERSIDE,-117.43773651123048,33.91624069213867
84533873,2025,2025-01-13,3300,2025-01-04,1018,4713,NA,6,5,5,3335,0,0,0,NA,0,063,RANCHO CALIFORNIA RD,ASTEROID WY,354,W,N,A,-,N,NA,NA,NA,NA,NA,NA,NA,NA,NA,Y,2,0,1,2,A,-,07,21658,A,N,B,C,A,A,H,-,A,A,0,NA,NA,Y,NA,Y,NA,A,01,1,0,0,0,0,0,0,0,1,-,-,33.50849151611328,-117.12832641601563,RIVERSIDE,TEMECULA,-117.12957000732422,33.50875473022461
84534010,2024,2025-01-13,3313,2024-12-04,1147,2286,NA,3,5,7,3313,0,0,0,NA,0,T73,CENTRAL AVE,FAIRVIEW AVE,270,W,N,A,-,N,NA,NA,NA,NA,NA,NA,NA,NA,NA,N,3,0,1,2,A,-,08,22107,NA,N,D,C,A,A,H,-,A,D,0,NA,NA,NA,NA,Y,NA,D,22,0,1,0,0,0,0,0,0,0,-,-,NA,NA,RIVERSIDE,RIVERSIDE,-117.36133575439452,33.95365905761719
84534867,2025,2025-04-24,3313,2025-01-01,1628,2241,NA,3,5,7,3313,0,0,0,NA,0,T70,VAN BUREN BLVD,CENTRAL AVE,0,NA,Y,A,-,N,NA,NA,NA,NA,NA,NA,NA,NA,NA,Y,4,0,1,2,A,-,01,23152,F,N,D,D,A,A,H,-,A,A,0,NA,NA,NA,NA,Y,NA,A,01,0,0,1,0,0,0,0,0,0,-,-,33.95555877685547,-117.4570770263672,RIVERSIDE,RIVERSIDE,-117.45703887939452,33.95545959472656
84536367,2024,2025-01-14,3306,2024-12-28,1511,3007,NA,6,5,3,3306,0,0,0,NA,0,NA,HACIENDA AVE,VERBENA DR,0,NA,Y,A,-,N,NA,NA,NA,NA,NA,NA,NA,NA,NA,Y,3,0,3,2,A,-,03,22356,NA,N,A,C,A,A,H,-,A,A,0,NA,NA,NA,NA,Y,NA,A,01,0,2,1,0,0,0,0,0,0,-,-,33.95415115356445,-116.49256134033205,RIVERSIDE,DESERT HOT SPRINGS,-116.49256134033205,33.954139709472656
8453859,2017,2017-10-16,3313,2017-08-31,1240,1686,2,4,5,7,3313,0,0,0,NA,0,T58,3RD ST,TRADE CENTER DR,407,E,N,A,-,N,NA,NA,NA,NA,NA,NA,NA,NA,NA,N,4,0,1,2,A,-,09,21804,A,N,D,C,A,A,H,-,A,D,0,NA,NA,NA,NA,Y,NA,A,01,0,0,1,0,0,0,0,0,0,-,-,33.98311,-117.34625,RIVERSIDE,RIVERSIDE,-117.34473145,33.98301
8454000,2017,2017-09-28,3300,2017-09-08,1659,3854,910C,5,5,5,3335,0,0,0,NA,0,064,RANCHO CALIFORNIA RD,YNEZ RD,30,W,N,A,-,N,NA,NA,NA,NA,NA,NA,NA,NA,NA,N,3,0,1,2,A,-,03,22350,NA,N,C,C,A,A,H,-,A,A,0,NA,NA,Y,NA,Y,NA,C,02,0,1,0,0,0,0,0,0,1,-,-,33.50277,-117.14864,RIVERSIDE,TEMECULA,-117.14863647,33.50281957
8454003,2017,2017-09-28,3300,2017-09-18,1540,4413,910P,1,5,5,3335,0,0,0,NA,0,069,RAINBOW CANYON RD,BAYHILL DR,1500,W,N,A,-,N,NA,NA,NA,NA,NA,NA,NA,NA,NA,Y,2,0,2,2,A,-,08,22107,NA,N,D,C,A,A,H,-,A,D,0,NA,NA,NA,NA,Y,NA,A,08,1,0,1,0,0,0,0,0,0,-,-,33.47027,-117.12793,RIVERSIDE,TEMECULA,-117.12985665,33.46650687