CASE_ID,ACCIDENT_YEAR,PROC_DATE,JURIS,COLLISION_DATE,COLLISION_TIME,OFFICER_ID,REPORTING_DISTRICT,DAY_OF_WEEK,CHP_SHIFT,POPULATION,CNTY_CITY_LOC,SPECIAL_COND,BEAT_TYPE,CHP_BEAT_TYPE,CITY_DIVISION_LAPD,CHP_BEAT_CLASS,BEAT_NUMBER,PRIMARY_RD,SECONDARY_RD,DISTANCE,DIRECTION,INTERSECTION,WEATHER_1,WEATHER_2,STATE_HWY_IND,CALTRANS_COUNTY,CALTRANS_DISTRICT,STATE_ROUTE,ROUTE_SUFFIX,POSTMILE_PREFIX,POSTMILE,LOCATION_TYPE,RAMP_INTERSECTION,SIDE_OF_HWY,TOW_AWAY,COLLISION_SEVERITY,NUMBER_KILLED,NUMBER_INJURED,PARTY_COUNT,PRIMARY_COLL_FACTOR,PCF_CODE_OF_VIOL,PCF_VIOL_CATEGORY,PCF_VIOLATION,PCF_VIOL_SUBSECTION,HIT_AND_RUN,TYPE_OF_COLLISION,MVIW,PED_ACTION,ROAD_SURFACE,ROAD_COND_1,ROAD_COND_2,LIGHTING,CONTROL_DEVICE,CHP_ROAD_TYPE,PEDESTRIAN_ACCIDENT,BICYCLE_ACCIDENT,MOTORCYCLE_ACCIDENT,TRUCK_ACCIDENT,NOT_PRIVATE_PROPERTY,ALCOHOL_INVOLVED,STWD_VEHTYPE_AT_FAULT,CHP_VEHTYPE_AT_FAULT,COUNT_SEVERE_INJ,COUNT_VISIBLE_INJ,COUNT_COMPLAINT_PAIN,COUNT_PED_KILLED,COUNT_PED_INJURED,COUNT_BICYCLIST_KILLED,COUNT_BICYCLIST_INJURED,COUNT_MC_KILLED,COUNT_MC_INJURED,PRIMARY_RAMP,SECONDARY_RAMP,LATITUDE,LONGITUDE,COUNTY,CITY,POINT_X,POINT_Y
8460195,2017,2017-10-04,3309,2017-07-17,1957,180,3309,1,5,4,3309,0,0,0,NA,0,NA,MESQUITE ST,APACHE ST,15,E,N,A,-,N,NA,NA,NA,NA,NA,NA,NA,NA,NA,N,3,0,1,1,A,-,08,22107,NA,N,E,I,A,A,H,-,D,D,0,NA,NA,NA,NA,Y,NA,A,07,0,1,0,0,0,0,0,0,0,-,-,NA,NA,RIVERSIDE,INDIO,-116.20587089,33.73022
84603311,2025,2025-03-18,3300,2025-03-03,1428,5950,NA,1,5,4,3318,0,0,0,NA,0,T38,COUNTRY CLUB DR,REGENT,160,E,N,A,-,N,NA,NA,NA,NA,NA,NA,NA,NA,NA,N,3,0,1,2,A,-,03,22350,NA,N,C,C,A,A,H,-,A,A,0,NA,NA,NA,NA,Y,NA,A,07,0,1,0,0,0,0,0,0,0,-,-,33.757938385009766,-116.38239288330078,RIVERSIDE,PALM DESERT,-116.38359832763672,33.757843017578125
84606774,2025,2025-03-18,3300,2025-03-10,1249,5199,NA,1,5,5,3335,0,0,0,NA,0,064,RANCHO CALIFORNIA RD,MORAGA RD,0,NA,Y,A,-,N,NA,NA,NA,NA,NA,NA,NA,NA,NA,Y,3,0,3,2,A,-,12,21453,A,N,D,C,A,A,H,-,A,A,0,NA,NA,NA,NA,Y,NA,A,01,0,1,2,0,0,0,0,0,0,-,-,33.507381439208984,-117.14019775390624,RIVERSIDE,TEMECULA,-117.14009857177734,33.50752258300781
84607009,2025,2025-03-18,3300,2025-01-30,804,5898,NA,4,5,3,3392,0,0,0,NA,0,LA40,WASHINGTON ST,PALM ROYALE DR,0,NA,Y,A,-,N,NA,NA,NA,NA,NA,NA,NA,NA,NA,N,3,0,1,2,A,-,11,21950,B,N,G,B,B,A,H,-,A,A,0,Y,NA,NA,NA,Y,NA,N,60,0,1,0,0,1,0,0,0,0,-,-,33.73530960083008,-116.3039321899414,RIVERSIDE,LA QUINTA,-116.30379486083984,33.735355377197266
8461061,2017,2017-10-31,3300,2017-06-10,0408,5019,002,6,5,6,3345,0,0,0,NA,0,022,PHILADELPHIA AV,GRAPEVINE ST,150,E,N,A,-,N,NA,NA,NA,NA,NA,NA,NA,NA,NA,Y,2,0,1,1,A,-,01,23153,A,N,E,I,A,A,G,-,C,D,0,NA,NA,NA,NA,Y,Y,A,01,1,0,0,0,0,0,0,0,0,-,-,34.03362,-117.51611,RIVERSIDE,JURUPA VALLEY,-117.51615635,34.03345667
8461897,2017,2017-10-06,3313,2017-09-19,1827,1772,2,2,5,7,3313,0,0,0,NA,0,T45,MARTIN LUTHER KING BL,CANYON CREST DR,0,NA,Y,A,-,N,NA,NA,NA,NA,NA,NA,NA,NA,NA,Y,4,0,1,2,A,-,12,21453,A,M,D,C,A,A,H,-,A,A,0,NA,NA,NA,NA,Y,NA,A,01,0,0,1,0,0,0,0,0,0,-,-,33.96825,-117.33104,RIVERSIDE,RIVERSIDE,-117.33114003,33.96818008
8462025,2017,2017-10-11,3300,2017-09-29,1016,N2988,601C2,5,5,6,3394,0,0,0,NA,0,MV14,IRONWOOD AVE,PIGEON PASS RD,225,E,N,A,-,N,NA,NA,NA,NA,NA,NA,NA,NA,NA,N,4,0,1,2,A,-,07,21658,A,F,D,C,A,A,H,-,A,D,0,NA,NA,NA,NA,Y,NA,-,99,0,0,1,0,0,0,0,0,0,-,-,33.94661,-117.26141,RIVERSIDE,MORENO VALLEY,-117.26075041,33.94659
8462315,2017,2017-10-09,3300,2017-09-07,1220,4900,002T2,4,5,6,3345,0,0,0,NA,0,024,LIMONITE AV,CLAY ST,0,NA,Y,A,-,N,NA,NA,NA,NA,NA,NA,NA,NA,NA,Y,4,0,1,2,A,-,12,21453,A,N,D,C,A,A,H,-,A,A,0,NA,NA,NA,NA,Y,NA,A,08,0,0,1,0,0,0,0,0,0,-,-,NA,NA,RIVERSIDE,JURUPA VALLEY,-117.46253009,33.97736008
8462560,2017,2017-10-13,3300,2017-08-12,1358,4904,901B,6,5,4,3310,0,0,0,NA,0,050,HAMNER AV,CITRUS ST,32,N,N,A,-,N,NA,NA,NA,NA,NA,NA,NA,NA,NA,N,4,0,1,1,A,-,08,22107,NA,N,E,I,A,A,H,-,A,A,0,NA,NA,Y,NA,Y,NA,C,02,0,0,1,0,0,0,0,0,1,-,-,NA,NA,RIVERSIDE,NORCO,-117.55833,33.95190769
84631404,2025,2025-03-31,3308,2025-02-02,1600,11046,NA,7,5,5,3308,0,0,0,NA,0,NORTH,GILMORE ST,LATHAM AVE,0,NA,Y,A,-,N,NA,NA,NA,NA,NA,NA,NA,NA,NA,Y,4,0,1,2,A,-,03,22350,NA,N,D,C,A,A,H,-,A,A,0,NA,NA,NA,NA,Y,NA,A,01,0,0,1,0,0,0,0,0,0,-,-,33.74932861328125,-116.99352264404295,RIVERSIDE,HEMET,-116.99347686767578,33.749244689941406
8463418,2017,2017-11-08,3300,2017-09-29,2004,4850,9201,5,5,4,3314,0,0,0,NA,0,072,RAMONA EXPWY,MAIN ST,0,NA,Y,A,-,N,NA,NA,NA,NA,NA,NA,NA,NA,NA,Y,4,0,3,2,A,-,12,21453,A,N,D,C,A,A,H,-,C,A,0,NA,NA,NA,NA,Y,NA,-,-,0,0,3,0,0,0,0,0,0,-,-,33.78439,-116.93734,RIVERSIDE,SAN JACINTO,-116.93727006,33.78433006
84636910,2025,2025-04-04,3300,2025-02-20,1800,4254,NA,4,5,3,3343,0,0,0,NA,0,080,LEMON ST,GRAPE ST,0,NA,Y,A,-,N,NA,NA,NA,NA,NA,NA,NA,NA,NA,Y,2,0,1,2,A,-,03,22350,NA,N,A,C,A,A,B,-,D,A,0,NA,NA,Y,NA,Y,NA,O,05,1,0,0,0,0,0,0,0,1,-,-,33.6339111328125,-117.27748870849608,RIVERSIDE,WILDOMAR,-117.27758026123048,33.634151458740234
84638746,2025,2025-04-07,3300,2025-03-29,2055,6365,NA,6,5,3,3305,0,0,0,NA,0,Y82,CALLE EMPALME,CALLE ROJO,0,NA,Y,A,-,N,NA,NA,NA,NA,NA,NA,NA,NA,NA,N,3,0,1,2,A,-,10,21950,A,N,G,B,B,A,H,-,D,D,0,Y,NA,NA,NA,Y,NA,D,22,0,1,0,0,1,0,0,0,0,-,-,33.6692008972168,-116.18611907958984,RIVERSIDE,COACHELLA,-116.18611145019533,33.66920852661133
84642221,2025,2025-04-09,3300,2025-04-05,645,N8226,NA,6,5,6,3345,0,0,0,NA,0,014,MISSION BL,VALLEY WY,536,W,N,A,-,N,NA,NA,NA,NA,NA,NA,NA,NA,NA,Y,3,0,2,2,A,-,09,21804,A,N,D,C,A,A,H,-,A,D,0,NA,NA,NA,NA,Y,NA,A,07,0,1,1,0,0,0,0,0,0,-,-,34.01102828979492,-117.43473815917967,RIVERSIDE,JURUPA VALLEY,-117.4357452392578,34.01170349121094
84643876,2025,2025-04-10,3300,2025-01-20,1624,5971,NA,1,5,4,3314,0,0,0,NA,0,070,STATE ST,QUANDT RANCH RD,77,N,N,A,G,Y,NA,NA,NA,NA,NA,NA,NA,NA,NA,Y,1,1,1,2,A,-,01,23152,F,N,A,C,A,A,H,-,A,D,0,NA,NA,NA,NA,Y,NA,A,01,1,0,0,0,0,0,0,0,0,-,-,33.811710357666016,-116.97216033935548,RIVERSIDE,SAN JACINTO,-116.97211456298828,33.811920166015625
84646916,2025,2025-04-14,3300,2025-03-22,1624,5162,NA,6,5,6,3345,0,0,0,NA,0,022,WINEVILLE AV,BELLEGRAVE AV,0,NA,Y,A,-,N,NA,NA,NA,NA,NA,NA,NA,NA,NA,N,4,0,2,2,A,-,03,22350,NA,F,C,C,A,A,H,-,A,A,0,NA,NA,NA,NA,Y,NA,A,01,0,0,2,0,0,0,0,0,0,-,-,33.99385070800781,-117.54139709472656,RIVERSIDE,JURUPA VALLEY,-117.54141998291016,33.99382781982422
84651003,2025,2025-04-16,3300,2025-04-12,658,4406,NA,6,5,6,3394,0,0,0,NA,0,MV36,PERRIS BLVD,RIVARD RD,0,NA,Y,A,-,N,NA,NA,NA,NA,NA,NA,NA,NA,NA,Y,4,0,1,2,A,-,03,22350,NA,N,C,C,A,A,H,-,A,A,0,NA,NA,NA,NA,Y,NA,-,31,0,0,1,0,0,0,0,0,0,-,-,33.87253189086914,-117.22666168212892,RIVERSIDE,MORENO VALLEY,-117.22612762451172,33.87269592285156
84652582,2025,2025-04-17,3300,2025-04-06,1944,N6297,NA,7,5,5,3335,0,0,0,NA,0,062,RANCHO CALIFORNIA RD,LYNDIE LN,0,NA,Y,A,-,N,NA,NA,NA,NA,NA,NA,NA,NA,NA,N,4,0,1,2,A,-,12,21453,A,N,D,C,A,A,H,-,C,A,0,NA,NA,NA,NA,Y,NA,A,01,0,0,1,0,0,0,0,0,0,-,-,33.506778717041016,-117.14203643798828,RIVERSIDE,TEMECULA,-117.14212799072266,33.5068473815918
8465676,2018,2019-03-18,3300,2018-07-28,1803,4867,602C1,6,5,6,3394,0,0,0,NA,0,MV24,SUNNYMEAD BL,GRAHAM ST,323,W,N,A,-,N,NA,NA,NA,NA,NA,NA,NA,NA,NA,Y,1,1,0,2,A,-,11,21954,A,N,G,B,D,A,H,-,A,D,0,Y,NA,NA,NA,Y,NA,N,60,0,0,0,1,0,0,0,0,0,-,-,33.93888854980469,-117.25267028808594,RIVERSIDE,MORENO VALLEY,-117.25373840332033,33.938899993896484
84657828,2025,2025-04-22,3315,2025-04-18,1340,004274,NA,5,5,6,3315,0,0,0,NA,0,003,ONTARIO AV,CALIFORNIA AV,723,W,N,B,-,N,NA,NA,NA,NA,NA,NA,NA,NA,NA,Y,3,0,1,2,A,-,03,22350,NA,N,C,C,A,A,H,-,A,D,0,NA,NA,NA,NA,Y,NA,A,01,0,1,0,0,0,0,0,0,0,-,-,NA,NA,RIVERSIDE,CORONA,-117.54124450683594,33.847320556640625
84659096,2025,2025-04-23,3300,2025-04-01,1751,5827,NA,2,5,4,3310,0,0,0,NA,0,050,6TH ST,TEMESCAL AV,578,W,N,A,-,N,NA,NA,NA,NA,NA,NA,NA,NA,NA,N,3,0,1,2,A,-,05,21650,1,N,D,G,A,A,H,-,A,D,0,NA,Y,NA,NA,Y,Y,L,04,0,1,0,0,0,0,1,0,0,-,-,33.938480377197266,-117.5412826538086,RIVERSIDE,NORCO,-117.54306793212892,33.938411712646484
84659122,2025,2025-04-23,3300,2025-04-20,1732,5680,NA,7,5,6,3394,0,0,0,NA,0,MV32,CACTUS AVE,FREDERICK ST,152,E,N,A,-,N,NA,NA,NA,NA,NA,NA,NA,NA,NA,N,4,0,1,2,A,-,21,22106,NA,N,C,C,A,A,H,-,A,A,0,NA,NA,NA,NA,Y,NA,A,07,0,0,1,0,0,0,0,0,0,-,-,33.91006851196289,-117.26119232177734,RIVERSIDE,MORENO VALLEY,-117.26065063476563,33.91022872924805
84659236,2025,2025-04-23,3300,2025-03-08,1714,3618,NA,6,5,4,3314,0,0,0,NA,0,NA,MOUNTAIN AVE,OLD MOUNTAIN RD,945,S,N,A,-,N,NA,NA,NA,NA,NA,NA,NA,NA,NA,Y,3,0,1,3,A,-,05,21460,NA,N,B,C,A,A,H,-,A,D,0,NA,NA,NA,NA,Y,NA,A,07,0,1,0,0,0,0,0,0,0,-,-,33.77370071411133,-116.9332275390625,RIVERSIDE,SAN JACINTO,-116.93152618408205,33.7722282409668
8465968,2019,2019-08-06,3313,2019-06-01,1959,1863,2,6,5,7,3313,0,0,0,NA,0,3R20,IOWA AV,PALMYRITA AV,0,NA,Y,A,-,N,NA,NA,NA,NA,NA,NA,NA,NA,NA,Y,1,1,4,2,A,-,01,23152,A,N,D,C,A,A,H,-,B,A,0,NA,NA,NA,NA,Y,Y,D,22,2,2,0,0,0,0,0,0,0,-,-,34.0048713684082,-117.33998870849608,RIVERSIDE,RIVERSIDE,-117.33985900878906,34.00476837158203
84661211,2024,2025-04-24,3313,2024-12-15,1730,2232,NA,7,5,7,3313,0,0,0,NA,0,3R10,FOURTEENTH ST,BROCKTON AVE,647,E,N,A,-,N,NA,NA,NA,NA,NA,NA,NA,NA,NA,Y,3,0,1,1,A,-,08,22107,NA,N,E,I,A,A,H,-,C,D,0,NA,NA,NA,NA,Y,NA,A,01,0,1,0,0,0,0,0,0,0,-,-,33.97710037231445,-117.38269805908205,RIVERSIDE,RIVERSIDE,-117.3812255859375,33.977455139160156
84661630,2025,2025-04-24,3313,2025-02-06,1907,2071,NA,4,5,7,3313,0,0,0,NA,0,3R12,MAIN ST,RUSSELL ST,0,NA,Y,B,C,N,NA,NA,NA,NA,NA,NA,NA,NA,NA,N,3,0,1,2,A,-,12,22450,A,F,D,C,A,B,H,-,C,A,0,NA,NA,NA,NA,Y,NA,-,99,0,1,0,0,0,0,0,0,0,-,-,33.99502944946289,-117.3656005859375,RIVERSIDE,RIVERSIDE,-117.36566925048828,33.995086669921875
84661637,2025,2025-04-24,3313,2025-02-07,1141,2252,NA,5,5,7,3313,0,0,0,NA,0,T74,VAN BUREN BLVD,CALIFORNIA AVE,0,S,-,A,-,N,NA,NA,NA,NA,NA,NA,NA,NA,NA,N,4,0,1,2,A,-,09,21804,A,F,D,C,A,A,H,-,A,D,0,NA,NA,NA,NA,Y,NA,A,07,0,0,1,0,0,0,0,0,0,-,-,NA,NA,RIVERSIDE,RIVERSIDE,-117.45175170898438,33.926570892333984
84661732,2025,2025-04-24,3313,2025-02-15,1555,2240,NA,6,5,7,3313,0,0,0,NA,0,3R40,INDIANA AVE,VAN BUREN BLVD,705,E,N,A,-,N,NA,NA,NA,NA,NA,NA,NA,NA,NA,Y,3,0,1,3,A,-,08,22107,NA,N,D,E,A,A,H,-,A,A,0,NA,NA,NA,NA,Y,Y,A,07,0,1,0,0,0,0,0,0,0,-,-,33.91408920288086,-117.44165802001952,RIVERSIDE,RIVERSIDE,-117.43960571289063,33.91516876220703
84661746,2025,2025-04-24,3313,2025-02-16,2125,2240,NA,7,5,7,3313,0,0,0,NA,0,3R34,CENTRAL AVE,LOCHMOOR DR,150,W,N,A,-,N,NA,NA,NA,NA,NA,NA,NA,NA,NA,N,3,0,1,1,A,-,03,22350,NA,N,H,A,A,A,H,-,C,A,0,NA,NA,Y,NA,Y,NA,C,02,0,1,0,0,0,0,0,0,1,-,-,33.95671081542969,-117.31610107421876,RIVERSIDE,RIVERSIDE,-117.3165283203125,33.95655822753906
84661829,2025,2025-04-24,3313,2025-02-25,1239,1686,NA,2,5,7,3313,0,0,0,NA,0,T58,MONTGOMERY ST,PHILBIN AVE (E),0,N,-,A,-,N,NA,NA,NA,NA,NA,NA,NA,NA,NA,N,4,0,1,2,A,-,03,22350,NA,M,C,C,A,A,H,-,A,A,0,NA,NA,NA,NA,Y,NA,D,22,0,0,1,0,0,0,0,0,0,-,-,NA,NA,RIVERSIDE,RIVERSIDE,-117.45761108398438,33.93899154663086
84661853,2025,2025-04-24,3313,2025-02-27,1328,1799,NA,4,5,7,3313,0,0,0,NA,0,T48,MAGNOLIA AVE,MC CRAY ST,0,N,-,A,-,N,NA,NA,NA,NA,NA,NA,NA,NA,NA,Y,3,0,2,2,A,-,09,21802,A,N,D,C,A,A,H,-,A,A,0,NA,NA,NA,NA,Y,NA,A,01,0,2,0,0,0,0,0,0,0,-,-,NA,NA,RIVERSIDE,RIVERSIDE,-117.3996124267578,33.94852066040039
84661876,2025,2025-04-24,3313,2025-03-01,1531,2233,NA,6,5,7,3313,0,0,0,NA,0,3R20,MARTIN LUTHER KING BLVD,IOWA AVE,0,N,-,A,-,N,NA,NA,NA,NA,NA,NA,NA,NA,NA,Y,3,0,1,3,A,-,12,21453,A,N,D,C,A,A,H,-,A,A,0,NA,NA,NA,NA,Y,NA,D,22,0,1,0,0,0,0,0,0,0,-,-,NA,NA,RIVERSIDE,RIVERSIDE,-117.33992004394533,33.96815872192383
84661889,2025,2025-04-24,3313,2025-03-03,2001,2030,NA,1,5,7,3313,0,0,0,NA,0,M26,KENDALL ST,ELMWOOD CT,48,S,N,A,-,N,NA,NA,NA,NA,NA,NA,NA,NA,NA,N,3,0,1,1,A,-,08,22107,NA,N,E,I,A,A,H,-,C,A,0,NA,NA,NA,NA,Y,NA,A,01,0,1,0,0,0,0,0,0,0,-,-,NA,NA,RIVERSIDE,RIVERSIDE,-117.3967742919922,33.971221923828125
84663487,2025,2025-04-25,3311,2025-04-02,2020,16322,NA,3,5,4,3311,0,0,0,NA,0,001,SUNRISE PARKWAY,MIRALON WAY,450,E,N,A,-,N,NA,NA,NA,NA,NA,NA,NA,NA,NA,Y,4,0,1,1,A,-,03,22350,NA,N,E,I,A,A,H,-,A,D,0,NA,NA,NA,NA,Y,NA,A,01,0,0,1,0,0,0,0,0,0,-,-,NA,NA,RIVERSIDE,PALM SPRINGS,NA,NA
84665397,2025,2025-04-28,3313,2025-04-08,935,1686,NA,2,5,7,3313,0,0,0,NA,0,T58,INDIANA AVE,FILLMORE ST,0,N,-,A,-,N,NA,NA,NA,NA,NA,NA,NA,NA,NA,Y,4,0,2,2,A,-,12,21453,A,N,D,C,A,A,H,-,A,A,0,NA,NA,NA,NA,Y,NA,A,01,0,0,2,0,0,0,0,0,0,-,-,NA,NA,RIVERSIDE,RIVERSIDE,-117.47852325439452,33.893028259277344
84665708,2025,2025-04-28,3313,2025-03-27,215,2059,NA,4,5,7,3313,0,0,0,NA,0,1R51,NORWOOD AVE,GRAMERCY PL,0,N,-,A,-,N,NA,NA,NA,NA,NA,NA,NA,NA,NA,Y,3,0,1,1,A,-,08,22107,NA,N,E,I,A,A,H,-,C,D,0,NA,NA,NA,NA,Y,NA,A,01,0,1,0,0,0,0,0,0,0,-,-,NA,NA,RIVERSIDE,RIVERSIDE,-117.4877471923828,33.92951583862305
84667379,2025,2025-05-02,3300,2025-04-10,1546,5665,NA,4,5,6,3394,0,0,0,NA,0,MV14,KINROSS LN,HERITAGE DR,0,NA,Y,A,-,N,NA,NA,NA,NA,NA,NA,NA,NA,NA,N,3,0,1,2,A,-,12,22450,A,N,A,G,A,A,H,-,A,A,0,NA,Y,NA,NA,Y,NA,A,07,0,1,0,0,0,0,1,0,0,-,-,33.941829681396484,-117.26982879638672,RIVERSIDE,MORENO VALLEY,-117.26982879638672,33.94171905517578
8467033,2017,2017-11-20,3313,2017-07-21,2201,1826,5,5,5,7,3313,0,0,0,NA,0,3R56,RANDOLPH ST,MILLARD ST,0,NA,Y,A,-,N,NA,NA,NA,NA,NA,NA,NA,NA,NA,N,4,0,1,2,A,-,04,21703,NA,N,D,C,A,A,H,-,C,D,0,NA,NA,Y,NA,Y,NA,C,02,0,0,1,0,0,0,0,0,1,-,-,NA,NA,RIVERSIDE,RIVERSIDE,-117.46318007,33.95217003
84672487,2025,2025-05-02,3311,2025-04-07,1210,16505,NA,1,5,4,3311,0,0,0,NA,0,003,RAMON ROAD,BELARDO ROAD,0,NA,Y,A,-,N,NA,NA,NA,NA,NA,NA,NA,NA,NA,N,4,0,1,2,D,-,00,NA,NA,N,D,G,A,A,H,-,A,A,0,NA,Y,NA,NA,Y,NA,-,-,0,0,1,0,0,0,1,0,0,-,-,33.81570053100586,-116.54814910888672,RIVERSIDE,PALM SPRINGS,-116.54788970947266,33.81584548950195
8467253,2017,2017-10-12,3300,2017-09-23,1213,4300,920F,6,5,4,3314,0,0,0,NA,0,074,SAN JACINTO AV,6TH ST,145,S,N,A,-,N,NA,NA,NA,NA,NA,NA,NA,NA,NA,N,4,0,1,2,A,-,03,22350,NA,N,C,C,A,A,H,-,A,D,0,NA,NA,NA,NA,Y,NA,A,01,0,0,1,0,0,0,0,0,0,-,-,33.78203,-116.95888,RIVERSIDE,SAN JACINTO,-116.95885,33.78157292
8467431,2017,2017-10-26,3315,2017-09-20,1508,003718,3H,3,5,6,3315,0,0,0,NA,0,002,6TH ST,E GRAND AV,315,E,N,A,-,N,NA,NA,NA,NA,NA,NA,NA,NA,NA,Y,4,0,3,2,A,-,08,22107,NA,N,B,C,A,A,H,-,A,D,0,NA,NA,NA,NA,Y,NA,-,NA,0,0,3,0,0,0,0,0,0,-,-,NA,NA,RIVERSIDE,CORONA,-117.55775548,33.87456
84674542,2025,2025-05-05,3342,2025-04-06,1758,P1321,NA,7,5,4,3342,0,0,0,NA,0,003,WHITEWOOD RD,CLINTON KEITH RD,0,NA,Y,A,-,N,NA,NA,NA,NA,NA,NA,NA,NA,NA,N,4,0,1,2,A,-,09,21804,B,N,A,G,A,A,H,-,A,D,0,NA,Y,NA,NA,Y,NA,M,91,0,0,1,0,0,0,1,0,0,-,-,33.5979118347168,-117.16291046142578,RIVERSIDE,MURRIETA,-117.16285705566406,33.597801208496094
84675975,2025,2025-05-06,3300,2025-04-06,1200,N7114,NA,7,5,6,3345,0,0,0,NA,0,014,MISSION BL,GOLDEN WEST AVE,0,NA,Y,A,-,N,NA,NA,NA,NA,NA,NA,NA,NA,NA,N,3,0,1,2,A,-,03,22350,NA,N,C,C,A,A,H,-,A,A,0,NA,NA,Y,NA,Y,NA,C,02,0,1,0,0,0,0,0,0,1,-,-,NA,NA,RIVERSIDE,JURUPA VALLEY,-117.42951202392578,34.008235931396484
84676307,2025,2025-05-06,3313,2025-04-14,1319,1026,NA,1,5,7,3313,0,0,0,NA,0,T52,VAN BUREN BLVD,TRAUTWEIN RD,0,N,-,A,-,N,NA,NA,NA,NA,NA,NA,NA,NA,NA,Y,3,0,2,2,A,-,12,21453,A,N,D,C,A,A,H,-,A,A,0,NA,NA,NA,NA,Y,NA,A,08,0,2,0,0,0,0,0,0,0,-,-,NA,NA,RIVERSIDE,RIVERSIDE,-117.32424926757813,33.888519287109375
84676319,2025,2025-05-06,3315,2025-04-30,1657,004274,NA,3,5,6,3315,0,0,0,NA,0,002,MAGNOLIA AV,LEESON LN (N),0,NA,Y,A,-,N,NA,NA,NA,NA,NA,NA,NA,NA,NA,Y,3,0,1,2,A,-,09,21802,A,N,A,C,A,A,H,-,A,A,0,NA,NA,NA,NA,Y,NA,A,01,0,1,0,0,0,0,0,0,0,-,-,33.87070846557617,-117.53217315673828,RIVERSIDE,CORONA,-117.53213500976563,33.872005462646484
8468117,2017,2017-10-23,3309,2017-09-29,1332,118,3309,5,5,4,3309,0,0,0,NA,0,004,SHADOW PALM AV,ALADDIN ST,621,E,N,A,-,N,NA,NA,NA,NA,NA,NA,NA,NA,NA,N,4,0,1,2,A,-,09,21804,NA,N,D,C,A,A,H,-,A,D,0,NA,NA,NA,NA,Y,NA,A,01,0,0,1,0,0,0,0,0,0,-,-,NA,NA,RIVERSIDE,INDIO,-116.23621701,33.71772958
8468211,2017,2018-05-08,3300,2017-09-08,1510,3553,30B1,5,5,4,3318,0,0,0,NA,0,T30,RT 111,FRED WARING DR,0,NA,Y,A,-,N,NA,NA,NA,NA,NA,NA,NA,NA,NA,Y,4,0,2,2,A,-,09,21801,A,N,D,C,A,A,H,-,A,A,0,NA,NA,NA,NA,Y,NA,A,01,0,0,2,0,0,0,0,0,0,-,-,33.72863,-116.40291,RIVERSIDE,PALM DESERT,-116.4030101,33.72861008
84682990,2025,2025-05-12,3300,2025-05-09,1212,4713,NA,5,5,5,3335,0,0,0,NA,0,063,RANCHO CALIFORNIA RD,TEE DR,124,E,N,A,-,N,NA,NA,NA,NA,NA,NA,NA,NA,NA,N,4,0,2,2,A,-,03,22350,NA,N,C,C,A,A,H,-,A,A,0,NA,NA,NA,NA,Y,NA,D,22,0,0,2,0,0,0,0,0,0,-,-,33.51020812988281,-117.1120834350586,RIVERSIDE,TEMECULA,-117.11170196533205,33.510719299316406
84684633,2025,2025-05-13,3300,2025-05-09,1528,4867,NA,5,5,6,3394,0,0,0,NA,0,MV26,MORENO WAY,COTTONWOOD AVE (E),0,NA,Y,A,-,N,NA,NA,NA,NA,NA,NA,NA,NA,NA,Y,4,0,1,2,A,-,09,21802,A,N,D,C,A,A,H,-,A,A,0,NA,NA,NA,NA,Y,NA,A,01,0,0,1,0,0,0,0,0,0,-,-,33.92457962036133,-117.22914886474608,RIVERSIDE,MORENO VALLEY,-117.22982025146484,33.9245719909668
84686652,2025,2025-05-14,3315,2025-05-04,948,004324,NA,7,5,6,3315,0,0,0,NA,0,002,VICTORIA AV,FOURTH ST,0,NA,Y,C,-,N,NA,NA,NA,NA,NA,NA,NA,NA,NA,N,4,0,1,2,A,-,12,22450,A,M,D,C,A,B,H,-,A,D,0,NA,NA,Y,NA,Y,NA,A,01,0,0,1,0,0,0,0,0,1,-,-,33.87725830078125,-117.56355285644533,RIVERSIDE,CORONA,-117.56362152099608,33.87718963623047
84686655,2025,2025-05-14,3315,2025-05-12,758,001642,NA,1,5,6,3315,0,0,0,NA,0,002,VICTORIA AV,TENTH ST,0,N,-,B,-,N,NA,NA,NA,NA,NA,NA,NA,NA,NA,Y,3,0,1,2,A,-,09,21802,A,N,D,C,A,A,H,-,A,A,0,NA,NA,NA,NA,Y,NA,A,01,0,1,0,0,0,0,0,0,0,-,-,NA,NA,RIVERSIDE,CORONA,-117.56455993652344,33.8709602355957
84687866,2025,2025-05-15,3300,2025-03-28,1545,4673,NA,5,5,4,3344,0,0,0,NA,0,062,65TH ST,PEACH BLOSSOM ST,0,NA,Y,A,-,N,NA,NA,NA,NA,NA,NA,NA,NA,NA,N,3,0,1,2,A,-,05,21650,1,N,D,G,A,A,H,-,A,A,0,NA,Y,NA,NA,Y,NA,L,04,0,1,0,0,0,0,1,0,0,-,-,33.9681510925293,-117.57330322265624,RIVERSIDE,EASTVALE,-117.57343292236328,33.96810531616211
84688264,2025,2025-05-15,3342,2025-05-06,910,P1395,NA,2,5,4,3342,0,0,0,NA,0,002,CALIFORNIA OAKS RD,JACKSON AVE,2,S,N,B,-,N,NA,NA,NA,NA,NA,NA,NA,NA,NA,Y,4,0,1,2,A,-,03,22350,NA,N,C,C,A,A,H,-,A,A,0,NA,NA,NA,NA,Y,NA,A,07,0,0,1,0,0,0,0,0,0,-,-,33.57170867919922,-117.20384216308594,RIVERSIDE,MURRIETA,-117.20401000976563,33.57185363769531