CASE_ID,ACCIDENT_YEAR,PROC_DATE,JURIS,COLLISION_DATE,COLLISION_TIME,OFFICER_ID,REPORTING_DISTRICT,DAY_OF_WEEK,CHP_SHIFT,POPULATION,CNTY_CITY_LOC,SPECIAL_COND,BEAT_TYPE,CHP_BEAT_TYPE,CITY_DIVISION_LAPD,CHP_BEAT_CLASS,BEAT_NUMBER,PRIMARY_RD,SECONDARY_RD,DISTANCE,DIRECTION,INTERSECTION,WEATHER_1,WEATHER_2,STATE_HWY_IND,CALTRANS_COUNTY,CALTRANS_DISTRICT,STATE_ROUTE,ROUTE_SUFFIX,POSTMILE_PREFIX,POSTMILE,LOCATION_TYPE,RAMP_INTERSECTION,SIDE_OF_HWY,TOW_AWAY,COLLISION_SEVERITY,NUMBER_KILLED,NUMBER_INJURED,PARTY_COUNT,PRIMARY_COLL_FACTOR,PCF_CODE_OF_VIOL,PCF_VIOL_CATEGORY,PCF_VIOLATION,PCF_VIOL_SUBSECTION,HIT_AND_RUN,TYPE_OF_COLLISION,MVIW,PED_ACTION,ROAD_SURFACE,ROAD_COND_1,ROAD_COND_2,LIGHTING,CONTROL_DEVICE,CHP_ROAD_TYPE,PEDESTRIAN_ACCIDENT,BICYCLE_ACCIDENT,MOTORCYCLE_ACCIDENT,TRUCK_ACCIDENT,NOT_PRIVATE_PROPERTY,ALCOHOL_INVOLVED,STWD_VEHTYPE_AT_FAULT,CHP_VEHTYPE_AT_FAULT,COUNT_SEVERE_INJ,COUNT_VISIBLE_INJ,COUNT_COMPLAINT_PAIN,COUNT_PED_KILLED,COUNT_PED_INJURED,COUNT_BICYCLIST_KILLED,COUNT_BICYCLIST_INJURED,COUNT_MC_KILLED,COUNT_MC_INJURED,PRIMARY_RAMP,SECONDARY_RAMP,LATITUDE,LONGITUDE,COUNTY,CITY,POINT_X,POINT_Y
84860746,2025,2025-09-26,3308,2025-07-12,1247,11102,NA,6,5,5,3308,0,0,0,NA,0,NORTH,FLORIDA AVE,SOBOBA ST,0,NA,Y,A,-,Y,NA,NA,NA,NA,NA,NA,NA,NA,NA,Y,4,0,1,2,A,-,12,21453,A,N,A,C,A,A,H,-,A,A,0,NA,NA,NA,NA,Y,NA,A,01,0,0,1,0,0,0,0,0,0,-,-,NA,NA,RIVERSIDE,HEMET,-116.91950988769533,33.7478141784668
8486145,2017,2017-12-05,3315,2017-10-30,0749,001226,6D,1,5,6,3315,0,0,0,NA,0,NA,6TH ST,MAIN ST,100,E,N,B,-,N,NA,NA,NA,NA,NA,NA,NA,NA,NA,N,4,0,1,2,A,-,03,22350,NA,N,C,C,A,A,H,-,A,A,0,NA,NA,NA,NA,Y,NA,A,01,0,0,1,0,0,0,0,0,0,-,-,NA,NA,RIVERSIDE,CORONA,-117.56762,33.87552
84862678,2025,2025-09-29,3313,2025-08-31,226,2059,NA,7,5,7,3313,0,0,0,NA,0,1R19,MADISON ST,GARDEN ST,300,S,-,A,-,N,NA,NA,NA,NA,NA,NA,NA,NA,NA,Y,3,0,1,2,A,-,01,23153,A,F,D,C,A,A,H,-,C,A,0,NA,NA,Y,Y,Y,Y,F,21,0,1,0,0,0,0,0,0,1,-,-,NA,NA,RIVERSIDE,RIVERSIDE,-117.405517578125,33.936614990234375
84862707,2025,2025-09-29,3313,2025-09-11,722,1026,NA,4,5,7,3313,0,0,0,NA,0,T52,ALESSANDRO BLVD,I 215 NB ON/R,207,E,-,A,-,N,NA,NA,NA,NA,NA,NA,NA,NA,NA,Y,2,0,1,1,A,-,03,22350,NA,N,E,I,A,A,H,-,A,A,0,NA,NA,Y,NA,Y,NA,C,02,1,0,0,0,0,0,0,0,1,-,-,NA,NA,RIVERSIDE,RIVERSIDE,-117.28676605224608,33.91686248779297
84868957,2025,2025-10-03,3300,2025-09-25,755,3544,NA,4,5,5,3335,0,0,0,NA,0,070,CALLE BANUELOS,44742 CALLE BANUELOS,0,NA,Y,A,-,N,NA,NA,NA,NA,NA,NA,NA,NA,NA,N,4,0,1,3,A,-,21,22106,NA,N,C,G,A,A,A,-,A,D,0,NA,Y,NA,NA,Y,NA,A,01,0,0,1,0,0,0,1,0,0,-,-,NA,NA,RIVERSIDE,TEMECULA,NA,NA
8487020,2017,2017-12-04,3313,2017-10-21,2248,1825,1,6,5,7,3313,0,0,0,NA,0,1R15,ELDERWOOD CT,GREGORY RD,437,N,N,A,-,N,NA,NA,NA,NA,NA,NA,NA,NA,NA,Y,3,0,1,4,A,-,08,22107,NA,N,C,E,A,A,H,-,D,D,0,NA,NA,NA,NA,Y,NA,A,01,0,1,0,0,0,0,0,0,0,-,-,NA,NA,RIVERSIDE,RIVERSIDE,NA,NA
84870658,2025,2025-10-03,3300,2025-10-01,928,4323,NA,3,5,5,3335,0,0,0,NA,0,062,RANCHO CALIFORNIA RD,HOPE WY,410,E,N,A,-,N,NA,NA,NA,NA,NA,NA,NA,NA,NA,N,3,0,1,2,A,-,11,21955,NA,N,G,B,D,A,H,-,A,D,0,Y,NA,NA,NA,Y,Y,N,60,0,1,0,0,1,0,0,0,0,-,-,33.50455856323242,-117.14588928222656,RIVERSIDE,TEMECULA,-117.14496612548828,33.50517654418945
84875250,2025,2025-10-07,3300,2025-10-03,1849,5486,NA,5,5,6,3394,0,0,0,NA,0,MV38,IRIS AVE,KITCHING ST,260,W,N,A,-,N,NA,NA,NA,NA,NA,NA,NA,NA,NA,N,4,0,2,3,A,-,03,22350,NA,F,C,C,A,A,H,-,C,A,0,NA,NA,NA,NA,Y,NA,-,99,0,0,2,0,0,0,0,0,0,-,-,33.88833999633789,-117.21788787841795,RIVERSIDE,MORENO VALLEY,-117.2182846069336,33.88832092285156
84875592,2025,2025-10-07,3313,2025-09-25,441,2097,NA,4,5,7,3313,0,0,0,NA,0,1R45,VAN BUREN BLVD,CENTRAL AVE,40,N,-,A,-,N,NA,NA,NA,NA,NA,NA,NA,NA,NA,Y,3,0,1,2,A,-,12,21453,A,N,C,C,A,A,H,-,C,A,0,NA,NA,NA,NA,Y,NA,-,-,0,1,0,0,0,0,0,0,0,-,-,NA,NA,RIVERSIDE,RIVERSIDE,-117.45713806152344,33.95553207397461
84877082,2025,2025-10-08,3300,2025-09-27,2209,6164,NA,6,5,6,3345,0,0,0,NA,0,014,VIA ESCALANTE,SKYLOFT DR,301,W,N,B,-,N,NA,NA,NA,NA,NA,NA,NA,NA,NA,Y,4,0,4,2,A,-,01,23152,A,F,B,C,A,A,H,-,C,D,0,NA,NA,NA,NA,Y,Y,D,22,0,0,4,0,0,0,0,0,0,-,-,33.98508834838867,-117.44120025634766,RIVERSIDE,JURUPA VALLEY,-117.44219970703124,33.98500061035156
84878672,2025,2025-10-09,3300,2025-09-28,1809,N8312,NA,7,5,4,3312,0,0,0,NA,0,035,GOETZ RD,SOTELO RD,0,NA,Y,A,-,N,NA,NA,NA,NA,NA,NA,NA,NA,NA,Y,3,0,3,3,A,-,09,21804,A,N,A,C,A,A,H,-,B,A,0,NA,NA,NA,NA,Y,NA,A,01,0,1,2,0,0,0,0,0,0,-,-,33.7252197265625,-117.2243194580078,RIVERSIDE,PERRIS,-117.22408294677734,33.72517776489258
84878679,2025,2025-10-09,3300,2025-09-27,1225,5212,NA,6,5,4,3344,0,0,0,NA,0,065,SCHLEISMAN RD,CEDAR CREEK RD,0,NA,Y,A,-,N,NA,NA,NA,NA,NA,NA,NA,NA,NA,Y,4,0,1,2,A,-,09,21802,A,N,D,C,A,A,H,-,A,A,0,NA,NA,NA,NA,Y,NA,A,01,0,0,1,0,0,0,0,0,0,-,-,33.960960388183594,-117.57997131347656,RIVERSIDE,EASTVALE,-117.57999420166016,33.96084213256836
84878729,2025,2025-10-09,3300,2025-09-17,1459,N7728,NA,3,5,6,3394,0,0,0,NA,0,MV42,CACTUS AVE,NASON ST,337,W,N,B,-,N,NA,NA,NA,NA,NA,NA,NA,NA,NA,N,4,0,2,2,A,-,08,22103,NA,N,D,C,A,A,H,-,A,D,0,NA,NA,NA,NA,Y,NA,A,07,0,0,2,0,0,0,0,0,0,-,-,33.910091400146484,-117.19159698486328,RIVERSIDE,MORENO VALLEY,-117.19271850585938,33.91011047363281
8487888,2017,2017-11-15,3313,2017-10-27,0616,1389,3,5,5,7,3313,0,0,0,NA,0,T53,EASTRIDGE AV,SYCAMORE CANYON BL,503,E,N,A,-,N,NA,NA,NA,NA,NA,NA,NA,NA,NA,Y,3,0,1,1,A,-,08,22107,NA,N,E,I,A,A,H,-,C,D,0,NA,NA,NA,NA,Y,NA,A,01,0,1,0,0,0,0,0,0,0,-,-,33.93144,-117.29659,RIVERSIDE,RIVERSIDE,-117.29495705,33.93137069
8487904,2017,2017-11-15,3315,2017-10-06,1143,2089,8E,5,5,6,3315,0,0,0,NA,0,004,GREEN RIVER RD,MONTANA RANCH RD,0,NA,Y,A,-,N,NA,NA,NA,NA,NA,NA,NA,NA,NA,Y,3,0,3,2,A,-,12,22450,A,N,D,C,A,A,H,-,A,A,0,NA,NA,NA,NA,Y,NA,A,01,0,2,1,0,0,0,0,0,0,-,-,NA,NA,RIVERSIDE,CORONA,-117.61919013,33.86795012
84879074,2025,2025-10-09,3313,2025-09-07,1257,2292,NA,7,5,7,3313,0,0,0,NA,0,2R47,LINCOLN AVE,SONORA PL,50,E,-,A,-,N,NA,NA,NA,NA,NA,NA,NA,NA,NA,Y,3,0,1,1,A,-,08,22107,NA,N,E,I,A,A,H,-,A,A,0,NA,NA,NA,NA,Y,NA,D,22,0,1,0,0,0,0,0,0,0,-,-,NA,NA,RIVERSIDE,RIVERSIDE,-117.39708709716795,33.93025588989258
8487920,2017,2018-01-19,3315,2017-10-19,0742,2235,3E,4,5,6,3315,0,0,0,NA,0,003,ONTARIO AV,COMPTON AV,250,W,N,A,-,N,NA,NA,NA,NA,NA,NA,NA,NA,NA,N,4,0,2,2,A,-,03,22350,NA,N,C,C,A,A,H,-,A,D,0,NA,NA,NA,NA,Y,NA,A,01,0,0,2,0,0,0,0,0,0,-,-,NA,NA,RIVERSIDE,CORONA,-117.53736613,33.84554498
8487949,2017,2017-11-16,3300,2017-10-19,1413,5041,80C5,4,5,3,3305,0,0,0,NA,0,080,AVENUE 48,CIELO,0,NA,Y,A,-,N,NA,NA,NA,NA,NA,NA,NA,NA,NA,Y,4,0,1,2,A,-,09,21801,A,N,D,C,A,A,H,-,A,D,0,NA,NA,NA,NA,Y,NA,A,01,0,0,1,0,0,0,0,0,0,-,-,NA,NA,RIVERSIDE,COACHELLA,-116.212059,33.70035
84880897,2025,2025-10-10,3313,2025-09-28,1703,1860,NA,7,5,7,3313,0,0,0,NA,0,T40,LA SIERRA AVE,OLD FASHION WAY,0,NA,-,A,-,N,NA,NA,NA,NA,NA,NA,NA,NA,NA,N,4,0,1,2,A,-,03,22350,NA,N,C,C,A,A,H,-,A,A,0,NA,NA,NA,NA,Y,NA,A,01,0,0,1,0,0,0,0,0,0,-,-,NA,NA,RIVERSIDE,RIVERSIDE,-117.4618682861328,33.88579177856445
84880900,2025,2025-10-10,3313,2025-09-28,1749,1860,NA,7,5,7,3313,0,0,0,NA,0,T40,HOLE AVE,MAGNOLIA AVE,9,N,-,A,-,N,NA,NA,NA,NA,NA,NA,NA,NA,NA,N,4,0,1,2,A,-,10,21950,A,F,G,B,B,A,H,-,B,A,0,Y,NA,NA,NA,Y,NA,D,22,0,0,1,0,1,0,0,0,0,-,-,NA,NA,RIVERSIDE,RIVERSIDE,-117.4578094482422,33.91407775878906
84881979,2025,2025-11-13,3300,2025-10-04,1925,6164,NA,6,5,6,3345,0,0,0,NA,0,024,LIMONITE AVE,CAMINO REAL,0,NA,Y,A,-,N,NA,NA,NA,NA,NA,NA,NA,NA,NA,Y,3,0,4,2,A,-,09,21453,C,N,D,C,A,A,H,-,C,A,0,NA,NA,NA,NA,Y,NA,D,22,0,3,1,0,0,0,0,0,0,-,-,33.97854995727539,-117.45159912109376,RIVERSIDE,JURUPA VALLEY,-117.45174407958984,33.9786376953125
84881999,2025,2025-10-13,3300,2025-10-04,50,5779,NA,6,5,6,3394,0,0,0,NA,0,MV32,FREDERICK ST,ALESSANDRO BLVD,52,N,N,A,-,N,NA,NA,NA,NA,NA,NA,NA,NA,NA,Y,4,0,1,2,A,-,01,23152,A,N,C,C,A,A,H,-,C,A,0,NA,NA,NA,NA,Y,Y,A,01,0,0,1,0,0,0,0,0,0,-,-,33.917179107666016,-117.26113128662108,RIVERSIDE,MORENO VALLEY,-117.26113128662108,33.91725158691406
84882733,2025,2025-10-13,3313,2025-09-26,1715,2018,NA,5,5,7,3313,0,0,0,NA,0,T47,UNIVERSITY AVE,FRANKLIN AVE,57,W,-,A,-,N,NA,NA,NA,NA,NA,NA,NA,NA,NA,N,3,0,1,2,A,-,03,22350,NA,N,D,C,A,A,H,-,A,D,0,NA,NA,Y,NA,Y,NA,C,02,0,1,0,0,0,0,0,0,1,-,-,NA,NA,RIVERSIDE,RIVERSIDE,-117.35856628417967,33.97555160522461
8488296,2017,2017-11-30,3300,2017-10-06,2325,4940,420,5,5,2,3336,0,0,0,NA,0,020,3RD ST,FLORDASON DR,58,S,N,A,-,N,NA,NA,NA,NA,NA,NA,NA,NA,NA,Y,2,0,1,3,A,-,01,23152,F,M,B,E,A,A,H,-,C,D,0,NA,NA,NA,NA,Y,Y,A,01,1,0,0,0,0,0,0,0,0,-,-,34.00109,-117.0476,RIVERSIDE,CALIMESA,-117.04757818,34.00095116
8488406,2017,2017-11-30,3300,2017-10-17,1500,N4809,920D,2,5,4,3314,0,0,0,NA,0,072,RAMONA EXPWY,STATE ST,317,W,N,A,-,N,NA,NA,NA,NA,NA,NA,NA,NA,NA,N,4,0,1,2,A,-,05,21650,G,N,D,G,A,A,H,-,A,D,0,NA,Y,NA,NA,Y,NA,L,04,0,0,1,0,0,0,1,0,0,-,-,33.80174,-116.97207,RIVERSIDE,SAN JACINTO,-116.97308682,33.80195536
8488486,2017,2017-12-05,3300,2017-10-15,1250,3500,910,7,5,5,3335,0,0,0,NA,0,063,PROMENADE MALL WEST,RING RD,105,W,N,A,-,N,NA,NA,NA,NA,NA,NA,NA,NA,NA,N,4,0,1,3,A,-,03,22350,NA,N,C,C,A,A,H,-,A,A,0,NA,NA,NA,NA,Y,NA,A,01,0,0,1,0,0,0,0,0,0,-,-,33.52689,-117.15709,RIVERSIDE,TEMECULA,-117.15171137,33.52659332
8488490,2017,2017-12-05,3300,2017-10-21,1945,N5997,910F,6,5,5,3335,0,0,0,NA,0,061,YNEZ RD,TOWER PLZ,0,NA,Y,A,-,N,NA,NA,NA,NA,NA,NA,NA,NA,NA,N,3,0,1,2,A,-,10,21950,A,N,G,B,B,A,H,-,C,A,0,Y,NA,NA,NA,Y,NA,A,01,0,1,0,0,1,0,0,0,0,-,-,NA,NA,RIVERSIDE,TEMECULA,-117.15007008,33.50566001
84885148,2025,2025-10-14,3315,2025-09-30,737,002504,NA,2,5,6,3315,0,0,0,NA,0,002,MCKINLEY ST,GRIFFIN WY,0,NA,Y,A,-,N,NA,NA,NA,NA,NA,NA,NA,NA,NA,N,4,0,2,3,A,-,12,21453,A,N,D,C,A,A,H,-,A,A,0,NA,NA,NA,NA,Y,NA,A,01,0,0,2,0,0,0,0,0,0,-,-,33.88861083984375,-117.51963043212892,RIVERSIDE,CORONA,-117.51953887939452,33.888519287109375
8488533,2017,2017-11-22,3300,2017-09-28,0828,N4815,506F,4,5,5,3341,0,0,0,NA,0,056,HAUN RD,NEWPORT RD,0,NA,Y,A,-,N,NA,NA,NA,NA,NA,NA,NA,NA,NA,N,3,0,1,2,A,-,10,21950,A,N,G,B,B,A,H,-,A,A,0,Y,NA,NA,NA,Y,NA,A,01,0,1,0,0,1,0,0,0,0,-,-,33.68522,-117.17557,RIVERSIDE,MENIFEE,-117.17552008,33.68506001
8488541,2017,2017-11-22,3300,2017-09-10,1057,N4883,002P,7,5,6,3345,0,0,0,NA,0,024,VAN BUREN BL,JURUPA RD,43,N,N,A,-,N,NA,NA,NA,NA,NA,NA,NA,NA,NA,Y,3,0,1,2,A,-,12,21453,A,N,D,C,A,A,H,-,A,A,0,NA,NA,NA,NA,Y,NA,A,01,0,1,0,0,0,0,0,0,0,-,-,33.99717,-117.48552,RIVERSIDE,JURUPA VALLEY,-117.4855916,33.99712199
8488549,2017,2017-11-22,3300,2017-09-04,1637,4859,012E,1,5,4,3344,0,0,0,NA,0,064,WIND RIVER RD,ARCHIBALD AV,0,NA,Y,A,-,N,NA,NA,NA,NA,NA,NA,NA,NA,NA,Y,2,0,2,1,A,-,03,22350,NA,N,E,I,A,A,H,-,A,A,0,NA,NA,NA,NA,Y,NA,A,01,1,0,1,0,0,0,0,0,0,-,-,33.9372,-117.59315,RIVERSIDE,EASTVALE,-117.59317005,33.93724007
8488561,2017,2017-11-30,3309,2017-10-09,1515,162,3309,1,5,4,3309,0,0,0,NA,0,004,MADISON ST,AVE 48,0,NA,Y,A,-,N,NA,NA,NA,NA,NA,NA,NA,NA,NA,N,4,0,1,2,A,-,03,22350,NA,N,C,C,A,A,H,-,A,A,0,NA,NA,NA,NA,Y,NA,A,01,0,0,1,0,0,0,0,0,0,-,-,NA,NA,RIVERSIDE,INDIO,-116.25126012,33.70000005
84888822,2025,2025-10-16,3315,2025-09-25,1454,004274,NA,4,5,6,3315,0,0,0,NA,0,001,W. GRAND BLVD,SECOND ST,32,S,N,A,-,N,NA,NA,NA,NA,NA,NA,NA,NA,NA,Y,4,0,1,1,A,-,08,22107,NA,N,E,I,A,A,H,-,A,A,0,NA,NA,NA,NA,Y,NA,A,07,0,0,1,0,0,0,0,0,0,-,-,NA,NA,RIVERSIDE,CORONA,-117.57160949707033,33.880062103271484
84890466,2025,2025-10-17,3308,2025-09-28,1734,11046,NA,7,5,5,3308,0,0,0,NA,0,NORTH,HEMET ST,HWY 74,0,NA,Y,A,-,Y,NA,NA,NA,NA,NA,NA,NA,NA,NA,Y,4,0,4,2,A,-,12,21453,A,N,D,C,A,A,H,-,A,A,0,NA,NA,NA,NA,Y,NA,A,01,0,0,4,0,0,0,0,0,0,-,-,NA,NA,RIVERSIDE,HEMET,-116.92381286621094,33.747802734375
84892121,2025,2025-10-20,3342,2025-10-12,1921,P1491,NA,7,5,4,3342,0,0,0,NA,0,005,WHITEWOOD RD,ROCKCREST DR,224,N,N,A,-,N,NA,NA,NA,NA,NA,NA,NA,NA,NA,Y,4,0,1,1,A,-,01,23152,A,N,E,J,A,A,H,-,C,D,0,NA,NA,NA,NA,Y,Y,A,01,0,0,1,0,0,0,0,0,0,-,-,33.55704879760742,-117.16783142089844,RIVERSIDE,MURRIETA,-117.16782379150392,33.55763626098633
84895075,2025,2025-10-21,3300,2025-10-14,1622,5680,NA,2,5,6,3394,0,0,0,NA,0,MV36,JOHN F KENNEDY DR,LASSELLE ST,431,E,N,B,C,N,NA,NA,NA,NA,NA,NA,NA,NA,NA,N,4,0,1,2,D,-,00,NA,NA,N,B,C,A,B,H,-,A,D,0,NA,NA,Y,NA,Y,NA,-,-,0,0,1,0,0,0,0,0,1,-,-,33.90279006958008,-117.20919036865234,RIVERSIDE,MORENO VALLEY,-117.20751190185548,33.902801513671875
84895076,2025,2025-10-21,3300,2025-10-16,1645,5779,NA,4,5,6,3394,0,0,0,NA,0,MV28,KITCHING ST,FIR AVE,204,N,N,A,-,N,NA,NA,NA,NA,NA,NA,NA,NA,NA,N,3,0,1,2,A,-,11,21954,A,N,G,B,D,A,H,-,A,D,0,Y,NA,NA,NA,Y,Y,N,60,0,1,0,0,1,0,0,0,0,-,-,33.93523025512695,-117.21746063232422,RIVERSIDE,MORENO VALLEY,-117.21763610839844,33.93598937988281
8489976,2017,2017-12-01,3313,2017-10-27,1849,1772,1,5,5,7,3313,0,0,0,NA,0,T45,MAIN ST,STRONG ST,0,NA,Y,A,-,N,NA,NA,NA,NA,NA,NA,NA,NA,NA,Y,3,0,1,2,A,-,12,21453,A,N,D,C,A,A,H,-,C,A,0,NA,NA,NA,NA,Y,NA,A,01,0,1,0,0,0,0,0,0,0,-,-,34.00061,-117.36411,RIVERSIDE,RIVERSIDE,-117.36425003,34.00070011
84900248,2025,2025-10-24,3300,2025-10-08,559,3536,NA,3,5,6,3394,0,0,0,NA,0,MV32,NEWHOPE ST,ELSWORTH ST,0,NA,Y,A,-,N,NA,NA,NA,NA,NA,NA,NA,NA,NA,N,3,0,1,2,A,-,09,21802,A,F,D,G,A,A,H,-,C,A,0,NA,Y,NA,NA,Y,NA,A,01,0,1,0,0,0,0,1,0,0,-,-,NA,NA,RIVERSIDE,MORENO VALLEY,-117.27001190185548,33.915348052978516
8490037,2017,2019-04-10,3311,2017-07-15,1731,15302,NA,6,5,4,3311,0,0,0,NA,0,006,PALM CANYON DR,ARABY DR,0,NA,Y,A,-,N,NA,NA,NA,NA,NA,NA,NA,NA,NA,Y,1,1,0,2,A,-,01,23152,A,N,D,C,A,A,H,-,A,A,0,NA,NA,Y,NA,Y,Y,C,02,0,0,0,0,0,0,0,1,0,-,-,33.80142,-116.51484,RIVERSIDE,PALM SPRINGS,-116.51501,33.80104008
8490090,2017,2017-11-22,3300,2017-09-05,0920,3774,603C2,2,5,6,3394,0,0,0,NA,0,032,BRODIAEA AV,STONEHURST DR,0,NA,Y,A,-,N,NA,NA,NA,NA,NA,NA,NA,NA,NA,Y,3,0,2,2,A,-,03,22350,NA,F,D,C,A,A,H,-,A,A,0,NA,NA,NA,NA,Y,NA,A,01,0,1,1,0,0,0,0,0,0,-,-,33.91361,-117.23657,RIVERSIDE,MORENO VALLEY,-117.23670005,33.91363004
8490111,2017,2017-11-17,3300,2017-08-18,1856,5009,901B,5,5,4,3310,0,0,0,NA,0,050,HAMNER AV,ALHAMBRA ST,0,NA,Y,A,-,N,NA,NA,NA,NA,NA,NA,NA,NA,NA,Y,4,0,1,2,A,-,12,21453,A,N,D,D,A,A,H,-,A,A,0,NA,NA,Y,NA,Y,NA,C,02,0,0,1,0,0,0,0,0,1,-,-,NA,NA,RIVERSIDE,NORCO,-117.55817,33.93940005
84902346,2025,2025-10-27,3315,2025-10-07,1015,001709,NA,2,5,6,3315,0,0,0,NA,0,004,SIXTH ST,AVENIDA DEL VISTA,192,E,N,A,-,N,NA,NA,NA,NA,NA,NA,NA,NA,NA,Y,4,0,1,2,A,-,17,21209,A,N,D,C,A,A,H,-,A,D,0,NA,NA,Y,NA,Y,NA,C,02,0,0,1,0,0,0,0,0,1,-,-,33.877960205078125,-117.59668731689452,RIVERSIDE,CORONA,-117.59607696533205,33.87855911254883
84902799,2025,2025-10-27,3313,2025-10-10,1340,2294,NA,5,5,7,3313,0,0,0,NA,0,T71,MAGNOLIA AVE,ROSS ST,0,NA,-,A,-,N,NA,NA,NA,NA,NA,NA,NA,NA,NA,N,3,0,1,2,A,-,09,21801,A,N,D,C,A,A,H,-,A,A,0,NA,NA,Y,NA,Y,NA,A,01,0,1,0,0,0,0,0,0,0,-,-,NA,NA,RIVERSIDE,RIVERSIDE,-117.45623016357422,33.91495132446289
84902834,2025,2025-10-27,3313,2025-10-15,800,2343,NA,3,5,7,3313,0,0,0,NA,0,T73,SPRUCE ST,RUSTIN AVE,150,W,-,A,-,N,NA,NA,NA,NA,NA,NA,NA,NA,NA,Y,3,0,2,2,A,-,08,22102,NA,N,D,C,A,B,H,-,A,D,0,NA,NA,NA,NA,Y,NA,A,01,0,2,0,0,0,0,0,0,0,-,-,NA,NA,RIVERSIDE,RIVERSIDE,-117.33600616455078,33.990177154541016
84906897,2025,2025-10-29,3313,2025-10-11,1700,2117,NA,6,5,7,3313,0,0,0,NA,0,3R46,INDIANA AVE,STATE HWY 91 EB OFFRAMP (E),0,NA,-,A,-,N,NA,NA,NA,NA,NA,NA,NA,NA,NA,N,3,0,2,2,A,-,08,22107,NA,N,A,C,A,A,H,-,A,D,0,NA,NA,NA,NA,Y,NA,A,01,0,2,0,0,0,0,0,0,0,-,-,NA,NA,RIVERSIDE,RIVERSIDE,NA,NA
84911507,2025,2025-11-04,3300,2025-09-08,506,5771,NA,1,5,6,3345,0,0,0,NA,0,010,RUBIDOUX BLVD,SH-60 EBOFF,199,S,N,A,-,N,NA,NA,NA,NA,NA,NA,NA,NA,NA,Y,4,0,2,2,A,-,09,21800,A,N,D,C,A,A,H,-,C,D,0,NA,NA,NA,NA,Y,NA,A,07,0,0,2,0,0,0,0,0,0,-,-,34.0040283203125,-117.4009017944336,RIVERSIDE,JURUPA VALLEY,NA,NA
84911538,2025,2025-11-04,3300,2025-10-12,919,N7728,NA,7,5,6,3394,0,0,0,NA,0,MV32,DAY ST,OLD I-215 FRONTAGE RD,0,NA,Y,A,-,N,NA,NA,NA,NA,NA,NA,NA,NA,NA,N,4,0,1,2,A,-,08,22107,NA,N,D,C,A,A,H,-,A,D,0,NA,NA,NA,NA,Y,NA,A,01,0,0,1,0,0,0,0,0,0,-,-,33.911258697509766,-117.27912139892578,RIVERSIDE,MORENO VALLEY,-117.03086090087892,33.93291091918945
84911575,2025,2025-11-04,3300,2025-10-27,1219,N1673,NA,1,5,4,3318,0,0,0,NA,0,T34,COUNTRY CLUB DR,PARK CENTER DR,91,E,N,A,-,N,NA,NA,NA,NA,NA,NA,NA,NA,NA,N,4,0,1,2,A,-,03,22350,NA,N,C,C,A,A,H,-,A,A,0,NA,NA,NA,NA,Y,NA,E,22,0,0,1,0,0,0,0,0,0,-,-,33.758209228515625,-116.31085968017578,RIVERSIDE,PALM DESERT,-116.31058502197266,33.75830841064453
84911824,2025,2025-11-05,3342,2025-10-02,47,P1458,NA,4,5,4,3342,0,0,0,NA,0,004,MURRIETA HOT SPRINGS RD,SPARKMAN DR,1248,W,N,A,-,N,NA,NA,NA,NA,NA,NA,NA,NA,NA,Y,2,0,1,1,A,-,01,23152,A,N,E,I,A,A,H,-,C,A,0,NA,NA,NA,NA,Y,Y,A,01,1,0,0,0,0,0,0,0,0,-,-,33.555381774902344,-117.1867904663086,RIVERSIDE,MURRIETA,-117.19078063964844,33.55509948730469
84911835,2025,2025-11-05,3342,2025-10-29,1637,P481,NA,3,5,4,3342,0,0,0,NA,0,002,NUTMEG ST,LAFAYETTE DR,0,NA,Y,A,-,N,NA,NA,NA,NA,NA,NA,NA,NA,NA,N,3,0,1,2,A,-,03,22350,NA,N,D,G,A,A,H,-,A,D,0,NA,Y,NA,Y,Y,NA,M,91,0,1,0,0,0,0,1,0,0,-,-,NA,NA,RIVERSIDE,MURRIETA,-117.2056121826172,33.593238830566406
84912828,2025,2025-11-05,3313,2025-10-23,1055,1949,NA,4,5,7,3313,0,0,0,NA,0,T44,CENTRAL AVE,PHOENIX AVE,0,NA,-,A,-,N,NA,NA,NA,NA,NA,NA,NA,NA,NA,N,4,0,5,2,A,-,12,21453,A,N,D,C,A,A,D,-,A,A,0,NA,NA,NA,NA,Y,NA,A,01,0,0,5,0,0,0,0,0,0,-,-,NA,NA,RIVERSIDE,RIVERSIDE,-117.42523193359376,33.95329284667969
84914279,2025,2025-11-06,3300,2025-10-09,1630,6103,NA,4,5,6,3394,0,0,0,NA,0,MV38,KITCHING ST,IRIS AVE,0,NA,Y,A,-,N,NA,NA,NA,NA,NA,NA,NA,NA,NA,N,3,0,1,2,A,-,08,22107,NA,N,D,C,A,A,H,-,A,A,0,NA,NA,NA,NA,Y,NA,A,01,0,1,0,0,0,0,0,0,0,-,-,33.88833999633789,-117.21788787841795,RIVERSIDE,MORENO VALLEY,-117.21743011474608,33.88831329345703
84914287,2025,2025-11-06,3300,2025-10-30,2051,6579,NA,4,5,6,3394,0,0,0,NA,0,MV16,PERRIS BLVD,HEMLOCK AVE,144,S,N,A,-,N,NA,NA,NA,NA,NA,NA,NA,NA,NA,Y,4,0,1,2,A,-,01,23152,A,N,C,C,A,A,H,-,C,D,0,NA,NA,NA,NA,Y,Y,A,01,0,0,1,0,0,0,0,0,0,-,-,33.94253921508789,-117.2260971069336,RIVERSIDE,MORENO VALLEY,-117.22638702392578,33.942283630371094
84914611,2025,2025-11-06,3342,2025-10-21,1651,P1395,NA,2,5,4,3342,0,0,0,NA,0,005,LOS ALAMOS RD,RT 215 NB OFFRAMP,34,E,N,A,-,N,NA,NA,NA,NA,NA,NA,NA,NA,NA,Y,4,0,2,3,A,-,03,22350,NA,N,C,C,A,A,H,-,A,A,0,NA,NA,NA,NA,Y,NA,D,22,0,0,2,0,0,0,0,0,0,-,-,33.573448181152344,-117.18000030517578,RIVERSIDE,MURRIETA,NA,NA