CASE_ID,ACCIDENT_YEAR,PROC_DATE,JURIS,COLLISION_DATE,COLLISION_TIME,OFFICER_ID,REPORTING_DISTRICT,DAY_OF_WEEK,CHP_SHIFT,POPULATION,CNTY_CITY_LOC,SPECIAL_COND,BEAT_TYPE,CHP_BEAT_TYPE,CITY_DIVISION_LAPD,CHP_BEAT_CLASS,BEAT_NUMBER,PRIMARY_RD,SECONDARY_RD,DISTANCE,DIRECTION,INTERSECTION,WEATHER_1,WEATHER_2,STATE_HWY_IND,CALTRANS_COUNTY,CALTRANS_DISTRICT,STATE_ROUTE,ROUTE_SUFFIX,POSTMILE_PREFIX,POSTMILE,LOCATION_TYPE,RAMP_INTERSECTION,SIDE_OF_HWY,TOW_AWAY,COLLISION_SEVERITY,NUMBER_KILLED,NUMBER_INJURED,PARTY_COUNT,PRIMARY_COLL_FACTOR,PCF_CODE_OF_VIOL,PCF_VIOL_CATEGORY,PCF_VIOLATION,PCF_VIOL_SUBSECTION,HIT_AND_RUN,TYPE_OF_COLLISION,MVIW,PED_ACTION,ROAD_SURFACE,ROAD_COND_1,ROAD_COND_2,LIGHTING,CONTROL_DEVICE,CHP_ROAD_TYPE,PEDESTRIAN_ACCIDENT,BICYCLE_ACCIDENT,MOTORCYCLE_ACCIDENT,TRUCK_ACCIDENT,NOT_PRIVATE_PROPERTY,ALCOHOL_INVOLVED,STWD_VEHTYPE_AT_FAULT,CHP_VEHTYPE_AT_FAULT,COUNT_SEVERE_INJ,COUNT_VISIBLE_INJ,COUNT_COMPLAINT_PAIN,COUNT_PED_KILLED,COUNT_PED_INJURED,COUNT_BICYCLIST_KILLED,COUNT_BICYCLIST_INJURED,COUNT_MC_KILLED,COUNT_MC_INJURED,PRIMARY_RAMP,SECONDARY_RAMP,LATITUDE,LONGITUDE,COUNTY,CITY,POINT_X,POINT_Y
90144668,2016,2016-03-28,9660,2016-03-17,0315,021237,NA,4,3,9,3300,0,1,1,NA,2,030,I-10 E/B,FORD DRY LAKE RD.,30096,W,N,A,-,Y,NA,NA,10,NA,NA,NA,NA,NA,E,Y,3,0,1,1,A,-,08,22107,NA,N,E,I,A,A,H,-,D,D,0,NA,NA,NA,NA,Y,NA,A,01,0,1,0,0,0,0,0,0,0,-,-,33.63639,-115.08401,RIVERSIDE,UNINCORPORATED,-115.08403226,33.63631437
90144885,2016,2016-03-28,9840,2016-03-11,1300,018611,NA,5,1,9,3300,0,1,1,NA,2,022,I-215 S/B,COLUMBIA AVENUE,1460,N,N,B,-,Y,NA,NA,NA,NA,NA,NA,NA,NA,NA,Y,4,0,1,2,A,-,03,22350,NA,N,C,C,A,A,H,-,A,D,0,NA,NA,NA,NA,Y,NA,A,07,0,0,1,0,0,0,0,0,0,-,-,34.00565,-117.34918,RIVERSIDE,UNINCORPORATED,NA,NA
9014585,2019,2019-12-24,3300,2019-11-26,0900,4363,520D4,2,5,3,3317,0,0,0,NA,0,S20,MONTEREY AV,AVENIDA LAS PALMAS,565,N,N,A,-,N,NA,NA,NA,NA,NA,NA,NA,NA,NA,Y,3,0,3,3,A,-,03,22350,NA,N,C,C,A,A,H,-,A,D,0,NA,NA,NA,NA,Y,NA,A,01,0,1,2,0,0,0,0,0,0,-,-,33.738731384277344,-116.39115142822266,RIVERSIDE,RANCHO MIRAGE,-116.39112091064452,33.737430572509766
90145902,2016,2016-03-28,9840,2016-03-27,1520,019361,NA,7,2,7,3313,0,1,1,NA,2,023,I-215 N/B,CENTRAL AVENUE,1056,S,N,A,-,Y,NA,NA,NA,NA,NA,NA,NA,NA,NA,Y,4,0,3,3,A,-,03,22350,NA,N,C,C,A,A,H,-,A,D,0,NA,NA,NA,NA,Y,NA,A,01,0,0,3,0,0,0,0,0,0,-,-,33.95552,-117.30576,RIVERSIDE,RIVERSIDE,NA,NA
90147751,2016,2016-03-30,9685,2016-03-25,2235,017013,NA,5,3,5,3341,0,1,1,NA,2,020,I-215 NORTHBOUND,MCCALL BOULEVARD,2112,S,N,A,-,Y,NA,NA,215,NA,NA,NA,NA,NA,N,Y,2,0,4,3,A,-,01,23152,A,N,C,C,A,A,H,-,C,D,0,NA,NA,NA,NA,Y,NA,A,01,1,1,2,0,0,0,0,0,0,-,-,33.70886,-117.18668,RIVERSIDE,MENIFEE,-117.18670958,33.70883941
90147829,2016,2016-03-30,9685,2016-03-29,0305,014676,NA,2,3,5,3335,0,1,1,NA,2,030,I-15 SOUTHBOUND TO WINCHESTER RD.,WINCHESTER RD,700,N,N,B,C,Y,NA,NA,15,NA,NA,NA,R,NA,S,Y,4,0,1,1,A,-,01,23152,A,N,E,I,A,B,H,-,C,D,0,NA,NA,NA,NA,Y,Y,A,01,0,0,1,0,0,0,0,0,0,-,-,33.52413,-117.1646,RIVERSIDE,TEMECULA,-117.1646,33.52413
90148008,2016,2016-03-30,9840,2016-03-23,0610,012208,NA,3,1,4,3312,0,1,1,NA,2,041,I-215 N/B {ARMED FORCES FREEWAY},RAMONA EXPRESSWAY,648,S,N,A,-,Y,NA,NA,215,NA,NA,NA,NA,NA,N,Y,4,0,1,2,A,-,07,21658,A,N,D,C,A,A,H,-,A,D,0,NA,NA,NA,NA,Y,NA,A,01,0,0,1,0,0,0,0,0,0,-,-,33.842,-117.25029,RIVERSIDE,PERRIS,-117.25011163,33.84205266
90150383,2016,2016-04-04,9685,2016-03-29,0445,016150,NA,2,3,4,3342,0,1,1,NA,2,034,I-215 SOUTHBOUND,BAXTER RD.,1250,N,N,B,C,Y,NA,NA,215,NA,NA,NA,NA,NA,S,Y,4,0,1,3,A,-,08,22107,NA,N,B,C,A,B,H,-,D,D,0,NA,NA,NA,NA,Y,NA,A,01,0,0,1,0,0,0,0,0,0,-,-,33.61404,-117.17129,RIVERSIDE,MURRIETA,-117.17123497,33.61403805
90150654,2016,2016-04-05,9840,2016-03-02,1005,011368,NA,3,1,9,3300,0,2,4,NA,2,043,RAMONA EXPRESSWAY,5TH STREET,2112,E,N,A,-,N,NA,NA,NA,NA,NA,NA,NA,NA,NA,Y,3,0,2,2,A,-,03,22350,NA,N,D,C,A,A,H,-,A,D,0,NA,NA,NA,NA,Y,NA,D,22,0,1,1,0,0,0,0,0,0,-,-,33.84004,-117.08072,RIVERSIDE,UNINCORPORATED,-117.09424821,33.83991481
90150739,2016,2016-04-05,9840,2016-03-15,1150,011368,NA,2,1,9,3300,0,1,1,NA,2,041,I-215 (N/B),RAMONA EXPRESSWAY,1056,S,N,A,-,Y,NA,NA,215,NA,NA,NA,NA,NA,NA,Y,4,0,2,1,A,-,08,22107,NA,N,E,I,A,A,H,-,A,D,0,NA,NA,NA,NA,Y,NA,A,01,0,0,2,0,0,0,0,0,0,-,-,33.84041,-117.25016,RIVERSIDE,UNINCORPORATED,-117.25002329,33.84044848
9015197,2019,2020-01-14,3300,2019-11-18,0839,N4883,002P,1,5,6,3345,0,0,0,NA,0,NA,VAN BUREN BL,RUTILE ST,794,S,N,A,-,N,NA,NA,NA,NA,NA,NA,NA,NA,NA,Y,4,0,4,4,A,-,03,22350,NA,N,C,C,A,A,H,-,A,D,0,NA,NA,NA,NA,Y,NA,A,01,0,0,4,0,0,0,0,0,0,-,-,34.0036506652832,-117.49765777587892,RIVERSIDE,JURUPA VALLEY,-117.49549865722656,34.00257873535156
90153143,2016,2016-04-07,9685,2016-03-29,2235,017304,NA,2,3,9,3300,0,1,3,NA,1,031,WINCHESTER RD,THOMPSON ROAD,0,NA,Y,A,-,Y,NA,NA,NA,NA,NA,NA,NA,NA,NA,Y,4,0,2,2,A,-,12,21453,A,N,A,C,A,A,H,-,C,A,0,NA,NA,NA,NA,Y,NA,A,01,0,0,2,0,0,0,0,0,0,-,-,33.35531,-117.7645,RIVERSIDE,UNINCORPORATED,-117.11846012,33.59803009
90153234,2016,2016-04-07,9840,2016-03-30,1615,012075,NA,3,2,9,3300,0,1,1,NA,2,041,I-215 N/B,NUEVO RD,2640,N,N,B,-,Y,NA,NA,215,NA,NA,NA,NA,NA,N,Y,4,0,2,1,A,-,07,21658,A,N,E,I,A,A,H,-,A,D,0,NA,NA,NA,NA,Y,NA,A,01,0,0,2,0,0,0,0,0,0,-,-,33.81286,-117.23765,RIVERSIDE,UNINCORPORATED,-117.23778061,33.8128027
9015404,2019,2020-02-20,3313,2019-12-22,1711,1887,5,7,5,7,3313,0,0,0,NA,0,3R58,WELLS AV,DOANE AV,0,NA,Y,A,-,N,NA,NA,NA,NA,NA,NA,NA,NA,NA,NA,4,0,1,2,A,-,09,21802,A,N,D,C,A,A,H,-,C,D,0,NA,NA,NA,NA,Y,NA,A,01,0,0,1,0,0,0,0,0,0,-,-,33.919410705566406,-117.48583221435548,RIVERSIDE,RIVERSIDE,-117.48589324951172,33.91957092285156
90154416,2016,2016-04-11,9630,2016-04-03,1658,021128,NA,7,2,9,3300,0,1,1,NA,2,302,I-10 E/B,BOX CANYON RD,140,E,N,A,-,Y,NA,NA,10,NA,NA,NA,NA,NA,E,Y,3,0,1,1,A,-,08,22107,NA,N,F,I,A,A,H,-,A,D,0,NA,NA,NA,NA,Y,NA,A,01,0,1,0,0,0,0,0,0,0,-,-,33.66036,-115.80099,RIVERSIDE,UNINCORPORATED,-115.80099347,33.66001278
90154892,2016,2016-04-11,9685,2016-04-02,2030,016185,NA,6,2,9,3300,0,1,3,NA,1,031,SR-79,WASHINGTON STREET,0,NA,Y,A,-,Y,NA,NA,NA,NA,NA,NA,NA,NA,NA,Y,3,0,3,2,A,-,12,21453,A,N,A,C,A,A,H,-,C,A,0,NA,NA,NA,NA,Y,NA,A,07,0,1,2,0,0,0,0,0,0,-,-,33.38236,-117.5585,RIVERSIDE,UNINCORPORATED,NA,NA
90155134,2016,2016-04-11,9840,2016-03-31,1305,012075,NA,4,1,9,3300,0,3,5,NA,2,004,KRAMERIA AVE,PORTER AVE,0,NA,Y,A,-,N,NA,NA,NA,NA,NA,NA,NA,NA,NA,Y,3,0,2,2,A,-,12,22450,A,N,D,C,A,A,H,-,A,A,0,NA,NA,NA,NA,Y,NA,-,-,0,1,1,0,0,0,0,0,0,-,-,33.87987,-117.35748,RIVERSIDE,UNINCORPORATED,-117.35747009,33.87987011
90156909,2016,2016-04-13,9840,2016-04-06,0730,017903,NA,3,1,7,3313,0,1,1,NA,2,023,I-215 N/B,CENTRAL AVE,400,S,N,B,-,Y,NA,NA,NA,NA,NA,NA,NA,NA,NA,Y,4,0,2,3,A,-,03,22350,NA,N,C,C,A,A,H,-,A,D,0,NA,NA,NA,NA,Y,NA,A,07,0,0,2,0,0,0,0,0,0,-,-,33.57303,-117.18321,RIVERSIDE,RIVERSIDE,NA,NA
90159926,2016,2016-04-18,9685,2016-04-10,1930,013165,NA,7,2,5,3341,0,1,1,NA,2,020,INTERSTATE 215 SOUTHBOUND,MCCALL BOULEVARD,6336,S,N,B,-,Y,NA,NA,215,NA,NA,NA,NA,NA,S,Y,4,0,1,1,A,-,08,22107,NA,N,F,A,A,B,D,-,D,D,0,NA,NA,NA,NA,Y,NA,A,01,0,0,1,0,0,0,0,0,0,-,-,33.70021,-117.18108,RIVERSIDE,MENIFEE,-117.1810131,33.7002547
90161803,2016,2016-04-20,9685,2016-04-12,1100,014349,NA,2,1,9,3300,0,1,3,NA,1,045,STATE ROUTE 371 W/B,SORENSEN ROAD,50,E,N,A,-,Y,NA,NA,NA,NA,NA,NA,NA,NA,NA,Y,4,0,2,3,A,-,03,22350,NA,N,B,C,A,A,H,-,A,D,0,NA,NA,NA,NA,Y,NA,A,01,0,0,2,0,0,0,0,0,0,-,-,33.29472,-116.48493,RIVERSIDE,UNINCORPORATED,-116.81431126,33.49627666
90163314,2016,2016-04-22,9840,2016-04-14,1650,016356,NA,4,2,6,3315,0,1,3,NA,2,030,SR-91 E/B,SR-71,500,E,N,A,-,Y,NA,NA,91,NA,NA,NA,NA,NA,E,Y,4,0,1,2,A,-,03,22350,NA,N,C,C,A,A,D,-,A,D,0,NA,NA,NA,NA,Y,NA,D,22,0,0,1,0,0,0,0,0,0,-,-,33.88419,-117.63667,RIVERSIDE,CORONA,-117.63671356,33.88436912
90164228,2016,2016-04-25,9655,2016-04-10,1710,021008,NA,7,2,9,3300,0,3,5,NA,2,003,ACACIA AVENUE,YALE STREET,25,W,N,B,-,N,NA,NA,NA,NA,NA,NA,NA,NA,NA,N,4,0,2,2,A,-,03,22350,NA,N,C,C,A,A,H,-,A,A,0,NA,NA,NA,NA,Y,NA,A,01,0,0,2,0,0,0,0,0,0,-,-,33.74402,-116.9501,RIVERSIDE,UNINCORPORATED,-116.95000194,33.74400906
90165845,2016,2016-06-09,9630,2016-02-07,0709,013270,NA,7,1,4,3309,0,1,1,NA,2,022,I-10 EASTBOUND,JEFFERSON STREET,1056,W,N,A,-,Y,NA,NA,10,NA,NA,NA,NA,NA,E,Y,1,1,1,2,A,-,03,22350,NA,N,D,C,A,A,D,-,A,A,0,NA,NA,NA,Y,Y,NA,F,25,0,0,1,0,0,0,0,0,0,-,-,33.75037,-116.27404,RIVERSIDE,INDIO,-116.27403938,33.75037246
90166276,2016,2016-04-26,9630,2016-04-19,1200,018811,NA,2,1,9,3300,0,1,1,NA,2,021,I-10 E/B,WASHINGTON STREET,1584,W,N,A,-,Y,NA,NA,10,NA,NA,NA,NA,NA,E,N,4,0,2,2,A,-,08,22107,NA,N,B,C,A,A,H,-,A,D,0,NA,NA,NA,NA,Y,NA,A,07,0,0,2,0,0,0,0,0,0,-,-,33.76261,-116.31091,RIVERSIDE,UNINCORPORATED,-116.31090632,33.76262224
90167853,2016,2016-06-09,9655,2016-04-20,1805,016607,NA,3,2,4,3301,0,1,1,NA,2,204,I-10 E/B,RAMSEY ST.,1192,W,N,A,-,Y,NA,NA,10,NA,NA,NA,NA,NA,E,Y,4,0,2,2,A,-,08,22107,NA,N,B,C,A,A,C,-,A,D,0,NA,NA,NA,NA,Y,NA,A,01,0,0,2,0,0,0,0,0,0,-,-,33.92523,-116.85567,RIVERSIDE,BANNING,-116.85567626,33.9252573
90169369,2016,2016-04-29,9685,2016-04-13,2008,015050,NA,3,2,9,3300,0,1,3,NA,1,012,STATE ROUTE 74,MEADOWBROOK AVE.,0,NA,Y,A,-,Y,NA,NA,74,NA,NA,NA,NA,NA,NA,Y,3,0,3,2,A,-,12,21453,A,N,A,C,A,A,H,-,C,A,0,NA,NA,NA,NA,Y,NA,E,22,0,1,2,0,0,0,0,0,0,-,-,33.72492,-117.29289,RIVERSIDE,UNINCORPORATED,-117.29288088,33.72491572
90169414,2016,2016-04-29,9660,2016-04-28,0640,021181,NA,4,1,9,3300,0,1,1,NA,2,030,I-10 E/B,FORD DRY LAKE O/C,30096,W,N,A,-,Y,NA,NA,10,NA,NA,NA,NA,NA,E,Y,3,0,1,1,A,-,08,22107,NA,N,E,I,A,A,H,-,A,D,0,NA,NA,NA,NA,Y,NA,A,08,0,1,0,0,0,0,0,0,0,-,-,33.63601,-115.08325,RIVERSIDE,UNINCORPORATED,-115.08322784,33.63607432
90169549,2016,2016-04-29,9685,2016-04-21,2105,016185,NA,4,2,9,3300,0,3,5,NA,2,002,WALES COURT,CHERRY HINTON STREET,120,E,N,A,-,N,NA,NA,NA,NA,NA,NA,NA,NA,NA,Y,4,0,1,1,A,-,08,22107,NA,N,E,I,A,A,H,-,C,A,0,NA,NA,NA,NA,Y,NA,A,01,0,0,1,0,0,0,0,0,0,-,-,33.64213,-117.13374,RIVERSIDE,UNINCORPORATED,-117.1336071,33.64213334
9016983,2020,2020-03-03,3313,2020-01-17,0647,1686,1,5,5,7,3313,0,0,0,NA,0,T58,MAIN ST,KIRKWOOD AV,72,S,N,B,-,N,NA,NA,NA,NA,NA,NA,NA,NA,NA,Y,4,0,1,2,A,-,09,21804,A,N,C,C,A,B,H,-,A,D,0,NA,NA,NA,NA,Y,NA,A,01,0,0,1,0,0,0,0,0,0,-,-,34.004940032958984,-117.36366271972656,RIVERSIDE,RIVERSIDE,-117.36394500732422,34.004783630371094
90170909,2016,2016-05-02,9685,2016-04-22,0845,013148,NA,5,1,4,3342,0,1,1,NA,2,034,INTERSTATE 215,CLINTON KEITH ROAD,2640,N,N,A,-,Y,NA,NA,215,NA,NA,NA,NA,NA,NA,Y,4,0,2,3,A,-,03,22350,NA,N,C,C,A,A,H,-,A,D,0,NA,NA,NA,NA,Y,NA,A,01,0,0,2,0,0,0,0,0,0,-,-,33.61163,-117.17136,RIVERSIDE,MURRIETA,-117.17133027,33.61162879
90171528,2016,2016-05-03,9630,2016-04-27,0936,018451,NA,3,1,9,3300,0,1,1,NA,2,010,I-10 E/B TO GENE AUTRY TRAIL,GENE AUTRY TRL,20,W,N,B,-,Y,NA,NA,NA,NA,NA,NA,NA,NA,NA,N,4,0,1,2,A,-,03,22350,NA,N,C,C,A,A,H,-,A,D,0,NA,NA,NA,Y,Y,NA,F,26,0,0,1,0,0,0,0,0,0,-,-,33.87864,-116.50458,RIVERSIDE,UNINCORPORATED,-116.50385594,33.87948909
90173422,2016,2016-05-05,9655,2016-04-25,1116,014583,NA,1,1,9,3300,0,1,3,NA,2,212,SR-60 W/B,GILMAN SPRINGS RD.,1584,E,N,A,-,Y,NA,NA,60,NA,NA,NA,NA,NA,W,N,4,0,1,2,A,-,03,22350,NA,N,C,C,A,A,H,-,A,D,0,NA,NA,NA,NA,Y,NA,D,22,0,0,1,0,0,0,0,0,0,-,-,33.93598,-117.11754,RIVERSIDE,UNINCORPORATED,-117.11753067,33.93615903
90174425,2016,2016-05-06,9840,2016-04-22,1720,018383,NA,5,2,6,3345,0,1,3,NA,2,010,SR-60 W/B,ETIWANDA AVE.,1000,W,N,A,-,Y,NA,NA,NA,NA,NA,NA,NA,NA,NA,Y,4,0,1,3,A,-,03,22350,NA,N,C,C,A,A,H,-,A,D,0,NA,NA,NA,NA,Y,NA,A,08,0,0,1,0,0,0,0,0,0,-,-,33.90451,-117.4601,RIVERSIDE,JURUPA VALLEY,-117.5277876,34.01821831
90174440,2016,2016-05-06,9840,2016-04-25,0805,017481,NA,1,1,6,3315,0,1,1,NA,2,034,I-15 N/B,ONTARIO AVE,2000,S,N,A,-,Y,NA,NA,15,NA,NA,NA,NA,NA,N,Y,4,0,2,5,A,-,03,22350,NA,N,C,C,A,A,D,-,A,D,0,NA,NA,NA,NA,Y,NA,D,22,0,0,2,0,0,0,0,0,0,-,-,33.83817,-117.53333,RIVERSIDE,CORONA,-117.53314351,33.83827948
90174475,2016,2016-05-06,9840,2016-05-02,2154,020102,NA,1,2,7,3313,0,1,1,NA,2,023,I-215 N/B,CENTRAL AVE,550,N,N,A,-,Y,NA,NA,NA,NA,NA,NA,NA,NA,NA,N,3,0,1,1,A,-,08,22107,NA,N,E,I,A,A,H,-,D,D,0,NA,NA,NA,NA,Y,NA,A,01,0,1,0,0,0,0,0,0,0,-,-,39.84941,-117.18461,RIVERSIDE,RIVERSIDE,NA,NA
90175190,2016,2016-05-09,9630,2016-04-30,1049,018811,NA,6,1,9,3300,0,1,3,NA,2,014,STATE ROUTE 111 (S/B),OVERTURE DR,7920,N,N,G,-,Y,NA,NA,111,NA,NA,NA,NA,NA,NA,Y,3,0,1,1,A,-,08,22107,NA,N,F,A,A,A,H,-,A,D,0,NA,NA,Y,NA,Y,NA,C,02,0,1,0,0,0,0,0,0,1,-,-,33.89709,-116.6199,RIVERSIDE,UNINCORPORATED,-116.61993644,33.89704138
90175321,2016,2016-05-09,9685,2016-05-02,1350,015360,NA,1,1,9,3300,0,1,3,NA,1,039,STATE ROUTE 79,TEMECULA CREEK,1584,E,N,A,-,Y,NA,NA,NA,NA,NA,NA,NA,NA,NA,Y,2,0,1,1,A,-,01,23152,A,N,F,A,A,A,H,-,A,D,0,NA,NA,NA,NA,Y,Y,A,01,1,0,0,0,0,0,0,0,0,-,-,33.29128,-117.25537,RIVERSIDE,UNINCORPORATED,-117.13746993,33.4791314
90177816,2016,2016-05-12,9840,2016-04-22,1020,016356,NA,5,1,6,3315,0,1,3,NA,2,030,SR-91 W/B,MAPLE ST,300,E,N,A,-,Y,NA,NA,91,NA,NA,NA,NA,NA,W,Y,4,0,1,3,A,-,03,22350,NA,N,C,C,A,A,D,-,A,D,0,NA,NA,NA,NA,Y,NA,A,01,0,0,1,0,0,0,0,0,0,-,-,33.88066,-117.60212,RIVERSIDE,CORONA,-117.60208787,33.8804687
90179949,2016,2016-05-16,9840,2016-05-03,2325,016765,NA,2,3,9,3300,0,2,4,NA,2,039,DE PALMA RD,SANTIAGO CANYON RD,1255,S,N,A,-,N,NA,NA,NA,NA,NA,NA,NA,NA,NA,Y,4,0,1,1,A,-,08,22107,NA,N,E,I,A,A,H,-,D,D,0,NA,NA,NA,NA,Y,NA,A,07,0,0,1,0,0,0,0,0,0,-,-,33.7463,-117.44904,RIVERSIDE,UNINCORPORATED,-117.44915503,33.74620376
90180138,2016,2016-06-30,9630,2016-05-08,1040,013022,NA,7,1,9,3300,0,1,1,NA,2,302,I-10 W/B,EAGLE MOUNTAIN RD,2640,E,N,A,-,Y,NA,NA,10,NA,NA,NA,NA,NA,W,Y,4,0,5,2,A,-,03,22350,NA,N,C,C,A,A,H,-,A,D,0,NA,NA,NA,NA,Y,NA,A,01,0,0,5,0,0,0,0,0,0,-,-,33.70435,-115.4435,RIVERSIDE,UNINCORPORATED,-115.44348632,33.70428819
90181431,2016,2016-05-17,9660,2016-03-17,0018,021181,NA,4,3,9,3300,0,1,1,NA,2,030,I-10 WESTBOUND,FORD DRY LAKE O/C,26400,W,N,A,-,Y,NA,NA,10,NA,NA,NA,NA,NA,W,Y,1,1,0,1,A,-,01,23152,A,N,F,I,A,A,H,-,D,D,0,NA,NA,NA,NA,Y,Y,A,01,0,0,0,0,0,0,0,0,0,-,-,33.63329,-115.07839,RIVERSIDE,UNINCORPORATED,-115.07813679,33.63359268
90183428,2016,2016-05-19,9630,2016-04-20,0010,020883,NA,3,3,4,3311,0,1,1,NA,2,010,I-10 E/B,NORTH INDIAN CANYON DR,9504,W,N,A,-,Y,NA,NA,10,NA,NA,NA,NA,NA,E,Y,4,0,2,2,A,-,03,22350,NA,F,C,C,A,A,H,-,D,D,0,NA,NA,NA,NA,Y,NA,A,01,0,0,2,0,0,0,0,0,0,-,-,33.90855,-116.57636,RIVERSIDE,PALM SPRINGS,-116.57634046,33.90864604
90184085,2016,2016-05-20,9655,2016-05-13,1805,015892,NA,5,2,9,3300,0,1,3,NA,1,119,STATE ROUTE 371,CONTRERAS ROAD,0,NA,Y,A,-,Y,NA,NA,371,NA,NA,NA,NA,NA,NA,Y,4,0,1,2,A,-,09,21801,A,N,D,C,A,A,H,-,D,D,0,NA,NA,NA,NA,Y,NA,D,22,0,0,1,0,0,0,0,0,0,-,-,33.5549,-116.67461,RIVERSIDE,UNINCORPORATED,-116.67461,33.55512989
90186805,2016,2016-05-25,9840,2016-05-08,1155,016285,NA,7,1,9,3300,0,2,4,NA,2,045,CAJALCO ROAD,CLARK STREET,128,E,N,A,-,N,NA,NA,NA,NA,NA,NA,NA,NA,NA,N,4,0,2,2,A,-,03,22350,NA,N,C,C,A,A,H,-,A,A,0,NA,NA,NA,NA,Y,NA,A,01,0,0,2,0,0,0,0,0,0,-,-,33.83722,-117.28765,RIVERSIDE,UNINCORPORATED,-117.28720984,33.83722584
90187936,2016,2016-05-26,9840,2016-05-09,0655,016285,NA,1,1,7,3313,0,1,3,NA,2,021,STATE ROUTE 91 E/B,MADISON STREET,660,W,N,A,-,Y,NA,NA,NA,NA,NA,NA,NA,NA,NA,Y,4,0,1,2,A,-,03,22350,NA,N,C,C,A,A,H,-,A,D,0,NA,NA,NA,NA,Y,NA,D,22,0,0,1,0,0,0,0,0,0,-,-,33.93259,-117.40222,RIVERSIDE,RIVERSIDE,-117.40662118,33.93477962
90190023,2016,2016-05-31,9840,2016-05-08,1047,018383,NA,7,1,6,3315,0,1,3,NA,2,311,SR-91 W/B,I-15,1784,W,N,B,-,Y,NA,NA,91,NA,NA,NA,NA,NA,W,Y,4,0,5,3,A,-,03,22350,NA,N,C,C,A,A,D,E,A,D,0,NA,NA,NA,NA,Y,NA,D,22,0,0,5,0,0,0,0,0,0,-,-,33.88001,-117.55341,RIVERSIDE,CORONA,-117.55345041,33.8801484
90191070,2016,2016-05-31,9840,2016-05-08,1510,017037,NA,7,2,6,3315,0,1,1,NA,2,032,I-15 S/B TO SR-91 W/B,PARKRIDGE AVE.,2600,S,N,B,-,Y,NA,NA,NA,NA,NA,NA,NA,NA,NA,N,4,0,1,3,A,-,03,22350,NA,N,C,C,A,A,H,-,A,D,0,NA,NA,NA,NA,Y,NA,A,01,0,0,1,0,0,0,0,0,0,-,-,33.88059,-117.55256,RIVERSIDE,CORONA,-117.5475,33.88189
90192761,2016,2016-06-01,9685,2016-05-21,1245,015757,NA,6,1,4,3342,0,1,1,NA,2,030,I-15 S/B (TEMECULA VALLEY FWY),FRENCH VALLEY PARKWAY,2904,N,N,A,-,Y,NA,NA,15,NA,NA,NA,NA,NA,S,Y,3,0,1,2,A,-,03,22350,NA,N,C,C,A,A,H,-,A,D,0,NA,NA,Y,NA,Y,NA,A,01,0,1,0,0,0,0,0,0,1,-,-,33.53692,-117.17289,RIVERSIDE,MURRIETA,-117.17283735,33.53695516
90192973,2016,2016-06-02,9840,2016-05-16,0639,018248,NA,1,1,7,3313,0,1,3,NA,2,025,SR-60 W/B,DAY ST,1056,W,N,B,-,Y,NA,NA,60,NA,NA,NA,NA,NA,W,Y,4,0,1,2,A,-,03,22350,NA,N,B,C,A,A,H,-,A,D,0,NA,NA,NA,NA,Y,NA,D,22,0,0,1,0,0,0,0,0,0,-,-,33.94401,-117.2861,RIVERSIDE,RIVERSIDE,-117.28611364,33.9439333
90193769,2016,2016-06-03,9840,2016-05-18,1446,017504,NA,3,2,6,3315,0,1,3,NA,2,301,SR-91 E/B,GREEN RIVER RD.,1600,W,N,A,-,Y,NA,NA,91,NA,NA,NA,NA,NA,E,N,4,0,2,2,A,-,03,22350,NA,N,C,C,A,A,D,-,A,D,0,NA,NA,NA,NA,Y,NA,D,22,0,0,2,0,0,0,0,0,0,-,-,33.87238,-117.66504,RIVERSIDE,CORONA,-117.66499593,33.87231322
90193770,2016,2016-06-03,9840,2016-05-18,1103,017504,NA,3,1,6,3315,0,1,3,NA,2,030,SR-91 W/B,SERFAS CLUB DR.,3500,W,N,A,-,Y,NA,NA,91,NA,NA,NA,NA,NA,W,N,4,0,2,2,A,-,03,22350,NA,N,C,C,A,A,D,-,A,D,0,NA,NA,NA,NA,Y,NA,A,01,0,0,2,0,0,0,0,0,0,-,-,33.8824,-117.62296,RIVERSIDE,CORONA,-117.62299536,33.88228144
90194221,2016,2016-06-03,9840,2016-05-28,1820,018611,NA,6,2,6,3394,0,1,3,NA,2,025,SR-60 E/B,FREDERICK STREET,2195,E,N,A,-,Y,NA,NA,60,NA,NA,NA,NA,NA,E,Y,4,0,3,2,A,-,03,22350,NA,N,C,C,A,A,H,-,A,D,0,NA,NA,NA,NA,Y,NA,A,01,0,0,3,0,0,0,0,0,0,-,-,33.94086,-117.25265,RIVERSIDE,MORENO VALLEY,-117.25265015,33.94087132
90195294,2016,2016-06-06,9685,2016-05-23,1200,016347,NA,1,1,9,3300,0,3,5,NA,2,003,SR-79 N/B,GOLDEN STAG RANCH RD,500,N,N,A,-,Y,NA,NA,NA,NA,NA,NA,NA,NA,NA,Y,3,0,1,1,A,-,03,22350,NA,N,E,I,A,A,H,-,A,D,0,NA,NA,NA,NA,Y,NA,A,01,0,1,0,0,0,0,0,0,0,-,-,33.43305,-117.84904,RIVERSIDE,UNINCORPORATED,-116.84948634,33.4370827
90195521,2016,2016-06-07,9840,2016-05-21,1512,019242,NA,6,2,7,3313,0,1,1,NA,2,023,I-215 S/B,SR-91,200,S,N,A,-,Y,NA,NA,215,NA,NA,NA,NA,NA,S,Y,4,0,2,3,A,-,03,22350,NA,N,C,C,A,A,H,-,A,D,0,NA,NA,NA,NA,Y,NA,A,01,0,0,2,0,0,0,0,0,0,-,-,33.9903,-117.35143,RIVERSIDE,RIVERSIDE,-117.35148861,33.99017571
90196364,2016,2016-06-07,9840,2016-05-10,0015,016765,NA,2,3,6,3315,0,1,3,NA,2,030,SR-91 W/B,SERFAS CLUB DR,2000,W,N,A,-,Y,NA,NA,91,NA,NA,NA,NA,NA,W,Y,4,0,1,1,C,-,18,NA,NA,N,E,J,A,A,D,-,C,D,0,NA,NA,NA,NA,Y,NA,-,-,0,0,1,0,0,0,0,0,0,-,-,33.88001,-117.60651,RIVERSIDE,CORONA,-117.60651022,33.88000427