CASE_ID,ACCIDENT_YEAR,PROC_DATE,JURIS,COLLISION_DATE,COLLISION_TIME,OFFICER_ID,REPORTING_DISTRICT,DAY_OF_WEEK,CHP_SHIFT,POPULATION,CNTY_CITY_LOC,SPECIAL_COND,BEAT_TYPE,CHP_BEAT_TYPE,CITY_DIVISION_LAPD,CHP_BEAT_CLASS,BEAT_NUMBER,PRIMARY_RD,SECONDARY_RD,DISTANCE,DIRECTION,INTERSECTION,WEATHER_1,WEATHER_2,STATE_HWY_IND,CALTRANS_COUNTY,CALTRANS_DISTRICT,STATE_ROUTE,ROUTE_SUFFIX,POSTMILE_PREFIX,POSTMILE,LOCATION_TYPE,RAMP_INTERSECTION,SIDE_OF_HWY,TOW_AWAY,COLLISION_SEVERITY,NUMBER_KILLED,NUMBER_INJURED,PARTY_COUNT,PRIMARY_COLL_FACTOR,PCF_CODE_OF_VIOL,PCF_VIOL_CATEGORY,PCF_VIOLATION,PCF_VIOL_SUBSECTION,HIT_AND_RUN,TYPE_OF_COLLISION,MVIW,PED_ACTION,ROAD_SURFACE,ROAD_COND_1,ROAD_COND_2,LIGHTING,CONTROL_DEVICE,CHP_ROAD_TYPE,PEDESTRIAN_ACCIDENT,BICYCLE_ACCIDENT,MOTORCYCLE_ACCIDENT,TRUCK_ACCIDENT,NOT_PRIVATE_PROPERTY,ALCOHOL_INVOLVED,STWD_VEHTYPE_AT_FAULT,CHP_VEHTYPE_AT_FAULT,COUNT_SEVERE_INJ,COUNT_VISIBLE_INJ,COUNT_COMPLAINT_PAIN,COUNT_PED_KILLED,COUNT_PED_INJURED,COUNT_BICYCLIST_KILLED,COUNT_BICYCLIST_INJURED,COUNT_MC_KILLED,COUNT_MC_INJURED,PRIMARY_RAMP,SECONDARY_RAMP,LATITUDE,LONGITUDE,COUNTY,CITY,POINT_X,POINT_Y
90245713,2016,2016-08-16,9685,2016-08-12,1315,014488,NA,5,1,9,3300,0,1,3,NA,1,039,SR-79 NORTHBOUND,SAGE RD,3168,N,N,A,-,Y,NA,NA,79,NA,NA,NA,NA,NA,N,Y,3,0,1,1,A,-,03,22350,NA,N,F,J,A,A,H,-,A,D,0,NA,NA,NA,NA,Y,NA,A,01,0,1,0,0,0,0,0,0,0,-,-,33.46272,-116.92487,RIVERSIDE,UNINCORPORATED,-116.92475622,33.46307226
90249161,2016,2016-08-22,9655,2016-08-13,1505,020350,NA,6,2,9,3300,0,3,5,NA,2,001,PINE CREST AVENUE,NORTH CIRCLE DRIVE,0,NA,Y,A,-,N,NA,NA,NA,NA,NA,NA,NA,NA,NA,Y,4,0,1,2,A,-,09,21802,A,N,D,C,A,A,H,-,A,A,0,NA,NA,Y,NA,Y,NA,A,01,0,0,1,0,0,0,0,0,1,-,-,33.75274,-116.70655,RIVERSIDE,UNINCORPORATED,-116.70655009,33.7526501
90249581,2016,2016-08-22,9685,2016-08-16,1028,015654,NA,2,1,9,3300,0,1,3,NA,2,011,ORTEGA HIGHWAY (SR-74),SOUTH MAIN DIVIDE,3168,W,N,A,-,Y,NA,NA,74,NA,NA,NA,NA,NA,NA,Y,3,0,1,1,A,-,08,22107,NA,N,F,I,A,A,H,-,A,D,0,NA,NA,NA,NA,Y,NA,A,01,0,1,0,0,0,0,0,0,0,-,-,33.65761,-117.40034,RIVERSIDE,UNINCORPORATED,-117.4003407,33.6576117
90250767,2016,2016-08-23,9685,2016-08-19,1700,015360,NA,5,2,5,3335,0,1,1,NA,2,030,I-15 NORTHBOUND,WINCHESTER RD.,2640,S,N,A,-,Y,NA,NA,NA,NA,NA,NA,NA,NA,NA,Y,4,0,1,4,A,-,03,22350,NA,N,C,C,A,A,H,-,A,D,0,NA,NA,NA,NA,Y,NA,A,07,0,0,1,0,0,0,0,0,0,-,-,33.30517,-117.92652,RIVERSIDE,TEMECULA,-117.15971,33.5179
90254965,2016,2016-08-26,9630,2016-08-20,1410,019943,NA,6,2,4,3309,0,1,1,NA,2,022,I-10 E/B,JEFFERSON ST,745,E,N,A,-,Y,NA,NA,10,NA,NA,NA,NA,NA,E,Y,4,0,2,2,A,-,08,22107,NA,N,E,I,A,A,D,-,A,D,0,NA,NA,NA,NA,Y,NA,A,01,0,0,2,0,0,0,0,0,0,-,-,33.75,-116.2704,RIVERSIDE,INDIO,-116.27044322,33.74979287
90255243,2016,2016-08-29,9840,2016-08-15,0833,017441,NA,1,1,9,3300,0,2,4,NA,2,043,RAMONA EXPRESSWAY,BERNASCONI RD,4625,W,N,A,-,N,NA,NA,NA,NA,NA,NA,NA,NA,NA,Y,4,0,1,1,A,-,08,22107,NA,N,E,J,A,A,H,-,A,D,0,NA,NA,NA,NA,Y,NA,D,22,0,0,1,0,0,0,0,0,0,-,-,33.82991,-117.16466,RIVERSIDE,UNINCORPORATED,-117.1646836,33.83028065
9025695,2020,2020-03-13,3300,2020-01-10,1018,N6957,45B1,5,5,3,3392,0,0,0,NA,0,LA45,HIGHWAY 111,LA QUINTA DR,578,E,N,A,-,N,NA,NA,NA,NA,NA,NA,NA,NA,NA,Y,2,0,2,2,A,-,07,21658,NA,N,B,C,A,A,H,-,A,D,0,NA,NA,NA,NA,Y,NA,A,01,1,0,1,0,0,0,0,0,0,-,-,NA,NA,RIVERSIDE,LA QUINTA,-116.27989196777344,33.70737075805664
90257443,2016,2016-08-31,9655,2016-08-22,0726,013757,NA,1,1,9,3300,0,3,5,NA,2,003,MAYBERRY AVE.,NAOMI DR.,80,E,N,A,-,N,NA,NA,NA,NA,NA,NA,NA,NA,NA,N,4,0,1,2,A,-,03,22350,NA,N,C,C,A,A,H,-,A,D,0,NA,NA,NA,NA,Y,NA,A,07,0,0,1,0,0,0,0,0,0,-,-,33.74046,-116.92935,RIVERSIDE,UNINCORPORATED,-116.92960784,33.7404646
90258443,2016,2016-09-01,9840,2016-08-19,0220,019844,NA,5,3,7,3313,0,1,3,NA,2,021,SR-91 W/B,CENTRAL AVE.,50,W,N,A,-,Y,NA,NA,91,NA,NA,NA,NA,NA,W,Y,3,0,1,1,A,-,01,23152,F,N,E,I,A,A,H,-,D,D,0,NA,NA,NA,NA,Y,Y,A,01,0,1,0,0,0,0,0,0,0,-,-,33.95437,-117.3828,RIVERSIDE,RIVERSIDE,-117.38293401,33.95452115
90258941,2016,2016-09-01,9840,2016-08-13,2354,019527,NA,6,3,9,3300,0,1,1,NA,2,022,I-215 S/B,CENTER ST,1200,S,N,A,-,Y,NA,NA,215,NA,NA,NA,NA,NA,S,Y,3,0,4,3,A,-,08,22107,NA,N,B,C,A,A,H,-,C,D,0,NA,NA,NA,NA,Y,NA,-,-,0,1,3,0,0,0,0,0,0,-,-,34.00984,-117.34652,RIVERSIDE,UNINCORPORATED,-117.34645882,34.00979915
90259611,2016,2016-09-28,9840,2016-08-20,1210,017765,NA,6,1,7,3313,0,1,3,NA,2,010,SR-60 W/B,MAIN STREET,875,W,N,A,-,Y,NA,NA,60,NA,NA,NA,NA,NA,W,Y,3,0,2,3,A,-,08,22107,NA,N,B,C,A,A,H,-,A,D,0,NA,NA,NA,Y,Y,NA,D,22,0,1,1,0,0,0,0,0,0,-,-,33.99804,-117.36824,RIVERSIDE,RIVERSIDE,-117.36825799,33.99799388
90260026,2016,2016-09-02,9840,2016-09-01,1220,017765,NA,4,1,9,3300,0,1,1,NA,2,040,I-215 N/B,VAN BUREN BLVD,275,S,N,A,-,Y,NA,NA,215,NA,NA,NA,NA,NA,N,Y,4,0,2,3,A,-,08,22107,NA,N,B,C,A,A,H,-,A,D,0,NA,NA,NA,NA,Y,NA,D,22,0,0,2,0,0,0,0,0,0,-,-,33.88569,-117.26895,RIVERSIDE,UNINCORPORATED,-117.26913731,33.88563874
90260496,2016,2016-09-05,9655,2016-09-03,1900,018677,NA,6,2,9,3300,0,3,5,NA,2,003,ACACIA AVENUE,COLUMBIA STREET,0,NA,Y,A,-,N,NA,NA,NA,NA,NA,NA,NA,NA,NA,Y,4,0,1,2,A,-,21,22106,NA,N,D,C,A,A,H,-,B,A,0,NA,NA,NA,NA,Y,NA,A,01,0,0,1,0,0,0,0,0,0,-,-,33.74457,-116.94553,RIVERSIDE,UNINCORPORATED,-116.9456001,33.7440101
90262012,2016,2016-09-06,9840,2016-08-30,0550,017481,NA,2,3,7,3313,0,1,1,NA,2,022,I-215 N/B,COLUMBIA AVENUE,1000,S,N,A,-,Y,NA,NA,215,NA,NA,NA,NA,NA,N,Y,4,0,2,4,A,-,03,22350,NA,N,C,C,A,A,H,-,A,D,0,NA,NA,NA,NA,Y,NA,A,01,0,0,2,0,0,0,0,0,0,-,-,33.99869,-117.35325,RIVERSIDE,RIVERSIDE,-117.3535155,33.99887177
90262296,2016,2016-09-06,9840,2016-08-28,1540,019242,NA,7,2,7,3313,0,1,1,NA,2,023,I-215 S/B TO BLAINE ST,BLAINE ST,75,N,N,A,-,Y,NA,NA,NA,NA,NA,NA,NA,NA,NA,N,4,0,1,2,A,-,21,22106,NA,N,C,C,A,A,H,-,A,A,0,NA,NA,NA,NA,Y,NA,A,01,0,0,1,0,0,0,0,0,0,-,-,33.94092,-117.2704,RIVERSIDE,RIVERSIDE,NA,NA
90264114,2016,2016-09-08,9840,2016-09-07,0728,012608,NA,3,1,6,3345,0,1,3,NA,2,010,SR-60 W/B,HALL AVE,100,W,N,A,-,Y,NA,NA,60,NA,NA,NA,NA,NA,W,Y,3,0,2,3,A,-,03,22350,NA,N,C,C,A,A,H,-,A,D,0,NA,NA,NA,NA,Y,NA,A,01,0,1,1,0,0,0,0,0,0,-,-,34.00519,-117.3937,RIVERSIDE,JURUPA VALLEY,-117.39370377,34.00524022
90264905,2016,2016-09-09,9685,2016-09-01,0252,015800,NA,4,3,9,3300,0,3,5,NA,2,003,SR-79,CROSLEY TRUCK TRAIL,77,E,N,A,-,N,NA,NA,79,NA,NA,NA,NA,NA,NA,Y,2,0,3,2,A,-,05,21460,A,N,A,C,A,A,H,-,D,D,0,NA,NA,NA,NA,Y,NA,A,01,1,0,2,0,0,0,0,0,0,-,-,33.46911,-116.93794,RIVERSIDE,UNINCORPORATED,-116.93793525,33.46913402
90265078,2016,2016-09-12,9840,2016-08-12,0040,019527,NA,5,3,7,3313,0,1,3,NA,2,021,SR-91 E/B,CENTRAL AVE,700,W,N,A,-,Y,NA,NA,91,NA,NA,NA,NA,NA,E,N,4,0,1,2,A,-,08,22107,NA,M,B,C,A,A,H,-,C,D,0,NA,NA,NA,NA,Y,NA,A,01,0,0,1,0,0,0,0,0,0,-,-,33.95299,-117.38462,RIVERSIDE,RIVERSIDE,-117.38433598,33.95278682
90266205,2016,2016-09-13,9655,2016-09-04,2055,018336,NA,7,2,9,3300,0,3,5,NA,2,002,SEMINOLE DRIVE,MALKI ROAD,20,W,N,A,-,N,NA,NA,NA,NA,NA,NA,NA,NA,NA,N,4,0,1,3,A,-,03,22350,NA,N,C,C,A,A,H,-,C,D,0,NA,NA,NA,NA,Y,NA,A,07,0,0,1,0,0,0,0,0,0,-,-,33.93161,-116.8215,RIVERSIDE,UNINCORPORATED,-116.82152197,33.93162817
90268186,2016,2016-09-15,9685,2016-09-03,1200,013006,NA,6,1,4,3342,0,1,1,NA,2,034,I-215 S/B,LOS ALAMOS ROAD,2112,N,N,A,-,Y,NA,NA,NA,NA,NA,NA,NA,NA,NA,N,4,0,1,3,A,-,03,22350,NA,N,C,C,A,A,H,-,A,D,0,NA,NA,NA,NA,Y,NA,E,22,0,0,1,0,0,0,0,0,0,-,-,33.34436,-117.10518,RIVERSIDE,MURRIETA,-117.18102184,33.57863533
90268359,2016,2016-09-15,9630,2016-09-09,1552,020061,NA,5,2,9,3300,0,1,3,NA,2,015,SR-62 E/B,DILLON RD,30,W,N,A,-,Y,NA,NA,62,NA,NA,NA,NA,NA,E,N,4,0,1,2,A,-,03,22350,NA,N,C,C,A,A,H,-,A,A,0,NA,NA,NA,NA,Y,NA,A,01,0,0,1,0,0,0,0,0,0,-,-,33.92547,-116.60004,RIVERSIDE,UNINCORPORATED,-116.59992805,33.92544195
90270517,2016,2016-09-19,9840,2016-08-31,1920,020453,NA,3,2,6,3315,0,1,3,NA,2,030,SR-91 W/B,GREEN RIVER RD,5280,W,N,A,-,Y,NA,NA,91,NA,NA,NA,NA,NA,W,Y,2,0,6,2,A,-,08,22107,NA,N,E,I,A,A,H,-,A,D,0,NA,NA,NA,NA,Y,NA,A,01,1,4,1,0,0,0,0,0,0,-,-,33.87066,-117.66943,RIVERSIDE,CORONA,-117.66940838,33.8705949
9027079,2020,2020-06-05,3309,2020-02-01,1148,191,3309,6,5,4,3309,0,0,0,NA,0,001,INDIO BL,OASIS ST,99,E,N,-,-,N,NA,NA,NA,NA,NA,NA,NA,NA,NA,Y,4,0,1,2,A,-,03,22350,NA,N,C,C,A,A,H,-,A,A,0,NA,NA,NA,NA,Y,NA,D,22,0,0,1,0,0,0,0,0,0,-,-,NA,NA,RIVERSIDE,INDIO,-116.22051239013672,33.72285842895508
9027095,2019,2020-03-10,3308,2019-12-25,1538,10597,555,3,5,5,3308,0,0,0,NA,0,SOUTH,SANDERSON AV,MUSTANG WY,0,NA,Y,C,-,N,NA,NA,NA,NA,NA,NA,NA,NA,NA,Y,3,0,2,2,A,-,09,21801,A,N,A,C,A,B,H,-,A,A,0,NA,NA,NA,NA,Y,NA,A,01,0,1,1,0,0,0,0,0,0,-,-,33.72079849243164,-117.006591796875,RIVERSIDE,HEMET,-117.00662994384766,33.72080993652344
90271107,2016,2016-09-20,9840,2016-08-09,0652,012608,NA,2,1,6,3345,0,1,3,NA,2,010,SR-60 E/B TO COUNTRY VILLAGE ROAD,COUNTRY VILLAGE RD,433,W,N,B,-,Y,NA,NA,NA,NA,NA,NA,NA,NA,NA,N,3,0,2,2,A,-,03,22350,NA,N,C,C,A,A,H,-,A,A,0,NA,NA,NA,NA,Y,NA,A,01,0,1,1,0,0,0,0,0,0,-,-,34.01835,-117.40786,RIVERSIDE,JURUPA VALLEY,-117.50808382,34.01867307
9027146,2020,2020-03-03,3315,2020-01-09,0924,003718,10C,4,5,6,3315,0,0,0,NA,0,002,6TH ST,EL CAMINO AV,0,NA,Y,A,-,N,NA,NA,NA,NA,NA,NA,NA,NA,NA,Y,4,0,2,2,A,-,12,21453,A,N,D,C,A,A,H,-,A,A,0,NA,NA,NA,NA,Y,NA,D,22,0,0,2,0,0,0,0,0,0,-,-,33.87260055541992,-117.53987121582033,RIVERSIDE,CORONA,-117.54039764404295,33.87424087524414
90272682,2016,2016-09-21,9840,2016-09-10,2125,020161,NA,6,2,6,3345,0,1,3,NA,2,010,SR-60 E/B,I-15 N/B,150,E,N,A,-,Y,NA,NA,60,NA,NA,NA,NA,NA,E,Y,4,0,1,1,A,-,01,23152,A,N,E,I,A,A,H,-,C,D,0,NA,NA,NA,NA,Y,Y,D,22,0,0,1,0,0,0,0,0,0,-,-,34.02135,-117.54944,RIVERSIDE,JURUPA VALLEY,-117.54942712,34.02139494
90272920,2016,2016-09-21,9840,2016-09-08,0800,013500,NA,4,1,7,3313,0,1,3,NA,2,021,SR-91 E/B,MADISON ST.,300,E,N,B,-,Y,NA,NA,91,NA,NA,NA,NA,NA,E,Y,4,0,1,2,A,-,03,22350,NA,N,C,C,A,A,H,-,A,D,0,NA,NA,NA,NA,Y,NA,A,01,0,0,1,0,0,0,0,0,0,-,-,33.93625,-117.40384,RIVERSIDE,RIVERSIDE,-117.40389692,33.93635157
90273018,2016,2016-09-21,9840,2016-09-21,0912,015705,NA,3,1,7,3313,0,1,1,NA,2,023,I-215 N/B,CENTRAL AVE.,40,S,N,A,-,Y,NA,NA,NA,NA,NA,NA,NA,NA,NA,Y,4,0,1,3,A,-,03,22350,NA,N,C,C,A,A,H,-,A,D,0,NA,NA,NA,Y,Y,NA,D,22,0,0,1,0,0,0,0,0,0,-,-,33.95823,-117.31012,RIVERSIDE,RIVERSIDE,NA,NA
90273777,2016,2016-09-22,9655,2016-09-17,1531,014421,NA,6,2,4,3301,0,1,1,NA,2,204,I-10 EASTBOUND,SUNSET AVE,3850,W,N,A,-,Y,NA,NA,NA,NA,NA,NA,NA,NA,NA,Y,3,0,2,2,A,-,08,22107,NA,N,C,C,A,A,H,-,A,D,0,NA,NA,NA,Y,Y,NA,F,26,0,2,0,0,0,0,0,0,0,-,-,33.92448,-116.92448,RIVERSIDE,BANNING,-116.92426869,33.92590618
90274307,2016,2016-09-23,9840,2016-08-17,2022,018849,NA,3,2,9,3300,0,3,5,NA,2,003,KNABE RD.,CLAYSTONE AVE,50,S,N,A,-,N,NA,NA,NA,NA,NA,NA,NA,NA,NA,Y,2,0,1,3,A,-,01,23152,A,N,B,C,A,A,H,-,C,A,0,NA,NA,NA,NA,Y,Y,A,07,1,0,0,0,0,0,0,0,0,-,-,33.47215,-117.29561,RIVERSIDE,UNINCORPORATED,-117.49907891,33.78911558
90274329,2016,2016-09-23,9840,2016-09-20,2020,017399,NA,2,2,9,3300,0,3,5,NA,2,003,TEMESCAL CANYON ROAD,HOSTETTLER ROAD,1050,S,N,A,-,Y,NA,NA,NA,NA,NA,NA,NA,NA,NA,Y,2,0,1,2,A,-,03,22350,NA,N,D,C,A,A,H,-,D,D,0,NA,NA,NA,Y,Y,NA,A,01,1,0,0,0,0,0,0,0,0,-,-,33.73206,-117.40738,RIVERSIDE,UNINCORPORATED,-117.40743538,33.73202004
90276316,2016,2016-09-26,9685,2016-09-18,0325,014676,NA,7,3,5,3335,0,1,1,NA,2,030,I-15 N/B TO TEMECULA PARKWAY,TEMECULA PARKWAY,20,N,N,A,-,Y,NA,NA,15,NA,NA,NA,R,NA,N,Y,4,0,1,2,A,-,01,23152,A,N,C,C,A,A,H,-,C,A,0,NA,NA,NA,NA,Y,Y,A,01,0,0,1,0,0,0,0,0,0,-,-,33.48,-117.13955,RIVERSIDE,TEMECULA,-117.13955,33.48
90278201,2016,2016-09-28,9685,2016-09-21,0710,013148,NA,3,1,9,3300,0,1,3,NA,1,026,STATE ROUTE 74,RITTER AVENUE,20,W,N,A,-,Y,NA,NA,74,NA,NA,NA,NA,NA,NA,Y,3,0,1,2,A,-,08,22107,NA,N,A,C,A,A,H,-,A,D,0,NA,NA,NA,NA,Y,NA,D,22,0,1,0,0,0,0,0,0,0,-,-,33.74331,-117.11017,RIVERSIDE,UNINCORPORATED,-117.11016995,33.74329939
90278361,2016,2016-09-28,9685,2016-09-22,1715,012752,NA,4,2,5,3335,0,1,1,NA,2,030,I-15 S/B,SANTIAGO ROAD,528,N,N,A,-,Y,NA,NA,NA,NA,NA,NA,NA,NA,NA,Y,4,0,2,2,A,-,08,22107,NA,N,B,C,A,A,H,-,A,D,0,NA,NA,NA,NA,Y,NA,A,01,0,0,2,0,0,0,0,0,0,-,-,33.29327,-117.84264,RIVERSIDE,TEMECULA,-117.14492368,33.49173334
90279493,2016,2016-09-29,9840,2016-09-23,1240,018611,NA,5,1,6,3315,0,1,3,NA,2,030,SR-91 W/B,SMITH AVENUE,30,W,N,A,-,Y,NA,NA,91,NA,NA,NA,NA,NA,W,Y,4,0,1,1,A,-,08,22107,NA,N,E,I,A,A,D,E,A,D,0,NA,NA,NA,NA,Y,NA,A,01,0,0,1,0,0,0,0,0,0,-,-,33.88172,-117.59376,RIVERSIDE,CORONA,-117.5937781,33.88183054
90280802,2016,2016-09-30,9685,2016-09-16,2308,009983,NA,5,3,4,3312,0,1,1,NA,2,020,I-215 SOUTHBOUND,SR-74 (LOWER),3168,N,N,A,-,Y,NA,NA,NA,NA,NA,NA,NA,NA,NA,Y,4,0,1,3,A,-,07,21658,A,M,E,I,A,A,H,-,D,D,0,NA,NA,NA,NA,Y,NA,D,22,0,0,1,0,0,0,0,0,0,-,-,33.76477,-117.7896,RIVERSIDE,PERRIS,-117.1898675,33.75834293
9028084,2019,2020-01-31,3300,2019-11-07,0815,N4508,920H,4,5,4,3314,0,0,0,NA,0,074,BERGINGER DR,WASHINGTON AV,144,S,N,A,-,N,NA,NA,NA,NA,NA,NA,NA,NA,NA,N,3,0,1,2,B,-,22,NA,NA,N,D,E,A,A,H,-,A,D,0,NA,NA,NA,NA,Y,NA,D,22,0,1,0,0,0,0,0,0,0,-,-,33.7651481628418,-116.94165802001952,RIVERSIDE,SAN JACINTO,-116.941636,33.764827
90283738,2016,2016-10-04,9840,2016-09-28,1038,018248,NA,3,1,9,3300,0,2,4,NA,2,042,VAN BUREN BLVD,PORTER AVE,10,W,N,A,-,N,NA,NA,NA,NA,NA,NA,NA,NA,NA,N,4,0,1,2,A,-,03,22350,NA,N,C,C,A,A,H,-,A,A,0,NA,NA,NA,NA,Y,NA,A,01,0,0,1,0,0,0,0,0,0,-,-,33.88218,-117.35755,RIVERSIDE,UNINCORPORATED,-117.35746285,33.8824499
90286282,2016,2016-10-07,9840,2016-09-25,0134,018949,NA,7,3,6,3315,0,1,3,NA,2,030,SR-91 W/B,SR-71,500,E,N,A,-,Y,NA,NA,91,NA,NA,NA,NA,NA,W,Y,4,0,1,1,A,-,01,23152,F,N,E,J,A,A,D,-,D,A,0,NA,NA,NA,NA,Y,NA,A,01,0,0,1,0,0,0,0,0,0,-,-,33.88378,-117.64046,RIVERSIDE,CORONA,-117.6404472,33.88372792
90286479,2016,2016-10-07,9840,2016-10-05,1640,016853,NA,3,2,7,3313,0,1,1,NA,2,023,I-215 N/B,UNIVERSITY AVE,200,N,N,A,-,Y,NA,NA,NA,NA,NA,NA,NA,NA,NA,N,4,0,1,2,A,-,03,22350,NA,N,C,C,A,A,H,-,A,D,0,NA,NA,NA,NA,Y,NA,A,01,0,0,1,0,0,0,0,0,0,-,-,33.9819,-117.3698,RIVERSIDE,RIVERSIDE,NA,NA
90286828,2016,2016-10-07,9840,2016-09-30,1604,019719,NA,5,2,7,3313,0,1,3,NA,2,021,SR-91 W/B,ARLINGTON AVENUE,2000,W,N,A,-,Y,NA,NA,91,NA,NA,NA,NA,NA,W,N,4,0,1,2,A,-,03,22350,NA,N,C,C,A,A,H,-,A,D,0,NA,NA,NA,NA,Y,NA,A,01,0,0,1,0,0,0,0,0,0,-,-,33.9453,-117.39032,RIVERSIDE,RIVERSIDE,-117.39032574,33.94530818
90289096,2016,2016-10-11,9630,2016-10-08,1635,020061,NA,6,2,9,3300,0,3,5,NA,2,002,MOUNTAIN VIEW RD,DILLON RD,1056,N,N,A,-,N,NA,NA,NA,NA,NA,NA,NA,NA,NA,Y,4,0,1,1,A,-,08,22107,NA,N,E,I,A,A,H,-,A,D,0,NA,NA,NA,NA,Y,NA,A,01,0,0,1,0,0,0,0,0,0,-,-,33.92768,-116.47564,RIVERSIDE,UNINCORPORATED,-116.47564543,33.92784992
90289853,2016,2016-10-12,9655,2016-10-05,1437,017263,NA,3,2,9,3300,0,3,5,NA,2,003,WHITTIER AVE,DARTMOUTH ST,15,E,N,A,-,N,NA,NA,NA,NA,NA,NA,NA,NA,NA,N,4,0,1,2,A,-,09,21804,A,N,D,G,A,A,H,-,A,A,0,NA,Y,NA,NA,Y,NA,L,04,0,0,1,0,0,0,1,0,0,-,-,33.73665,-117.93685,RIVERSIDE,UNINCORPORATED,-116.93680084,33.73681011
90291458,2016,2016-10-13,9840,2016-10-02,1935,019844,NA,7,2,9,3300,0,3,5,NA,2,004,BROWN ST,OAKWOOD ST.,0,NA,Y,A,-,N,NA,NA,NA,NA,NA,NA,NA,NA,NA,N,2,0,1,2,C,-,18,NA,NA,N,H,H,A,A,H,-,D,A,0,NA,NA,NA,NA,Y,NA,-,-,1,0,0,0,0,0,0,0,0,-,-,33.8335,-117.29634,RIVERSIDE,UNINCORPORATED,-117.29637001,33.83348001
90292537,2016,2016-10-17,9655,2016-10-13,2110,019234,NA,4,2,9,3300,0,3,5,NA,2,002,CHERRY VALLEY BLVD.,CALIMESA BLVD.,0,NA,Y,A,-,N,NA,NA,NA,NA,NA,NA,NA,NA,NA,Y,3,0,1,1,A,-,01,23152,A,N,E,I,A,A,H,-,C,A,0,NA,NA,NA,NA,Y,Y,A,01,0,1,0,0,0,0,0,0,0,-,-,33.96842,-117.03352,RIVERSIDE,UNINCORPORATED,-117.03371004,33.96847004
90294518,2016,2016-10-18,9840,2016-10-07,1928,020723,NA,5,2,7,3313,0,1,1,NA,2,023,I-215 N/B,FAIR ISLE DR,2640,N,N,A,-,Y,NA,NA,215,NA,NA,NA,NA,NA,N,Y,4,0,1,3,A,-,08,22107,NA,N,B,C,A,A,H,-,C,D,0,NA,NA,NA,NA,Y,NA,A,01,0,0,1,0,0,0,0,0,0,-,-,33.95429,-117.30452,RIVERSIDE,RIVERSIDE,-117.30463734,33.95419913
9029463,2020,2020-04-08,3313,2020-01-11,1419,1831,5,6,5,7,3313,0,0,0,NA,0,T45,CYPRESS AV,WARREN ST,115,E,N,A,-,N,NA,NA,NA,NA,NA,NA,NA,NA,NA,N,4,0,1,2,A,-,03,22350,NA,N,C,D,A,A,H,-,A,D,0,NA,NA,NA,NA,Y,NA,D,22,0,0,1,0,0,0,0,0,0,-,-,33.94300842285156,-117.46005249023438,RIVERSIDE,RIVERSIDE,-117.45986938476563,33.94283676147461
9029467,2020,2020-04-01,3313,2020-01-09,1517,1831,5,4,5,7,3313,0,0,0,NA,0,T45,VICTORIA AV,MYERS ST,0,NA,Y,A,-,N,NA,NA,NA,NA,NA,NA,NA,NA,NA,N,3,0,4,2,A,-,09,21802,A,N,B,D,A,A,H,-,A,A,0,NA,NA,Y,NA,Y,NA,C,06,0,1,3,0,0,0,0,0,1,-,-,33.902679443359375,-117.43740081787108,RIVERSIDE,RIVERSIDE,-117.43756866455078,33.902679443359375
9029495,2020,2020-02-15,3313,2020-01-11,0908,1937,1,6,5,7,3313,0,0,0,NA,0,2R15,JURUPA AV,PALM AV,0,NA,Y,A,-,N,NA,NA,NA,NA,NA,NA,NA,NA,NA,NA,4,0,2,4,A,-,12,21453,A,N,D,C,A,A,H,-,A,A,0,NA,NA,NA,NA,Y,NA,A,01,0,0,2,0,0,0,0,0,0,-,-,33.95996856689453,-117.40097808837892,RIVERSIDE,RIVERSIDE,-117.4010772705078,33.961029052734375
90295420,2016,2016-10-19,9840,2016-10-04,0830,016285,NA,2,1,9,3300,0,3,5,NA,2,004,EL SOBRANTE ROAD,MOCKINGBIRD CANYON ROAD,3168,E,N,A,-,N,NA,NA,NA,NA,NA,NA,NA,NA,NA,Y,2,0,1,1,A,-,03,22350,NA,N,F,A,A,A,H,-,A,D,0,NA,NA,NA,NA,Y,NA,A,07,1,0,0,0,0,0,0,0,0,-,-,33.83347,-117.36805,RIVERSIDE,UNINCORPORATED,-117.36904334,33.83920791
90296949,2016,2016-10-20,9630,2016-10-14,2345,020645,NA,5,3,9,3300,0,1,1,NA,2,021,I-10 W/B,MONTEREY AVE,1584,E,N,A,-,Y,NA,NA,10,NA,NA,NA,NA,NA,W,Y,4,0,2,1,A,-,01,23152,A,N,E,I,A,A,H,-,D,D,0,NA,NA,NA,NA,Y,Y,A,01,0,0,2,0,0,0,0,0,0,-,-,33.80337,-116.38327,RIVERSIDE,UNINCORPORATED,-116.38326893,33.80337138
90297220,2016,2016-10-20,9685,2016-10-16,1500,015757,NA,7,2,5,3335,0,1,1,NA,2,030,I-15 S/B (TEMECULA VALLEY FWY),TEMECULA PARKWAY,3168,N,N,A,-,Y,NA,NA,15,NA,NA,NA,NA,NA,S,N,4,0,2,2,A,-,03,22350,NA,N,C,C,A,A,H,-,A,D,0,NA,NA,NA,Y,Y,NA,F,26,0,0,2,0,0,0,0,0,0,-,-,33.4815,-117.1415,RIVERSIDE,TEMECULA,-117.14125822,33.4815858
90297284,2016,2016-10-20,9840,2016-10-15,1510,019361,NA,6,2,9,3300,0,3,5,NA,2,003,VIA DEL RIO,PASEO GRANDE,0,NA,Y,A,-,N,NA,NA,NA,NA,NA,NA,NA,NA,NA,N,4,0,2,2,A,-,12,22450,A,N,D,C,A,A,H,-,A,A,0,NA,NA,NA,NA,Y,NA,A,01,0,0,2,0,0,0,0,0,0,-,-,33.87433,-117.60439,RIVERSIDE,UNINCORPORATED,-117.6043801,33.87429007
90297919,2016,2016-10-21,9840,2016-10-07,0646,017504,NA,5,1,9,3300,0,2,4,NA,2,045,ALEXANDER ST.,CAJALCO RD.,0,NA,Y,A,-,N,NA,NA,NA,NA,NA,NA,NA,NA,NA,Y,4,0,1,2,A,-,17,21451,A,N,A,C,A,A,H,-,A,A,0,NA,NA,NA,NA,Y,NA,A,01,0,0,1,0,0,0,0,0,0,-,-,33.83694,-117.30509,RIVERSIDE,UNINCORPORATED,-117.30510007,33.83704002