CASE_ID,ACCIDENT_YEAR,PROC_DATE,JURIS,COLLISION_DATE,COLLISION_TIME,OFFICER_ID,REPORTING_DISTRICT,DAY_OF_WEEK,CHP_SHIFT,POPULATION,CNTY_CITY_LOC,SPECIAL_COND,BEAT_TYPE,CHP_BEAT_TYPE,CITY_DIVISION_LAPD,CHP_BEAT_CLASS,BEAT_NUMBER,PRIMARY_RD,SECONDARY_RD,DISTANCE,DIRECTION,INTERSECTION,WEATHER_1,WEATHER_2,STATE_HWY_IND,CALTRANS_COUNTY,CALTRANS_DISTRICT,STATE_ROUTE,ROUTE_SUFFIX,POSTMILE_PREFIX,POSTMILE,LOCATION_TYPE,RAMP_INTERSECTION,SIDE_OF_HWY,TOW_AWAY,COLLISION_SEVERITY,NUMBER_KILLED,NUMBER_INJURED,PARTY_COUNT,PRIMARY_COLL_FACTOR,PCF_CODE_OF_VIOL,PCF_VIOL_CATEGORY,PCF_VIOLATION,PCF_VIOL_SUBSECTION,HIT_AND_RUN,TYPE_OF_COLLISION,MVIW,PED_ACTION,ROAD_SURFACE,ROAD_COND_1,ROAD_COND_2,LIGHTING,CONTROL_DEVICE,CHP_ROAD_TYPE,PEDESTRIAN_ACCIDENT,BICYCLE_ACCIDENT,MOTORCYCLE_ACCIDENT,TRUCK_ACCIDENT,NOT_PRIVATE_PROPERTY,ALCOHOL_INVOLVED,STWD_VEHTYPE_AT_FAULT,CHP_VEHTYPE_AT_FAULT,COUNT_SEVERE_INJ,COUNT_VISIBLE_INJ,COUNT_COMPLAINT_PAIN,COUNT_PED_KILLED,COUNT_PED_INJURED,COUNT_BICYCLIST_KILLED,COUNT_BICYCLIST_INJURED,COUNT_MC_KILLED,COUNT_MC_INJURED,PRIMARY_RAMP,SECONDARY_RAMP,LATITUDE,LONGITUDE,COUNTY,CITY,POINT_X,POINT_Y
90409750,2017,2017-03-10,9840,2017-02-22,0320,018849,NA,3,3,6,3315,0,1,1,NA,2,034,I-15 S/B,ONTARIO AVE,200,S,N,A,-,Y,NA,NA,NA,NA,NA,NA,NA,NA,NA,Y,3,0,1,2,A,-,03,22350,NA,N,C,C,A,A,H,-,D,D,0,NA,NA,NA,Y,Y,NA,A,01,0,1,0,0,0,0,0,0,0,-,-,33.50351,-117.32675,RIVERSIDE,CORONA,-117.53511204,33.84345213
90413727,2017,2017-03-16,9840,2017-03-08,1810,020723,NA,3,2,6,3394,0,1,3,NA,2,025,SR-60 E/B,DAY ST,900,E,N,A,-,Y,NA,NA,60,NA,NA,NA,NA,NA,E,N,4,0,1,3,A,-,03,22350,NA,N,C,C,A,A,H,-,C,D,0,NA,NA,NA,NA,Y,NA,D,22,0,0,1,0,0,0,0,0,0,-,-,33.94142,-117.27333,RIVERSIDE,MORENO VALLEY,-117.27330738,33.94155442
90413893,2017,2017-03-16,9840,2017-03-14,0610,016853,NA,2,1,9,3300,0,1,1,NA,2,024,I-215 N/B,EUCALYPTUS AVE,550,S,N,A,-,Y,NA,NA,NA,NA,NA,NA,NA,NA,NA,N,4,0,1,2,A,-,03,22350,NA,N,C,C,A,A,H,-,B,D,0,NA,NA,NA,NA,Y,NA,D,22,0,0,1,0,0,0,0,0,0,-,-,33.55856,-117.17108,RIVERSIDE,UNINCORPORATED,-117.2882528,33.93007634
90414533,2017,2017-03-17,9685,2017-02-07,2345,015800,NA,2,3,9,3300,0,1,3,NA,1,012,SR-74,KIMES LN.,125,E,N,C,-,N,NA,NA,NA,NA,NA,NA,NA,NA,NA,N,1,1,0,2,A,-,08,22107,NA,F,G,B,E,B,H,-,D,D,0,Y,NA,NA,NA,Y,NA,-,99,0,0,0,1,0,0,0,0,0,-,-,33.44228,-117.1714,RIVERSIDE,UNINCORPORATED,-117.28750879,33.7334339
90417964,2017,2017-03-22,9840,2017-03-16,0844,017546,NA,4,1,9,3300,0,3,5,NA,2,004,HANSEN AVENUE,NUEVO ROAD,150,N,N,A,-,N,NA,NA,NA,NA,NA,NA,NA,NA,NA,Y,4,0,1,2,A,-,09,21804,A,N,D,C,A,A,H,-,A,D,0,NA,NA,NA,NA,Y,NA,A,08,0,0,1,0,0,0,0,0,0,-,-,33.79977,-117.11657,RIVERSIDE,UNINCORPORATED,-117.11660162,33.79962079
90418491,2017,2017-03-23,9840,2017-03-18,2240,019844,NA,6,3,7,3313,0,1,1,NA,2,022,I-215 S/B TO COLUMBIA AVE.,COLUMBIA AVE.,465,N,N,A,-,Y,NA,NA,215,NA,NA,NA,R,NA,S,Y,4,0,1,1,A,-,08,22107,NA,N,E,I,A,A,H,-,C,D,0,NA,NA,NA,NA,Y,NA,A,01,0,0,1,0,0,0,0,0,0,-,-,34.0025,-117.35162,RIVERSIDE,RIVERSIDE,-117.35162,34.0025
90418497,2017,2017-03-23,9840,2017-03-18,1514,019893,NA,6,2,7,3313,0,1,1,NA,2,231,I-215 S/B,SR-91,400,S,N,A,-,Y,NA,NA,215,NA,NA,NA,NA,NA,S,Y,3,0,1,1,A,-,08,22107,NA,N,F,A,A,A,H,-,A,D,0,NA,NA,Y,NA,Y,NA,C,02,0,1,0,0,0,0,0,0,1,-,-,33.99175,-117.35403,RIVERSIDE,RIVERSIDE,-117.35423729,33.99141531
90418855,2017,2017-03-23,9840,2017-03-16,1530,014868,NA,4,2,6,3345,0,1,1,NA,2,011,I-15 S/B,SR-60,2640,N,N,A,-,Y,NA,NA,15,NA,NA,NA,NA,NA,S,Y,4,0,1,2,A,-,03,22350,NA,N,C,C,A,A,H,-,A,D,0,NA,NA,NA,NA,Y,NA,D,22,0,0,1,0,0,0,0,0,0,-,-,33.9791,-117.54906,RIVERSIDE,JURUPA VALLEY,-117.54906794,33.9791
90421484,2017,2017-03-27,9840,2017-02-26,0400,017882,NA,7,3,4,3310,0,1,1,NA,2,011,I-15 N/B,6TH ST.,1500,N,N,B,C,Y,NA,NA,NA,NA,NA,NA,NA,NA,NA,Y,4,0,1,3,A,-,01,23152,A,N,E,I,A,B,H,-,C,D,0,NA,NA,NA,NA,Y,Y,A,01,0,0,1,0,0,0,0,0,0,-,-,33.42439,-117.84823,RIVERSIDE,NORCO,-117.55540028,33.94201759
90426412,2017,2017-04-03,9840,2017-03-12,1400,019501,NA,7,2,6,3315,0,1,3,NA,2,311,SR-91 E/B,BUCHANAN ST.,845,W,N,A,-,Y,NA,NA,NA,NA,NA,NA,NA,NA,NA,Y,2,0,1,1,A,-,03,22350,NA,N,E,J,A,A,H,-,A,D,0,NA,NA,Y,NA,Y,NA,C,02,1,0,0,0,0,0,0,0,1,-,-,33.5334,-117.3013,RIVERSIDE,CORONA,-117.50373964,33.89309966
90428832,2017,2017-04-06,9840,2017-03-30,0050,020360,NA,4,3,6,3315,0,1,1,NA,2,034,I-15 S/B TO SR-91 E/B,I-15 N/B,100,W,N,A,-,Y,NA,NA,15,NA,NA,NA,R,NA,S,Y,3,0,1,1,A,-,01,23152,A,N,E,J,A,A,H,-,C,D,0,NA,NA,NA,NA,Y,Y,D,22,0,1,0,0,0,0,0,0,0,-,-,33.88115,-117.54833000000001,RIVERSIDE,CORONA,-117.54833000000001,33.88115
90429026,2017,2017-04-06,9630,2017-03-27,1438,021416,NA,1,2,9,3300,0,1,3,NA,2,086,STATE ROUTE 86,81ST AVE,528,S,N,A,G,Y,NA,NA,86,NA,NA,NA,NA,NA,NA,Y,3,0,1,1,A,-,08,22107,NA,N,E,I,A,A,H,-,A,D,0,NA,NA,NA,NA,Y,NA,A,01,0,1,0,0,0,0,0,0,0,-,-,33.45987,-116.0907,RIVERSIDE,UNINCORPORATED,-116.09077604,33.45985035
90430112,2017,2017-04-10,9660,2017-01-05,2339,021051,NA,4,3,9,3300,0,1,2,NA,2,038,US-95 S/B,VILLA SHORES DRIVE,11616,S,N,A,G,Y,NA,NA,NA,NA,NA,NA,NA,NA,NA,Y,1,1,1,1,A,-,08,22107,NA,N,F,A,A,A,H,-,D,D,0,NA,NA,NA,NA,Y,NA,B,08,0,1,0,0,0,0,0,0,0,-,-,33.74578,-114.34932,RIVERSIDE,UNINCORPORATED,NA,NA
90430505,2017,2017-04-10,9840,2017-03-25,0750,019361,NA,6,1,9,3300,0,1,1,NA,2,040,I-215 S/B TO CAJALCO EXPRESSWAY,CAJALCO EXPRESSWAY,80,N,N,A,-,Y,NA,NA,NA,NA,NA,NA,NA,NA,NA,N,4,0,1,2,A,-,03,22350,NA,N,C,C,A,A,H,-,A,A,0,NA,NA,NA,Y,Y,NA,A,01,0,0,1,0,0,0,0,0,0,-,-,33.84135,-117.25551,RIVERSIDE,UNINCORPORATED,NA,NA
90431739,2017,2017-04-11,9840,2017-03-31,0104,018949,NA,5,3,6,3315,0,1,3,NA,2,031,SR-91 E/B TO I-15 N/B,I-15,50,W,N,A,-,Y,NA,NA,91,NA,NA,NA,R,NA,E,Y,4,0,1,1,A,-,03,22350,NA,N,F,I,A,A,H,-,C,D,0,NA,NA,NA,Y,Y,NA,G,25,0,0,1,0,0,0,0,0,0,-,-,33.88201,-117.54766,RIVERSIDE,CORONA,-117.54766,33.88201
90432617,2017,2017-04-12,9840,2017-04-01,0038,018072,NA,6,3,6,3345,0,1,1,NA,2,011,I-15 N/B,SIXTH STREET,650,N,N,A,-,Y,NA,NA,NA,NA,NA,NA,NA,NA,NA,Y,3,0,1,2,A,-,08,22107,NA,N,C,C,A,A,H,-,D,D,0,NA,NA,NA,NA,Y,NA,A,01,0,1,0,0,0,0,0,0,0,-,-,33.94377,-117.55558,RIVERSIDE,JURUPA VALLEY,-117.55563705,33.93969668
90433130,2017,2017-04-12,9840,2017-03-31,1314,014868,NA,5,1,7,3313,0,1,3,NA,2,020,SR-91 W/B,TYLER ST,1056,E,N,A,-,Y,NA,NA,91,NA,NA,NA,NA,NA,W,Y,4,0,2,3,A,-,03,22350,NA,N,C,C,A,A,H,-,A,D,0,NA,NA,NA,NA,Y,NA,A,07,0,0,2,0,0,0,0,0,0,-,-,33.90868,-117.45313,RIVERSIDE,RIVERSIDE,-117.45307041,33.90857475
90436862,2017,2017-04-18,9840,2017-04-10,0750,019361,NA,1,1,7,3313,0,1,1,NA,2,023,I-215 N/B,CENTRAL AVENUE,2640,S,N,A,-,Y,NA,NA,NA,NA,NA,NA,NA,NA,NA,N,4,0,1,2,A,-,03,22350,NA,N,C,C,A,A,H,-,A,D,0,NA,NA,NA,NA,Y,NA,A,01,0,0,1,0,0,0,0,0,0,-,-,33.955,-117.30522,RIVERSIDE,RIVERSIDE,NA,NA
90436876,2017,2017-04-18,9630,2017-04-07,0831,019807,NA,5,1,4,3309,0,1,1,NA,2,021,I-10 E/B TO MONROE ST.,MONROE ST,1056,W,N,A,-,Y,NA,NA,10,NA,NA,NA,R,NA,E,Y,2,0,2,2,A,-,03,22350,NA,N,C,C,A,A,H,-,A,D,0,NA,NA,Y,NA,Y,NA,C,02,1,1,0,0,0,0,0,0,2,-,-,33.73863,-116.23826,RIVERSIDE,INDIO,-116.23826,33.73863
90437080,2017,2017-04-18,9840,2017-04-08,0630,019361,NA,6,1,9,3300,0,3,5,NA,2,004,RIDER STREET,LEE ROAD,60,W,N,B,-,N,NA,NA,NA,NA,NA,NA,NA,NA,NA,Y,4,0,1,2,A,-,09,21804,A,N,D,C,A,A,H,-,B,D,0,NA,NA,NA,NA,Y,NA,A,01,0,0,1,0,0,0,0,0,0,-,-,33.82987,-117.29307,RIVERSIDE,UNINCORPORATED,-117.29330693,33.82986298
90437297,2017,2017-04-19,9840,2017-04-09,0850,017162,NA,7,1,6,3315,0,1,3,NA,2,311,SR-91 W/B,MCKINLEY ST,900,W,N,A,-,Y,NA,NA,91,NA,NA,NA,NA,NA,W,Y,4,0,1,1,A,-,03,22350,NA,F,E,J,A,A,H,-,A,D,0,NA,NA,Y,NA,Y,NA,C,02,0,0,1,0,0,0,0,0,1,-,-,33.8844,-117.52318,RIVERSIDE,CORONA,-117.52319171,33.88446891
90437749,2017,2017-04-19,9840,2017-04-13,1545,015705,NA,4,2,4,3344,0,1,1,NA,2,011,I-15 S/B,MISSION BLVD.,528,N,N,A,-,Y,NA,NA,15,NA,NA,NA,NA,NA,S,Y,4,0,1,3,A,-,03,22350,NA,N,C,C,A,A,H,-,A,D,0,NA,NA,NA,NA,Y,NA,A,01,0,0,1,0,0,0,0,0,0,-,-,34.03108,-117.55038,RIVERSIDE,EASTVALE,-117.55046444,34.03108061
90438216,2017,2017-04-19,9685,2017-04-13,1041,013006,NA,4,1,4,3342,0,1,1,NA,2,034,I-215 SOUTHBOUND,MURRIETA HOT SPRINGS ROAD,410,N,N,A,-,Y,NA,NA,NA,NA,NA,NA,NA,NA,NA,N,3,0,1,1,C,-,18,NA,NA,N,E,I,A,A,H,-,A,D,0,NA,NA,NA,NA,Y,NA,-,-,0,1,0,0,0,0,0,0,0,-,-,33.3327,-117.10557,RIVERSIDE,MURRIETA,-117.18097355,33.5573331
90440170,2017,2017-04-24,9655,2017-04-11,2103,018168,NA,2,2,2,3336,0,1,1,NA,2,202,I-10 W/B,SINGLETON ROAD,1320,W,N,A,-,Y,NA,NA,10,NA,NA,NA,NA,NA,W,Y,3,0,1,1,A,-,01,23152,A,N,E,I,A,A,H,-,D,D,0,NA,NA,NA,NA,Y,Y,A,01,0,1,0,0,0,0,0,0,0,-,-,33.98371,-117.05236,RIVERSIDE,CALIMESA,-117.05233037,33.98372439
90440773,2017,2017-04-24,9630,2017-04-12,1505,016635,NA,3,2,9,3300,0,2,S,NA,2,404,COOK ST,E/B I-10 TO COOK ST,0,NA,Y,A,-,N,NA,NA,NA,NA,NA,NA,NA,NA,NA,N,4,0,2,2,A,-,01,23152,A,M,D,C,A,A,H,-,A,A,0,NA,NA,NA,NA,Y,Y,A,07,0,0,2,0,0,0,0,0,0,-,-,33.47598,-116.21158,RIVERSIDE,UNINCORPORATED,-116.354801,33.785742
90441943,2017,2017-04-25,9655,2017-04-18,2143,017582,NA,2,2,3,3302,0,1,3,NA,2,212,STATE ROUTE 60,WESTERN KNOLLS AVE,0,NA,Y,A,-,Y,NA,NA,60,NA,NA,NA,NA,NA,NA,Y,3,0,1,2,A,-,09,21801,B,N,D,C,A,A,H,-,D,D,0,NA,NA,NA,Y,Y,NA,A,01,0,1,0,0,0,0,0,0,0,-,-,33.93333,-116.99889,RIVERSIDE,BEAUMONT,-116.99889117,33.93329866
90442860,2017,2017-04-26,9840,2017-03-30,1530,016754,NA,4,2,9,3300,0,1,1,NA,2,034,I-15 N/B,DOS LAGOS DRIVE,2500,S,N,A,-,Y,NA,NA,15,NA,NA,NA,NA,NA,N,N,4,0,1,2,A,-,03,22350,NA,N,C,C,A,A,H,-,A,D,0,NA,NA,NA,NA,Y,NA,D,22,0,0,1,0,0,0,0,0,0,-,-,33.80053,-117.50361,RIVERSIDE,UNINCORPORATED,-117.50361029,33.80052981
90442863,2017,2017-04-26,9655,2017-04-17,1605,014602,NA,1,2,9,3300,0,3,5,NA,2,002,SEMINOLE DR,MALKI DR,369,E,N,A,-,N,NA,NA,NA,NA,NA,NA,NA,NA,NA,Y,4,0,2,2,A,-,09,21801,A,N,D,C,A,A,H,-,A,D,0,NA,NA,NA,NA,Y,NA,A,01,0,0,2,0,0,0,0,0,0,-,-,33.93219,-116.82307,RIVERSIDE,UNINCORPORATED,-116.82033159,33.93124201
90443229,2017,2017-04-27,9840,2017-04-20,2200,015663,NA,4,3,6,3345,0,1,3,NA,2,010,SR-60 E/B,VALLEY WAY,2000,E,N,A,-,Y,NA,NA,NA,NA,NA,NA,NA,NA,NA,N,4,0,1,2,A,-,03,22350,NA,M,C,C,A,A,H,-,D,D,0,NA,NA,NA,NA,Y,NA,A,01,0,0,1,0,0,0,0,0,0,-,-,33.24711,-117.21133,RIVERSIDE,JURUPA VALLEY,-117.42772935,34.00985651
9044474,2020,2020-02-25,3300,2020-01-31,0757,4323,910U,5,5,5,3335,0,0,0,NA,0,070,BUTTERFIELD STAGE RD,NIGHTHAWK PASS,0,NA,Y,A,-,N,NA,NA,NA,NA,NA,NA,NA,NA,NA,N,3,0,1,2,A,-,05,21650,1,N,D,G,A,A,H,-,A,A,0,NA,Y,NA,NA,Y,NA,L,04,0,1,0,0,0,0,1,0,0,-,-,NA,NA,RIVERSIDE,TEMECULA,-117.07109832763672,33.47806930541992
90445018,2017,2017-06-16,9630,2017-04-18,2030,015710,NA,2,2,9,3300,0,1,3,NA,2,086,S.R. 86 (SOUTHBOUND),72ND AVE.,2640,S,N,A,-,Y,NA,NA,NA,NA,NA,NA,NA,NA,NA,Y,3,0,1,2,A,-,08,22107,NA,N,C,C,A,A,H,-,D,D,0,NA,NA,NA,NA,Y,NA,E,22,0,1,0,0,0,0,0,0,0,-,-,33.5154,-116.0993,RIVERSIDE,UNINCORPORATED,NA,NA
90446568,2017,2017-05-01,9840,2017-04-16,1300,019813,NA,7,1,6,3315,0,1,1,NA,2,034,I-15 N/B,CAJALCO RD,500,S,N,A,-,Y,NA,NA,15,NA,NA,NA,NA,NA,N,Y,4,0,1,3,A,-,07,21658,A,N,B,C,A,A,H,-,A,D,0,NA,NA,Y,NA,Y,NA,A,01,0,0,1,0,0,0,0,0,1,-,-,33.81997,-117.51675,RIVERSIDE,CORONA,-117.5167183,33.82000937
90446785,2017,2017-05-01,9685,2017-04-21,1005,012775,NA,5,1,9,3300,0,2,4,NA,2,016,GRAND AVENUE,GILL LANE,78,S,N,A,-,N,NA,NA,NA,NA,NA,NA,NA,NA,NA,Y,3,0,2,2,A,-,03,22350,NA,N,C,C,A,A,H,-,A,D,0,NA,NA,NA,NA,Y,NA,D,22,0,1,1,0,0,0,0,0,0,-,-,33.61651,-117.30825,RIVERSIDE,UNINCORPORATED,-117.3082415,33.61647657
90447907,2017,2017-05-03,9840,2017-04-20,2250,019874,NA,4,3,7,3313,0,1,3,NA,2,010,SR-60 E/B,MARKET ST,2000,W,N,A,-,Y,NA,NA,NA,NA,NA,NA,NA,NA,NA,Y,3,0,2,4,A,-,03,22350,NA,F,C,C,A,A,H,-,C,D,0,NA,NA,NA,NA,Y,NA,D,22,0,1,1,0,0,0,0,0,0,-,-,34.99334,-117.38113,RIVERSIDE,RIVERSIDE,-117.38070128,34.00305542
90448041,2017,2017-05-03,9685,2017-04-20,2215,14338,NA,4,3,9,3300,0,1,3,NA,1,031,WINCHESTER ROAD,AULD ROAD,50,S,N,A,-,Y,NA,NA,NA,NA,NA,NA,NA,NA,NA,Y,4,0,2,2,A,-,07,21658,A,N,C,C,A,A,H,-,C,A,0,NA,NA,NA,NA,Y,Y,A,01,0,0,2,0,0,0,0,0,0,-,-,33.34558,-117.07583,RIVERSIDE,UNINCORPORATED,-117.13286853,33.5822321
90448264,2017,2017-05-03,9840,2017-04-25,2500,016285,NA,2,4,9,3300,0,2,4,NA,2,045,EL SOBRANTE ROAD,MCALLISTER STREET,458,E,N,A,-,N,NA,NA,NA,NA,NA,NA,NA,NA,NA,Y,3,0,1,1,A,-,03,22350,NA,M,E,I,A,A,H,-,D,D,0,NA,NA,NA,NA,Y,NA,D,22,0,1,0,0,0,0,0,0,0,-,-,33.85812,-117.43856,RIVERSIDE,UNINCORPORATED,-117.4370395,33.85825344
90449528,2017,2017-05-04,9685,2017-04-26,0540,012190,NA,3,3,5,3335,0,1,1,NA,2,030,I-15 S/B,OVERLAND DRIVE,608,N,N,A,-,Y,NA,NA,NA,NA,NA,NA,NA,NA,NA,Y,4,0,1,3,A,-,03,22350,NA,N,C,C,A,A,H,-,B,D,0,NA,NA,Y,NA,Y,NA,C,02,0,0,1,0,0,0,0,0,1,-,-,33.31564,-117.9372,RIVERSIDE,TEMECULA,-117.16094889,33.51911422
9045080,2020,2020-03-03,3300,2020-01-05,2148,3744,920A,7,5,4,3314,0,0,0,NA,0,070,SANDERSON AV,COTTONWOOD AV,0,NA,Y,A,-,N,NA,NA,NA,NA,NA,NA,NA,NA,NA,Y,4,0,1,2,A,-,09,21453,C,N,A,C,A,A,H,-,C,A,0,NA,NA,NA,NA,Y,NA,A,01,0,0,1,0,0,0,0,0,0,-,-,33.7872200012207,-117.00684356689452,RIVERSIDE,SAN JACINTO,-117.00676727294922,33.78731155395508
90451171,2017,2017-05-08,9840,2017-05-07,0605,019361,NA,7,1,7,3313,0,1,1,NA,2,022,I-215 N/B,COLUMBIA AVENUE,1584,S,N,B,C,Y,NA,NA,215,NA,NA,NA,NA,NA,N,Y,4,0,1,1,A,-,08,22107,NA,N,E,I,A,B,H,-,A,D,0,NA,NA,NA,NA,Y,NA,A,01,0,0,1,0,0,0,0,0,0,-,-,33.99599,-117.35546,RIVERSIDE,RIVERSIDE,-117.35543299,33.99597383
9045123,2020,2020-02-26,3315,2020-01-13,1837,003187,NA,1,5,6,3315,0,0,0,NA,0,002,MCKINLY ST,RAILROAD CROSSING,0,NA,Y,A,-,N,NA,NA,NA,NA,NA,NA,NA,NA,NA,NA,3,0,1,2,A,-,12,22451,B,N,G,B,E,A,H,-,C,A,0,Y,NA,NA,NA,Y,NA,N,60,0,1,0,0,1,0,0,0,0,-,-,33.8855094909668,-117.51717376708984,RIVERSIDE,CORONA,NA,NA
90452572,2017,2017-05-09,9655,2017-05-03,1724,020669,NA,3,2,9,3300,0,1,3,NA,1,119,SR-371 E/B,KIRBY RD,0,NA,Y,A,-,Y,NA,NA,371,NA,NA,NA,NA,NA,E,Y,2,0,1,2,A,-,09,21801,A,N,A,C,A,A,H,-,A,A,0,NA,NA,NA,NA,Y,NA,A,01,1,0,0,0,0,0,0,0,0,-,-,33.55498,-116.64843,RIVERSIDE,UNINCORPORATED,-116.64842959,33.55504128
90452812,2017,2017-05-10,9840,2017-05-03,0852,012608,NA,3,1,7,3313,0,1,1,NA,2,023,I-215 N/B,UNIVERSITY AVE,345,N,N,A,-,Y,NA,NA,215,NA,NA,NA,NA,NA,N,N,4,0,1,3,A,-,17,21658,NA,N,C,C,A,A,H,-,A,D,0,NA,NA,NA,NA,Y,NA,A,01,0,0,1,0,0,0,0,0,0,-,-,33.97653,-117.33604,RIVERSIDE,RIVERSIDE,-117.33607833,33.97649348
9045302,2019,2020-02-13,3308,2019-12-06,1643,10670,525,5,5,5,3308,0,0,0,NA,0,SOUTH,RAYMOND ST,ACACIA AV,160,N,N,B,C,N,NA,NA,NA,NA,NA,NA,NA,NA,NA,Y,3,0,1,3,A,-,03,22350,NA,N,C,E,A,B,H,-,B,D,0,NA,NA,NA,NA,Y,NA,A,01,0,1,0,0,0,0,0,0,0,-,-,33.74388122558594,-116.99136352539063,RIVERSIDE,HEMET,-116.99126434326172,33.744239807128906
90453620,2017,2017-05-11,9840,2017-05-10,1530,013500,NA,3,2,7,3313,0,1,3,NA,2,021,SR-91 E/B,ADAMS ST.,500,E,N,B,-,Y,NA,NA,91,NA,NA,NA,NA,NA,E,Y,4,0,1,2,A,-,03,22350,NA,N,C,C,A,A,H,-,A,D,0,NA,NA,NA,NA,Y,NA,A,01,0,0,1,0,0,0,0,0,0,-,-,33.92817,-117.41825,RIVERSIDE,RIVERSIDE,-117.41825868,33.92818508
90454637,2017,2017-05-12,9840,2017-04-07,1510,019813,NA,5,2,9,3300,0,1,1,NA,2,037,I-15 N/B,TEMESCAL CANYON RD,400,S,N,A,-,Y,NA,NA,15,NA,NA,NA,NA,NA,N,Y,4,0,1,4,A,-,03,22350,NA,N,C,C,A,A,H,-,A,D,0,NA,NA,NA,NA,Y,NA,A,01,0,0,1,0,0,0,0,0,0,-,-,33.77407,-117.48559,RIVERSIDE,UNINCORPORATED,-117.48550168,33.77412358
90455509,2017,2017-05-15,9840,2017-04-29,0256,020535,NA,6,3,9,3300,0,3,5,NA,2,004,OLD ELSINORE RD,RIDER ST,500,S,N,A,-,N,NA,NA,NA,NA,NA,NA,NA,NA,NA,Y,4,0,1,2,A,-,05,21460,A,F,A,C,A,A,H,-,C,D,0,NA,NA,NA,NA,Y,NA,A,01,0,0,1,0,0,0,0,0,0,-,-,33.82933,-117.28611,RIVERSIDE,UNINCORPORATED,-117.28567894,33.82909713
90458485,2017,2017-05-18,9630,2017-05-08,1840,021652,NA,1,2,9,3300,0,2,S,NA,2,404,VARNER RD,MANUFACTURING WAY,528,E,N,A,-,N,NA,NA,NA,NA,NA,NA,NA,NA,NA,Y,3,0,3,3,A,-,09,21804,A,F,D,C,A,A,H,-,B,D,0,NA,NA,NA,NA,Y,NA,A,01,0,2,1,0,0,0,0,0,0,-,-,33.81821,-116.40258,RIVERSIDE,UNINCORPORATED,-116.40306285,33.81866171
90459413,2017,2017-05-19,9840,2017-05-16,1108,017504,NA,2,1,9,3300,0,3,5,NA,2,003,TEMESCAL CANYON RD,INDAIN TRUCK TRAIL,6864,N,N,B,-,N,NA,NA,NA,NA,NA,NA,NA,NA,NA,Y,4,0,2,2,A,-,03,22350,NA,N,C,C,A,A,D,-,A,A,0,NA,NA,NA,NA,Y,NA,E,22,0,0,2,0,0,0,0,0,0,-,-,33.75937,-117.45953,RIVERSIDE,UNINCORPORATED,-117.46623392,33.76273374
9045977,2019,2020-02-21,3300,2019-12-20,1153,5237,905D,5,5,4,3307,0,0,0,NA,0,092,AUTO CENTER DR,SAN JACINTO RIVER RD,0,NA,Y,A,-,N,NA,NA,NA,NA,NA,NA,NA,NA,NA,N,4,0,1,2,A,-,09,21804,A,N,D,C,A,A,H,-,A,D,0,NA,NA,Y,NA,Y,NA,A,01,0,0,1,0,0,0,0,0,0,-,-,33.66239929199219,-117.300048828125,RIVERSIDE,LAKE ELSINORE,-117.30048370361328,33.66122817993164
90463850,2017,2017-05-25,9630,2017-05-17,1015,015876,NA,3,1,9,3300,0,2,S,NA,2,503,HARRISON STREET,MIDDLETON STREET,4752,S,N,A,-,N,NA,NA,NA,NA,NA,NA,NA,NA,NA,Y,2,0,3,2,A,-,03,22350,NA,N,C,C,A,A,H,-,A,D,0,NA,NA,NA,NA,Y,NA,A,07,1,1,1,0,0,0,0,0,0,-,-,33.55496,-116.16504,RIVERSIDE,UNINCORPORATED,-116.16378736,33.553764029999996
90465780,2017,2017-05-26,9630,2017-05-19,1720,021604,NA,5,2,4,3309,0,1,1,NA,2,021,I-10 E/B,MONROE ST,1056,W,N,A,-,Y,NA,NA,10,NA,NA,NA,NA,NA,E,Y,4,0,1,4,A,-,03,22350,NA,N,C,C,A,A,H,-,A,D,0,NA,NA,NA,NA,Y,NA,A,01,0,0,1,0,0,0,0,0,0,-,-,33.73878,-116.23786,RIVERSIDE,INDIO,-116.23784362,33.73868447
90465784,2017,2017-05-26,9630,2017-05-20,0541,018811,NA,6,3,9,3300,0,1,3,NA,2,014,STATE ROUTE 111 SOUTHBOUND,OVERTURE DRIVE,5808,S,N,A,-,N,NA,NA,111,NA,NA,NA,NA,NA,S,Y,4,0,1,2,A,-,08,22107,NA,N,F,A,A,A,H,-,A,D,0,NA,NA,NA,NA,Y,NA,A,01,0,0,1,0,0,0,0,0,0,-,-,33.87943,-116.59011,RIVERSIDE,UNINCORPORATED,-116.59012382,33.8794097
90466451,2017,2017-05-29,9655,2017-05-18,0720,015795,NA,4,1,9,3300,0,3,5,NA,2,003,STANFORD STREET,WHITTIER AVENUE,0,NA,Y,A,-,N,NA,NA,NA,NA,NA,NA,NA,NA,NA,Y,3,0,3,2,A,-,12,22450,NA,N,D,C,A,A,H,-,A,A,0,NA,NA,NA,NA,Y,NA,A,01,0,2,1,0,0,0,0,0,0,-,-,33.73683,-116.9325,RIVERSIDE,UNINCORPORATED,-116.93250012,33.73682011
90467843,2017,2017-05-31,9655,2017-05-16,0155,021008,NA,2,3,9,3300,0,1,1,NA,2,202,INTERSTATE 10 WESTBOUND,SINGLETON ROAD,2640,E,N,A,-,Y,NA,NA,NA,NA,NA,NA,NA,NA,NA,Y,3,0,1,1,A,-,01,23152,A,M,E,I,A,A,H,-,D,D,0,NA,NA,NA,NA,Y,Y,A,01,0,1,0,0,0,0,0,0,0,-,-,33.97482,-117.04523,RIVERSIDE,UNINCORPORATED,-117.04384988,33.97410245
90471470,2017,2017-06-06,9840,2017-05-22,0525,020210,NA,1,3,7,3313,0,1,3,NA,2,021,SR-91 WESTBOUND,MAGNOLIA AVENUE,2000,W,N,A,-,Y,NA,NA,91,NA,NA,NA,NA,NA,W,N,4,0,1,3,A,-,03,22350,NA,N,C,C,A,A,H,-,B,D,0,NA,NA,NA,NA,Y,NA,A,01,0,0,1,0,0,0,0,0,0,-,-,33.89749,-117.49172,RIVERSIDE,RIVERSIDE,-117.49171998,33.89748935