CASE_ID,ACCIDENT_YEAR,PROC_DATE,JURIS,COLLISION_DATE,COLLISION_TIME,OFFICER_ID,REPORTING_DISTRICT,DAY_OF_WEEK,CHP_SHIFT,POPULATION,CNTY_CITY_LOC,SPECIAL_COND,BEAT_TYPE,CHP_BEAT_TYPE,CITY_DIVISION_LAPD,CHP_BEAT_CLASS,BEAT_NUMBER,PRIMARY_RD,SECONDARY_RD,DISTANCE,DIRECTION,INTERSECTION,WEATHER_1,WEATHER_2,STATE_HWY_IND,CALTRANS_COUNTY,CALTRANS_DISTRICT,STATE_ROUTE,ROUTE_SUFFIX,POSTMILE_PREFIX,POSTMILE,LOCATION_TYPE,RAMP_INTERSECTION,SIDE_OF_HWY,TOW_AWAY,COLLISION_SEVERITY,NUMBER_KILLED,NUMBER_INJURED,PARTY_COUNT,PRIMARY_COLL_FACTOR,PCF_CODE_OF_VIOL,PCF_VIOL_CATEGORY,PCF_VIOLATION,PCF_VIOL_SUBSECTION,HIT_AND_RUN,TYPE_OF_COLLISION,MVIW,PED_ACTION,ROAD_SURFACE,ROAD_COND_1,ROAD_COND_2,LIGHTING,CONTROL_DEVICE,CHP_ROAD_TYPE,PEDESTRIAN_ACCIDENT,BICYCLE_ACCIDENT,MOTORCYCLE_ACCIDENT,TRUCK_ACCIDENT,NOT_PRIVATE_PROPERTY,ALCOHOL_INVOLVED,STWD_VEHTYPE_AT_FAULT,CHP_VEHTYPE_AT_FAULT,COUNT_SEVERE_INJ,COUNT_VISIBLE_INJ,COUNT_COMPLAINT_PAIN,COUNT_PED_KILLED,COUNT_PED_INJURED,COUNT_BICYCLIST_KILLED,COUNT_BICYCLIST_INJURED,COUNT_MC_KILLED,COUNT_MC_INJURED,PRIMARY_RAMP,SECONDARY_RAMP,LATITUDE,LONGITUDE,COUNTY,CITY,POINT_X,POINT_Y
90737590,2018,2018-05-30,9630,2018-05-21,0815,018451,NA,1,1,9,3300,0,1,1,NA,2,302,I-10 E/B,EAGLE MOUNTAIN RD,4752,W,N,B,-,Y,NA,NA,10,NA,NA,NA,NA,NA,E,Y,3,0,4,2,A,-,03,22350,NA,N,C,C,A,A,H,-,A,D,0,NA,NA,NA,Y,Y,NA,A,01,0,2,2,0,0,0,0,0,0,-,-,33.69886016845703,-115.46788024902344,RIVERSIDE,UNINCORPORATED,-115.46790313720705,33.69896697998047
90737854,2018,2018-05-31,9655,2018-05-18,1407,019630,NA,5,2,9,3300,0,1,3,NA,1,314,SR-74 W/B,RAMONA EXPY,50,E,N,A,-,Y,NA,NA,74,NA,NA,NA,NA,NA,W,Y,4,0,3,3,A,-,03,22350,NA,N,C,C,A,A,H,-,A,A,0,NA,NA,NA,NA,Y,NA,A,01,0,0,3,0,0,0,0,0,0,-,-,33.74787902832031,-116.90029144287108,RIVERSIDE,UNINCORPORATED,-116.90029144287108,33.747825622558594
90738128,2018,2018-05-31,9655,2018-05-28,1020,015892,NA,1,1,9,3300,0,1,3,NA,1,314,STATE ROUTE 74,BORCO STREET,3696,E,N,A,-,Y,NA,NA,74,NA,NA,NA,NA,NA,NA,Y,4,0,1,2,A,-,09,21804,A,N,D,C,A,A,H,-,A,D,0,NA,NA,NA,NA,Y,NA,A,01,0,0,1,0,0,0,0,0,0,-,-,33.740840911865234,-116.84750366210938,RIVERSIDE,UNINCORPORATED,-116.84751129150392,33.74079513549805
90738990,2018,2018-06-01,9840,2018-05-21,0800,017441,NA,1,1,7,3313,0,1,1,NA,2,023,I-215 S/B,MARTIN LUTHER KING BLVD.,840,S,N,B,-,Y,NA,NA,215,NA,NA,NA,NA,NA,S,Y,4,0,1,2,A,-,03,22350,NA,N,C,C,A,B,H,-,A,D,0,NA,NA,NA,NA,Y,NA,A,01,0,0,1,0,0,0,0,0,0,-,-,33.967140197753906,-117.32729339599608,RIVERSIDE,RIVERSIDE,-117.32753753662108,33.96702194213867
90740334,2018,2018-06-04,9840,2018-05-25,1537,020058,NA,5,2,7,3313,0,1,3,NA,2,010,SR-60 E/B,HALL AVE,1000,E,N,A,-,Y,NA,NA,NA,NA,NA,NA,NA,NA,NA,N,4,0,2,2,A,-,03,22350,NA,N,C,C,A,A,H,-,A,D,0,NA,NA,NA,NA,Y,NA,A,01,0,0,2,0,0,0,0,0,0,-,-,34.00495147705078,-117.388427734375,RIVERSIDE,RIVERSIDE,-117.39010620117188,34.0051155090332
90741768,2018,2018-06-25,9840,2018-06-04,1750,014335,NA,1,2,7,3313,0,1,3,NA,2,020,SR-91 WESTBOUND,PIERCE AVE,120,W,N,A,-,Y,NA,NA,91,NA,NA,NA,NA,NA,W,Y,4,0,3,3,A,-,08,22107,NA,N,B,C,A,A,H,-,A,D,0,NA,NA,NA,NA,Y,NA,A,01,0,0,3,0,0,0,0,0,0,-,-,33.897499084472656,-117.4936981201172,RIVERSIDE,RIVERSIDE,-117.49365997314452,33.89728927612305
90743012,2018,2018-06-18,9840,2018-05-30,0544,020220,NA,3,3,9,3300,0,2,4,NA,2,043,RAMONA EXPRESSWAY,DAVIS ROAD,250,E,N,B,-,N,NA,NA,NA,NA,NA,NA,NA,NA,NA,N,4,0,1,2,A,-,06,21755,A,N,B,C,A,A,H,-,B,D,0,NA,NA,NA,Y,Y,NA,A,01,0,0,1,0,0,0,0,0,0,-,-,33.83893966674805,-117.1174087524414,RIVERSIDE,UNINCORPORATED,-117.11753845214844,33.838863372802734
90743763,2018,2018-06-07,9685,2018-06-02,0530,015360,NA,6,3,9,3300,0,3,5,NA,2,001,CORONA CALA CAMINO,CERRO RD.,500,S,N,A,-,N,NA,NA,NA,NA,NA,NA,NA,NA,NA,Y,4,0,4,1,A,-,08,22107,NA,N,E,I,A,A,H,-,B,D,0,NA,NA,NA,NA,Y,NA,A,01,0,0,4,0,0,0,0,0,0,-,-,33.49113845825195,-117.33921051025392,RIVERSIDE,UNINCORPORATED,-117.33973693847656,33.49074172973633
90746046,2018,2018-06-12,9840,2018-05-31,0830,016356,NA,4,1,7,3313,0,1,3,NA,2,020,SR-91 E/B,ADAMS ST,500,W,N,B,-,Y,NA,NA,NA,NA,NA,NA,NA,NA,NA,Y,4,0,1,5,A,-,03,22350,NA,N,C,C,A,A,H,-,A,D,0,NA,NA,NA,NA,Y,NA,D,22,0,0,1,0,0,0,0,0,0,-,-,33.55339813232422,-117.25170135498048,RIVERSIDE,RIVERSIDE,-117.42105865478516,33.92658615112305
90746113,2018,2018-06-12,9685,2018-06-05,1610,014519,NA,2,2,9,3300,0,3,5,NA,2,003,GLEN OAKS ROAD,CAMINO DEL VINO,0,NA,Y,A,-,N,NA,NA,NA,NA,NA,NA,NA,NA,NA,Y,4,0,1,2,A,-,09,21801,A,N,D,C,A,A,H,-,A,D,0,NA,NA,NA,Y,Y,NA,F,26,0,0,1,0,0,0,0,0,0,-,-,33.5489616394043,-117.02610778808594,RIVERSIDE,UNINCORPORATED,-117.02594757080078,33.54899978637695
9074617,2020,2020-07-24,3300,2020-04-16,1238,3372,604C9,4,5,6,3394,0,0,0,NA,0,MV44,IRIS AV,OLIVER ST,35,W,N,A,-,N,NA,NA,NA,NA,NA,NA,NA,NA,NA,N,4,0,3,1,A,-,03,22350,NA,N,E,I,A,A,H,-,A,A,0,NA,NA,NA,NA,Y,NA,A,01,0,0,3,0,0,0,0,0,0,-,-,33.895240783691406,-117.1829071044922,RIVERSIDE,MORENO VALLEY,-117.18304443359376,33.89527130126953
90747591,2018,2018-06-13,9840,2018-06-06,1510,012191,NA,3,2,4,3344,0,1,3,NA,2,010,SR-60 W/B (POMONA FWY),MISSION BOULEVRD,1500,W,N,A,-,Y,NA,NA,NA,NA,NA,NA,NA,NA,NA,Y,3,0,1,1,A,-,08,22107,NA,N,E,I,A,A,H,-,A,D,0,NA,NA,NA,NA,Y,NA,A,01,0,1,0,0,0,0,0,0,0,-,-,34.01805877685547,-117.53520965576172,RIVERSIDE,EASTVALE,NA,NA
90748738,2018,2018-06-15,9630,2018-06-05,2056,015339,NA,2,2,9,3300,0,2,S,NA,2,404,1000 PALMS CANYON RD.,RAMON RD,8448,N,N,A,-,N,NA,NA,NA,NA,NA,NA,NA,NA,NA,Y,3,0,1,1,A,-,08,22107,NA,N,E,J,A,A,D,G,D,A,0,NA,NA,NA,NA,Y,NA,A,01,0,1,0,0,0,0,0,0,0,-,-,33.83346176147461,-116.31034088134766,RIVERSIDE,UNINCORPORATED,-116.54679870605467,33.82310104370117
90748865,2018,2018-06-15,9840,2018-05-09,0715,017162,NA,3,1,6,3315,0,1,3,NA,2,030,SR-91 W/B,SERFAS CLUB DR,910,W,N,A,-,Y,NA,NA,91,NA,NA,NA,NA,NA,W,Y,3,0,1,2,A,-,03,22350,NA,N,B,C,A,A,H,-,A,D,0,NA,NA,Y,NA,Y,NA,C,02,0,1,0,0,0,0,0,0,1,-,-,33.88190841674805,-117.61930084228516,RIVERSIDE,CORONA,-117.61933135986328,33.88161849975586
90749720,2018,2018-06-18,9630,2018-06-16,1008,021928,NA,6,1,9,3300,0,1,1,NA,2,021,I-10 E/B TO WASHINGTON STREET,WASHINGTON ST,40,W,N,A,-,Y,NA,NA,10,NA,NA,NA,R,NA,E,N,4,0,1,2,A,-,03,22350,NA,N,C,C,A,A,H,-,A,A,0,NA,NA,NA,NA,Y,NA,D,22,0,0,1,0,0,0,0,0,0,-,-,33.7600212097168,-116.30187225341795,RIVERSIDE,UNINCORPORATED,-116.30187225341795,33.7600212097168
90752587,2018,2018-06-21,9840,2018-06-09,1240,018221,NA,6,1,6,3315,0,1,3,NA,2,030,SR-91 W/B,SERFAS CLUB DR.,1200,W,N,A,-,Y,NA,NA,91,NA,NA,NA,NA,NA,W,Y,4,0,1,5,A,-,03,22350,NA,N,C,C,A,A,H,-,A,D,0,NA,NA,NA,NA,Y,NA,D,22,0,0,1,0,0,0,0,0,0,-,-,33.881309509277344,-117.6172332763672,RIVERSIDE,CORONA,-117.61722564697266,33.88136672973633
90753969,2018,2018-06-22,9840,2018-06-20,1241,015705,NA,3,1,4,3344,0,1,1,NA,2,011,I-15 S/B,BELLEGRAVE AVE,100,N,N,A,G,Y,NA,NA,NA,NA,NA,NA,NA,NA,NA,Y,3,0,1,3,A,-,08,22107,NA,N,B,C,A,A,H,-,A,D,0,NA,NA,NA,Y,Y,NA,A,01,0,1,0,0,0,0,0,0,0,-,-,33.988521575927734,-117.55838775634766,RIVERSIDE,EASTVALE,-117.55033111572266,33.991302490234375
9075777,2020,2020-06-25,3313,2020-03-11,1035,1389,1,3,5,7,3313,0,0,0,NA,0,T53,ARLINGTON AV,BROCKTON AV,0,NA,Y,A,-,N,NA,NA,NA,NA,NA,NA,NA,NA,NA,Y,4,0,2,2,A,-,12,21453,A,N,D,C,A,A,H,-,A,A,0,NA,NA,NA,NA,Y,NA,A,01,0,0,2,0,0,0,0,0,0,-,-,33.94512939453125,-117.39684295654295,RIVERSIDE,RIVERSIDE,-117.39675903320313,33.946250915527344
90758320,2018,2018-06-28,9840,2018-06-05,1455,015789,NA,2,2,6,3345,0,1,1,NA,2,011,I-15 N/B,RIVERSIDE DR.,1584,S,N,A,-,Y,NA,NA,15,NA,NA,NA,NA,NA,N,Y,2,0,2,4,A,-,03,22350,NA,N,C,C,A,A,H,-,A,D,0,NA,NA,NA,Y,Y,NA,G,25,1,1,0,0,0,0,0,0,0,-,-,34.01380157470703,-117.55004119873048,RIVERSIDE,JURUPA VALLEY,-117.55005645751952,34.01380157470703
90763211,2018,2018-07-05,9840,2018-06-28,1845,019242,NA,4,2,7,3313,0,1,3,NA,2,010,SR-60 E/B,MARKET ST,1000,W,N,A,-,Y,NA,NA,60,NA,NA,NA,NA,NA,E,N,3,0,1,2,A,-,03,22350,NA,N,C,C,A,A,H,-,A,D,0,NA,NA,Y,NA,Y,NA,C,02,0,1,0,0,0,0,0,0,1,-,-,34.00270080566406,-117.38009643554688,RIVERSIDE,RIVERSIDE,-117.38007354736328,34.00276565551758
90763767,2018,2018-07-05,9685,2018-06-15,1015,015295,NA,5,1,9,3300,0,3,5,NA,2,002,SCOTT ROAD,LEON ROAD,2054,W,N,A,-,N,NA,NA,NA,NA,NA,NA,NA,NA,NA,Y,2,0,2,2,A,-,08,22107,NA,N,A,C,A,A,H,-,A,D,0,NA,NA,NA,NA,Y,NA,A,01,1,1,0,0,0,0,0,0,0,-,-,33.641578674316406,-117.12587738037108,RIVERSIDE,UNINCORPORATED,-117.12583923339844,33.64155960083008
90764808,2018,2018-07-09,9840,2018-06-23,0310,021047,NA,6,3,6,3345,0,1,3,NA,2,010,SR-60 E/B,COUNTRY VILLAGE RD,1478,W,N,A,-,Y,NA,NA,60,NA,NA,NA,NA,NA,E,Y,2,0,1,1,A,-,01,23152,A,N,E,I,A,A,H,-,C,D,0,NA,NA,NA,NA,Y,Y,A,01,1,0,0,0,0,0,0,0,0,-,-,34.018428802490234,-117.51154327392578,RIVERSIDE,JURUPA VALLEY,-117.51154327392578,34.018550872802734
90765527,2018,2018-07-09,9655,2018-06-30,0905,018677,NA,6,1,9,3300,0,1,3,NA,1,215,SR-243 N/B,TWIN PINES RD,0,NA,N,A,-,Y,NA,NA,243,NA,NA,NA,NA,NA,N,Y,3,0,1,1,A,-,08,22107,NA,N,E,I,A,A,H,-,A,D,0,NA,NA,NA,NA,Y,NA,A,07,0,1,0,0,0,0,0,0,0,-,-,33.880348205566406,-116.84911346435548,RIVERSIDE,UNINCORPORATED,-116.84902954101563,33.880653381347656
90766187,2018,2018-07-10,9840,2018-06-30,0625,020305,NA,6,1,9,3300,0,3,5,NA,2,003,TIN MINE RD,LA SIERRA AVE,5280,W,N,A,-,N,NA,NA,NA,NA,NA,NA,NA,NA,NA,Y,2,0,4,1,B,-,22,NA,NA,N,E,I,A,A,H,-,A,D,0,NA,NA,NA,NA,Y,NA,A,07,1,3,0,0,0,0,0,0,0,-,-,33.84442901611328,-117.47197723388672,RIVERSIDE,UNINCORPORATED,-117.47445678710938,33.86186599731445
90766968,2018,2018-07-11,9685,2018-06-29,1712,017285,NA,5,2,4,3342,0,1,1,NA,2,030,I-15 N/B,WINCHESTER ROAD,4000,N,N,A,-,Y,NA,NA,15,NA,NA,NA,NA,NA,N,N,4,0,1,3,A,-,03,22350,NA,M,C,C,A,A,H,-,A,D,0,NA,NA,NA,NA,Y,NA,A,07,0,0,1,0,0,0,0,0,0,-,-,33.536338806152344,-117.1718978881836,RIVERSIDE,MURRIETA,-117.17192840576172,33.53632354736328
90768876,2018,2018-07-13,9685,2018-07-04,1320,016838,NA,3,1,5,3335,0,3,5,NA,2,003,MURRIETA HOT SPRINGS ROAD,CALISTOGA DRIVE,0,NA,Y,A,-,N,NA,NA,NA,NA,NA,NA,NA,NA,NA,Y,4,0,2,2,A,-,12,21453,A,N,D,C,A,A,H,-,A,D,0,NA,NA,NA,NA,Y,NA,A,07,0,0,2,0,0,0,0,0,0,-,-,33.55162811279297,-117.12729644775392,RIVERSIDE,TEMECULA,-117.12721252441406,33.551231384277344
90770458,2018,2018-12-31,9840,2018-07-07,1933,021298,NA,6,2,9,3300,0,3,5,NA,2,002,SPRING ST,GARFIELD AVE,0,NA,Y,A,-,N,NA,NA,NA,NA,NA,NA,NA,NA,NA,Y,4,0,2,2,A,-,09,21802,A,N,D,C,A,A,H,-,A,A,0,NA,NA,NA,NA,Y,NA,A,07,0,0,2,0,0,0,0,0,0,-,-,34.012001037597656,-117.32649993896484,RIVERSIDE,UNINCORPORATED,-117.32656860351563,34.01200866699219
90771382,2018,2018-07-18,9840,2018-07-01,2307,019890,NA,7,3,6,3345,0,1,3,NA,2,010,SR-60 W/B,PYRITE ST,10,W,N,A,-,Y,NA,NA,60,NA,NA,NA,NA,NA,W,Y,4,0,1,3,A,-,03,22350,NA,N,C,C,A,A,H,-,D,D,0,NA,NA,NA,Y,Y,NA,A,01,0,0,1,0,0,0,0,0,0,-,-,34.01639938354492,-117.4627685546875,RIVERSIDE,JURUPA VALLEY,-117.46276092529295,34.01645278930664
90772768,2018,2018-07-19,9685,2018-07-09,1015,016838,NA,1,1,9,3300,0,3,5,NA,2,003,WASHINGTON ST,SR-79,2700,E,N,B,-,N,NA,NA,NA,NA,NA,NA,NA,NA,NA,Y,4,0,3,2,A,-,08,22107,NA,N,D,C,A,A,H,-,A,D,0,NA,NA,NA,NA,Y,NA,A,07,0,0,3,0,0,0,0,0,0,-,-,33.63357162475586,-117.0825424194336,RIVERSIDE,UNINCORPORATED,-117.081894,33.634651
90773293,2018,2018-07-20,9630,2018-07-10,2013,021513,NA,2,2,9,3300,0,1,3,NA,2,014,SR-111,OVERTURE DR.,6336,N,N,A,-,Y,NA,NA,111,NA,NA,NA,NA,NA,NA,Y,3,0,1,1,A,-,01,23152,A,N,F,A,A,A,H,-,D,D,0,NA,NA,NA,NA,Y,Y,A,01,0,1,0,0,0,0,0,0,0,-,-,33.89897155761719,-116.62387847900392,RIVERSIDE,UNINCORPORATED,-116.62388610839844,33.89886474609375
90774980,2018,2018-07-23,9685,2018-07-14,0345,016765,NA,6,3,4,3342,0,1,1,NA,2,030,I-15 SOUTHBOUND,CALIFORNIA OAKS RD,300,N,N,A,-,Y,NA,NA,15,NA,NA,NA,NA,NA,S,Y,4,0,1,1,A,-,08,22107,NA,N,E,I,A,A,H,-,C,D,0,NA,NA,NA,NA,Y,NA,A,01,0,0,1,0,0,0,0,0,0,-,-,33.56631088256836,-117.20816802978516,RIVERSIDE,MURRIETA,-117.20824432373048,33.56621551513672
90775231,2018,2018-07-24,9630,2018-05-06,2500,021921,NA,7,4,9,3300,0,2,S,NA,2,502,JOHNSON STREET,60TH AVE,118,N,N,A,-,N,NA,NA,NA,NA,NA,NA,NA,NA,NA,Y,4,0,1,1,A,-,03,22350,NA,F,E,I,A,A,H,-,D,D,0,NA,NA,NA,NA,Y,Y,A,01,0,0,1,0,0,0,0,0,0,-,-,33.613800048828125,-116.06060028076172,RIVERSIDE,UNINCORPORATED,-116.06069946289063,33.61333084106445
90775450,2018,2018-07-24,9840,2018-07-06,0300,018072,NA,5,3,4,3344,0,1,3,NA,2,010,SR-60 E/B,MILLIKEN AVENUE,1056,E,N,A,-,Y,NA,NA,60,NA,NA,NA,NA,NA,E,Y,4,0,1,1,A,-,01,23152,A,N,E,I,A,A,H,-,C,D,0,NA,NA,NA,NA,Y,Y,A,01,0,0,1,0,0,0,0,0,0,-,-,34.0228385925293,-117.55484771728516,RIVERSIDE,EASTVALE,-117.55483245849608,34.02291488647461
90776249,2018,2018-07-25,9840,2018-07-14,1255,017882,NA,6,1,9,3300,0,2,4,NA,2,043,RAMONA EXWY.,BERNASCONI RD.,2100,W,N,A,-,N,NA,NA,NA,NA,NA,NA,NA,NA,NA,Y,3,0,1,1,A,-,01,23152,A,N,F,A,A,A,H,-,A,D,0,NA,NA,NA,NA,Y,Y,A,01,0,1,0,0,0,0,0,0,0,-,-,33.83369827270508,-117.16014099121094,RIVERSIDE,UNINCORPORATED,-117.1587142944336,33.835079193115234
90777002,2018,2018-07-26,9655,2018-07-19,2350,019267,NA,4,3,9,3300,0,3,5,NA,2,002,GILMAN SPRINGS RD,ALESANDRO AVE,7392,E,N,A,-,N,NA,NA,NA,NA,NA,NA,NA,NA,NA,Y,4,0,1,1,A,-,08,22107,NA,N,E,I,A,A,H,-,D,D,0,NA,NA,NA,NA,Y,NA,A,01,0,0,1,0,0,0,0,0,0,-,-,33.90391159057617,-117.08860778808594,RIVERSIDE,UNINCORPORATED,-117.08836364746094,33.90431213378906
90777274,2018,2018-07-26,9840,2018-07-20,0210,018849,NA,5,3,9,3300,0,3,5,NA,2,002,CENTER ST,IOWA AVE,800,E,N,A,-,N,NA,NA,NA,NA,NA,NA,NA,NA,NA,Y,2,0,1,1,C,-,18,NA,NA,N,H,H,A,A,H,-,C,D,0,NA,NA,Y,NA,Y,NA,-,-,1,0,0,0,0,0,0,0,1,-,-,34.01578903198242,-117.33750915527344,RIVERSIDE,UNINCORPORATED,-117.33732604980467,34.01573944091797
9077859,2019,2020-09-11,3308,2019-11-26,1442,10610,518,2,5,5,3308,0,0,0,NA,0,NORTH,FLORIDA AV,CORNELL ST,0,NA,Y,B,-,Y,RIV,8,74,-,-,42.34,I,5,W,Y,3,0,1,2,A,-,09,21802,A,N,D,C,A,A,D,-,A,A,0,NA,NA,NA,NA,Y,NA,A,01,0,1,0,0,0,0,0,0,0,-,-,NA,NA,RIVERSIDE,HEMET,-116.9412078857422,33.74770736694336
90779428,2018,2018-07-30,9840,2018-07-17,1524,018611,NA,2,2,9,3300,0,1,1,NA,2,034,I-15 S/B,EL CERRITO ROAD,950,N,N,A,-,Y,NA,NA,15,NA,NA,NA,NA,NA,S,Y,4,0,2,4,A,-,03,22350,NA,N,C,C,A,A,H,-,A,D,0,NA,NA,NA,NA,Y,NA,A,01,0,0,2,0,0,0,0,0,0,-,-,33.83435821533203,-117.53121948242188,RIVERSIDE,UNINCORPORATED,-117.53124237060548,33.834346771240234
90780967,2018,2018-07-31,9840,2018-07-23,1737,020058,NA,1,2,4,3310,0,1,1,NA,2,034,I-15 N/B,HIDDEN VALLEY AVE,20,S,N,A,-,Y,NA,NA,15,NA,NA,NA,NA,NA,N,Y,3,0,1,1,A,-,08,22107,NA,N,E,I,A,A,H,-,A,B,0,NA,NA,NA,NA,Y,NA,A,01,0,1,0,0,0,0,0,0,0,-,-,33.898681640625,-117.55960083007813,RIVERSIDE,NORCO,-117.55966186523438,33.898658752441406
90783295,2018,2018-08-02,9630,2018-07-28,2017,020845,NA,6,2,9,3300,0,1,1,NA,2,021,I-10 E/B,WASHINGTON ST,528,E,N,A,-,Y,NA,NA,10,NA,NA,NA,NA,NA,E,Y,4,0,2,3,A,-,03,22350,NA,N,C,C,A,A,H,-,D,D,0,NA,NA,NA,NA,Y,NA,A,01,0,0,2,0,0,0,0,0,0,-,-,33.75857925415039,-116.29746246337892,RIVERSIDE,UNINCORPORATED,-116.29741668701172,33.75868225097656
90784099,2018,2018-08-03,9655,2018-07-28,0442,019234,NA,6,3,9,3300,0,3,5,NA,2,003,GILMAN SPRINGS ROAD,SR-79,2640,E,N,A,-,N,NA,NA,NA,NA,NA,NA,NA,NA,NA,Y,3,0,5,4,A,-,01,23152,A,N,B,C,A,A,H,-,D,D,0,NA,NA,NA,NA,Y,Y,A,01,0,2,3,0,0,0,0,0,0,-,-,33.84299850463867,-116.996337890625,RIVERSIDE,UNINCORPORATED,-116.99060821533205,33.83637237548828
90784690,2018,2018-08-06,9660,2018-08-02,0525,014712,NA,4,3,9,3300,0,3,5,NA,2,003,22ND AVENUE,INTAKE BLVD.,2112,W,N,A,-,N,NA,NA,NA,NA,NA,NA,NA,NA,NA,Y,4,0,1,1,A,-,08,22107,NA,N,E,I,A,A,H,-,B,D,0,NA,NA,NA,NA,Y,NA,D,22,0,0,1,0,0,0,0,0,0,-,-,33.54536056518555,-114.57569122314452,RIVERSIDE,UNINCORPORATED,-114.57608795166016,33.54533767700195
9078565,2019,2020-09-11,3308,2019-11-02,1501,10597,516,6,5,5,3308,0,0,0,NA,0,SOUTH,FLORIDA AV,LAS LUNAS ST,58,W,N,A,-,Y,RIV,8,74,-,-,40.27,H,-,E,Y,3,0,1,2,A,-,08,22107,NA,N,C,C,A,A,H,-,A,A,0,NA,NA,Y,NA,Y,NA,C,02,0,1,0,0,0,0,0,0,1,-,-,33.747589111328125,-116.97721862792967,RIVERSIDE,HEMET,-116.97721862792967,33.747467041015625
90786283,2018,2018-08-08,9840,2018-05-20,2250,020210,NA,7,3,4,3344,0,1,1,NA,2,011,I-15 S/B,CANTU-GALLEANO RANCH RD,1385,N,N,A,-,Y,NA,NA,15,NA,NA,NA,NA,NA,S,Y,1,1,0,1,A,-,08,22107,NA,N,E,I,A,A,H,-,D,D,0,NA,NA,Y,NA,Y,NA,C,02,0,0,0,0,0,0,0,1,0,-,-,34.005859375,-117.550537109375,RIVERSIDE,EASTVALE,-117.55052185058594,34.005859375
90787123,2018,2018-08-08,9655,2018-08-01,1530,021008,NA,3,2,3,3302,0,1,1,NA,2,202,INTERSTATE 10 EASTBOUND,OAK VALLEY PARKWAY,4224,E,N,A,-,Y,NA,NA,10,NA,NA,NA,NA,NA,E,N,4,0,2,2,A,-,08,22107,NA,N,B,C,A,A,H,-,A,D,0,NA,NA,NA,NA,Y,NA,A,07,0,0,2,0,0,0,0,0,0,-,-,33.936119079589844,-116.99488067626952,RIVERSIDE,BEAUMONT,-116.994873046875,33.936126708984375
90789152,2018,2018-08-13,9660,2018-08-05,1545,020863,NA,7,2,9,3300,0,1,3,NA,1,034,W/B SR-78,SEELEY AVE.,230,S,N,A,-,Y,NA,NA,78,NA,NA,NA,NA,NA,NA,Y,3,0,2,1,A,-,01,23152,A,N,E,I,A,A,H,-,A,D,0,NA,NA,NA,NA,Y,Y,A,07,0,2,0,0,0,0,0,0,0,-,-,33.58755111694336,-114.65733337402344,RIVERSIDE,UNINCORPORATED,-114.65727996826172,33.58755111694336
90789752,2018,2018-08-13,9685,2018-08-05,1450,016502,NA,7,2,9,3300,0,1,3,NA,1,031,SR-79,HUNTER RD.,700,S,N,A,-,Y,NA,NA,79,NA,NA,NA,NA,NA,NA,Y,4,0,1,2,A,-,03,22350,NA,N,C,C,A,A,H,-,A,A,0,NA,NA,NA,NA,Y,NA,A,01,0,0,1,0,0,0,0,0,0,-,-,33.56679916381836,-117.13690185546876,RIVERSIDE,UNINCORPORATED,-117.1370849609375,33.56684494018555
90789897,2018,2018-08-14,9840,2018-08-05,0132,021261,NA,7,3,6,3345,0,1,1,NA,2,011,I-15 N/B,SR-60,2200,N,N,A,-,Y,NA,NA,15,NA,NA,NA,NA,NA,N,Y,4,0,1,2,A,-,03,22350,NA,N,D,C,A,A,H,-,C,D,0,NA,NA,NA,NA,Y,NA,D,22,0,0,1,0,0,0,0,0,0,-,-,34.02798843383789,-117.55013275146484,RIVERSIDE,JURUPA VALLEY,-117.54999542236328,34.02798843383789
9079052,2020,2020-05-21,3308,2020-02-15,0247,10686,504,6,5,5,3308,0,0,0,NA,0,NORTH,SANDERSON AV,MENLO AV,57,S,N,A,-,N,NA,NA,NA,NA,NA,NA,NA,NA,NA,Y,4,0,1,2,A,-,08,22107,NA,N,C,E,A,A,H,-,C,A,0,NA,NA,NA,NA,Y,Y,A,07,0,0,1,0,0,0,0,0,0,-,-,33.7584114074707,-117.00657653808594,RIVERSIDE,HEMET,-117.00659942626952,33.75806427001953
90790698,2018,2018-08-14,9840,2018-08-02,1140,017649,NA,4,1,6,3394,0,1,3,NA,2,025,SR-60 E/B,FREDERICK STREET,1200,W,N,A,-,Y,NA,NA,NA,NA,NA,NA,NA,NA,NA,Y,4,0,2,2,A,-,03,22350,NA,N,C,C,A,A,H,-,A,D,0,NA,NA,NA,NA,Y,NA,A,01,0,0,2,0,0,0,0,0,0,-,-,33.926429748535156,-117.4257583618164,RIVERSIDE,MORENO VALLEY,-117.26532745361328,33.94035339355469
90792099,2018,2018-08-16,9840,2018-08-03,1534,021198,NA,5,2,7,3313,0,1,1,NA,2,023,SR-91 E/B TO I-215 N/B,SPRUCE ST,1035,N,N,A,-,Y,NA,NA,NA,NA,NA,NA,NA,NA,NA,Y,3,0,1,2,A,-,08,22107,NA,F,B,C,A,A,H,-,A,D,0,NA,NA,NA,NA,Y,NA,A,01,0,1,0,0,0,0,0,0,0,-,-,33.993228912353516,-117.25653076171876,RIVERSIDE,RIVERSIDE,-117.35755157470705,33.99318313598633