CASE_ID,ACCIDENT_YEAR,PROC_DATE,JURIS,COLLISION_DATE,COLLISION_TIME,OFFICER_ID,REPORTING_DISTRICT,DAY_OF_WEEK,CHP_SHIFT,POPULATION,CNTY_CITY_LOC,SPECIAL_COND,BEAT_TYPE,CHP_BEAT_TYPE,CITY_DIVISION_LAPD,CHP_BEAT_CLASS,BEAT_NUMBER,PRIMARY_RD,SECONDARY_RD,DISTANCE,DIRECTION,INTERSECTION,WEATHER_1,WEATHER_2,STATE_HWY_IND,CALTRANS_COUNTY,CALTRANS_DISTRICT,STATE_ROUTE,ROUTE_SUFFIX,POSTMILE_PREFIX,POSTMILE,LOCATION_TYPE,RAMP_INTERSECTION,SIDE_OF_HWY,TOW_AWAY,COLLISION_SEVERITY,NUMBER_KILLED,NUMBER_INJURED,PARTY_COUNT,PRIMARY_COLL_FACTOR,PCF_CODE_OF_VIOL,PCF_VIOL_CATEGORY,PCF_VIOLATION,PCF_VIOL_SUBSECTION,HIT_AND_RUN,TYPE_OF_COLLISION,MVIW,PED_ACTION,ROAD_SURFACE,ROAD_COND_1,ROAD_COND_2,LIGHTING,CONTROL_DEVICE,CHP_ROAD_TYPE,PEDESTRIAN_ACCIDENT,BICYCLE_ACCIDENT,MOTORCYCLE_ACCIDENT,TRUCK_ACCIDENT,NOT_PRIVATE_PROPERTY,ALCOHOL_INVOLVED,STWD_VEHTYPE_AT_FAULT,CHP_VEHTYPE_AT_FAULT,COUNT_SEVERE_INJ,COUNT_VISIBLE_INJ,COUNT_COMPLAINT_PAIN,COUNT_PED_KILLED,COUNT_PED_INJURED,COUNT_BICYCLIST_KILLED,COUNT_BICYCLIST_INJURED,COUNT_MC_KILLED,COUNT_MC_INJURED,PRIMARY_RAMP,SECONDARY_RAMP,LATITUDE,LONGITUDE,COUNTY,CITY,POINT_X,POINT_Y
91283717,2020,2020-08-10,9655,2020-07-31,0740,018905,NA,5,1,4,3301,0,1,1,NA,2,204,I-10 E/B,JOHNSON LN,2640,E,N,A,-,Y,NA,NA,NA,NA,NA,NA,NA,NA,NA,Y,4,0,2,2,A,-,03,22350,NA,N,C,C,A,A,D,-,A,D,0,NA,NA,NA,NA,Y,NA,D,22,0,0,2,0,0,0,0,0,0,-,-,33.92578125,-116.8134994506836,RIVERSIDE,BANNING,NA,NA
91283943,2020,2020-08-11,9630,2020-08-03,0315,021604,NA,1,3,9,3300,0,1,1,NA,2,010,I-10 E/B,N. INDIAN CANYON DR,2640,W,N,A,-,Y,NA,NA,NA,NA,NA,NA,NA,NA,NA,Y,3,0,1,1,A,-,01,23152,A,N,E,I,A,A,H,-,C,D,0,NA,NA,NA,NA,Y,Y,A,01,0,1,0,0,0,0,0,0,0,-,-,33.904598236083984,-116.5553970336914,RIVERSIDE,UNINCORPORATED,-116.55413818359376,33.90473175048828
91284139,2020,2020-09-01,9655,2020-07-31,0600,018905,NA,5,1,4,3301,0,1,1,NA,2,204,I-10 E/B,8TH ST,720,E,N,A,-,Y,NA,NA,10,NA,NA,NA,NA,NA,E,N,4,0,2,2,A,-,02,22400,A,N,C,C,A,A,D,-,A,A,0,NA,NA,NA,NA,Y,NA,A,01,0,0,2,0,0,0,0,0,0,-,-,33.92427062988281,-116.88298034667967,RIVERSIDE,BANNING,-116.88298034667967,33.924171447753906
91285055,2020,2020-08-12,9685,2020-08-04,1200,015360,NA,2,1,4,3342,0,1,1,NA,2,034,I-215 NORTHBOUND,CLINTON KEITH RD.,100,S,N,A,-,Y,NA,NA,NA,NA,NA,NA,NA,NA,NA,Y,2,0,1,1,A,-,08,22107,NA,N,F,A,A,A,H,-,A,D,0,NA,NA,NA,NA,Y,NA,D,22,1,0,0,0,0,0,0,0,0,-,-,33.265350341796875,-117.77564239501952,RIVERSIDE,MURRIETA,-117.1745834350586,33.59823226928711
91286244,2020,2020-08-14,9840,2020-08-05,0540,014916,NA,3,3,9,3300,0,1,1,NA,2,040,I-215 S/B,VAN BUREN BLVD,2640,S,N,A,-,Y,NA,NA,215,NA,NA,NA,NA,NA,S,N,4,0,1,2,A,-,03,22350,NA,F,C,C,A,A,H,-,D,D,0,NA,NA,NA,NA,Y,NA,-,99,0,0,1,0,0,0,0,0,0,-,-,33.878910064697266,-117.26692199707033,RIVERSIDE,UNINCORPORATED,-117.26691436767578,33.878910064697266
91286657,2020,2021-01-07,9840,2020-08-12,1557,021194,NA,3,2,9,3300,0,2,4,NA,2,045,CAJALCO ROAD,SMITH ROAD,1649,W,N,A,-,N,NA,NA,NA,NA,NA,NA,NA,NA,NA,Y,1,1,2,3,A,-,01,23152,A,N,A,C,A,A,H,-,A,D,0,NA,NA,Y,NA,Y,Y,C,02,0,1,1,0,0,0,0,1,0,-,-,33.83369064331055,-117.35841369628906,RIVERSIDE,UNINCORPORATED,-117.3589324951172,33.83345031738281
91288144,2020,2020-08-18,9655,2020-08-15,1310,018168,NA,6,1,9,3300,0,1,3,NA,2,213,SR-79 N/B,GILMAN SPRINGS ROAD,5861,N,N,A,-,Y,NA,NA,79,NA,NA,NA,NA,NA,N,Y,4,0,1,2,A,-,03,22350,NA,N,C,C,A,A,H,-,A,D,0,NA,NA,NA,Y,Y,NA,A,01,0,0,1,0,0,0,0,0,0,-,-,33.860740661621094,-117.00862884521484,RIVERSIDE,UNINCORPORATED,-117.00871276855467,33.86079025268555
91289070,2020,2020-08-19,9840,2020-08-14,1532,018281,NA,5,2,6,3315,0,1,3,NA,2,030,SR-91 E/B,GREEN RIVER RD,3645,W,N,A,-,Y,NA,NA,91,NA,NA,NA,NA,NA,E,Y,4,0,2,3,A,-,03,22350,NA,N,C,C,A,A,H,-,A,D,0,NA,NA,NA,NA,Y,NA,A,01,0,0,2,0,0,0,0,0,0,-,-,33.8714599609375,-117.66641235351563,RIVERSIDE,CORONA,-117.66641998291016,33.8714714050293
91289673,2020,2020-08-20,9655,2020-08-13,1445,017263,NA,4,2,4,3301,0,1,1,NA,2,204,I-10 W/B,SUNSET AVE,3168,W,N,A,-,Y,NA,NA,10,NA,NA,NA,NA,NA,W,Y,3,0,2,3,A,-,07,21658,A,N,B,C,A,A,C,D,A,D,0,NA,NA,NA,NA,Y,NA,A,01,0,1,1,0,0,0,0,0,0,-,-,33.92573928833008,-116.91845703125,RIVERSIDE,BANNING,-116.91844940185548,33.92578887939453
9128983,2020,2020-11-25,3313,2020-07-02,2239,1836,5,4,5,7,3313,0,0,0,NA,0,1R55,PIERCE ST,RT 91,0,NA,Y,A,-,Y,RIV,8,91,-,-,10.606,R,4,E,NA,3,0,1,2,A,-,12,21453,A,N,B,C,A,A,H,-,C,A,0,NA,NA,Y,NA,Y,NA,A,01,0,1,0,0,0,0,0,0,1,-,-,33.89690017700195,-117.4925537109375,RIVERSIDE,RIVERSIDE,-117.4962921142578,33.89638900756836
9129166,2020,2020-10-02,3315,2020-07-10,0614,001509,NA,5,5,6,3315,0,0,0,NA,0,001,LINCOLN AV,D ST,130,S,N,A,-,N,NA,NA,NA,NA,NA,NA,NA,NA,NA,N,4,0,3,2,A,-,12,21453,A,N,A,C,A,A,H,-,A,A,0,NA,NA,NA,NA,Y,NA,A,01,0,0,3,0,0,0,0,0,0,-,-,33.87873840332031,-117.58303833007813,RIVERSIDE,CORONA,-117.58289337158205,33.87976837158203
91291958,2020,2020-08-25,9655,2020-08-19,1832,019049,NA,3,2,3,3302,0,1,3,NA,2,212,SR-60 W/B,WESTERN KNOLLS AVENUE,53,W,N,A,-,Y,NA,NA,60,NA,NA,NA,NA,NA,W,Y,3,0,1,3,A,-,08,22107,NA,N,C,C,A,A,H,-,A,D,0,NA,NA,NA,NA,Y,NA,A,01,0,1,0,0,0,0,0,0,0,-,-,33.9334716796875,-116.99909973144533,RIVERSIDE,BEAUMONT,-116.99909973144533,33.93347930908203
91292340,2020,2020-08-25,9840,2020-08-22,1220,019527,NA,6,1,9,3300,0,1,1,NA,2,023,I-215 S/B,CENTRAL AVE,150,N,N,A,-,Y,NA,NA,215,NA,NA,NA,NA,NA,S,N,4,0,1,2,A,-,03,22350,NA,N,C,C,A,A,H,-,A,D,0,NA,NA,NA,NA,Y,NA,A,01,0,0,1,0,0,0,0,0,0,-,-,33.959190368652344,-117.30998992919922,RIVERSIDE,UNINCORPORATED,-117.30999755859376,33.95917892456055
91293705,2020,2020-08-27,9840,2020-08-22,0245,021943,NA,6,3,7,3313,0,1,3,NA,2,021,STATE ROUTE 91 E/B TO ARLINGTON AVE,BROCKTON AVE,1225,E,N,A,-,Y,NA,NA,91,NA,NA,NA,R,NA,E,Y,3,0,1,1,A,-,01,23152,A,N,E,I,A,A,H,-,C,D,0,NA,NA,NA,NA,Y,Y,A,01,0,1,0,0,0,0,0,0,0,-,-,33.944488525390625,-117.39071655273438,RIVERSIDE,RIVERSIDE,-117.39071655273438,33.944488525390625
91293842,2020,2020-08-27,9685,2020-07-21,2205,016765,NA,2,3,4,3307,0,1,1,NA,2,010,I-15 SOUTHBOUND,RAILROAD CANYON RD,50,S,N,A,-,Y,NA,NA,15,NA,NA,NA,NA,NA,S,Y,3,0,3,2,A,-,03,22350,NA,N,C,C,A,A,D,-,D,D,0,NA,NA,NA,NA,Y,NA,A,01,0,3,0,0,0,0,0,0,0,-,-,33.66191864013672,-117.2986068725586,RIVERSIDE,LAKE ELSINORE,-117.29857635498048,33.661956787109375
91297236,2020,2020-09-01,9840,2020-08-26,1813,018611,NA,3,2,6,3315,0,1,1,NA,2,034,I-15 S/B,DOS LAGOS DRIVE,5280,S,N,A,-,Y,NA,NA,NA,NA,NA,NA,NA,NA,NA,N,4,0,3,2,A,-,03,22350,NA,N,C,C,A,A,H,-,A,D,0,NA,NA,NA,NA,Y,NA,A,01,0,0,3,0,0,0,0,0,0,-,-,33.791988372802734,-117.4980697631836,RIVERSIDE,CORONA,NA,NA
91297690,2020,2020-09-02,9685,2020-05-30,0115,017013,NA,6,3,9,3300,0,1,1,NA,2,020,I-215 NORTHBOUND FROM STATE ROUTE 74,STATE ROUTE 74,1584,N,N,A,-,Y,NA,NA,NA,NA,NA,NA,NA,NA,NA,Y,1,1,3,1,A,-,08,22107,NA,N,F,A,A,A,H,-,D,D,0,NA,NA,NA,NA,Y,NA,A,01,3,0,0,0,0,0,0,0,0,-,-,33.75736999511719,-117.18900299072266,RIVERSIDE,UNINCORPORATED,-117.1891632080078,33.75851058959961
91297834,2020,2020-09-02,9840,2020-08-29,0915,017802,NA,6,1,6,3345,0,1,3,NA,2,010,SR-60 W/B,ETIWANDA AVE.,1700,E,N,A,-,Y,NA,NA,60,NA,NA,NA,NA,NA,W,N,4,0,1,2,A,-,03,22350,NA,N,C,C,A,A,D,-,A,D,0,NA,NA,NA,NA,Y,NA,D,22,0,0,1,0,0,0,0,0,0,-,-,34.01852035522461,-117.518310546875,RIVERSIDE,JURUPA VALLEY,-117.518310546875,34.018592834472656
91298026,2020,2020-09-02,9685,2020-08-26,2035,015050,NA,3,2,9,3300,0,3,5,NA,2,001,SOUTH MAIN DIVIDE,ORTEGA HIGHWAY,4224,S,N,A,-,N,NA,NA,NA,NA,NA,NA,NA,NA,NA,Y,4,0,3,1,A,-,08,22107,NA,N,F,I,A,A,H,-,D,D,0,NA,NA,NA,NA,Y,NA,A,01,0,0,3,0,0,0,0,0,0,-,-,33.65058898925781,-117.40174865722656,RIVERSIDE,UNINCORPORATED,-117.40217590332033,33.65056228637695
91298277,2020,2020-09-03,9655,2020-08-25,0655,015795,NA,2,1,9,3300,0,1,3,NA,2,315,SR-79 S/B,GARBANI ROAD,1056,N,N,A,-,Y,NA,NA,79,NA,NA,NA,NA,NA,S,Y,2,0,2,2,A,-,05,21651,A,N,A,C,A,A,H,-,A,D,0,NA,NA,NA,NA,Y,NA,D,22,1,1,0,0,0,0,0,0,0,-,-,33.65911865234375,-117.0846710205078,RIVERSIDE,UNINCORPORATED,-117.08451080322266,33.659122467041016
91298447,2020,2020-09-03,9655,2020-08-29,1145,016885,NA,6,1,9,3300,0,3,5,NA,2,003,SIMPSON ROAD E/B,WHITTIER AVENUE,50,W,N,A,-,N,NA,NA,NA,NA,NA,NA,NA,NA,NA,Y,4,0,1,1,A,-,08,22107,NA,N,F,A,A,A,H,-,A,D,0,NA,NA,Y,NA,Y,NA,C,02,0,0,1,0,0,0,0,0,1,-,-,33.70718002319336,-117.08078002929688,RIVERSIDE,UNINCORPORATED,-117.08073425292967,33.70716094970703
91298448,2020,2020-09-03,9630,2020-06-13,2050,020445,NA,6,2,9,3300,0,3,5,NA,2,504,66TH AVENUE,DATE PALM STREET,8,W,N,A,-,N,NA,NA,NA,NA,NA,NA,NA,NA,NA,N,1,1,0,2,A,-,11,21954,A,F,G,B,D,A,H,-,E,D,0,Y,NA,NA,NA,Y,NA,N,60,0,0,0,1,0,0,0,0,0,-,-,33.569358825683594,-116.07462310791016,RIVERSIDE,UNINCORPORATED,-116.07456970214844,33.56930160522461
91298727,2020,2020-09-03,9840,2020-08-06,1150,017441,NA,4,1,7,3313,0,1,3,NA,2,010,SR-60 E/B,MARKET ST.,1700,W,N,A,-,Y,NA,NA,60,NA,NA,NA,NA,NA,E,Y,4,0,1,2,D,-,00,NA,NA,N,C,C,A,A,H,-,A,D,0,NA,NA,NA,NA,Y,NA,-,-,0,0,1,0,0,0,0,0,0,-,-,34.00284957885742,-117.38021850585938,RIVERSIDE,RIVERSIDE,-117.38022613525392,34.00283432006836
91299756,2020,2020-09-07,9840,2020-08-29,0427,019017,NA,6,3,6,3315,0,1,3,NA,2,031,SR-91 E/B,MAIN ST,660,E,N,A,-,Y,NA,NA,91,NA,NA,NA,NA,NA,E,Y,2,0,2,2,C,-,18,NA,NA,N,D,C,A,A,C,-,D,D,0,NA,NA,NA,NA,Y,NA,-,-,1,1,0,0,0,0,0,0,0,-,-,33.87942886352539,-117.56326293945313,RIVERSIDE,CORONA,-117.563232421875,33.87968063354492
91300964,2020,2020-09-08,9655,2020-08-29,1810,020695,NA,6,2,3,3302,0,1,3,NA,2,212,SR-60 W/B,POTRERO BLVD.,1473,W,N,A,-,Y,NA,NA,60,NA,NA,NA,NA,NA,W,Y,3,0,1,1,A,-,08,22107,NA,N,E,I,A,A,H,-,A,D,0,NA,NA,NA,NA,Y,NA,A,01,0,1,0,0,0,0,0,0,0,-,-,33.933349609375,-117.02182769775392,RIVERSIDE,BEAUMONT,-117.02182006835938,33.933292388916016
91301871,2020,2020-09-09,9630,2020-09-02,1710,020445,NA,3,2,9,3300,0,3,5,NA,2,001,JOHNSON STREET,62ND AVENUE,1584,S,N,A,-,N,NA,NA,NA,NA,NA,NA,NA,NA,NA,N,3,0,2,2,A,-,03,22350,NA,N,C,C,A,A,H,-,A,D,0,NA,NA,NA,NA,Y,NA,A,01,0,1,1,0,0,0,0,0,0,-,-,33.59492111206055,-116.06088256835938,RIVERSIDE,UNINCORPORATED,-116.06089019775392,33.59440231323242
91302540,2020,2020-09-10,9655,2020-08-31,1050,013757,NA,1,1,9,3300,0,3,5,NA,2,003,STANFORD STREET,ACACIA AVENUE,0,NA,Y,A,-,N,NA,NA,NA,NA,NA,NA,NA,NA,NA,N,3,0,1,2,A,-,08,22107,NA,N,A,G,A,A,H,-,A,A,0,NA,Y,NA,NA,Y,NA,L,04,0,1,0,0,0,0,1,0,0,-,-,33.74412155151367,-116.93253326416016,RIVERSIDE,UNINCORPORATED,-116.93254089355467,33.74407196044922
91304432,2020,2020-09-14,9685,2020-09-04,0413,14338,NA,5,3,4,3307,0,1,1,NA,2,010,I-15 N/B,OLIVE STREET,225,N,N,A,-,Y,NA,NA,NA,NA,NA,NA,NA,NA,NA,Y,4,0,1,1,C,-,18,NA,NA,N,A,I,A,A,H,-,D,D,0,NA,NA,NA,NA,Y,NA,-,-,0,0,1,0,0,0,0,0,0,-,-,33.64405822753906,-117.28456878662108,RIVERSIDE,LAKE ELSINORE,-117.28375244140624,33.64265441894531
91305207,2020,2020-09-15,9655,2020-09-04,1500,019346,NA,5,2,9,3300,0,1,1,NA,2,204,I-10 W/B,MORONGO TRL,2640,E,N,A,-,Y,NA,NA,NA,NA,NA,NA,NA,NA,NA,Y,4,0,1,1,A,-,08,22107,NA,N,E,I,A,A,H,-,A,D,0,NA,NA,NA,NA,Y,NA,A,01,0,0,1,0,0,0,0,0,0,-,-,33.921669006347656,-116.80381011962892,RIVERSIDE,UNINCORPORATED,NA,NA
9130623,2020,2020-11-12,3300,2020-06-14,0830,4071,602D2,7,5,6,3394,0,0,0,NA,0,MV26,INDIAN ST,WEBSTER AV,0,NA,Y,A,-,N,NA,NA,NA,NA,NA,NA,NA,NA,NA,Y,4,0,1,2,A,-,08,22103,NA,N,D,C,A,A,H,-,A,D,0,NA,NA,NA,NA,Y,NA,A,01,0,0,1,0,0,0,0,0,0,-,-,33.93724060058594,-117.23499298095705,RIVERSIDE,MORENO VALLEY,-117.2350616455078,33.93722152709961
91309030,2020,2020-09-22,9630,2020-09-15,1543,021162,NA,2,2,9,3300,0,3,5,NA,2,501,CALHOUN ST,52ND AVE,150,S,N,A,-,N,NA,NA,NA,NA,NA,NA,NA,NA,NA,Y,3,0,1,1,A,-,03,22350,NA,N,F,A,A,A,H,-,A,D,0,NA,NA,NA,NA,Y,NA,D,22,0,1,0,0,0,0,0,0,0,-,-,33.670318603515625,-116.2078094482422,RIVERSIDE,UNINCORPORATED,-116.2077407836914,33.67047119140625
91309225,2020,2020-09-22,9840,2020-09-21,1535,014571,NA,1,2,9,3300,0,1,1,NA,2,040,I-215 S/B,VAN BUREN BLVD.,2112,S,N,A,-,Y,NA,NA,215,NA,NA,NA,NA,NA,S,Y,3,0,1,2,A,-,07,21658,A,N,B,C,A,A,H,-,A,D,0,NA,NA,Y,NA,Y,NA,C,02,0,1,0,0,0,0,0,0,1,-,-,33.87910079956055,-117.26689910888672,RIVERSIDE,UNINCORPORATED,-117.26698303222656,33.879066467285156
91309309,2020,2020-10-09,9655,2020-09-14,2008,020774,NA,1,2,9,3300,0,1,1,NA,2,204,I-10 W/B,MALKI RD.,2323,W,N,A,-,Y,NA,NA,10,NA,NA,NA,NA,NA,W,N,4,0,2,2,A,-,07,21658,A,N,B,C,A,A,H,-,B,D,0,NA,NA,NA,Y,Y,NA,A,01,0,0,2,0,0,0,0,0,0,-,-,33.93165969848633,-116.82948303222656,RIVERSIDE,UNINCORPORATED,-116.82948303222656,33.93168258666992
91309686,2020,2020-09-23,9840,2020-03-13,2313,018849,NA,5,3,6,3345,0,1,3,NA,2,010,SR-60 W/B,SANTA ANA RIVER,1310,W,N,A,-,Y,NA,NA,60,NA,NA,NA,NA,NA,W,Y,1,1,4,2,A,-,01,23152,G,N,B,I,A,A,H,-,D,D,0,NA,NA,NA,NA,Y,Y,A,01,1,0,3,0,0,0,0,0,0,-,-,34.005008697509766,-117.38858032226563,RIVERSIDE,JURUPA VALLEY,-117.38856506347656,34.00516128540039
91309942,2020,2020-09-23,9840,2020-09-21,1435,021481,NA,1,2,7,3313,0,1,3,NA,2,020,SR-91 W/B,VAN BUREN BLVD,3168,E,N,A,-,Y,NA,NA,91,NA,NA,NA,NA,NA,W,Y,4,0,1,2,A,-,08,22107,NA,N,B,C,A,A,H,-,A,D,0,NA,NA,NA,NA,Y,NA,D,22,0,0,1,0,0,0,0,0,0,-,-,33.91973876953125,-117.43344116210938,RIVERSIDE,RIVERSIDE,-117.43345642089844,33.919769287109375
91313512,2020,2020-09-28,9840,2020-09-26,0528,018949,NA,6,3,7,3313,0,1,1,NA,2,023,I-215 N/B,EAST LA CADENA DR,600,N,N,A,-,Y,NA,NA,215,NA,NA,NA,NA,NA,N,Y,4,0,3,3,A,-,08,22107,NA,N,B,C,A,A,D,-,D,A,0,NA,NA,NA,NA,Y,NA,A,01,0,0,3,0,0,0,0,0,0,-,-,33.99293899536133,-117.35627746582033,RIVERSIDE,RIVERSIDE,-117.3555908203125,33.99333190917969
91313593,2020,2020-09-28,9685,2020-09-22,0600,015757,NA,2,1,5,3335,0,1,1,NA,2,030,I-15 N/B (TEMECULA VALLEY FWY),TEMECULA VALLEY PARKWAY,5280,S,N,A,-,Y,NA,NA,15,NA,NA,NA,NA,NA,N,Y,4,0,1,3,A,-,07,21658,A,F,B,C,A,A,D,-,B,D,0,NA,NA,NA,NA,Y,NA,A,01,0,0,1,0,0,0,0,0,0,-,-,33.46609115600586,-117.13619995117188,RIVERSIDE,TEMECULA,-117.13611602783205,33.466087341308594
91315091,2020,2020-09-30,9840,2020-09-29,0200,016358,NA,2,3,6,3315,0,1,3,NA,2,031,SR-91 E/B,PROMENADE AVE,1056,E,N,A,-,Y,NA,NA,91,NA,NA,NA,NA,NA,E,Y,4,0,1,2,A,-,03,22350,NA,N,C,C,A,A,H,-,C,D,0,NA,NA,NA,NA,Y,NA,A,01,0,0,1,0,0,0,0,0,0,-,-,33.88346862792969,-117.53441619873048,RIVERSIDE,CORONA,-117.534423828125,33.883480072021484
9131643,2020,2020-09-15,3300,2020-06-13,1430,4071,604E7,6,5,6,3394,0,0,0,NA,0,MV48,ALESSANDRO BL,GILMAN SPRINGS RD,0,NA,Y,A,-,N,NA,NA,NA,NA,NA,NA,NA,NA,NA,Y,4,0,1,2,A,-,21,22106,NA,N,C,C,A,A,H,-,A,A,0,NA,NA,NA,NA,Y,NA,A,01,0,0,1,0,0,0,0,0,0,-,-,33.918399810791016,-117.10366058349608,RIVERSIDE,MORENO VALLEY,-117.10388946533205,33.91957092285156
91316973,2020,2020-10-05,9685,2020-09-28,1505,016185,NA,1,2,5,3335,0,1,1,NA,2,030,I-15 N/B,WINCHESTER ROAD,1474,S,N,A,-,Y,NA,NA,15,NA,NA,NA,NA,NA,N,N,3,0,2,3,A,-,03,22350,NA,N,C,C,A,A,H,-,A,D,0,NA,NA,NA,NA,Y,NA,E,22,0,2,0,0,0,0,0,0,0,-,-,33.51900100708008,-117.16030120849608,RIVERSIDE,TEMECULA,-117.16038513183594,33.518951416015625
91318665,2020,2020-10-06,9840,2020-09-30,1855,020455,NA,3,2,7,3313,0,1,1,NA,2,023,I-215 S/B,MARTIN LUTHER KING JR BLVD,3000,S,N,A,-,Y,NA,NA,215,NA,NA,NA,NA,NA,S,Y,4,0,1,3,A,-,03,22350,NA,N,C,C,A,A,H,-,B,D,0,NA,NA,NA,NA,Y,NA,A,01,0,0,1,0,0,0,0,0,0,-,-,33.9622688293457,-117.32225799560548,RIVERSIDE,RIVERSIDE,-117.32223510742188,33.96232223510742
91318677,2020,2020-11-16,9840,2020-10-01,0915,015444,NA,4,1,6,3345,0,1,3,NA,2,010,SR-60 W/B,MISSION AVE,2640,W,N,A,-,Y,NA,NA,NA,NA,NA,NA,NA,NA,NA,Y,4,0,1,2,A,-,07,21658,A,N,B,C,A,A,H,-,A,D,0,NA,NA,NA,NA,Y,NA,A,07,0,0,1,0,0,0,0,0,0,-,-,33.01858139038086,-117.53791046142578,RIVERSIDE,JURUPA VALLEY,-117.53673553466795,34.018394470214844
91319409,2020,2020-10-07,9655,2020-10-01,1233,016885,NA,4,1,9,3300,0,3,5,NA,2,002,CHERRY VALLEY BOULEVARD,BELLFLOWER AVENUE,0,NA,Y,A,-,N,NA,NA,NA,NA,NA,NA,NA,NA,NA,Y,4,0,1,1,A,-,08,22107,NA,N,E,I,A,A,H,-,A,A,0,NA,NA,NA,NA,Y,NA,A,01,0,0,1,0,0,0,0,0,0,-,-,33.968650817871094,-116.95099639892578,RIVERSIDE,UNINCORPORATED,-116.95089721679688,33.96855163574219
91320287,2020,2020-10-08,9840,2020-09-25,1130,015789,NA,5,1,6,3315,0,1,1,NA,2,037,I-15 N/B,TEMESCAL CANYON RD.,1056,S,N,A,-,Y,NA,NA,NA,NA,NA,NA,NA,NA,NA,N,4,0,1,1,C,-,18,NA,NA,N,E,J,A,A,H,-,A,D,0,NA,NA,NA,NA,Y,NA,-,-,0,0,1,0,0,0,0,0,0,-,-,33.77687072753906,-117.48706817626952,RIVERSIDE,CORONA,-117.48561096191406,33.77432632446289
91320354,2020,2020-10-08,9840,2020-10-01,1355,014571,NA,4,1,9,3300,0,2,4,NA,2,045,EL SOBRANTE RD.,MCALLISTER ST.,3696,E,N,A,-,N,NA,NA,NA,NA,NA,NA,NA,NA,NA,Y,3,0,1,2,A,-,09,21801,A,N,D,C,A,A,H,-,A,D,0,NA,NA,Y,NA,Y,NA,A,01,0,1,0,0,0,0,0,0,1,-,-,33.85820007324219,-117.42530059814452,RIVERSIDE,UNINCORPORATED,-117.42642974853516,33.858154296875
91320448,2020,2020-10-08,9630,2020-09-30,2029,021796,NA,3,2,9,3300,0,1,1,NA,2,021,I-10 E/B TO COOK STREET OFF-RAMP,COOK ST,870,W,N,A,-,Y,NA,NA,10,NA,NA,NA,R,NA,E,Y,2,0,1,1,A,-,01,23152,A,M,E,I,A,A,H,-,D,D,0,NA,NA,NA,NA,Y,Y,A,07,1,0,0,0,0,0,0,0,0,-,-,33.78736877441406,-116.35727691650392,RIVERSIDE,UNINCORPORATED,-116.35727691650392,33.78736877441406
91321022,2020,2020-11-20,9840,2020-09-26,1445,021297,NA,6,2,9,3300,0,3,5,NA,2,004,GAVILAN RD,CAJALCO RD,491,S,N,A,-,N,NA,NA,NA,NA,NA,NA,NA,NA,NA,Y,4,0,1,2,A,-,08,22107,NA,N,B,C,A,A,H,-,A,D,0,NA,NA,NA,NA,Y,NA,A,01,0,0,1,0,0,0,0,0,0,-,-,33.831058502197266,-117.36276245117188,RIVERSIDE,UNINCORPORATED,-117.36273193359376,33.831111907958984
91321199,2020,2020-10-09,9840,2020-10-05,1850,021950,NA,1,2,6,3394,0,1,3,NA,2,025,STATE ROUTE 60 E/B,PIGEON PASS ROAD,500,E,N,A,B,Y,NA,NA,60,NA,NA,NA,NA,NA,E,N,4,0,1,2,A,-,07,21658,A,N,B,C,A,A,H,-,C,D,0,NA,NA,Y,NA,Y,NA,A,01,0,0,1,0,0,0,0,0,1,-,-,33.94078063964844,-117.25968933105467,RIVERSIDE,MORENO VALLEY,-117.25968933105467,33.94075393676758
91322078,2020,2021-02-09,9840,2020-09-29,2014,021950,NA,2,2,7,3313,0,1,3,NA,2,020,STATE ROUTE 91 E/B,VAN BUREN BLVD.,1500,W,N,A,-,Y,NA,NA,91,NA,NA,NA,NA,NA,E,Y,4,0,1,2,A,-,01,23152,G,F,B,I,A,A,H,-,C,D,0,NA,NA,NA,NA,Y,NA,A,01,0,0,1,0,0,0,0,0,0,-,-,33.911380767822266,-117.44779205322266,RIVERSIDE,RIVERSIDE,-117.44779205322266,33.91138458251953
91322181,2020,2020-11-09,9655,2020-10-03,1915,018383,NA,6,2,9,3300,0,3,5,NA,2,002,SAN TIMOTEO CANYON RD,REDLANDS BLVD,2100,W,N,A,-,N,NA,NA,NA,NA,NA,NA,NA,NA,NA,Y,4,0,2,2,A,-,09,21804,A,N,D,C,A,A,H,-,D,D,0,NA,NA,NA,NA,Y,NA,A,07,0,0,2,0,0,0,0,0,0,-,-,33.99687957763672,-117.16200256347656,RIVERSIDE,UNINCORPORATED,-117.16016387939452,33.99454116821289