CASE_ID,ACCIDENT_YEAR,PROC_DATE,JURIS,COLLISION_DATE,COLLISION_TIME,OFFICER_ID,REPORTING_DISTRICT,DAY_OF_WEEK,CHP_SHIFT,POPULATION,CNTY_CITY_LOC,SPECIAL_COND,BEAT_TYPE,CHP_BEAT_TYPE,CITY_DIVISION_LAPD,CHP_BEAT_CLASS,BEAT_NUMBER,PRIMARY_RD,SECONDARY_RD,DISTANCE,DIRECTION,INTERSECTION,WEATHER_1,WEATHER_2,STATE_HWY_IND,CALTRANS_COUNTY,CALTRANS_DISTRICT,STATE_ROUTE,ROUTE_SUFFIX,POSTMILE_PREFIX,POSTMILE,LOCATION_TYPE,RAMP_INTERSECTION,SIDE_OF_HWY,TOW_AWAY,COLLISION_SEVERITY,NUMBER_KILLED,NUMBER_INJURED,PARTY_COUNT,PRIMARY_COLL_FACTOR,PCF_CODE_OF_VIOL,PCF_VIOL_CATEGORY,PCF_VIOLATION,PCF_VIOL_SUBSECTION,HIT_AND_RUN,TYPE_OF_COLLISION,MVIW,PED_ACTION,ROAD_SURFACE,ROAD_COND_1,ROAD_COND_2,LIGHTING,CONTROL_DEVICE,CHP_ROAD_TYPE,PEDESTRIAN_ACCIDENT,BICYCLE_ACCIDENT,MOTORCYCLE_ACCIDENT,TRUCK_ACCIDENT,NOT_PRIVATE_PROPERTY,ALCOHOL_INVOLVED,STWD_VEHTYPE_AT_FAULT,CHP_VEHTYPE_AT_FAULT,COUNT_SEVERE_INJ,COUNT_VISIBLE_INJ,COUNT_COMPLAINT_PAIN,COUNT_PED_KILLED,COUNT_PED_INJURED,COUNT_BICYCLIST_KILLED,COUNT_BICYCLIST_INJURED,COUNT_MC_KILLED,COUNT_MC_INJURED,PRIMARY_RAMP,SECONDARY_RAMP,LATITUDE,LONGITUDE,COUNTY,CITY,POINT_X,POINT_Y
9142157,2020,2020-10-20,3300,2020-08-05,1228,N6426,910L,3,5,5,3335,0,0,0,NA,0,064,RANCHO CALIFORNIA RD,CALLE TAJO,0,NA,Y,A,-,N,NA,NA,NA,NA,NA,NA,NA,NA,NA,Y,4,0,2,2,A,-,09,21802,A,N,D,C,A,A,H,-,A,A,0,NA,NA,NA,NA,Y,NA,A,01,0,0,2,0,0,0,0,0,0,-,-,33.512210845947266,-117.10907745361328,RIVERSIDE,TEMECULA,-117.10900115966795,33.51213073730469
9142183,2020,2020-10-28,3300,2020-08-17,2137,5397,905C,1,5,4,3307,0,0,0,NA,0,090,HOLLAND RD,HERMOSA,639,E,N,A,-,N,NA,NA,NA,NA,NA,NA,NA,NA,NA,N,3,0,1,1,A,-,01,23152,A,N,F,A,A,A,H,-,C,D,0,NA,NA,NA,Y,Y,Y,F,26,0,1,0,0,0,0,0,0,0,-,-,NA,NA,RIVERSIDE,LAKE ELSINORE,-117.21762847900392,33.67073059082031
91423535,2021,2021-03-09,9685,2021-03-08,0305,016347,NA,1,3,5,3341,0,1,1,NA,2,020,I-215 N/B,SCOTT ROAD,5808,N,N,B,-,Y,NA,NA,215,NA,NA,NA,NA,NA,N,Y,3,0,1,2,A,-,08,22107,NA,N,C,C,A,A,H,-,D,D,0,NA,NA,NA,NA,Y,NA,A,01,0,1,0,0,0,0,0,0,0,-,-,33.65793991088867,-117.17108154296876,RIVERSIDE,MENIFEE,-117.17103576660156,33.657936096191406
91424671,2021,2021-03-10,9655,2021-03-05,1431,018383,NA,5,2,9,3300,0,1,3,NA,2,315,SR-79,EL CENTRO AVE,10,N,N,A,-,Y,NA,NA,79,NA,NA,NA,NA,NA,NA,Y,2,0,1,2,A,-,05,21460,A,N,A,C,A,A,H,-,A,D,0,NA,NA,Y,NA,Y,NA,C,02,1,0,0,0,0,0,0,0,1,-,-,33.737091064453125,-117.0763702392578,RIVERSIDE,UNINCORPORATED,-117.076416015625,33.737083435058594
91429221,2021,2021-03-17,9840,2021-03-13,0218,021872,NA,6,3,7,3313,0,1,3,NA,2,211,SR-91 W/B,BROCKTON AVE,950,W,N,B,-,Y,NA,NA,91,NA,NA,NA,NA,NA,W,Y,3,0,1,2,A,-,03,22350,NA,N,C,C,A,A,H,-,D,D,0,NA,NA,NA,NA,Y,NA,A,01,0,1,0,0,0,0,0,0,0,-,-,33.940799713134766,-117.39669799804688,RIVERSIDE,RIVERSIDE,-117.39666748046876,33.94075393676758
91429352,2021,2021-03-17,9840,2021-03-14,1640,020058,NA,7,2,7,3313,0,1,3,NA,2,020,SR-91 E/B,TYLER ST,1700,E,N,B,-,Y,NA,NA,91,NA,NA,NA,NA,NA,E,Y,4,0,1,2,A,-,03,22350,NA,N,C,C,A,A,H,-,A,D,0,NA,NA,NA,NA,Y,NA,A,01,0,0,1,0,0,0,0,0,0,-,-,33.908939361572266,-117.45200347900392,RIVERSIDE,RIVERSIDE,-117.45203399658205,33.90899658203125
91430733,2021,2021-03-19,9840,2021-03-18,1740,014571,NA,4,2,9,3300,0,2,4,NA,2,045,CAJALCO RD.,CARROLL ST.,261,W,N,A,-,N,NA,NA,NA,NA,NA,NA,NA,NA,NA,N,4,0,1,2,A,-,03,22350,NA,N,C,C,A,A,H,-,A,D,0,NA,NA,NA,NA,Y,NA,A,01,0,0,1,0,0,0,0,0,0,-,-,33.83720016479492,-117.2842025756836,RIVERSIDE,UNINCORPORATED,-117.28431701660156,33.83725357055664
91431738,2021,2021-03-22,9655,2021-03-08,2315,020774,NA,1,3,4,3301,0,1,3,NA,2,213,SR-79 S/B,CALIFORNIA AVE,5016,S,N,A,-,Y,NA,NA,NA,NA,NA,NA,NA,NA,NA,Y,4,0,1,1,A,-,08,22107,NA,M,E,I,A,A,H,-,D,D,0,NA,NA,NA,NA,Y,NA,A,01,0,0,1,0,0,0,0,0,0,-,-,33.898311614990234,-116.98770141601563,RIVERSIDE,BANNING,-122.79540252685548,38.25262069702149
91432431,2021,2021-03-22,9840,2021-03-19,1610,021311,NA,5,2,6,3315,0,1,S,NA,2,310,SR-91 E/B,S MAIN ST,100,E,N,A,-,Y,NA,NA,91,NA,NA,NA,NA,NA,E,N,4,0,1,3,A,-,03,22350,NA,N,C,C,A,A,H,-,A,D,0,NA,NA,NA,NA,Y,NA,A,01,0,0,1,0,0,0,0,0,0,-,-,33.87990188598633,-117.56510925292967,RIVERSIDE,CORONA,-117.56510925292967,33.879905700683594
9143346,2020,2020-09-24,3300,2020-07-08,1516,3481,920A,3,5,4,3314,0,0,0,NA,0,070,SANDERSON AV,RAMONA BL,4013,S,N,A,-,N,NA,NA,NA,NA,NA,NA,NA,NA,NA,N,3,0,1,2,A,-,08,22107,NA,M,B,C,A,A,H,-,A,D,0,NA,NA,NA,NA,Y,NA,A,01,0,1,0,0,0,0,0,0,0,-,-,33.82133102416992,-117.0039520263672,RIVERSIDE,SAN JACINTO,-117.00694274902344,33.810760498046875
91437111,2021,2021-03-26,9655,2021-03-20,1208,014516,NA,6,1,3,3302,0,1,1,NA,2,202,I-10 W/B,OAK VALLEY PKWY,4277,W,N,B,-,Y,NA,NA,10,NA,NA,NA,NA,NA,W,Y,3,0,1,2,A,-,03,22350,NA,N,C,C,A,A,H,-,A,D,0,NA,NA,Y,NA,Y,NA,C,02,0,1,0,0,0,0,0,0,1,-,-,33.95323181152344,-117.01303863525392,RIVERSIDE,BEAUMONT,-117.01303100585938,33.95323944091797
91437131,2021,2021-03-26,9840,2021-03-20,1620,021950,NA,6,2,9,3300,0,1,1,NA,2,034,I-15 N/B,DOS LAGOS DR.,2000,S,N,A,-,Y,NA,NA,15,NA,NA,NA,NA,NA,N,Y,4,0,2,3,A,-,03,22350,NA,N,C,C,A,A,H,-,A,D,0,NA,NA,NA,NA,Y,NA,A,01,0,0,2,0,0,0,0,0,0,-,-,33.79814910888672,-117.50205230712892,RIVERSIDE,UNINCORPORATED,-117.50205993652344,33.79814529418945
91437235,2021,2021-03-26,9685,2021-03-22,1955,018539,NA,1,2,5,3335,0,1,1,NA,2,030,I-15 N/B,RAINBOW SCALES,2640,N,N,A,-,Y,NA,NA,15,NA,NA,NA,NA,NA,N,Y,4,0,1,2,A,-,07,21658,A,N,B,C,A,A,H,-,C,D,0,NA,NA,NA,NA,Y,NA,A,01,0,0,1,0,0,0,0,0,0,-,-,33.45956039428711,-117.1357879638672,RIVERSIDE,TEMECULA,-117.13591766357422,33.45954513549805
91437266,2020,2021-03-26,9630,2020-09-14,0128,021908,NA,1,3,9,3300,0,1,1,NA,2,020,INTERSTATE 10 WESTBOUND,BOB HOPE DRIVE,6864,W,N,A,-,Y,NA,NA,NA,NA,NA,NA,NA,NA,NA,Y,1,1,0,2,A,-,03,22350,NA,N,C,C,A,A,H,-,D,D,0,NA,NA,NA,Y,Y,Y,F,26,0,0,0,0,0,0,0,0,0,-,-,33.083160400390625,-116.04280090332033,RIVERSIDE,UNINCORPORATED,-116.42739868164063,33.83118438720703
91438726,2021,2021-03-29,9655,2021-03-25,1303,014516,NA,4,1,9,3300,0,1,1,NA,2,202,I-10 E/B,HIGHLAND SPRINGS AVE,528,W,N,B,-,Y,NA,NA,NA,NA,NA,NA,NA,NA,NA,Y,3,0,1,2,A,-,03,22350,NA,N,C,C,A,A,H,-,A,D,0,NA,NA,NA,NA,Y,NA,A,01,0,1,0,0,0,0,0,0,0,-,-,33.926841735839844,-116.94873809814452,RIVERSIDE,UNINCORPORATED,-116.94861602783205,33.92684555053711
91440134,2021,2021-03-31,9685,2021-03-21,0144,015906,NA,7,3,4,3342,0,1,1,NA,2,030,I-15 SOUTHBOUND,I-215 SOUTHBOUND O/C,219,N,N,A,-,Y,NA,NA,15,NA,NA,NA,NA,NA,S,Y,3,0,4,1,A,-,01,23152,A,N,E,I,A,A,H,-,D,D,0,NA,NA,NA,NA,Y,Y,A,01,0,2,2,0,0,0,0,0,0,-,-,33.54938888549805,-117.18224334716795,RIVERSIDE,MURRIETA,-117.18228149414063,33.5493278503418
91440392,2021,2021-03-31,9685,2021-03-25,0515,015757,NA,4,3,4,3342,0,1,1,NA,2,034,I-215 S/B (ESCONDIDO FWY),LOS ALAMOS RD,3168,N,N,A,-,Y,NA,NA,215,NA,NA,NA,NA,NA,S,Y,4,0,1,2,A,-,07,21658,A,F,B,C,A,A,H,-,D,D,0,NA,NA,NA,NA,Y,NA,D,22,0,0,1,0,0,0,0,0,0,-,-,33.58238983154297,-117.18097686767578,RIVERSIDE,MURRIETA,-117.18104553222656,33.58238983154297
91440626,2021,2021-04-01,9840,2021-03-24,2125,014571,NA,3,2,9,3300,0,2,4,NA,2,045,CAJALCO RD.,SEATON AVE.,40,W,N,A,-,N,NA,NA,NA,NA,NA,NA,NA,NA,NA,Y,3,0,1,3,A,-,08,22107,NA,N,B,C,A,A,H,-,D,D,0,NA,NA,NA,Y,Y,NA,A,01,0,1,0,0,0,0,0,0,0,-,-,33.837398529052734,-117.26180267333984,RIVERSIDE,UNINCORPORATED,-117.26171875,33.837371826171875
91440927,2021,2021-04-01,9840,2021-03-27,0255,022180,NA,6,3,6,3315,0,1,1,NA,2,034,I-15 S/B,ONTARIO AVE,190,N,N,A,-,Y,NA,NA,15,NA,NA,NA,NA,NA,S,Y,4,0,2,1,A,-,08,22107,NA,N,E,I,A,A,H,-,D,D,0,NA,NA,NA,NA,Y,NA,A,07,0,0,2,0,0,0,0,0,0,-,-,33.84463119506836,-117.53497314453124,RIVERSIDE,CORONA,-117.53511810302734,33.84463882446289
91441112,2021,2021-04-01,9840,2021-03-26,1135,019527,NA,5,1,7,3313,0,1,3,NA,2,021,SR-91 E/B,CRIDGE ST,200,E,N,A,-,Y,NA,NA,91,NA,NA,NA,NA,NA,E,N,4,0,1,3,A,-,03,22350,NA,N,C,C,A,A,H,-,A,D,0,NA,NA,NA,NA,Y,NA,A,01,0,0,1,0,0,0,0,0,0,-,-,33.969459533691406,-117.37581634521484,RIVERSIDE,RIVERSIDE,-117.3759307861328,33.96953201293945
91442732,2021,2021-04-05,9840,2021-03-28,1500,021194,NA,7,2,9,3300,0,3,5,NA,2,004,PRIVATE ROAD,SR-74,2640,N,N,A,-,N,NA,NA,NA,NA,NA,NA,NA,NA,NA,N,2,0,1,1,B,-,22,NA,NA,N,F,A,A,A,H,-,A,D,0,NA,NA,Y,NA,Y,NA,C,02,1,0,0,0,0,0,0,0,1,-,-,33.745540618896484,-117.09211730957033,RIVERSIDE,UNINCORPORATED,NA,NA
91443779,2021,2021-04-06,9840,2021-04-02,1313,014335,NA,5,1,9,3300,0,1,1,NA,2,034,I-15 NORTHBOUND,TEMESCAL CANYON ROAD,1200,N,N,A,-,Y,NA,NA,15,NA,NA,NA,NA,NA,N,Y,4,0,1,2,A,-,03,22350,NA,N,C,C,A,A,H,-,A,D,0,NA,NA,NA,NA,Y,NA,A,01,0,0,1,0,0,0,0,0,0,-,-,33.77980041503906,-117.48870086669922,RIVERSIDE,UNINCORPORATED,-117.48886871337892,33.77969741821289
91446170,2021,2021-04-08,9655,2021-04-06,1400,019462,NA,2,2,9,3300,0,3,5,NA,2,001,BAUTISTA CANYON RD,TRIPP FLATS RD,12672,N,N,A,-,N,NA,NA,NA,NA,NA,NA,NA,NA,NA,Y,2,0,1,2,A,-,05,21650,NA,N,A,C,A,A,H,-,A,D,0,NA,NA,Y,NA,Y,NA,C,02,1,0,0,0,0,0,0,0,1,-,-,33.62104034423828,-116.76702117919922,RIVERSIDE,UNINCORPORATED,-116.76441192626952,33.619266510009766
91446925,2021,2021-04-09,9655,2021-04-05,0825,014743,NA,1,1,9,3300,0,1,3,NA,2,213,SR-79 S/B,COUNTY LANDFILL ROAD,81,N,N,A,-,Y,NA,NA,79,NA,NA,NA,NA,NA,S,N,4,0,1,2,A,-,03,22350,NA,N,C,C,A,A,H,-,A,D,0,NA,NA,NA,NA,Y,NA,A,01,0,0,1,0,0,0,0,0,0,-,-,33.88372039794922,-116.99089813232422,RIVERSIDE,UNINCORPORATED,-116.9907455444336,33.883697509765625
91447994,2021,2021-04-12,9630,2021-02-02,0028,021570,NA,2,3,9,3300,0,1,1,NA,2,010,INTERSTATE 10,STATE ROUTE 62,728,W,N,A,-,Y,NA,NA,10,NA,NA,NA,NA,NA,NA,Y,1,1,0,1,A,-,01,23152,A,N,E,I,A,A,H,-,C,D,0,NA,NA,NA,NA,Y,Y,A,07,0,0,0,0,0,0,0,0,0,-,-,33.916011810302734,-116.61078643798828,RIVERSIDE,UNINCORPORATED,-116.6108169555664,33.9158935546875
91447998,2021,2021-04-12,9840,2021-03-05,1151,015789,NA,5,1,9,3300,0,2,4,NA,2,045,CAJALCO RD.,SEATON AVE.,0,NA,Y,A,-,N,NA,NA,NA,NA,NA,NA,NA,NA,NA,Y,4,0,1,2,A,-,09,21801,A,N,D,C,A,A,H,-,A,D,0,NA,NA,NA,NA,Y,NA,A,01,0,0,1,0,0,0,0,0,0,-,-,33.83734893798828,-117.2615966796875,RIVERSIDE,UNINCORPORATED,-117.26158905029295,33.837371826171875
91448478,2021,2021-04-12,9840,2021-04-08,0935,019527,NA,4,1,6,3394,0,1,3,NA,2,025,SR-60 W/B,DAY ST,500,E,N,A,-,Y,NA,NA,60,NA,NA,NA,NA,NA,W,N,4,0,1,2,A,-,03,22350,NA,N,C,C,A,A,H,-,A,D,0,NA,NA,NA,NA,Y,NA,A,01,0,0,1,0,0,0,0,0,0,-,-,33.94239044189453,-117.27720642089844,RIVERSIDE,MORENO VALLEY,-117.27719879150392,33.94243621826172
91449134,2021,2021-04-13,9630,2021-04-04,2233,021570,NA,7,3,9,3300,0,1,1,NA,2,021,I-10 E/B,JACKSON ST,62,E,N,A,G,Y,NA,NA,NA,NA,NA,NA,NA,NA,NA,Y,3,0,2,1,A,-,01,23152,G,N,F,A,A,A,H,-,D,D,0,NA,NA,NA,NA,Y,Y,A,07,0,2,0,0,0,0,0,0,0,-,-,33.737239837646484,-116.21588134765624,RIVERSIDE,UNINCORPORATED,-116.21634674072266,33.73769760131836
91450003,2021,2021-04-14,9655,2021-04-03,2139,019449,NA,6,2,9,3300,0,1,3,NA,1,312,SR-74 E/B (FLORIDA AVENUE),CORDOBA DR,45,E,N,A,-,Y,NA,NA,74,NA,NA,NA,NA,NA,E,Y,4,0,2,1,A,-,08,22107,NA,N,E,I,A,A,H,-,D,D,0,NA,NA,NA,NA,Y,NA,A,01,0,0,2,0,0,0,0,0,0,-,-,33.743751525878906,-117.0460968017578,RIVERSIDE,UNINCORPORATED,-117.0460968017578,33.743804931640625
91450045,2021,2021-04-14,9630,2021-04-05,0035,021652,NA,1,3,9,3300,0,1,1,NA,2,020,I-10 E/B,BOB HOPE DR,528,W,N,A,-,Y,NA,NA,10,NA,NA,NA,NA,NA,E,Y,2,0,2,2,A,-,03,22350,NA,N,C,C,A,A,H,-,D,D,0,NA,NA,NA,Y,Y,NA,G,25,1,1,0,0,0,0,0,0,0,-,-,33.82162857055664,-116.41153717041016,RIVERSIDE,UNINCORPORATED,-116.4116439819336,33.82146453857422
91451522,2021,2021-04-15,9630,2021-04-10,2045,019807,NA,6,2,9,3300,0,1,1,NA,2,302,I-10 E/B,HAYFIELD RD,6336,W,N,A,-,Y,NA,NA,10,NA,NA,NA,NA,NA,E,Y,3,0,1,1,A,-,08,22107,NA,N,E,I,A,A,H,-,D,D,0,NA,NA,NA,NA,Y,NA,A,01,0,1,0,0,0,0,0,0,0,-,-,33.66646957397461,-115.68138885498048,RIVERSIDE,UNINCORPORATED,-115.6813507080078,33.6660270690918
91451989,2021,2021-04-16,9840,2021-04-09,1722,021194,NA,5,2,7,3313,0,1,3,NA,2,021,SR-91 E/B,CRIDGE ST,200,W,N,A,-,Y,NA,NA,91,NA,NA,NA,NA,NA,E,Y,4,0,2,2,A,-,01,23152,A,N,B,C,A,A,H,-,A,D,0,NA,NA,NA,NA,Y,Y,D,22,0,0,2,0,0,0,0,0,0,-,-,33.96846008300781,-117.3763427734375,RIVERSIDE,RIVERSIDE,-117.3765106201172,33.968544006347656
91452512,2021,2021-04-27,9655,2021-04-07,2200,019449,NA,3,3,4,3301,0,1,1,NA,2,204,I-10 W/B,HARGRAVE ST,1056,E,N,A,-,Y,NA,NA,10,NA,NA,NA,NA,NA,W,Y,2,0,1,2,A,-,01,23152,A,N,C,E,A,A,D,-,D,A,0,NA,NA,Y,NA,Y,Y,C,02,1,0,0,0,0,0,0,0,1,-,-,33.924400329589844,-116.86254119873048,RIVERSIDE,BANNING,-116.86254119873048,33.92447280883789
91452617,2021,2021-04-19,9655,2021-04-09,0205,020963,NA,5,3,9,3300,0,1,3,NA,1,312,SR-74 W/B,CALIFORNIA AVENUE,0,NA,Y,A,-,Y,NA,NA,74,NA,NA,NA,NA,NA,W,Y,4,0,2,3,A,-,09,21453,C,N,D,C,A,A,H,-,C,A,0,NA,NA,NA,NA,Y,Y,D,22,0,0,2,0,0,0,0,0,0,-,-,33.743919372558594,-117.05010986328124,RIVERSIDE,UNINCORPORATED,-117.05010986328124,33.743896484375
9145351,2020,2020-11-12,3300,2020-08-24,1640,4165,NA,1,5,5,3335,0,0,0,NA,0,NA,JEFFERSON AV,WINCHESTER RD,0,NA,Y,A,-,N,NA,NA,NA,NA,NA,NA,NA,NA,NA,NA,4,0,1,3,A,-,04,21703,NA,N,C,C,A,A,H,-,A,A,0,NA,NA,NA,NA,Y,NA,A,01,0,0,1,0,0,0,0,0,0,-,-,33.52096176147461,-117.16500091552734,RIVERSIDE,TEMECULA,-117.16507720947266,33.52090072631836
91455328,2021,2021-04-21,9630,2021-04-11,1258,021128,NA,7,1,9,3300,0,3,5,NA,2,001,N. INDIAN CANYON DR,14TH AVE,1056,S,N,A,-,N,NA,NA,NA,NA,NA,NA,NA,NA,NA,Y,4,0,1,2,A,-,03,22350,NA,N,C,C,A,A,H,-,A,D,0,NA,NA,NA,NA,Y,NA,A,01,0,0,1,0,0,0,0,0,0,-,-,33.945430755615234,-116.5451431274414,RIVERSIDE,UNINCORPORATED,-116.54519,33.943923
91455903,2021,2021-04-22,9840,2021-04-16,0735,014335,NA,5,1,9,3300,0,1,1,NA,2,037,I-15 NORTHBOUND,INDIAN TRUCK TRAIL,2200,S,N,A,-,Y,NA,NA,15,NA,NA,NA,NA,NA,N,Y,4,0,1,2,A,-,03,22350,NA,N,B,C,A,A,H,-,A,D,0,NA,NA,Y,NA,Y,NA,C,02,0,0,1,0,0,0,0,0,1,-,-,33.74578094482422,-117.44634246826172,RIVERSIDE,UNINCORPORATED,-117.44635009765624,33.74575424194336
9145715,2020,2020-11-20,3300,2020-08-15,0013,5397,804A,6,5,3,3343,0,0,0,NA,0,084,BUNDY CANYON RD,SELLERS RD,0,NA,Y,A,-,N,NA,NA,NA,NA,NA,NA,NA,NA,NA,N,4,0,1,2,A,-,08,22107,NA,N,D,C,A,A,H,-,D,D,0,NA,NA,NA,NA,Y,NA,A,01,0,0,1,0,0,0,0,0,0,-,-,33.627899169921875,-117.2690200805664,RIVERSIDE,WILDOMAR,-117.26886749267578,33.62685012817383
9145716,2020,2020-11-20,3300,2020-08-02,2016,5928,905F,7,5,4,3307,0,0,0,NA,0,092,HEALD AV,CAMPUS WY,0,NA,Y,A,-,N,NA,NA,NA,NA,NA,NA,NA,NA,NA,N,2,0,1,2,A,-,12,22450,A,F,D,G,A,A,B,-,B,A,0,NA,Y,NA,NA,Y,NA,L,04,1,0,0,0,0,0,1,0,0,-,-,33.6750602722168,-117.33934783935548,RIVERSIDE,LAKE ELSINORE,-117.33975982666016,33.67335891723633
91460307,2021,2021-04-28,9840,2021-04-26,2223,018849,NA,1,3,6,3315,0,1,1,NA,2,034,I-15 S/B,ONTARIO AVE,2120,N,N,A,-,Y,NA,NA,15,NA,NA,NA,NA,NA,S,Y,2,0,2,2,A,-,07,21658,A,N,B,C,A,A,H,-,D,D,0,NA,NA,NA,NA,Y,NA,A,01,1,1,0,0,0,0,0,0,0,-,-,33.84992980957031,-117.53456115722656,RIVERSIDE,CORONA,-117.53462982177734,33.84992218017578
9146150,2020,2020-10-20,3300,2020-08-06,2044,4384,920A,4,5,4,3314,0,0,0,NA,0,072,RAMONA EXPWY,STATE ST,0,NA,Y,A,-,N,NA,NA,NA,NA,NA,NA,NA,NA,NA,N,3,0,1,2,A,-,11,21954,A,F,G,B,D,A,H,-,D,D,0,Y,NA,NA,NA,Y,NA,-,99,0,1,0,0,1,0,0,0,0,-,-,33.80173873901367,-116.97206878662108,RIVERSIDE,SAN JACINTO,-116.97206115722656,33.80181884765625
91463023,2021,2021-04-30,9840,2021-04-27,1329,015663,NA,2,1,9,3300,0,1,3,NA,2,030,SR-91 E/B,GREEN RIVER RD,2700,E,N,A,-,Y,NA,NA,91,NA,NA,NA,NA,NA,E,Y,3,0,2,2,A,-,08,22107,NA,N,B,C,A,A,H,-,A,D,0,NA,NA,NA,NA,Y,NA,A,01,0,1,1,0,0,0,0,0,0,-,-,33.88119125366211,-117.64911651611328,RIVERSIDE,UNINCORPORATED,-117.64915466308594,33.881351470947266
9146318,2020,2020-10-20,3311,2020-08-02,0840,15542,NA,7,5,4,3311,0,0,0,NA,0,001,INDIAN CAMP RD,ALEJO RD,30,N,N,A,-,N,NA,NA,NA,NA,NA,NA,NA,NA,NA,N,4,0,2,2,A,-,03,22350,NA,N,C,C,A,A,H,-,A,A,0,NA,NA,NA,NA,Y,NA,A,01,0,0,2,0,0,0,0,0,0,-,-,33.83012008666992,-116.54588317871094,RIVERSIDE,PALM SPRINGS,NA,NA
91464175,2021,2021-05-03,9840,2021-04-24,1141,018248,NA,6,1,6,3315,0,1,1,NA,2,034,I-15 N/B,ONTARIO AVE,3115,N,N,A,-,Y,NA,NA,15,NA,NA,NA,NA,NA,N,N,4,0,1,2,A,-,03,22350,NA,N,C,C,A,A,H,-,A,D,0,NA,NA,NA,NA,Y,NA,A,01,0,0,1,0,0,0,0,0,0,-,-,33.8519287109375,-117.53460693359376,RIVERSIDE,CORONA,-117.53463745117188,33.85192108154297
91465500,2021,2021-05-04,9630,2021-04-26,1444,020445,NA,1,2,9,3300,0,3,5,NA,2,404,VARNER ROAD,BOCA CHICA TRAIL,0,NA,Y,A,-,N,NA,NA,NA,NA,NA,NA,NA,NA,NA,Y,2,0,2,2,A,-,09,21801,A,N,D,C,A,A,H,-,A,D,0,NA,NA,Y,NA,Y,NA,A,07,1,1,0,0,0,0,0,0,1,-,-,33.80344009399414,-116.38298797607422,RIVERSIDE,UNINCORPORATED,-116.383056640625,33.80342483520508
91465652,2021,2021-05-04,9685,2021-04-27,1725,016381,NA,2,2,9,3300,0,1,3,NA,1,031,LOS ALAMOS RD,JEANETTE DR,300,W,N,A,-,N,NA,NA,NA,NA,NA,NA,NA,NA,NA,Y,4,0,1,1,A,-,03,22350,NA,N,E,I,A,B,H,-,A,D,0,NA,NA,NA,NA,Y,NA,A,01,0,0,1,0,0,0,0,0,0,-,-,33.59877014160156,-117.14199066162108,RIVERSIDE,UNINCORPORATED,-117.142566,33.598716
91466028,2021,2021-05-05,9660,2021-04-26,0503,021232,NA,1,3,9,3300,0,1,3,NA,1,034,SR-78,20TH AVE,1584,N,N,A,-,Y,NA,NA,78,NA,NA,NA,NA,NA,NA,Y,4,0,1,2,A,-,08,22107,NA,N,A,C,A,A,H,-,B,D,0,NA,NA,NA,NA,Y,NA,A,01,0,0,1,0,0,0,0,0,0,-,-,33.584129333496094,-114.65718841552734,RIVERSIDE,UNINCORPORATED,-114.65719604492188,33.584129333496094
91466306,2021,2021-05-05,9840,2021-05-03,0327,020766,NA,1,3,7,3313,0,1,1,NA,2,023,I-215 S/B,CENTRAL AVE,1000,N,N,B,-,Y,NA,NA,215,NA,NA,NA,NA,NA,S,N,4,0,1,2,A,-,08,22107,NA,F,B,C,A,A,H,-,D,D,0,NA,NA,NA,NA,Y,NA,D,22,0,0,1,0,0,0,0,0,0,-,-,33.9603385925293,-117.31234741210938,RIVERSIDE,RIVERSIDE,-117.31233978271484,33.96037673950195
9146711,2020,2020-10-22,3313,2020-08-17,1330,1756,3,1,5,7,3313,0,0,0,NA,0,2R35,GATEWAY DR,DAY ST,0,NA,Y,A,-,N,NA,NA,NA,NA,NA,NA,NA,NA,NA,Y,3,0,3,2,A,-,12,21453,A,N,D,C,A,A,H,-,A,A,0,NA,NA,NA,NA,Y,NA,A,01,0,1,2,0,0,0,0,0,0,-,-,33.934791564941406,-117.27887725830078,RIVERSIDE,RIVERSIDE,-117.2789306640625,33.934791564941406
91467932,2021,2021-05-07,9655,2021-04-29,1059,016885,NA,4,1,4,3301,0,1,1,NA,2,204,I-10 E/B,HARGRAVE ST,1259,W,N,A,-,Y,NA,NA,10,NA,NA,NA,NA,NA,E,Y,4,0,1,4,A,-,03,22350,NA,M,C,C,A,A,H,-,A,D,0,NA,NA,NA,NA,Y,NA,A,07,0,0,1,0,0,0,0,0,0,-,-,33.92420959472656,-116.87183380126952,RIVERSIDE,BANNING,-116.871826171875,33.924163818359375
91468251,2021,2021-05-07,9630,2021-04-28,1800,019228,NA,3,2,9,3300,0,1,3,NA,1,178,SR-62,SR-177,14784,W,N,A,-,Y,NA,NA,62,NA,NA,NA,NA,NA,NA,Y,3,0,1,1,A,-,08,22107,NA,N,E,I,A,A,H,-,A,D,0,NA,NA,Y,NA,Y,NA,C,02,0,1,0,0,0,0,0,0,1,-,-,34.05868148803711,-115.26537322998048,RIVERSIDE,UNINCORPORATED,-115.26535034179688,34.05875015258789