CASE_ID,ACCIDENT_YEAR,PROC_DATE,JURIS,COLLISION_DATE,COLLISION_TIME,OFFICER_ID,REPORTING_DISTRICT,DAY_OF_WEEK,CHP_SHIFT,POPULATION,CNTY_CITY_LOC,SPECIAL_COND,BEAT_TYPE,CHP_BEAT_TYPE,CITY_DIVISION_LAPD,CHP_BEAT_CLASS,BEAT_NUMBER,PRIMARY_RD,SECONDARY_RD,DISTANCE,DIRECTION,INTERSECTION,WEATHER_1,WEATHER_2,STATE_HWY_IND,CALTRANS_COUNTY,CALTRANS_DISTRICT,STATE_ROUTE,ROUTE_SUFFIX,POSTMILE_PREFIX,POSTMILE,LOCATION_TYPE,RAMP_INTERSECTION,SIDE_OF_HWY,TOW_AWAY,COLLISION_SEVERITY,NUMBER_KILLED,NUMBER_INJURED,PARTY_COUNT,PRIMARY_COLL_FACTOR,PCF_CODE_OF_VIOL,PCF_VIOL_CATEGORY,PCF_VIOLATION,PCF_VIOL_SUBSECTION,HIT_AND_RUN,TYPE_OF_COLLISION,MVIW,PED_ACTION,ROAD_SURFACE,ROAD_COND_1,ROAD_COND_2,LIGHTING,CONTROL_DEVICE,CHP_ROAD_TYPE,PEDESTRIAN_ACCIDENT,BICYCLE_ACCIDENT,MOTORCYCLE_ACCIDENT,TRUCK_ACCIDENT,NOT_PRIVATE_PROPERTY,ALCOHOL_INVOLVED,STWD_VEHTYPE_AT_FAULT,CHP_VEHTYPE_AT_FAULT,COUNT_SEVERE_INJ,COUNT_VISIBLE_INJ,COUNT_COMPLAINT_PAIN,COUNT_PED_KILLED,COUNT_PED_INJURED,COUNT_BICYCLIST_KILLED,COUNT_BICYCLIST_INJURED,COUNT_MC_KILLED,COUNT_MC_INJURED,PRIMARY_RAMP,SECONDARY_RAMP,LATITUDE,LONGITUDE,COUNTY,CITY,POINT_X,POINT_Y
9151997,2020,2020-10-28,3308,2020-08-02,1446,10620,515,7,5,5,3308,0,0,0,NA,0,NORTH,SANDERSON AV,DEVONSHIRE AV,450,S,N,A,-,N,NA,NA,NA,NA,NA,NA,NA,NA,NA,Y,4,0,1,3,A,-,03,22350,NA,N,C,C,A,A,H,-,A,A,0,NA,NA,NA,NA,Y,NA,A,07,0,0,1,0,0,0,0,0,0,-,-,33.75115966796875,-117.00652313232422,RIVERSIDE,HEMET,-117.00657653808594,33.74972915649414
91520009,2021,2021-07-14,9685,2021-07-10,0510,015800,NA,6,3,9,3300,0,1,1,NA,2,010,I-15 NORTHBOUND,BUNDY CANYON ROAD,100,S,N,A,-,Y,NA,NA,NA,NA,NA,NA,NA,NA,NA,Y,3,0,1,2,A,-,07,21658,A,N,B,C,A,A,H,-,B,D,0,NA,NA,NA,Y,Y,NA,A,01,0,1,0,0,0,0,0,0,0,-,-,33.624568939208984,-117.27684020996094,RIVERSIDE,UNINCORPORATED,-117.2724838256836,33.626712799072266
91520295,2021,2021-07-14,9840,2021-07-07,1355,021198,NA,3,1,9,3300,0,1,1,NA,2,040,I-215 N/B,CACTUS AVE,3336,S,N,A,-,Y,NA,NA,215,NA,NA,NA,NA,NA,N,Y,4,0,1,1,A,-,08,22107,NA,N,F,0,A,A,H,-,A,D,0,NA,NA,NA,NA,Y,NA,A,07,0,0,1,0,0,0,0,0,0,-,-,33.90058135986328,-117.27593231201172,RIVERSIDE,UNINCORPORATED,-117.27606201171876,33.90052032470703
9152155,2020,2020-10-02,3300,2020-06-08,1300,N3697,40D4,1,5,3,3392,0,0,0,NA,0,LA40,DUNE PALMS RD,MILES AV,0,NA,Y,A,-,N,NA,NA,NA,NA,NA,NA,NA,NA,NA,Y,3,0,1,2,A,-,12,21453,A,N,D,C,A,A,H,-,A,A,0,NA,NA,NA,NA,Y,NA,A,07,0,1,0,0,0,0,0,0,0,-,-,33.721900939941406,-116.27752685546876,RIVERSIDE,LA QUINTA,-116.27751159667967,33.721900939941406
91524136,2021,2021-07-20,9840,2021-07-18,2239,018849,NA,7,3,9,3300,0,1,3,NA,1,038,SR-71 N/B,SR-91 W/B,2570,N,N,A,-,Y,NA,NA,71,NA,NA,NA,NA,NA,N,Y,4,0,2,3,A,-,01,23152,A,N,D,C,A,A,H,-,D,D,0,NA,NA,NA,NA,Y,Y,A,08,0,0,2,0,0,0,0,0,0,-,-,33.88985824584961,-117.64627838134766,RIVERSIDE,UNINCORPORATED,-117.64633941650392,33.88983917236328
91524170,2021,2021-07-20,9840,2021-07-10,2230,021261,NA,6,3,6,3315,0,1,3,NA,2,031,SR-91 E/B,LINCOLN AVE,1150,E,N,A,-,Y,NA,NA,91,NA,NA,NA,NA,NA,E,Y,3,0,3,2,A,-,03,22350,NA,N,C,C,A,A,H,-,D,D,0,NA,NA,NA,NA,Y,NA,A,01,0,1,2,0,0,0,0,0,0,-,-,33.881290435791016,-117.57850646972656,RIVERSIDE,CORONA,-117.57850646972656,33.8813362121582
91524194,2021,2021-07-20,9630,2021-07-01,1457,019228,NA,4,2,9,3300,0,1,1,NA,2,302,INTERSTATE 10 E/B,EAGLE MOUNTAIN ROAD,2640,W,N,B,-,Y,NA,NA,10,NA,NA,NA,NA,NA,E,Y,3,0,1,1,A,-,08,22107,NA,N,F,A,A,A,H,-,A,D,0,NA,NA,NA,NA,Y,NA,A,01,0,1,0,0,0,0,0,0,0,-,-,33.70048904418945,-115.46099853515624,RIVERSIDE,UNINCORPORATED,-115.4609832763672,33.700218200683594
9152645,2020,2020-11-24,3313,2020-09-15,1110,1523,5,2,5,7,3313,0,0,0,NA,0,M22,MAGNOLIA AV,HOLE AV,0,NA,Y,A,-,N,NA,NA,NA,NA,NA,NA,NA,NA,NA,Y,4,0,2,2,A,-,12,21453,A,N,D,C,A,A,H,-,A,A,0,NA,NA,NA,NA,Y,NA,A,01,0,0,2,0,0,0,0,0,0,-,-,33.914249420166016,-117.4577178955078,RIVERSIDE,RIVERSIDE,-117.4577865600586,33.914058685302734
9152655,2020,2020-11-24,3313,2020-09-19,2149,1881,5,6,5,7,3313,0,0,0,NA,0,3R58,RIVERWALK PKWY,SIERRA VISTA AV,823,N,N,A,-,N,NA,NA,NA,NA,NA,NA,NA,NA,NA,Y,4,0,1,1,A,-,03,22350,NA,N,E,I,A,A,H,-,C,A,0,NA,NA,NA,NA,Y,NA,A,01,0,0,1,0,0,0,0,0,0,-,-,33.91130065917969,-117.49368286132813,RIVERSIDE,RIVERSIDE,-117.49230194091795,33.913333892822266
91527323,2021,2021-07-23,9660,2021-07-14,1150,017464,NA,3,1,9,3300,0,1,1,NA,2,030,I-10 EASTBOUND,CORN SPRINGS RD,29040,E,N,A,-,Y,NA,NA,NA,NA,NA,NA,NA,NA,NA,Y,3,0,1,4,A,-,03,22350,NA,N,C,C,A,A,C,-,A,D,0,NA,NA,NA,NA,Y,NA,A,07,0,1,0,0,0,0,0,0,0,-,-,35.63029861450195,-120.69290161132813,RIVERSIDE,UNINCORPORATED,NA,NA
91527656,2021,2021-07-23,9685,2021-07-16,1650,016096,NA,5,2,4,3307,0,1,1,NA,2,010,I-15 S/B FREEWAY,OLIVE STREET,115,N,N,A,-,Y,NA,NA,NA,NA,NA,NA,NA,NA,NA,Y,3,0,2,3,A,-,08,22107,NA,N,D,C,A,A,H,-,A,D,0,NA,NA,NA,NA,Y,NA,A,01,0,2,0,0,0,0,0,0,0,-,-,33.641990661621094,-117.28397369384766,RIVERSIDE,LAKE ELSINORE,-117.28397369384766,33.64219665527344
9152879,2020,2020-12-01,3313,2020-09-11,2248,1968,5,5,5,7,3313,0,0,0,NA,0,1R55,VALLEY DR,MITCHELL AV,392,W,N,A,-,N,NA,NA,NA,NA,NA,NA,NA,NA,NA,Y,3,0,3,2,A,-,08,22107,NA,M,C,E,A,A,H,-,C,D,0,NA,NA,NA,Y,Y,NA,F,26,0,2,1,0,0,0,0,0,0,-,-,33.9526481628418,-117.4909896850586,RIVERSIDE,RIVERSIDE,-117.49209594726563,33.953269958496094
9153004,2020,2020-11-20,3300,2020-08-23,1730,3613,916A,7,5,4,3312,0,0,0,NA,0,031,RAMONA EXPWY,PERRIS BL,711,E,N,A,-,N,NA,NA,NA,NA,NA,NA,NA,NA,NA,N,4,0,2,3,A,-,03,22350,NA,N,C,C,A,A,H,-,A,A,0,NA,NA,NA,NA,Y,NA,A,07,0,0,2,0,0,0,0,0,0,-,-,33.84458923339844,-117.22599792480467,RIVERSIDE,PERRIS,-117.22386932373048,33.844608306884766
91530374,2021,2021-07-28,9840,2021-07-12,0907,017802,NA,1,1,4,3310,0,1,1,NA,2,011,I-15 N/B,6TH ST.,1500,N,N,A,-,Y,NA,NA,15,NA,NA,NA,NA,NA,N,N,3,0,2,1,A,-,08,22107,NA,N,E,I,A,A,H,-,A,D,0,NA,NA,NA,NA,Y,NA,A,01,0,2,0,0,0,0,0,0,0,-,-,33.948238372802734,-117.55345153808594,RIVERSIDE,NORCO,-117.55342864990234,33.9482307434082
9153085,2020,2020-09-24,3313,2020-08-05,1753,1831,4,3,5,7,3313,0,0,0,NA,0,T45,ADAMS ST,CALIFORNIA AV,0,NA,Y,A,-,N,NA,NA,NA,NA,NA,NA,NA,NA,NA,N,4,0,3,2,A,-,09,21806,A,N,D,D,A,A,H,-,A,A,0,NA,NA,NA,NA,Y,NA,A,07,0,0,3,0,0,0,0,0,0,-,-,33.939109802246094,-117.42926788330078,RIVERSIDE,RIVERSIDE,-117.42941284179688,33.93925094604492
91531424,2021,2021-07-29,9840,2021-07-16,0549,018248,NA,5,3,6,3315,0,1,3,NA,2,030,SR-91 E/B,LINCOLN AVE,1056,W,N,A,-,Y,NA,NA,91,NA,NA,NA,NA,NA,E,Y,4,0,2,2,A,-,07,21658,A,N,B,C,A,A,H,-,A,D,0,NA,NA,NA,NA,Y,NA,A,01,0,0,2,0,0,0,0,0,0,-,-,33.88220977783203,-117.58603668212892,RIVERSIDE,CORONA,-117.58604431152344,33.882171630859375
91531516,2021,2021-07-29,9655,2021-07-18,0008,020704,NA,7,3,9,3300,0,3,5,NA,2,003,VISTA DEL VALLE,RAWLINGS ROAD,290,N,N,A,-,N,NA,NA,NA,NA,NA,NA,NA,NA,NA,N,4,0,1,1,A,-,08,22107,NA,N,E,I,A,A,H,-,D,D,0,NA,NA,NA,NA,Y,NA,A,01,0,0,1,0,0,0,0,0,0,-,-,33.716148376464844,-116.92487335205078,RIVERSIDE,UNINCORPORATED,-116.9247589111328,33.715999603271484
91534440,2021,2021-08-02,9840,2021-07-23,1655,021481,NA,5,2,7,3313,0,1,3,NA,2,020,SR-91 E/B FROM VAN BUREN BLVD,VAN BUREN BLVD,320,E,N,A,-,Y,NA,NA,91,NA,NA,NA,R,NA,E,N,4,0,1,2,A,-,03,22350,NA,N,C,C,A,A,H,-,A,A,0,NA,NA,NA,NA,Y,NA,A,01,0,0,1,0,0,0,0,0,0,-,-,33.91521072387695,-117.44064331054688,RIVERSIDE,RIVERSIDE,-117.44064331054688,33.91521072387695
91535546,2021,2021-08-03,9685,2021-07-22,0630,015857,NA,4,1,9,3300,0,3,5,NA,2,002,TERRAND AVENUE,LEON RD,510,E,N,A,-,N,NA,NA,NA,NA,NA,NA,NA,NA,NA,Y,2,0,1,1,A,-,01,23152,A,N,F,A,A,A,H,-,A,D,0,NA,NA,Y,NA,Y,Y,C,02,1,0,0,0,0,0,0,0,1,-,-,33.73986053466797,-117.11744689941406,RIVERSIDE,UNINCORPORATED,-117.11754608154295,33.739803314208984
91535952,2021,2021-08-03,9840,2021-07-26,1542,021047,NA,1,2,6,3315,0,1,3,NA,2,031,SR-91 E/B,MCKINLEY ST.,1715,E,N,B,-,Y,NA,NA,91,NA,NA,NA,NA,NA,E,Y,4,0,2,3,A,-,03,22350,NA,N,C,C,A,A,H,-,A,D,0,NA,NA,NA,NA,Y,NA,A,01,0,0,2,0,0,0,0,0,0,-,-,33.888648986816406,-117.51277923583984,RIVERSIDE,CORONA,-117.5127410888672,33.888572692871094
91537520,2021,2021-08-05,9630,2021-07-29,1040,019943,NA,4,1,4,3309,0,1,1,NA,2,021,I-10 W/B,JACKSON STREET,1056,E,N,A,-,Y,NA,NA,10,NA,NA,NA,NA,NA,W,Y,3,0,1,1,A,-,08,22107,NA,N,E,I,A,A,H,-,A,D,0,NA,NA,NA,NA,Y,NA,A,01,0,1,0,0,0,0,0,0,0,-,-,33.736900329589844,-116.21430206298828,RIVERSIDE,INDIO,-116.21414947509766,33.73714828491211
91538621,2021,2021-08-06,9685,2021-07-24,2100,016096,NA,6,2,9,3300,0,2,4,NA,2,016,GRAND AVENUE,ETHLENE DRIVE,0,NA,Y,A,-,N,NA,NA,NA,NA,NA,NA,NA,NA,NA,N,3,0,1,2,A,-,08,22107,NA,N,B,C,A,A,H,-,D,D,0,NA,NA,NA,NA,Y,NA,A,01,0,1,0,0,0,0,0,0,0,-,-,33.654510498046875,-117.36978149414063,RIVERSIDE,UNINCORPORATED,-117.36976623535156,33.654544830322266
91539688,2021,2021-08-09,9840,2021-08-08,0105,021950,NA,7,3,7,3313,0,1,1,NA,2,023,I-215 N/B,CENTRAL AVE.,1500,N,N,A,-,Y,NA,NA,215,NA,NA,NA,NA,NA,N,Y,3,0,1,2,A,-,01,23152,A,F,B,2,A,A,H,-,E,D,0,NA,NA,NA,NA,Y,Y,A,01,0,1,0,0,0,0,0,0,0,-,-,33.962398529052734,-117.32118225097656,RIVERSIDE,RIVERSIDE,-117.32127380371094,33.9621696472168
91539919,2021,2021-08-09,9840,2021-07-24,1840,021311,NA,6,2,9,3300,0,1,3,NA,1,038,SR-71 N/B,SR-91,3600,N,N,A,-,Y,NA,NA,71,NA,NA,NA,NA,NA,N,Y,4,0,1,2,A,-,08,22107,NA,N,E,I,A,A,H,-,A,D,0,NA,NA,NA,NA,Y,NA,A,01,0,0,1,0,0,0,0,0,0,-,-,33.891578674316406,-117.646728515625,RIVERSIDE,UNINCORPORATED,-117.64674377441406,33.891578674316406
91540535,2021,2021-08-09,9685,2021-07-28,1955,017903,NA,3,2,3,3343,0,1,1,NA,2,010,INTERSTATE 15,BUNDY CANYON ROAD,146,N,N,A,-,Y,NA,NA,15,NA,NA,NA,NA,NA,NA,Y,3,0,1,1,C,-,18,NA,NA,N,E,I,A,A,H,-,B,D,0,NA,NA,NA,NA,Y,Y,-,-,0,1,0,0,0,0,0,0,0,-,-,33.61381912231445,-117.2612075805664,RIVERSIDE,WILDOMAR,-117.26116180419922,33.613861083984375
91540574,2021,2021-08-09,9840,2021-07-25,1900,022028,NA,7,2,6,3394,0,1,3,NA,2,025,SR-60 W/B,DAY ST,500,E,N,A,-,Y,NA,NA,NA,NA,NA,NA,NA,NA,NA,N,2,0,1,1,A,-,01,23152,A,M,E,I,A,A,H,-,A,D,0,NA,NA,NA,NA,Y,Y,A,07,1,0,0,0,0,0,0,0,0,-,-,33.92211151123047,-117.4106674194336,RIVERSIDE,MORENO VALLEY,-117.27734375,33.94241714477539
91540703,2021,2021-08-09,9685,2021-08-01,2030,016185,NA,7,2,9,3300,0,1,3,NA,1,026,SR-74 W/B,VINCENT AVENUE,180,W,N,A,-,Y,NA,NA,74,NA,NA,NA,NA,NA,W,N,3,0,1,2,A,-,03,22350,NA,F,G,B,E,A,D,E,D,A,0,Y,NA,NA,NA,Y,NA,A,01,0,1,0,0,1,0,0,0,0,-,-,33.7387809753418,-117.09278106689452,RIVERSIDE,UNINCORPORATED,-117.09278106689452,33.738807678222656
9154411,2020,2021-02-02,3313,2020-09-05,2110,1963,4,6,5,7,3313,0,0,0,NA,0,3R46,JACKSON ST,GARFIELD ST,0,NA,Y,A,-,N,NA,NA,NA,NA,NA,NA,NA,NA,NA,NA,3,0,2,2,A,-,03,22350,NA,N,C,C,A,A,H,-,C,A,0,NA,NA,NA,NA,Y,NA,A,01,0,1,1,0,0,0,0,0,0,-,-,33.92770004272461,-117.44174194335938,RIVERSIDE,RIVERSIDE,-117.44171905517578,33.92770004272461
9154418,2020,2021-01-26,3300,2020-09-01,2323,5539,603A4,2,5,6,3394,0,0,0,NA,0,MV34,PERRIS BL,CACTUS AV,79,N,N,A,-,N,NA,NA,60,NA,NA,NA,NA,NA,NA,Y,4,0,3,3,A,-,03,22350,NA,N,C,C,A,A,D,-,C,A,0,NA,NA,NA,NA,Y,NA,A,01,0,0,3,0,0,0,0,0,0,-,-,33.9399299621582,-117.22644805908205,RIVERSIDE,MORENO VALLEY,-117.22647094726563,33.9398193359375
91544673,2021,2021-08-13,9840,2021-08-05,1600,021198,NA,4,2,7,3313,0,3,5,NA,2,004,WASHINGTON ST,GOLDEN STAR AVE,461,S,N,A,-,N,NA,NA,NA,NA,NA,NA,NA,NA,NA,Y,2,0,2,2,A,-,08,22107,NA,N,D,C,A,A,H,-,A,D,0,NA,NA,NA,NA,Y,NA,A,01,2,0,0,0,0,0,0,0,0,-,-,33.88874816894531,-117.36807250976563,RIVERSIDE,RIVERSIDE,-117.3681182861328,33.88874816894531
91546044,2021,2021-08-16,9840,2021-08-07,1528,021194,NA,6,2,7,3313,0,1,1,NA,2,023,I-215 S/B,MARTIN LUTHER KING BLVD,528,S,N,A,-,Y,NA,NA,215,NA,NA,NA,NA,NA,S,Y,4,0,1,4,A,-,03,22350,NA,N,C,C,A,A,H,-,A,D,0,NA,NA,NA,NA,Y,NA,D,22,0,0,1,0,0,0,0,0,0,-,-,33.96670913696289,-117.3274383544922,RIVERSIDE,RIVERSIDE,-117.32740020751952,33.96672821044922
91546079,2021,2021-08-16,9840,2021-08-06,1925,021297,NA,5,2,9,3300,0,2,4,NA,2,045,CAJALCO RD,DAY ST,800,W,N,A,-,N,NA,NA,NA,NA,NA,NA,NA,NA,NA,Y,4,0,1,3,A,-,03,22350,NA,N,C,C,A,A,H,-,A,D,0,NA,NA,NA,NA,Y,NA,D,22,0,0,1,0,0,0,0,0,0,-,-,33.8372917175293,-117.28132629394533,RIVERSIDE,UNINCORPORATED,-117.28160858154295,33.8372802734375
91548336,2021,2021-08-18,9840,2021-08-13,1538,021194,NA,5,2,7,3313,0,1,1,NA,2,023,I-215 S/B,BLAINE ST,1056,S,N,A,-,Y,NA,NA,215,NA,NA,NA,NA,NA,S,N,4,0,1,2,A,-,07,21658,A,N,B,C,A,A,H,-,A,D,0,NA,NA,Y,NA,Y,NA,A,01,0,0,1,0,0,0,0,0,0,-,-,33.98080062866211,-117.34063720703124,RIVERSIDE,RIVERSIDE,-117.34068298339844,33.980751037597656
9155272,2020,2020-11-20,3300,2020-09-10,0645,4767,916D,4,5,4,3312,0,0,0,NA,0,034,RIMROCK DR,WEBSTER AV,431,S,N,A,-,N,NA,NA,NA,NA,NA,NA,NA,NA,NA,Y,4,0,2,2,A,-,03,22350,NA,N,C,C,A,A,H,-,A,D,0,NA,NA,NA,NA,Y,NA,A,07,0,0,2,0,0,0,0,0,0,-,-,33.80099105834961,-117.24365234375,RIVERSIDE,PERRIS,-117.24550628662108,33.79897689819336
91552833,2021,2021-08-24,9685,2021-08-21,0005,015880,NA,6,3,4,3342,0,1,1,NA,2,034,INTERSTATE 215 N/B,LINNEL LANE,3425,N,N,A,-,Y,NA,NA,215,NA,NA,NA,NA,NA,N,Y,3,0,4,4,A,-,01,23152,F,N,C,C,A,A,H,-,D,D,0,NA,NA,NA,NA,Y,NA,A,01,0,2,2,0,0,0,0,0,0,-,-,33.614601135253906,-117.17102813720705,RIVERSIDE,MURRIETA,-117.1710205078125,33.614601135253906
91553069,2021,2021-08-24,9840,2021-08-20,0755,019527,NA,5,1,7,3313,0,1,3,NA,2,201,SR-91 W/B,MAGNOLIA AVE,80,W,N,B,-,Y,NA,NA,91,NA,NA,NA,NA,NA,W,Y,4,0,1,1,A,-,08,22107,NA,N,E,I,A,A,H,-,A,D,0,NA,NA,NA,NA,Y,NA,A,01,0,0,1,0,0,0,0,0,0,-,-,33.897239685058594,-117.48796844482422,RIVERSIDE,RIVERSIDE,-117.48797607421876,33.897216796875
91553226,2021,2021-08-24,9840,2021-08-21,1802,022316,NA,6,2,6,3315,0,1,1,NA,2,034,I-15 S/B,CAJALCO RD.,1584,N,N,A,-,Y,NA,NA,15,NA,NA,NA,NA,NA,S,N,4,0,1,2,A,-,03,22350,NA,N,C,C,A,A,H,-,A,D,0,NA,NA,NA,NA,Y,NA,A,07,0,0,1,0,0,0,0,0,0,-,-,33.824371337890625,-117.5225830078125,RIVERSIDE,CORONA,-117.52257537841795,33.824371337890625
91553234,2021,2021-08-24,9840,2021-08-21,1805,020220,NA,6,2,6,3345,0,1,3,NA,2,010,SR-60 W/B,RUBIDOUX BOULEVARD,70,W,N,A,-,Y,NA,NA,NA,NA,NA,NA,NA,NA,NA,Y,3,0,1,1,A,-,08,22107,NA,N,E,I,A,A,H,-,A,D,0,NA,NA,NA,NA,Y,NA,A,01,0,1,0,0,0,0,0,0,0,-,-,33.00455856323242,-117.40080261230467,RIVERSIDE,JURUPA VALLEY,-117.40273284912108,34.004459381103516
91553649,2021,2021-08-25,9685,2021-08-07,0730,015360,NA,6,1,4,3307,0,1,1,NA,2,010,I-15 SOUTHBOUND,MAIN ST.,1584,S,N,A,-,Y,NA,NA,NA,NA,NA,NA,NA,NA,NA,Y,3,0,1,1,A,-,08,22107,NA,N,E,I,A,A,H,-,A,D,0,NA,NA,NA,NA,Y,NA,D,22,0,1,0,0,0,0,0,0,0,-,-,33.64535903930664,-117.4231414794922,RIVERSIDE,LAKE ELSINORE,-117.32327270507813,33.67684555053711
91555092,2021,2021-08-26,9655,2021-08-22,2140,021048,NA,7,2,9,3300,0,3,5,NA,2,002,TAMARACK LN,RUSHMORE AVE,3077,E,N,A,-,N,NA,NA,NA,NA,NA,NA,NA,NA,NA,N,2,0,1,2,A,-,11,21954,A,N,G,B,E,A,H,-,D,D,0,Y,NA,NA,NA,Y,Y,N,60,1,0,0,0,1,0,0,0,0,-,-,33.92559051513672,-116.70712280273438,RIVERSIDE,UNINCORPORATED,-116.70961761474608,33.925537109375
9155551,2020,2020-11-12,3302,2020-09-01,2010,952,BEAUM,2,5,3,3302,0,0,0,NA,0,003,6TH ST,WELLWOOD AV,0,NA,Y,A,-,N,NA,NA,NA,NA,NA,NA,NA,NA,NA,N,3,0,1,2,A,-,00,22460,A,N,D,C,A,A,H,-,C,A,0,NA,NA,NA,NA,Y,NA,A,01,0,1,0,0,0,0,0,0,0,-,-,33.930091857910156,-116.98390197753906,RIVERSIDE,BEAUMONT,-116.9835968017578,33.93054962158203
91559625,2021,2021-08-31,9840,2021-08-30,1513,020220,NA,1,2,4,3312,0,1,1,NA,2,040,I-215 N/B,HARLEY KNOX BOULEVARD,375,N,N,A,-,Y,NA,NA,215,NA,NA,NA,NA,NA,N,N,4,0,1,2,A,-,03,22350,NA,N,C,C,A,A,H,-,A,D,0,NA,NA,NA,Y,Y,NA,F,25,0,0,1,0,0,0,0,0,0,-,-,33.86370086669922,-117.2600326538086,RIVERSIDE,PERRIS,-117.26000213623048,33.863712310791016
9156023,2020,2020-11-05,3313,2020-08-15,1709,1831,5,6,5,7,3313,0,0,0,NA,0,T45,CAMP CT,STOVER AV,2640,W,N,A,-,N,NA,NA,NA,NA,NA,NA,NA,NA,NA,Y,4,0,1,2,-,-,-,NA,NA,N,A,E,A,A,H,-,A,A,0,NA,NA,Y,Y,Y,NA,C,02,0,0,1,0,0,0,0,0,1,-,-,33.934898376464844,-117.4887924194336,RIVERSIDE,RIVERSIDE,NA,NA
91563453,2021,2021-09-06,9840,2021-08-31,1055,012208,NA,2,1,9,3300,0,2,4,NA,2,042,VAN BUREN BOULEVARD E/B {16976 BLOCK},WASHINGTON STREET,54,W,N,B,-,N,NA,NA,NA,NA,NA,NA,NA,NA,NA,Y,4,0,3,4,A,-,03,22350,NA,N,C,C,A,A,H,-,A,A,0,NA,NA,NA,NA,Y,NA,A,01,0,0,3,0,0,0,0,0,0,-,-,33.88233947753906,-117.36643981933594,RIVERSIDE,UNINCORPORATED,-117.36635589599608,33.88236999511719
91563846,2021,2021-09-07,9655,2021-08-29,0945,018677,NA,7,1,9,3300,0,1,3,NA,1,314,STATE ROUTE 74 (SR-74) FLORIDA AVENUE,8TH STREET,0,NA,Y,A,-,Y,NA,NA,74,NA,NA,NA,NA,NA,NA,N,4,0,1,3,A,-,09,21802,A,N,A,G,A,A,H,-,A,A,0,NA,Y,NA,NA,Y,NA,A,01,0,0,1,0,0,0,1,0,0,-,-,33.74789047241211,-116.89801025390624,RIVERSIDE,UNINCORPORATED,-116.89801025390624,33.747840881347656
91564737,2021,2021-09-07,9630,2021-09-01,2213,021515,NA,3,3,9,3300,0,3,5,NA,2,501,54TH AVE,HARRISON ST,0,NA,Y,A,-,N,NA,NA,NA,NA,NA,NA,NA,NA,NA,Y,3,0,1,2,A,-,12,21453,A,N,D,C,A,A,H,-,C,A,0,NA,NA,NA,NA,Y,NA,D,22,0,1,0,0,0,0,0,0,0,-,-,33.65650939941406,-116.18182373046876,RIVERSIDE,UNINCORPORATED,-116.1817626953125,33.65654373168945
91566398,2021,2021-09-09,9655,2021-09-01,1806,017263,NA,3,2,9,3300,0,3,5,NA,2,002,CALIFORNIA AVE,SR-79,3,W,N,A,-,N,NA,NA,NA,NA,NA,NA,NA,NA,NA,N,4,0,1,2,A,-,03,22350,NA,N,C,C,A,A,H,-,A,A,0,NA,NA,NA,NA,Y,NA,A,01,0,0,1,0,0,0,0,0,0,-,-,33.91106033325195,-116.98068237304688,RIVERSIDE,UNINCORPORATED,-117.05013275146484,33.743831634521484
91568434,2021,2021-09-13,9685,2021-08-22,2320,016986,NA,7,3,5,3335,0,1,1,NA,2,030,I-15,WINCHESTER RD.,4000,N,N,A,-,Y,NA,NA,15,NA,NA,NA,NA,NA,NA,N,2,0,2,1,A,-,01,23152,A,N,E,I,A,A,H,-,D,D,0,NA,NA,NA,NA,Y,Y,A,01,1,0,1,0,0,0,0,0,0,-,-,33.53242111206055,-117.16924285888672,RIVERSIDE,TEMECULA,-117.16931915283205,33.53236770629883
91568539,2021,2021-09-13,9840,2021-09-03,2030,021311,NA,5,2,6,3315,0,1,3,NA,2,030,SR-91 W/B,SR-71,150,E,N,A,-,Y,NA,NA,91,NA,NA,NA,NA,NA,W,N,4,0,1,3,A,-,03,22350,NA,N,C,C,A,A,H,-,C,D,0,NA,NA,NA,NA,Y,NA,A,01,0,0,1,0,0,0,0,0,0,-,-,33.8837890625,-117.6404266357422,RIVERSIDE,CORONA,-117.64041900634766,33.88373565673828
91568674,2021,2021-09-13,9840,2021-09-08,1858,018611,NA,3,2,9,3300,0,1,3,NA,2,030,SR-91 W/B,SR-71,1500,E,N,A,-,Y,NA,NA,91,NA,NA,NA,NA,NA,W,Y,4,0,1,2,A,-,03,22350,NA,F,C,C,A,A,H,-,D,D,0,NA,NA,NA,NA,Y,NA,-,99,0,0,1,0,0,0,0,0,0,-,-,33.8850212097168,-117.63430786132813,RIVERSIDE,UNINCORPORATED,-117.63430786132813,33.88490295410156
91570640,2021,2021-09-15,9840,2021-09-09,1329,018611,NA,4,1,6,3315,0,1,1,NA,2,034,I-15 N/B,TEMESCAL WASH,200,N,N,A,-,Y,NA,NA,15,NA,NA,NA,NA,NA,N,Y,4,0,1,3,A,-,03,22350,NA,N,C,C,A,A,H,-,A,D,0,NA,NA,NA,NA,Y,NA,A,01,0,0,1,0,0,0,0,0,0,-,-,33.87321090698242,-117.54489135742188,RIVERSIDE,CORONA,-117.54481506347656,33.873226165771484