CASE_ID,ACCIDENT_YEAR,PROC_DATE,JURIS,COLLISION_DATE,COLLISION_TIME,OFFICER_ID,REPORTING_DISTRICT,DAY_OF_WEEK,CHP_SHIFT,POPULATION,CNTY_CITY_LOC,SPECIAL_COND,BEAT_TYPE,CHP_BEAT_TYPE,CITY_DIVISION_LAPD,CHP_BEAT_CLASS,BEAT_NUMBER,PRIMARY_RD,SECONDARY_RD,DISTANCE,DIRECTION,INTERSECTION,WEATHER_1,WEATHER_2,STATE_HWY_IND,CALTRANS_COUNTY,CALTRANS_DISTRICT,STATE_ROUTE,ROUTE_SUFFIX,POSTMILE_PREFIX,POSTMILE,LOCATION_TYPE,RAMP_INTERSECTION,SIDE_OF_HWY,TOW_AWAY,COLLISION_SEVERITY,NUMBER_KILLED,NUMBER_INJURED,PARTY_COUNT,PRIMARY_COLL_FACTOR,PCF_CODE_OF_VIOL,PCF_VIOL_CATEGORY,PCF_VIOLATION,PCF_VIOL_SUBSECTION,HIT_AND_RUN,TYPE_OF_COLLISION,MVIW,PED_ACTION,ROAD_SURFACE,ROAD_COND_1,ROAD_COND_2,LIGHTING,CONTROL_DEVICE,CHP_ROAD_TYPE,PEDESTRIAN_ACCIDENT,BICYCLE_ACCIDENT,MOTORCYCLE_ACCIDENT,TRUCK_ACCIDENT,NOT_PRIVATE_PROPERTY,ALCOHOL_INVOLVED,STWD_VEHTYPE_AT_FAULT,CHP_VEHTYPE_AT_FAULT,COUNT_SEVERE_INJ,COUNT_VISIBLE_INJ,COUNT_COMPLAINT_PAIN,COUNT_PED_KILLED,COUNT_PED_INJURED,COUNT_BICYCLIST_KILLED,COUNT_BICYCLIST_INJURED,COUNT_MC_KILLED,COUNT_MC_INJURED,PRIMARY_RAMP,SECONDARY_RAMP,LATITUDE,LONGITUDE,COUNTY,CITY,POINT_X,POINT_Y
91571292,2021,2021-09-15,9840,2021-09-15,1055,017546,NA,3,1,7,3313,0,1,1,NA,2,023,SR-91 E/B,MADISON STREET,665,W,N,A,-,Y,NA,NA,91,NA,NA,NA,NA,NA,E,Y,4,0,3,4,A,-,03,22350,NA,N,C,C,A,A,H,-,A,D,0,NA,NA,NA,NA,Y,NA,A,01,0,0,3,0,0,0,0,0,0,-,-,33.93471145629883,-117.40677642822266,RIVERSIDE,RIVERSIDE,-117.40677642822266,33.93470764160156
9157257,2020,2020-11-24,3313,2020-09-02,1910,1488,4,3,5,7,3313,0,0,0,NA,0,M20,CENTRAL AV,REXFORD DR,537,E,N,A,-,N,NA,NA,NA,NA,NA,NA,NA,NA,NA,Y,3,0,3,2,A,-,01,23152,A,N,C,C,A,A,H,-,A,D,0,NA,NA,NA,NA,Y,Y,A,01,0,1,2,0,0,0,0,0,0,CO,-,33.95307922363281,-117.42262268066406,RIVERSIDE,RIVERSIDE,-117.42076110839844,33.953338623046875
91572628,2021,2021-09-17,9655,2021-09-15,2000,018677,NA,3,2,9,3300,0,3,5,NA,2,002,BONITA DRIVE,RANCHO DRIVE,528,W,N,A,-,N,NA,NA,NA,NA,NA,NA,NA,NA,NA,Y,3,0,1,1,A,-,01,23152,A,N,E,I,A,A,H,-,C,D,0,NA,NA,NA,NA,Y,Y,A,01,0,1,0,0,0,0,0,0,0,-,-,33.98725128173828,-116.97946166992188,RIVERSIDE,UNINCORPORATED,-116.9794692993164,33.988529205322266
9157267,2020,2020-11-20,3313,2020-09-15,1834,0282,5,2,5,7,3313,0,0,0,NA,0,T46,BANBURY DR,DIANA AV,985,N,N,A,-,N,NA,NA,NA,NA,NA,NA,NA,NA,NA,N,4,0,1,2,A,-,09,21801,A,N,A,C,A,A,H,-,A,D,0,NA,NA,NA,NA,Y,NA,A,07,0,0,1,0,0,0,0,0,0,-,-,33.90470886230469,-117.46070861816406,RIVERSIDE,RIVERSIDE,-117.462646484375,33.90665817260742
91574213,2021,2021-09-20,9685,2021-09-04,1745,018539,NA,6,2,9,3300,0,3,5,NA,2,003,ANZA ROAD E/B,CALLE BELLA LOMA,75,W,N,A,-,N,NA,NA,NA,NA,NA,NA,NA,NA,NA,N,3,0,1,1,A,-,03,22350,NA,N,F,A,A,A,H,-,A,D,0,NA,NA,Y,NA,Y,NA,C,02,0,1,0,0,0,0,0,0,1,-,-,33.526519775390625,-117.05142211914063,RIVERSIDE,UNINCORPORATED,-117.05150604248048,33.52694320678711
9157557,2020,2020-12-03,3300,2020-09-10,2219,N6000,806C,4,5,3,3343,0,0,0,NA,0,086,CLINTON KEITH RD,RT 15,0,NA,Y,A,-,Y,RIV,8,15,-,-,13.457,R,4,N,Y,4,0,1,2,A,-,12,21453,A,N,D,C,A,A,H,-,C,A,0,NA,NA,NA,NA,Y,NA,A,07,0,0,1,0,0,0,0,0,0,-,NF,33.59714889526367,-117.24474334716795,RIVERSIDE,WILDOMAR,-117.24286651611328,33.5938606262207
91576804,2021,2021-09-22,9685,2021-09-13,0755,018539,NA,1,1,4,3342,0,1,1,NA,2,034,I-215 S/B,LOS ALAMOS ROAD,1890,N,N,A,-,Y,NA,NA,215,NA,NA,NA,NA,NA,S,Y,3,0,1,2,A,-,03,22350,NA,N,B,C,A,A,H,-,A,D,0,NA,NA,Y,NA,Y,NA,C,02,0,1,0,0,0,0,0,0,1,-,-,33.57815933227539,-117.18092346191406,RIVERSIDE,MURRIETA,-117.18103790283205,33.57815933227539
91576942,2021,2021-10-13,9840,2021-09-18,1732,021873,NA,6,2,6,3315,0,1,3,NA,2,030,SR-91 E/B,LINCOLN AVE,600,W,N,A,-,Y,NA,NA,91,NA,NA,NA,NA,NA,E,N,4,0,1,2,A,-,03,22350,NA,N,C,C,A,A,H,-,A,D,0,NA,NA,NA,NA,Y,NA,A,07,0,0,1,0,0,0,0,0,0,-,-,33.882049560546875,-117.5850067138672,RIVERSIDE,CORONA,-117.5850067138672,33.882057189941406
91578698,2021,2021-09-24,9840,2021-09-21,0955,014916,NA,2,1,7,3313,0,1,1,NA,2,023,I-215 S/B,MARTIN LUTHER KING BLVD,1056,S,N,A,-,Y,NA,NA,215,NA,NA,NA,NA,NA,S,N,4,0,1,3,A,-,03,22350,NA,N,C,C,A,A,H,-,A,D,0,NA,NA,NA,NA,Y,NA,A,01,0,0,1,0,0,0,0,0,0,-,-,33.966331481933594,-117.32718658447266,RIVERSIDE,RIVERSIDE,-117.32720947265624,33.9663200378418
91580092,2021,2021-09-27,9685,2021-09-15,2125,016185,NA,3,2,9,3300,0,1,1,NA,2,030,I-15,RAINBOW VALLEY BOULEVARD,4752,N,N,A,-,Y,NA,NA,15,NA,NA,NA,NA,NA,NA,N,3,0,1,2,A,-,07,21658,A,F,E,I,A,A,D,-,C,D,0,NA,NA,NA,NA,Y,NA,-,99,0,1,0,0,0,0,0,0,0,-,-,33.44234848022461,-117.1375732421875,RIVERSIDE,UNINCORPORATED,-117.1374969482422,33.442325592041016
91580381,2021,2021-09-27,9685,2021-09-08,1240,015757,NA,3,1,5,3341,0,1,1,NA,2,020,I-215 S/B (ESCONDIDO FWY),MC CALL BLVD,2006,S,N,A,-,Y,NA,NA,215,NA,NA,NA,NA,NA,S,Y,2,0,5,2,A,-,08,22107,NA,N,F,A,A,A,H,-,A,A,0,NA,NA,NA,Y,Y,NA,G,27,1,2,2,0,0,0,0,0,0,-,-,33.70970916748047,-117.1877899169922,RIVERSIDE,MENIFEE,-117.18761444091795,33.70981216430664
91581860,2021,2021-09-28,9840,2021-09-22,0612,018248,NA,3,1,9,3300,0,1,1,NA,2,037,I-15 N/B,LAKE ST,495,S,N,A,-,Y,NA,NA,NA,NA,NA,NA,NA,NA,NA,N,4,0,1,2,A,-,03,22350,NA,N,C,C,A,A,H,-,A,D,0,NA,NA,NA,NA,Y,NA,A,01,0,0,1,0,0,0,0,0,0,-,-,33.73014831542969,-117.39187622070313,RIVERSIDE,UNINCORPORATED,-117.39286041259766,33.73019027709961
91582890,2021,2021-09-29,9655,2021-09-27,1608,019630,NA,1,2,9,3300,0,1,3,NA,1,312,STATE ROUTE 74,FOUR SEASONS BOULEVARD,0,NA,Y,A,-,Y,NA,NA,74,NA,NA,NA,NA,NA,NA,Y,3,0,3,2,A,-,12,21453,A,N,D,C,A,A,H,-,A,A,0,NA,NA,NA,NA,Y,NA,A,01,0,1,2,0,0,0,0,0,0,-,-,33.74380111694336,-117.06008911132813,RIVERSIDE,UNINCORPORATED,-117.06008911132813,33.743797302246094
91583725,2021,2021-09-30,9840,2021-09-27,0730,012208,NA,1,1,6,3394,0,1,3,NA,2,025,STATE ROUTE-60 W/B {MORENO VALLEY FREEWAY},HEACOCK STREET,517,E,N,B,-,Y,NA,NA,60,NA,NA,NA,NA,NA,W,Y,3,0,1,3,A,-,08,22107,NA,N,B,C,A,A,H,-,A,D,0,NA,NA,Y,NA,Y,NA,A,01,0,1,0,0,0,0,0,0,1,-,-,33.94116973876953,-117.2419662475586,RIVERSIDE,MORENO VALLEY,-117.24197387695313,33.94118881225586
91583737,2021,2021-09-30,9840,2021-09-26,2019,021194,NA,7,2,6,3394,0,1,3,NA,2,025,SR-60 W/B,THEODORE ST,1584,W,N,A,-,Y,NA,NA,60,NA,NA,NA,NA,NA,W,N,4,0,3,2,A,-,03,22350,NA,N,C,C,A,A,H,-,D,D,0,NA,NA,NA,NA,Y,Y,D,22,0,0,3,0,0,0,0,0,0,-,-,33.939388275146484,-117.14383697509766,RIVERSIDE,MORENO VALLEY,-117.14383697509766,33.939414978027344
91583744,2021,2021-09-30,9840,2021-09-29,0650,015444,NA,3,1,6,3345,0,1,1,NA,2,011,I-15 N/B,LIMONITE AVE,3800,N,N,A,-,Y,NA,NA,15,NA,NA,NA,NA,NA,N,N,4,0,1,3,A,-,03,22350,NA,N,C,C,A,A,H,-,A,D,0,NA,NA,NA,NA,Y,NA,A,01,0,0,1,0,0,0,0,0,0,-,-,33.98638153076172,-117.54891967773438,RIVERSIDE,JURUPA VALLEY,-117.54890441894533,33.98638153076172
91583761,2021,2021-09-30,9840,2021-09-17,1220,019242,NA,5,1,6,3315,0,1,3,NA,2,031,SR-91 E/B,MAIN STREET,200,E,N,A,-,Y,NA,NA,91,NA,NA,NA,NA,NA,E,N,3,0,1,2,A,-,08,22107,NA,N,B,C,A,A,H,-,A,D,0,NA,NA,Y,NA,Y,NA,C,02,0,1,0,0,0,0,0,0,1,-,-,33.8791618347168,-117.55950927734376,RIVERSIDE,CORONA,-117.55950164794922,33.87925338745117
91583893,2021,2021-09-30,9840,2021-09-29,1310,012208,NA,3,1,9,3300,0,3,5,NA,2,002,RECHE CANYON ROAD {8240 BLOCK},KEISSEL ROAD,1061,S,N,A,-,N,NA,NA,NA,NA,NA,NA,NA,NA,NA,Y,4,0,1,1,C,-,18,NA,NA,N,H,H,A,A,H,-,A,D,0,NA,NA,NA,NA,Y,NA,-,-,0,0,1,0,0,0,0,0,0,-,-,33.99964141845703,-117.2314910888672,RIVERSIDE,UNINCORPORATED,-117.2314453125,33.99982833862305
91584046,2021,2021-09-30,9685,2021-09-18,0150,017169,NA,6,3,9,3300,0,1,3,NA,1,012,SR-74,MARGARTH STREET,112,E,N,A,-,Y,NA,NA,74,NA,NA,NA,NA,NA,NA,Y,3,0,2,2,A,-,01,23152,A,N,A,C,A,A,H,-,D,D,0,NA,NA,NA,NA,Y,Y,A,01,0,1,1,0,0,0,0,0,0,-,-,33.75053024291992,-117.27564239501952,RIVERSIDE,UNINCORPORATED,-117.27569580078124,33.75054168701172
91586921,2021,2021-10-04,9685,2021-09-23,1740,016185,NA,4,2,5,3335,0,1,1,NA,2,030,I-15 SOUTHBOUND,RANCHO CALIFORNIA ROAD,1512,N,N,A,-,Y,NA,NA,15,NA,NA,NA,NA,NA,S,Y,3,0,4,3,A,-,03,22350,NA,N,C,C,A,A,H,-,A,D,0,NA,NA,NA,NA,Y,NA,A,07,0,4,0,0,0,0,0,0,0,-,-,33.50477981567383,-117.1535415649414,RIVERSIDE,TEMECULA,-117.15343475341795,33.50482940673828
91587203,2021,2021-10-04,9685,2021-09-24,1450,016185,NA,5,2,9,3300,0,1,1,NA,2,030,I-15 NORTHBOUND,RAINBOW VALLEY BOULEVARD,4752,N,N,B,-,Y,NA,NA,15,NA,NA,NA,NA,NA,N,Y,3,0,1,2,A,-,03,22350,NA,N,C,C,A,B,H,-,A,D,0,NA,NA,NA,NA,Y,NA,A,07,0,1,0,0,0,0,0,0,0,-,-,33.44234085083008,-117.13755798339844,RIVERSIDE,UNINCORPORATED,-117.1374969482422,33.44232177734375
91588118,2021,2021-10-05,9660,2021-09-28,0617,021509,NA,2,1,9,3300,0,1,1,NA,2,031,I-10 W/B,THE MESA DRIVE OVERCROSSING,1584,W,N,A,-,Y,NA,NA,10,NA,NA,NA,NA,NA,W,Y,2,0,2,1,A,-,08,22107,NA,N,F,A,A,A,H,-,B,D,0,NA,NA,NA,NA,Y,NA,A,07,2,0,0,0,0,0,0,0,0,-,-,33.60955047607422,-114.73387908935548,RIVERSIDE,UNINCORPORATED,-114.73387908935548,33.60948181152344
91589265,2021,2021-10-06,9840,2021-09-21,0705,014335,NA,2,1,9,3300,0,3,5,NA,2,003,TEMESCAL CANYON ROAD,TRILOGY PARKWAY,400,S,N,A,-,N,NA,NA,NA,NA,NA,NA,NA,NA,NA,Y,4,0,1,3,A,-,03,22350,NA,N,C,C,A,A,H,-,A,D,0,NA,NA,Y,Y,Y,NA,F,25,0,0,1,0,0,0,0,0,1,-,-,33.765010833740234,-117.48641204833984,RIVERSIDE,UNINCORPORATED,-117.48673248291016,33.76566696166992
9158984,2020,2020-11-16,3311,2020-09-24,1019,15919,NA,4,5,4,3311,0,0,0,NA,0,006,RABAT DR,SAN LUIS REY DR,27,N,N,A,-,N,NA,NA,NA,NA,NA,NA,NA,NA,NA,Y,4,0,2,2,-,-,-,NA,A,N,D,C,A,-,H,-,A,A,0,NA,NA,NA,NA,Y,NA,A,01,0,0,2,0,0,0,0,0,0,-,-,33.81586837768555,-116.48854064941406,RIVERSIDE,PALM SPRINGS,NA,NA
91591149,2021,2021-10-08,9655,2021-09-26,2130,021177,NA,7,2,9,3300,0,1,3,NA,2,212,STATE ROUTE 60 E/B,JACK RABBIT TRAIL,14520,W,N,A,-,Y,NA,NA,60,NA,NA,NA,NA,NA,E,Y,2,0,1,1,A,-,01,23152,A,N,F,A,A,A,D,-,D,D,0,NA,NA,Y,NA,Y,Y,C,02,1,0,0,0,0,0,0,0,1,-,-,33.9433708190918,-117.07595825195313,RIVERSIDE,UNINCORPORATED,-117.0759735107422,33.943294525146484
91593495,2021,2021-10-11,9840,2021-10-04,1348,020455,NA,1,1,6,3394,0,1,3,NA,2,025,SR-60 W/B,PIGEON PASS RD,1000,W,N,B,-,Y,NA,NA,60,NA,NA,NA,NA,NA,W,Y,3,0,1,2,A,-,03,22350,NA,N,C,C,A,A,H,-,A,D,0,NA,NA,NA,NA,Y,NA,A,01,0,1,0,0,0,0,0,0,0,-,-,33.94084167480469,-117.2648468017578,RIVERSIDE,MORENO VALLEY,-117.2648468017578,33.94087219238281
91594091,2021,2021-10-12,9840,2021-09-16,0547,019527,NA,4,3,7,3313,0,1,3,NA,2,201,SR-91 W/B,TYLER ST,500,W,N,A,-,Y,NA,NA,91,NA,NA,NA,NA,NA,W,N,4,0,1,2,A,-,03,22350,NA,M,C,C,A,A,H,-,C,D,0,NA,NA,NA,NA,Y,NA,A,01,0,0,1,0,0,0,0,0,0,-,-,33.90557098388672,-117.45835876464844,RIVERSIDE,RIVERSIDE,-117.45835113525392,33.905555725097656
91594505,2021,2021-10-12,9655,2021-10-11,1245,014743,NA,1,1,9,3300,0,1,1,NA,2,204,I-10 E/B,HIGHLAND SPRINGS AVENUE,1584,E,N,A,-,Y,NA,NA,NA,NA,NA,NA,NA,NA,NA,Y,4,0,1,2,A,-,03,22350,NA,N,C,C,A,A,D,-,A,D,0,NA,NA,NA,NA,Y,NA,A,01,0,0,1,0,0,0,0,0,0,-,-,33.92655944824219,-116.94106292724608,RIVERSIDE,UNINCORPORATED,-116.94168090820313,33.92658615112305
91594987,2021,2021-10-13,9630,2021-10-03,0213,022321,NA,7,3,9,3300,0,1,1,NA,2,010,I-10 E/B,NORTH INDIAN CANYON DRIVE,4488,W,N,A,-,Y,NA,NA,NA,NA,NA,NA,NA,NA,NA,Y,3,0,1,1,A,-,01,23152,A,N,E,I,A,A,H,-,D,D,0,NA,NA,NA,NA,Y,Y,A,01,0,1,0,0,0,0,0,0,0,-,-,33.905208587646484,-116.56040954589844,RIVERSIDE,UNINCORPORATED,-116.56014251708984,33.90532302856445
91596248,2021,2021-10-14,9655,2021-10-07,0459,020704,NA,4,3,9,3300,0,3,5,NA,2,003,GIRARD STREET,STETSON AVE,170,S,N,C,-,N,NA,NA,NA,NA,NA,NA,NA,NA,NA,N,3,0,1,2,A,-,08,22107,NA,N,C,E,A,B,H,-,D,A,0,NA,NA,NA,NA,Y,NA,A,01,0,1,0,0,0,0,0,0,0,-,-,33.729000091552734,-116.95411682128906,RIVERSIDE,UNINCORPORATED,-116.95418548583984,33.7290153503418
91598639,2021,2021-10-18,9840,2021-10-02,1205,017162,NA,6,1,6,3315,0,1,3,NA,2,031,SR-91 E/B,LINCOLN AVE,900,E,N,A,-,Y,NA,NA,91,NA,NA,NA,NA,NA,E,N,2,0,1,2,A,-,03,22350,NA,N,C,C,A,A,H,-,A,D,0,NA,NA,NA,NA,Y,NA,A,01,1,0,0,0,0,0,0,0,0,-,-,33.88114929199219,-117.57943725585938,RIVERSIDE,CORONA,-117.57940673828124,33.881439208984375
91598906,2021,2021-10-18,9630,2021-10-13,1848,021416,NA,3,2,9,3300,0,1,3,NA,2,015,SR-62 E/B,N. INDIAN CANYON DR,3168,E,N,A,-,Y,NA,NA,62,NA,NA,NA,NA,NA,E,Y,4,0,1,2,A,-,03,22350,NA,N,C,C,A,A,H,-,D,D,0,NA,NA,NA,NA,Y,NA,D,22,0,0,1,0,0,0,0,0,0,-,-,34.0135498046875,-116.57605743408205,RIVERSIDE,UNINCORPORATED,-116.57608795166016,34.01353073120117
91599538,2021,2021-10-18,9840,2021-10-14,0820,017893,NA,4,1,6,3315,0,1,3,NA,2,031,SR-91 W/B,LINCOLN AVE,450,E,N,A,-,Y,NA,NA,91,NA,NA,NA,NA,NA,W,Y,3,0,2,4,A,-,03,22350,NA,N,C,C,A,A,H,-,A,D,0,NA,NA,NA,Y,Y,NA,A,01,0,2,0,0,0,0,0,0,0,-,-,33.88185119628906,-117.58097076416016,RIVERSIDE,CORONA,-117.58097839355467,33.88178634643555
91599588,2021,2021-10-18,9840,2021-10-15,0158,022028,NA,5,3,7,3313,0,1,1,NA,2,023,I-215 N/B TO BLAINE STREET,BLAINE STREET,20,S,N,A,-,Y,NA,NA,215,NA,NA,NA,R,NA,N,N,3,0,1,1,A,-,08,22107,NA,N,E,8,A,A,H,-,C,D,0,NA,NA,NA,NA,Y,NA,A,01,0,1,0,0,0,0,0,0,0,-,-,33.98286056518555,-117.34194183349608,RIVERSIDE,RIVERSIDE,-117.34194183349608,33.98286056518555
91599930,2021,2021-10-19,9840,2021-10-13,0015,019650,NA,3,3,9,3300,0,1,1,NA,2,041,I-215 S/B,CAJALCO EXPRESSWAY,1350,S,N,A,-,Y,NA,NA,215,NA,NA,NA,NA,NA,S,Y,2,0,1,3,A,-,08,22107,NA,N,G,B,E,A,H,-,D,D,0,Y,NA,NA,NA,Y,NA,A,01,1,0,0,0,1,0,0,0,0,-,-,33.834510803222656,-117.2476806640625,RIVERSIDE,UNINCORPORATED,-117.24759674072266,33.83454513549805
91600093,2021,2021-10-19,9840,2021-10-12,1000,022616,NA,2,1,9,3300,0,3,5,NA,2,002,MAIN ST,MICHIGAN ST.,500,W,N,A,-,N,NA,NA,NA,NA,NA,NA,NA,NA,NA,Y,3,0,1,1,A,-,08,22107,NA,N,E,I,A,A,H,-,A,A,0,NA,NA,NA,NA,Y,NA,A,01,0,1,0,0,0,0,0,0,0,-,-,34.01935958862305,-117.32980346679688,RIVERSIDE,UNINCORPORATED,-117.32403564453124,34.01932907104492
91600830,2021,2021-10-20,9840,2021-05-28,2310,019844,NA,5,3,4,3312,0,1,1,NA,2,041,INTERSTATE 215 SOUTHBOUND,D STREET,26,S,N,A,-,Y,NA,NA,215,NA,NA,NA,NA,NA,S,N,1,1,0,1,A,-,03,22350,NA,N,E,I,A,A,H,-,D,D,0,NA,NA,NA,NA,Y,NA,A,01,0,0,0,0,0,0,0,0,0,-,-,33.791500091552734,-117.22808074951172,RIVERSIDE,PERRIS,-117.2279815673828,33.79164123535156
9160114,2020,2021-01-14,3313,2020-10-06,1325,1736,2,2,5,7,3313,0,0,0,NA,0,T49,MLK BL,CHICAGO AV,0,NA,Y,A,-,NA,NA,NA,NA,NA,NA,NA,NA,NA,NA,Y,3,0,3,3,A,-,12,21453,A,N,D,C,A,A,H,-,A,A,0,NA,NA,NA,NA,Y,NA,A,01,0,1,2,0,0,0,0,0,0,-,-,33.96805953979492,-117.34848785400392,RIVERSIDE,RIVERSIDE,-117.3485107421875,33.96828079223633
91603152,2021,2021-10-21,9840,2021-10-10,1330,021873,NA,7,1,9,3300,0,3,5,NA,2,002,LA SIERRA AVE,MCCALLISTER PKWY,150,S,N,A,-,N,NA,NA,NA,NA,NA,NA,NA,NA,NA,N,4,0,1,2,A,-,01,23152,A,N,C,C,A,A,H,-,A,A,0,NA,NA,NA,NA,Y,Y,D,22,0,0,1,0,0,0,0,0,0,-,-,33.88203048706055,-117.45703887939452,RIVERSIDE,UNINCORPORATED,-117.45710754394533,33.882057189941406
91603966,2021,2021-10-22,9840,2021-10-15,1245,018221,NA,5,1,7,3313,0,1,3,NA,2,021,SR 91 W/B,MISSION INN AVE.,300,E,N,A,-,Y,NA,NA,91,NA,NA,NA,NA,NA,W,Y,4,0,1,3,A,-,08,22107,NA,N,B,C,A,A,H,-,A,D,0,NA,NA,NA,Y,Y,NA,-,-,0,0,1,0,0,0,0,0,0,-,-,33.9809684753418,-117.36917877197266,RIVERSIDE,RIVERSIDE,-117.36914825439452,33.980934143066406
9160517,2020,2021-01-19,3315,2020-10-02,1655,11119,8E,5,5,6,3315,0,0,0,NA,0,004,SERFAS CLUB DR,GREEN RIVER RD,1163,N,N,A,-,N,NA,NA,NA,NA,NA,NA,NA,NA,NA,Y,4,0,1,1,A,-,08,22107,NA,N,E,I,A,A,H,-,A,D,0,NA,NA,NA,NA,Y,NA,A,07,0,0,1,0,0,0,0,0,0,-,-,33.86968994140625,-117.62164306640624,RIVERSIDE,CORONA,-117.61888885498048,33.87238311767578
91606829,2021,2021-10-26,9840,2021-10-18,1711,022652,NA,1,2,9,3300,0,3,5,NA,2,004,EL NIDO AVENUE,TOLIVER AVENUE,750,N,N,A,-,N,NA,NA,NA,NA,NA,NA,NA,NA,NA,N,3,0,1,2,A,-,09,21804,A,N,D,C,A,A,H,-,A,A,0,NA,NA,Y,NA,Y,NA,C,02,0,1,0,0,0,0,0,0,1,-,-,33.82299041748047,-117.19557189941406,RIVERSIDE,UNINCORPORATED,-117.1956024169922,33.82315444946289
91607646,2021,2021-10-27,9840,2021-10-26,0940,022616,NA,2,1,7,3313,0,1,1,NA,2,022,I-215 N/B TO COLUMBIA AVE.,COLUMBIA AVE.,100,S,N,A,-,Y,NA,NA,215,NA,NA,NA,R,NA,N,N,4,0,1,2,A,-,03,22350,NA,N,C,C,A,A,H,-,A,D,0,NA,NA,NA,NA,Y,NA,A,01,0,0,1,0,0,0,0,0,0,-,-,34.00144958496094,-117.35150909423828,RIVERSIDE,RIVERSIDE,-117.35150909423828,34.00144958496094
9160811,2020,2020-11-06,3300,2020-08-27,0600,5731,38C1,4,5,3,3317,0,0,0,NA,0,2T36,MONTEREY AV,FRANK SINATRA DR E,29,N,N,A,-,N,NA,NA,NA,NA,NA,NA,NA,NA,NA,N,4,0,1,2,A,-,21,22106,NA,N,C,C,A,A,H,-,A,A,0,NA,NA,NA,NA,Y,NA,A,07,0,0,1,0,0,0,0,0,0,-,-,33.772491455078125,-116.38826751708984,RIVERSIDE,RANCHO MIRAGE,-116.39089965820313,33.77267837524414
91611782,2021,2021-11-01,9840,2021-10-21,1222,019042,NA,4,1,7,3313,0,1,3,NA,2,020,SR-91 E/B,TYLER ST.,1585,W,N,A,-,Y,NA,NA,91,NA,NA,NA,NA,NA,E,N,3,0,1,2,A,-,11,21954,A,N,G,1,E,A,H,-,A,D,0,Y,NA,NA,NA,Y,NA,N,60,0,1,0,0,1,0,0,0,0,-,-,33.90380096435547,-117.46114349365234,RIVERSIDE,RIVERSIDE,-117.46114349365234,33.90380859375
91611885,2021,2021-11-01,9840,2021-10-23,1350,019566,NA,6,1,6,3345,0,1,1,NA,2,011,I-15 N/B,SR-60,4000,S,N,A,-,Y,NA,NA,15,NA,NA,NA,NA,NA,N,Y,3,0,2,3,A,-,03,22350,NA,N,C,C,A,A,H,-,A,D,0,NA,NA,NA,NA,Y,NA,A,01,0,2,0,0,0,0,0,0,0,-,-,34.01047897338867,-117.55001831054688,RIVERSIDE,JURUPA VALLEY,-117.55007934570313,34.01047897338867
91613117,2021,2021-11-02,9840,2021-09-17,0647,018248,NA,5,1,6,3315,0,1,3,NA,2,031,SR-91 W/B,MCKINLEY ST,1478,W,N,A,-,Y,NA,NA,91,NA,NA,NA,NA,NA,W,N,4,0,1,3,A,-,03,22350,NA,N,C,C,A,A,H,-,A,D,0,NA,NA,NA,NA,Y,NA,D,22,0,0,1,0,0,0,0,0,0,-,-,33.88473129272461,-117.5224380493164,RIVERSIDE,CORONA,-117.52242279052734,33.8846549987793
9161386,2020,2021-01-19,3300,2020-09-09,1235,3968,910B,3,5,5,3335,0,0,0,NA,0,062,MARGARITA RD,OVERLAND DR,0,NA,Y,A,-,N,NA,NA,NA,NA,NA,NA,NA,NA,NA,Y,3,0,2,2,A,-,12,21453,A,N,D,C,A,A,H,-,A,A,0,NA,NA,NA,NA,Y,NA,A,07,0,2,0,0,0,0,0,0,0,-,-,33.519920349121094,-117.15087127685548,RIVERSIDE,TEMECULA,-117.15091705322266,33.51996994018555
91613962,2021,2021-11-02,9840,2021-10-29,0730,019527,NA,5,1,7,3313,0,1,3,NA,2,201,SR-91 W/B,MAGNOLIA AVE,1400,E,N,A,-,Y,NA,NA,91,NA,NA,NA,NA,NA,W,Y,4,0,1,2,A,-,07,21658,A,N,C,2,A,A,H,-,A,D,0,NA,NA,NA,NA,Y,NA,A,01,0,0,1,0,0,0,0,0,0,-,-,33.8968505859375,-117.48249053955078,RIVERSIDE,RIVERSIDE,-117.48249053955078,33.896827697753906