CASE_ID,ACCIDENT_YEAR,PROC_DATE,JURIS,COLLISION_DATE,COLLISION_TIME,OFFICER_ID,REPORTING_DISTRICT,DAY_OF_WEEK,CHP_SHIFT,POPULATION,CNTY_CITY_LOC,SPECIAL_COND,BEAT_TYPE,CHP_BEAT_TYPE,CITY_DIVISION_LAPD,CHP_BEAT_CLASS,BEAT_NUMBER,PRIMARY_RD,SECONDARY_RD,DISTANCE,DIRECTION,INTERSECTION,WEATHER_1,WEATHER_2,STATE_HWY_IND,CALTRANS_COUNTY,CALTRANS_DISTRICT,STATE_ROUTE,ROUTE_SUFFIX,POSTMILE_PREFIX,POSTMILE,LOCATION_TYPE,RAMP_INTERSECTION,SIDE_OF_HWY,TOW_AWAY,COLLISION_SEVERITY,NUMBER_KILLED,NUMBER_INJURED,PARTY_COUNT,PRIMARY_COLL_FACTOR,PCF_CODE_OF_VIOL,PCF_VIOL_CATEGORY,PCF_VIOLATION,PCF_VIOL_SUBSECTION,HIT_AND_RUN,TYPE_OF_COLLISION,MVIW,PED_ACTION,ROAD_SURFACE,ROAD_COND_1,ROAD_COND_2,LIGHTING,CONTROL_DEVICE,CHP_ROAD_TYPE,PEDESTRIAN_ACCIDENT,BICYCLE_ACCIDENT,MOTORCYCLE_ACCIDENT,TRUCK_ACCIDENT,NOT_PRIVATE_PROPERTY,ALCOHOL_INVOLVED,STWD_VEHTYPE_AT_FAULT,CHP_VEHTYPE_AT_FAULT,COUNT_SEVERE_INJ,COUNT_VISIBLE_INJ,COUNT_COMPLAINT_PAIN,COUNT_PED_KILLED,COUNT_PED_INJURED,COUNT_BICYCLIST_KILLED,COUNT_BICYCLIST_INJURED,COUNT_MC_KILLED,COUNT_MC_INJURED,PRIMARY_RAMP,SECONDARY_RAMP,LATITUDE,LONGITUDE,COUNTY,CITY,POINT_X,POINT_Y
92293735,2024,2024-01-22,9655,2024-01-19,115,023543,NA,5,3,9,3300,0,1,3,NA,2,212,SR-79 SOUTHBOUND,GILMAN SPRINGS RD,6120,N,N,A,-,Y,RIV,NA,79,NA,R,35.094,H,NA,L,Y,4,0,1,1,A,-,08,22107,NA,N,E,I,A,A,H,-,D,D,0,NA,NA,NA,NA,Y,NA,A,01,0,0,1,0,0,0,0,0,0,-,-,33.86225891113281,-117.00798034667967,RIVERSIDE,UNINCORPORATED,-117.00804138183594,33.86227035522461
92294681,2024,2024-01-23,9630,2024-01-17,735,016635,NA,3,1,9,3300,0,3,5,NA,2,503,70TH AVENUE,PIERCE STREET,2112,W,N,A,-,N,NA,NA,NA,NA,NA,NA,NA,NA,NA,N,4,0,1,2,A,-,08,22107,NA,N,D,C,A,A,H,-,A,D,0,NA,NA,NA,NA,Y,NA,A,07,0,0,1,0,0,0,0,0,0,-,-,33.53995132446289,-116.12033081054688,RIVERSIDE,UNINCORPORATED,-116.11976623535156,33.53993225097656
92297855,2024,2024-01-26,9655,2024-01-19,550,021977,NA,5,3,9,3300,0,1,1,NA,2,204,INTERSTATE 10 WESTBOUND,MALKI ROAD,1320,W,N,A,-,Y,RIV,NA,10,NA,R,16.198,H,NA,L,Y,4,0,1,1,C,-,18,NA,NA,N,E,J,A,A,H,-,C,D,0,NA,NA,NA,NA,Y,NA,-,-,0,0,1,0,0,0,0,0,0,-,-,33.93157958984375,-116.82807159423828,RIVERSIDE,UNINCORPORATED,-116.82806396484376,33.93168258666992
92297892,2024,2024-01-26,9840,2024-01-14,1925,023501,NA,7,2,9,3300,0,2,4,NA,2,045,ELLIS AVE,MARSHALL STREET,240,W,N,B,-,N,NA,NA,NA,NA,NA,NA,NA,NA,NA,Y,4,0,2,2,A,-,01,23152,A,N,D,E,A,A,H,-,D,D,0,NA,NA,NA,NA,Y,Y,A,07,0,0,2,0,0,0,0,0,0,-,-,33.77207946777344,-117.27935028076172,RIVERSIDE,UNINCORPORATED,-117.2792739868164,33.772029876708984
92298392,2024,2024-01-26,9655,2024-01-23,1800,022361,NA,2,2,9,3300,0,3,5,NA,2,003,STETSON AVE.,AURORA DR.,40,W,N,A,-,N,NA,NA,NA,NA,NA,NA,NA,NA,NA,N,3,0,2,2,A,-,09,21804,A,N,D,C,A,A,H,-,D,D,0,NA,NA,NA,NA,Y,NA,A,01,0,1,1,0,0,0,0,0,0,-,-,33.72951126098633,-116.94290924072266,RIVERSIDE,UNINCORPORATED,-116.94284057617188,33.72951889038086
92299584,2024,2024-01-29,9685,2024-01-27,1150,016743,NA,6,1,4,3342,0,1,1,NA,2,034,I-215 SOUTHBOUND,CLINTON KEITH,1584,N,N,A,-,Y,RIV,NA,215,NA,R,12.795,H,NA,L,Y,3,0,1,2,A,-,03,22350,NA,N,C,C,A,A,H,-,A,D,0,NA,NA,NA,Y,Y,NA,A,01,0,1,0,0,0,0,0,0,0,-,-,33.60211181640625,-117.17211151123048,RIVERSIDE,MURRIETA,-117.17217254638672,33.60213088989258
92302250,2024,2024-01-31,9655,2024-01-27,216,021784,NA,6,3,9,3300,0,1,1,NA,2,204,I-10 E/B,MALKI RD,49,W,N,A,-,Y,RIV,NA,10,NA,R,16.541,H,NA,R,N,4,0,1,1,A,-,08,22107,NA,N,E,I,A,A,H,-,D,D,0,NA,NA,NA,NA,Y,NA,A,01,0,0,1,0,0,0,0,0,0,-,-,33.93085861206055,-116.82205963134766,RIVERSIDE,UNINCORPORATED,-116.82202911376952,33.930965423583984
92302619,2024,2024-02-01,9685,2024-01-27,130,020989,NA,6,3,4,3307,0,1,1,NA,2,010,I-15 S/B,DIAMOND DR,375,N,N,A,-,Y,RIV,NA,15,NA,NA,19.93,H,NA,L,Y,4,0,2,2,A,-,01,23152,A,N,C,C,A,A,H,-,C,D,0,NA,NA,NA,NA,Y,Y,A,01,0,0,2,0,0,0,0,0,0,-,-,33.66947937011719,-117.30864715576172,RIVERSIDE,LAKE ELSINORE,-117.30862426757813,33.66951370239258
92302797,2024,2024-02-01,9655,2024-01-28,1815,021908,NA,7,2,4,3301,0,1,1,NA,2,204,I-10 W/B,22ND ST,1584,E,N,A,-,Y,NA,NA,NA,NA,NA,NA,NA,NA,NA,Y,4,0,1,2,A,-,03,22350,NA,N,C,C,A,A,H,-,C,D,0,NA,NA,NA,NA,Y,NA,A,01,0,0,1,0,0,0,0,0,0,-,-,33.9293212890625,-116.89369964599608,RIVERSIDE,BANNING,-116.89730072021484,33.92438507080078
92303194,2024,2024-02-01,9840,2024-01-24,1120,020102,NA,3,1,7,3313,0,1,3,NA,2,020,SR-91 E/B TO PIERCE STREET,PIERCE STREET,20,W,N,A,-,Y,NA,NA,NA,NA,NA,NA,NA,NA,NA,N,4,0,1,2,A,-,21,22106,NA,N,C,C,A,A,H,-,A,A,0,NA,NA,NA,NA,Y,NA,A,01,0,0,1,0,0,0,0,0,0,-,-,33.8968505859375,-117.49295806884766,RIVERSIDE,RIVERSIDE,-117.49295806884766,33.8968505859375
92303276,2024,2024-02-01,9655,2024-01-31,1850,018905,NA,3,2,3,3302,0,1,1,NA,2,202,I-10 E/B,SR-60,1584,W,N,A,-,Y,RIV,NA,10,NA,R,6.273,H,NA,R,Y,3,0,2,2,A,-,03,22350,NA,N,C,C,A,A,H,-,D,D,0,NA,NA,NA,NA,Y,NA,A,01,0,1,1,0,0,0,0,0,0,-,-,33.93642044067383,-116.9953384399414,RIVERSIDE,BEAUMONT,-116.99533081054688,33.93642807006836
92303795,2024,2024-02-02,9655,2024-01-28,327,021784,NA,7,3,3,3302,0,1,1,NA,2,202,I-10 E/B,OAK VALLEY PKWY,4277,W,N,A,-,Y,RIV,NA,10,NA,R,4.695,H,NA,R,N,4,0,1,1,A,-,01,23152,A,N,E,I,A,A,H,-,C,D,0,NA,NA,NA,NA,Y,Y,A,01,0,0,1,0,0,0,0,0,0,-,-,33.95328140258789,-117.01365661621094,RIVERSIDE,BEAUMONT,-117.01365661621094,33.953285217285156
92305648,2024,2024-02-05,9655,2024-02-02,1815,021784,NA,5,2,4,3301,0,1,1,NA,2,204,I-10 W/B,SUNSET AVE,345,E,N,B,-,Y,RIV,NA,10,NA,NA,11.415,H,NA,L,Y,4,0,1,1,A,-,08,22107,NA,N,E,I,A,B,H,-,C,D,0,NA,NA,NA,NA,Y,NA,A,07,0,0,1,0,0,0,0,0,0,-,-,33.924400329589844,-116.91053771972656,RIVERSIDE,BANNING,-116.9105224609375,33.924468994140625
92308934,2024,2024-02-08,9655,2024-02-05,425,021924,NA,1,3,3,3302,0,1,1,NA,2,202,I-10 W/B,OAK VALLEY PARKWAY,400,W,N,B,C,Y,RIV,NA,10,NA,R,5.417,H,NA,L,N,4,0,1,2,A,-,03,22350,NA,N,E,I,A,B,H,-,D,D,0,NA,NA,NA,NA,Y,NA,A,01,0,0,1,0,0,0,0,0,0,-,-,33.946258544921875,-117.00420379638672,RIVERSIDE,BEAUMONT,-117.0041046142578,33.94632339477539
92309338,2024,2024-02-08,9840,2024-02-01,1209,018248,NA,4,1,6,3315,0,1,3,NA,2,030,SR-91 W/B,GREEN RIVER RD,4699,W,N,B,C,Y,RIV,NA,91,NA,R,0.13,H,NA,L,Y,3,0,2,2,A,-,08,22107,NA,N,C,C,A,B,H,-,A,D,0,NA,NA,NA,NA,Y,NA,A,01,0,2,0,0,0,0,0,0,0,-,-,33.87049865722656,-117.6697998046875,RIVERSIDE,CORONA,-117.66978454589844,33.87046813964844
92310471,2024,2024-02-09,9685,2024-02-09,102,018849,NA,5,3,9,3300,0,3,5,NA,2,003,RAINBOW CANYON RD.,RAINBOW VALLEY BLVD.,5177,N,N,B,-,N,NA,NA,NA,NA,NA,NA,NA,NA,NA,N,3,0,1,1,A,-,08,22107,NA,N,E,I,A,B,H,-,D,D,0,NA,NA,NA,NA,Y,NA,A,01,0,1,0,0,0,0,0,0,0,-,-,33.44649887084961,-117.13304138183594,RIVERSIDE,UNINCORPORATED,-117.12952423095705,33.45365905761719
92311581,2024,2024-02-12,9840,2024-01-27,1603,021080,NA,6,2,7,3313,0,1,3,NA,2,020,SR-91 W/B,TYLER ST.,581,W,N,A,-,Y,RIV,NA,91,NA,NA,12.93,H,NA,L,N,4,0,1,2,A,-,03,22350,NA,N,C,D,A,A,H,-,A,D,0,NA,NA,NA,NA,Y,NA,A,01,0,0,1,0,0,0,0,0,0,-,-,33.905399322509766,-117.45855712890624,RIVERSIDE,RIVERSIDE,-117.45858001708984,33.905426025390625
92311619,2024,2024-02-12,9685,2024-01-18,2253,020637,NA,4,3,5,3341,0,1,1,NA,2,020,I-215 SOUTHBOUND,SCOTT ROAD,7392,N,N,A,-,Y,RIV,NA,215,NA,R,16.846,H,NA,L,Y,4,0,2,2,A,-,03,22350,NA,F,C,C,A,A,H,-,D,D,0,NA,NA,NA,NA,Y,NA,A,07,0,0,2,0,0,0,0,0,0,-,-,33.66083908081055,-117.17118072509766,RIVERSIDE,MENIFEE,-117.17113494873048,33.66083908081055
92311842,2024,2024-02-12,9630,2024-02-02,857,020445,NA,5,1,9,3300,0,1,1,NA,2,301,I-10 W/B,CACTUS CITY REST AREA,6336,E,N,A,-,Y,RIV,NA,10,NA,R,73.392,H,NA,L,Y,3,0,2,2,A,-,03,22350,NA,N,C,C,A,A,D,-,A,D,0,NA,NA,NA,Y,Y,NA,G,25,0,1,1,0,0,0,0,0,0,-,-,33.674869537353516,-115.9423370361328,RIVERSIDE,UNINCORPORATED,-115.9423370361328,33.67489242553711
92311917,2024,2024-02-12,9840,2024-02-10,1820,022028,NA,6,2,7,3313,0,1,3,NA,2,020,SR-91 W/B,VAN BUREN BLVD,1000,E,N,A,-,Y,RIV,NA,91,NA,NA,14.408,H,NA,L,N,4,0,1,2,A,-,03,22350,NA,N,C,C,A,A,H,-,C,D,0,NA,NA,NA,NA,Y,NA,A,01,0,0,1,0,0,0,0,0,0,-,-,33.917579650878906,-117.4372787475586,RIVERSIDE,RIVERSIDE,-117.43728637695313,33.91758728027344
92312091,2024,2024-02-12,9655,2024-02-12,825,021177,NA,1,1,9,3300,0,3,5,NA,2,002,CHERRY VALLEY BLVD,NANCY AVENUE,255,E,N,A,-,N,NA,NA,NA,NA,NA,NA,NA,NA,NA,Y,4,0,1,2,A,-,03,22350,NA,N,C,C,A,A,H,-,A,A,0,NA,NA,NA,NA,Y,NA,A,01,0,0,1,0,0,0,0,0,0,-,-,33.9687614440918,-116.98918151855467,RIVERSIDE,UNINCORPORATED,-116.98920440673828,33.96873092651367
92312583,2024,2024-02-13,9840,2024-02-08,935,016284,NA,4,1,6,3315,0,1,1,NA,2,034,I-15 N/B,MAGNOLIA AVENUE,1054,N,N,A,-,Y,RIV,NA,15,NA,NA,40.564,H,NA,R,Y,4,0,1,2,A,-,03,22350,NA,N,C,C,A,A,H,-,A,D,0,NA,NA,NA,Y,Y,NA,A,07,0,0,1,0,0,0,0,0,0,-,-,33.86865997314453,-117.543701171875,RIVERSIDE,CORONA,-117.54373931884766,33.868648529052734
92312847,2024,2024-02-13,9840,2024-01-31,1648,015444,NA,3,2,9,3300,0,3,5,NA,2,004,MENIFEE RD,NUEVO VALLEY RD,150,S,N,B,-,N,NA,NA,NA,NA,NA,NA,NA,NA,NA,N,2,0,1,1,A,-,03,22350,NA,N,F,A,A,A,H,-,A,D,0,NA,NA,Y,NA,Y,NA,C,02,1,0,0,0,0,0,0,0,1,-,-,33.780941009521484,-117.15646362304688,RIVERSIDE,UNINCORPORATED,-117.15641784667967,33.78078842163086
92312887,2024,2024-02-13,9840,2024-02-13,525,017546,NA,2,3,7,3313,0,1,3,NA,2,010,SR-60 W/B,MAIN STREET,480,W,N,A,-,Y,RIV,NA,60,NA,NA,11.633,H,NA,L,Y,4,0,1,2,A,-,08,22107,NA,N,B,2,A,A,H,-,D,D,0,NA,NA,NA,NA,Y,NA,D,22,0,0,1,0,0,0,0,0,0,-,-,33.997169494628906,-117.36630249023438,RIVERSIDE,RIVERSIDE,-117.36631011962892,33.99715042114258
92314742,2024,2024-02-15,9630,2024-02-06,10,021897,NA,2,3,9,3300,0,1,1,NA,2,020,I-10 E/B,PALM DR,20,E,N,B,C,Y,RIV,NA,10,NA,NA,36.158,H,NA,R,Y,4,0,1,2,A,-,03,22350,NA,N,B,C,A,B,H,-,D,D,0,NA,NA,NA,Y,Y,NA,A,07,0,0,1,0,0,0,0,0,0,-,-,33.879268646240234,-116.50364685058594,RIVERSIDE,UNINCORPORATED,-116.5036163330078,33.879295349121094
92318529,2024,2024-02-20,9840,2024-02-19,1455,017247,NA,1,2,7,3313,0,1,1,NA,2,040,I-215 S/B,VAN BUREN BLVD,2225,N,N,B,-,Y,RIV,NA,215,NA,R,34.59,H,NA,L,N,3,0,1,2,A,-,03,22350,NA,N,C,C,A,A,H,-,A,D,0,NA,NA,NA,NA,Y,Y,D,22,0,1,0,0,0,0,0,0,0,-,-,33.89339828491211,-117.27320861816406,RIVERSIDE,RIVERSIDE,-117.27326965332033,33.89338302612305
92318643,2024,2024-02-20,9840,2024-02-20,1215,017247,NA,2,1,9,3300,0,2,4,NA,2,042,VAN BUREN BLVD,CONSTABLE RD,20,E,N,C,-,N,NA,NA,NA,NA,NA,NA,NA,NA,NA,N,4,0,1,3,A,-,03,22350,NA,N,C,C,A,B,H,-,A,A,0,NA,NA,NA,NA,Y,NA,A,01,0,0,1,0,0,0,0,0,0,-,-,33.88106155395508,-117.3975067138672,RIVERSIDE,UNINCORPORATED,-117.39759826660156,33.880985260009766
92320307,2024,2024-02-22,9840,2024-02-12,1838,018248,NA,1,2,6,3315,0,1,1,NA,2,034,I-15 N/B,MAGNOLIA AVE,3274,S,N,A,-,Y,RIV,NA,15,NA,NA,39.714,H,NA,R,Y,4,0,1,2,A,-,07,21658,A,N,B,C,A,A,H,-,B,D,0,NA,NA,NA,NA,Y,NA,A,01,0,0,1,0,0,0,0,0,0,-,-,33.85845947265625,-117.53595733642578,RIVERSIDE,CORONA,-117.5358428955078,33.858489990234375
92321829,2024,2024-02-23,9630,2024-02-14,1715,017467,NA,3,2,9,3300,0,3,5,NA,2,502,SHADY LANE,AVENUE 55,1162,N,N,A,-,N,NA,NA,NA,NA,NA,NA,NA,NA,NA,N,2,0,2,2,A,-,09,21804,A,N,D,C,A,A,H,-,B,D,0,NA,NA,NA,NA,Y,NA,M,94,2,0,0,0,0,0,0,0,0,-,-,33.65245056152344,-116.1725616455078,RIVERSIDE,UNINCORPORATED,-116.17256927490234,33.65260696411133
92322866,2024,2024-02-26,9630,2024-02-14,1339,019153,NA,3,1,9,3300,0,3,5,NA,2,001,WORSLEY RD,PAINTED HILLS RD,5280,N,N,A,-,N,NA,NA,NA,NA,NA,NA,NA,NA,NA,Y,3,0,1,1,A,-,08,22107,NA,N,F,A,A,A,H,-,A,D,0,NA,NA,NA,NA,Y,NA,A,01,0,1,0,0,0,0,0,0,0,-,-,33.94981002807617,-116.59268951416016,RIVERSIDE,UNINCORPORATED,-116.58975982666016,33.95527648925781
92323377,2024,2024-02-26,9630,2024-02-16,1300,019310,NA,5,1,9,3300,0,3,5,NA,2,001,DILLON RD,DESERT CREST AVE,0,NA,Y,A,-,N,NA,NA,NA,NA,NA,NA,NA,NA,NA,Y,2,0,2,2,A,-,09,21801,A,N,D,C,A,A,H,-,A,D,0,NA,NA,Y,NA,Y,NA,A,01,1,1,0,0,0,0,0,0,1,-,-,33.925331115722656,-116.45146942138672,RIVERSIDE,UNINCORPORATED,-116.45152282714844,33.92528533935547
92324105,2024,2024-02-27,9630,2024-02-19,503,021897,NA,1,3,9,3300,0,3,5,NA,2,503,HARRISON STREET,76TH AVENUE,180,N,N,A,-,Y,NA,NA,NA,NA,NA,NA,NA,NA,NA,Y,4,0,1,1,A,-,01,23152,A,N,E,I,A,A,H,-,D,D,0,NA,NA,NA,NA,Y,Y,D,22,0,0,1,0,0,0,0,0,0,-,-,33.499359130859375,-116.11990356445313,RIVERSIDE,UNINCORPORATED,-116.11968231201172,33.499298095703125
92324593,2024,2024-02-27,9840,2024-01-18,739,014335,NA,4,1,9,3300,0,3,5,NA,2,003,SUN SUMMIT DRIVE (6300 BLOCK),BRIGHT MORNING CT,90,S,N,A,-,N,NA,NA,NA,NA,NA,NA,NA,NA,NA,Y,4,0,1,3,A,-,05,21650,NA,N,A,C,A,A,H,-,A,D,0,NA,NA,NA,NA,Y,NA,-,-,0,0,1,0,0,0,0,0,0,-,-,33.88290023803711,-117.4827117919922,RIVERSIDE,UNINCORPORATED,-117.48268127441406,33.88286590576172
92325525,2024,2024-02-28,9840,2024-02-28,715,017802,NA,3,1,7,3313,0,1,3,NA,2,010,SR-60 W/B,MAIN ST.,200,W,N,A,-,Y,RIV,NA,60,NA,NA,11.705,H,NA,L,N,3,0,1,2,A,-,07,21658,A,N,B,C,A,A,H,-,A,D,0,NA,NA,NA,NA,Y,NA,A,01,0,1,0,0,0,0,0,0,0,-,-,33.99666976928711,-117.36519622802734,RIVERSIDE,RIVERSIDE,-117.3651885986328,33.99668884277344
92328932,2024,2024-03-27,9840,2024-03-01,1359,018611,NA,5,1,6,3315,0,1,3,NA,2,030,SR-91 E/B,GREEN RIVER ROAD,2000,W,N,B,-,Y,RIV,NA,91,NA,R,0.459,H,NA,R,Y,4,0,1,2,A,-,03,22350,NA,N,C,C,A,A,H,-,A,D,0,NA,NA,NA,NA,Y,NA,A,01,0,0,1,0,0,0,0,0,0,-,-,33.8725700378418,-117.66458892822266,RIVERSIDE,CORONA,-117.66463470458984,33.87260437011719
92329326,2024,2024-03-04,9840,2024-02-26,716,021080,NA,1,1,6,3345,0,1,3,NA,2,010,SR-60 W/B,VALLEY WAY BLVD.,2746,E,N,B,-,Y,RIV,NA,60,NA,NA,8.08,H,NA,L,N,3,0,1,2,A,-,03,22350,NA,N,C,C,A,A,H,-,A,D,0,NA,NA,Y,NA,Y,NA,C,02,0,1,0,0,0,0,0,0,1,-,-,34.00910186767578,-117.42491912841795,RIVERSIDE,JURUPA VALLEY,-117.42491149902344,34.009124755859375
92332419,2024,2024-03-07,9840,2024-02-24,1138,021297,NA,6,1,9,3300,0,3,5,NA,2,004,NUEVO RD,RESERVOIR AVE,0,NA,Y,A,-,N,NA,NA,NA,NA,NA,NA,NA,NA,NA,Y,2,0,2,2,A,-,08,22107,NA,N,A,C,A,A,H,-,A,D,0,NA,NA,Y,NA,Y,NA,C,06,1,0,1,0,0,0,0,0,1,-,-,33.80125045776367,-117.1523666381836,RIVERSIDE,UNINCORPORATED,-117.15253448486328,33.801246643066406
92332446,2024,2024-03-07,9840,2024-02-24,520,022974,NA,6,3,7,3313,0,1,3,NA,2,021,SR-91 E/B,SPRUCE ST,500,W,N,A,-,Y,RIV,NA,91,NA,NA,21.298,H,NA,R,N,3,0,1,2,A,-,11,21954,A,N,B,B,E,A,H,-,C,D,0,Y,NA,NA,NA,Y,NA,N,60,0,1,0,0,1,0,0,0,0,-,-,33.989158630371094,-117.36090087890624,RIVERSIDE,RIVERSIDE,-117.36083221435548,33.989078521728516
92337251,2024,2024-03-13,9685,2024-02-23,2005,018041,NA,5,2,5,3335,0,1,1,NA,2,030,NB I-15,RANCHO CALIFORNIA ROAD,1778,S,N,A,-,Y,RIV,NA,15,NA,NA,4.632,H,NA,R,N,4,0,1,3,A,-,07,21658,A,M,B,C,A,A,H,-,D,D,0,NA,NA,NA,NA,Y,NA,A,01,0,0,1,0,0,0,0,0,0,-,-,33.49658966064453,-117.14808654785156,RIVERSIDE,TEMECULA,-117.14802551269533,33.49663543701172
92338403,2024,2024-03-14,9630,2024-03-05,2220,021923,NA,2,3,9,3300,0,1,1,NA,2,021,I-10 E/B,GOLF CENTER PKWY,400,E,N,A,-,Y,RIV,NA,10,NA,R,57.027,H,NA,R,Y,3,0,1,2,A,-,03,22350,NA,N,C,C,A,A,D,-,D,A,0,NA,NA,NA,NA,Y,NA,A,01,0,1,0,0,0,0,0,0,0,-,-,33.725059509277344,-116.2006607055664,RIVERSIDE,UNINCORPORATED,-116.20066833496094,33.72505569458008
92338447,2024,2024-03-14,9655,2024-03-12,1000,018320,NA,2,1,9,3300,0,1,3,NA,2,213,SR-79,LAMB CANYON RD,350,S,N,A,-,Y,RIV,NA,79,NA,NA,37.194,H,NA,R,Y,2,0,2,4,A,-,05,21460,A,N,A,C,A,A,H,-,A,D,0,NA,NA,NA,NA,Y,NA,A,01,1,1,0,0,0,0,0,0,0,-,-,33.88236999511719,-116.99082946777344,RIVERSIDE,UNINCORPORATED,-116.99091339111328,33.88237762451172
92338588,2024,2024-03-14,9840,2024-03-04,825,017802,NA,1,1,7,3313,0,1,3,NA,2,010,SR-60 E/B,MARKET ST.,540,E,N,A,-,Y,RIV,NA,60,NA,NA,11.228,H,NA,R,N,3,0,1,2,A,-,03,22350,NA,N,C,C,A,A,H,-,A,D,0,NA,NA,NA,NA,Y,NA,A,01,0,1,0,0,0,0,0,0,0,-,-,33.99958038330078,-117.37270355224608,RIVERSIDE,RIVERSIDE,-117.37266540527344,33.999637603759766
92339329,2024,2024-03-15,9840,2024-03-06,2003,023615,NA,3,2,7,3313,0,1,3,NA,2,010,STATE ROUTE 60 WESTBOUND,VALLEY WAY,2935,W,N,C,-,Y,RIV,NA,60,NA,R,6.702,H,NA,L,Y,3,0,2,1,A,-,08,22107,NA,N,E,I,A,B,H,-,C,D,0,NA,NA,NA,NA,Y,NA,A,01,0,2,0,0,0,0,0,0,0,-,-,34.0134391784668,-117.44346618652344,RIVERSIDE,RIVERSIDE,-117.44345855712892,34.013519287109375
92339333,2024,2024-03-15,9840,2024-03-02,1647,018611,NA,6,2,9,3300,0,1,3,NA,2,030,SR-91 W/B,SR-71,800,W,N,B,-,Y,RIV,NA,91,NA,R,1.962,H,NA,L,Y,4,0,2,2,A,-,03,22350,NA,N,C,C,A,B,H,-,A,D,0,NA,NA,NA,NA,Y,NA,D,22,0,0,2,0,0,0,0,0,0,-,-,33.883140563964844,-117.64276123046876,RIVERSIDE,UNINCORPORATED,-117.64276885986328,33.88316345214844
92339655,2024,2024-03-15,9685,2024-03-05,1825,016113,NA,2,2,9,3300,0,3,5,NA,2,002,BRIGGS ROAD,HOLLAND ROAD,125,S,N,B,-,N,NA,NA,NA,NA,NA,NA,NA,NA,NA,N,3,0,1,1,C,-,18,NA,NA,N,E,I,A,A,B,D,D,A,0,NA,NA,Y,NA,Y,NA,-,-,0,1,0,0,0,0,0,0,1,-,-,33.670108795166016,-117.13665771484376,RIVERSIDE,UNINCORPORATED,-117.13672637939452,33.670127868652344
92340888,2024,2024-03-18,9685,2024-03-03,107,021828,NA,7,3,4,3342,0,1,1,NA,2,034,I-215 S/B,MURRIETA HOT SPRINGS RD.,6336,S,N,A,-,Y,RIV,NA,15,NA,NA,8.06,H,NA,L,Y,3,0,2,2,A,-,01,23152,A,N,D,C,A,A,H,-,D,D,0,NA,NA,NA,NA,Y,Y,A,01,0,1,1,0,0,0,0,0,0,-,-,33.54058074951172,-117.17545318603516,RIVERSIDE,MURRIETA,-117.17529296875,33.540653228759766
92341900,2024,2024-03-19,9685,2024-03-13,1600,018041,NA,3,2,5,3335,0,1,1,NA,2,030,I-15 NORTHBOUND,TEMECULA PARKWAY,2640,S,N,A,-,Y,RIV,NA,15,NA,R,2.884,H,NA,R,Y,4,0,1,3,A,-,07,21658,A,N,B,C,A,A,H,-,A,D,0,NA,NA,Y,NA,Y,NA,A,01,0,0,1,0,0,0,0,0,1,-,-,33.47294998168945,-117.13780975341795,RIVERSIDE,TEMECULA,-117.13779449462892,33.47295379638672
92342255,2023,2024-03-19,9840,2023-06-27,820,019042,NA,2,1,6,3315,0,1,3,NA,2,030,SR-91 W/B,SR-71,1965,E,N,A,-,Y,RIV,NA,91,NA,R,2.46,H,NA,L,N,3,0,1,2,A,-,07,21658,A,N,F,A,A,A,H,-,A,D,0,NA,NA,Y,NA,Y,NA,D,22,0,1,0,0,0,0,0,0,1,-,-,33.884979248046875,-117.63436126708984,RIVERSIDE,CORONA,-117.63435363769533,33.88490295410156
92343044,2024,2024-03-20,9840,2024-03-09,2335,021308,NA,6,3,4,3344,0,1,3,NA,2,010,SR-60 W/B,MILLIKEN AVE,528,E,N,A,-,Y,RIV,NA,60,NA,R,0.054,H,NA,L,N,4,0,1,1,A,-,01,23152,A,N,E,I,A,A,H,-,C,D,0,NA,NA,NA,NA,Y,Y,A,01,0,0,1,0,0,0,0,0,0,-,-,34.02381134033203,-117.55751800537108,RIVERSIDE,EASTVALE,-117.55747985839844,34.023902893066406
92343853,2024,2024-04-19,9685,2024-03-19,518,018849,NA,2,3,9,3300,0,3,5,NA,2,003,SR-79,SCOTT RD,10,S,N,A,-,Y,RIV,NA,79,NA,R,12.22,H,NA,R,Y,4,0,1,2,A,-,03,22350,NA,N,C,C,A,A,H,-,C,A,0,NA,NA,Y,NA,Y,NA,A,01,0,0,1,0,0,0,0,0,1,-,-,33.63975143432617,-117.08492279052734,RIVERSIDE,UNINCORPORATED,-117.08487701416016,33.639739990234375