CASE_ID,ACCIDENT_YEAR,PROC_DATE,JURIS,COLLISION_DATE,COLLISION_TIME,OFFICER_ID,REPORTING_DISTRICT,DAY_OF_WEEK,CHP_SHIFT,POPULATION,CNTY_CITY_LOC,SPECIAL_COND,BEAT_TYPE,CHP_BEAT_TYPE,CITY_DIVISION_LAPD,CHP_BEAT_CLASS,BEAT_NUMBER,PRIMARY_RD,SECONDARY_RD,DISTANCE,DIRECTION,INTERSECTION,WEATHER_1,WEATHER_2,STATE_HWY_IND,CALTRANS_COUNTY,CALTRANS_DISTRICT,STATE_ROUTE,ROUTE_SUFFIX,POSTMILE_PREFIX,POSTMILE,LOCATION_TYPE,RAMP_INTERSECTION,SIDE_OF_HWY,TOW_AWAY,COLLISION_SEVERITY,NUMBER_KILLED,NUMBER_INJURED,PARTY_COUNT,PRIMARY_COLL_FACTOR,PCF_CODE_OF_VIOL,PCF_VIOL_CATEGORY,PCF_VIOLATION,PCF_VIOL_SUBSECTION,HIT_AND_RUN,TYPE_OF_COLLISION,MVIW,PED_ACTION,ROAD_SURFACE,ROAD_COND_1,ROAD_COND_2,LIGHTING,CONTROL_DEVICE,CHP_ROAD_TYPE,PEDESTRIAN_ACCIDENT,BICYCLE_ACCIDENT,MOTORCYCLE_ACCIDENT,TRUCK_ACCIDENT,NOT_PRIVATE_PROPERTY,ALCOHOL_INVOLVED,STWD_VEHTYPE_AT_FAULT,CHP_VEHTYPE_AT_FAULT,COUNT_SEVERE_INJ,COUNT_VISIBLE_INJ,COUNT_COMPLAINT_PAIN,COUNT_PED_KILLED,COUNT_PED_INJURED,COUNT_BICYCLIST_KILLED,COUNT_BICYCLIST_INJURED,COUNT_MC_KILLED,COUNT_MC_INJURED,PRIMARY_RAMP,SECONDARY_RAMP,LATITUDE,LONGITUDE,COUNTY,CITY,POINT_X,POINT_Y
92344183,2024,2024-03-21,9840,2024-03-20,1350,017481,NA,3,1,7,3313,0,1,3,NA,2,010,SR-60 W/B,FAIRMOUNT BLVD,150,E,N,A,-,Y,RIV,NA,60,NA,NA,11.412,H,NA,L,N,3,0,1,1,C,-,18,NA,NA,N,E,J,A,A,H,-,A,D,0,NA,NA,NA,NA,Y,NA,-,-,0,1,0,0,0,0,0,0,0,-,-,33.99855041503906,-117.36979675292967,RIVERSIDE,RIVERSIDE,-117.36977386474608,33.99859619140625
92346501,2024,2024-03-25,9630,2024-03-18,1345,021409,NA,1,1,9,3300,0,1,1,NA,2,021,I-10 W/B FROM WASHINGTON ST,WASHINGTON ST,196,E,N,C,-,Y,NA,NA,NA,NA,NA,NA,NA,NA,NA,Y,3,0,1,1,A,-,01,23152,A,N,F,A,A,B,H,-,A,D,0,NA,NA,NA,NA,Y,Y,A,07,0,1,0,0,0,0,0,0,0,-,-,33.760379791259766,-116.29998779296876,RIVERSIDE,UNINCORPORATED,-116.29998779296876,33.760379791259766
92347214,2024,2024-03-26,9840,2024-03-15,2255,021872,NA,5,3,9,3300,0,3,5,NA,2,003,TEMESCAL CANYON RD,DAWSON CANYON RD,1580,N,N,B,-,N,NA,NA,NA,NA,NA,NA,NA,NA,NA,Y,4,0,1,2,A,-,08,22107,NA,N,D,C,A,B,H,-,D,D,0,NA,NA,NA,NA,Y,NA,-,-,0,0,1,0,0,0,0,0,0,-,-,33.786590576171875,-117.49198150634766,RIVERSIDE,UNINCORPORATED,NA,NA
92348836,2024,2024-03-27,9840,2024-03-26,1400,015444,NA,2,2,9,3300,0,3,5,NA,2,004,JUNIPER FLATS RD,VALLEY RD,275,E,N,A,-,N,NA,NA,NA,NA,NA,NA,NA,NA,NA,Y,3,0,1,1,A,-,03,22350,NA,N,F,A,A,A,H,-,A,D,0,NA,NA,NA,NA,Y,NA,A,07,0,1,0,0,0,0,0,0,0,-,-,33.808650970458984,-117.09706115722656,RIVERSIDE,UNINCORPORATED,NA,NA
92351138,2024,2024-04-01,9685,2024-03-29,1115,016743,NA,5,1,9,3300,0,1,3,NA,1,026,SR-74,HOMELAND AVENUE,0,NA,Y,A,-,Y,RIV,NA,74,NA,NA,32.181,H,NA,R,Y,4,0,2,2,A,-,09,21801,A,N,A,C,A,A,H,-,A,A,0,NA,NA,NA,NA,Y,NA,A,07,0,0,2,0,0,0,0,0,0,-,-,33.743350982666016,-117.11245727539063,RIVERSIDE,UNINCORPORATED,-117.11245727539063,33.74327087402344
92354078,2024,2024-04-03,9840,2024-03-23,2023,021218,NA,6,2,9,3300,0,1,1,NA,2,040,VAN BUREN BLVD ON RAMP TO N/B I-215,VAN BUREN BLVD,739,S,N,A,-,Y,NA,NA,NA,NA,NA,NA,NA,NA,NA,Y,4,0,1,1,A,-,01,23152,F,N,E,8,A,A,H,-,C,D,0,NA,NA,NA,NA,Y,NA,A,01,0,0,1,0,0,0,0,0,0,-,-,33.88587951660156,-117.26821899414063,RIVERSIDE,UNINCORPORATED,NA,NA
92355105,2024,2024-04-03,9655,2024-03-28,2344,021977,NA,4,3,3,3302,0,1,1,NA,2,202,INTERSTATE 10 EASTBOUND,STATE ROUTE 60,150,W,N,A,-,Y,RIV,NA,10,NA,NA,6.632,H,NA,R,Y,4,0,1,1,A,-,01,23152,A,N,E,I,A,A,H,-,C,D,0,NA,NA,NA,NA,Y,Y,A,07,0,0,1,0,0,0,0,0,0,-,-,33.9334602355957,-116.99118041992188,RIVERSIDE,BEAUMONT,-116.99112701416016,33.93351745605469
92356257,2024,2024-04-04,9655,2024-03-23,1630,020664,NA,6,2,9,3300,0,1,3,NA,2,315,DOMENIGONI PKWY,SR-79,0,NA,Y,B,-,N,NA,NA,NA,NA,NA,NA,NA,NA,NA,Y,3,0,2,2,A,-,12,21453,A,N,D,C,A,B,H,-,A,A,0,NA,NA,NA,NA,Y,NA,A,07,0,2,0,0,0,0,0,0,0,-,-,33.69622039794922,-117.08483123779295,RIVERSIDE,UNINCORPORATED,-117.08485412597656,33.69611740112305
92357579,2024,2024-04-05,9655,2024-04-04,1410,023543,NA,4,2,9,3300,0,1,1,NA,2,204,I-10 E/B,MORONGO TRAIL,900,W,N,B,-,Y,RIV,NA,10,NA,R,17.5,H,NA,R,Y,3,0,1,1,A,-,08,22107,NA,N,F,A,A,A,H,-,A,D,0,NA,NA,Y,NA,Y,NA,C,02,0,1,0,0,0,0,0,0,1,-,-,33.922508239746094,-116.80912017822266,RIVERSIDE,UNINCORPORATED,-116.80916595458984,33.92245864868164
92357631,2024,2024-04-05,9685,2024-03-31,1630,019126,NA,7,2,5,3335,0,1,1,NA,2,030,I-15 NORTHBOUND,RANCHO CALIFORNIA ROAD,3168,N,N,B,C,Y,RIV,NA,15,NA,NA,5.594,H,NA,R,Y,3,0,1,3,A,-,03,22350,NA,N,C,C,A,B,H,-,A,D,0,NA,NA,NA,NA,Y,NA,-,-,0,1,0,0,0,0,0,0,0,-,-,33.50931167602539,-117.15514373779295,RIVERSIDE,TEMECULA,-117.15508270263672,33.50932693481445
92361325,2024,2024-04-10,9840,2024-03-26,1822,019650,NA,2,2,9,3300,0,2,4,NA,2,045,CAJALCO RD.,WOOD RD.,1115,E,N,A,-,N,NA,NA,NA,NA,NA,NA,NA,NA,NA,Y,2,0,2,2,A,-,08,22107,NA,F,F,I,A,A,H,-,A,D,0,NA,NA,NA,NA,Y,NA,-,-,1,0,1,0,0,0,0,0,0,-,-,33.836570739746094,-117.32730865478516,RIVERSIDE,UNINCORPORATED,-117.32748413085938,33.83681869506836
92361509,2024,2024-04-11,9840,2024-04-08,736,019492,NA,1,1,4,3310,0,1,1,NA,2,011,I-15 S/B,DETROIT ST.,2100,N,N,A,-,Y,RIV,NA,15,NA,NA,46.291,H,NA,L,N,4,0,1,2,A,-,03,22350,NA,N,C,C,A,A,H,-,A,D,0,NA,NA,NA,NA,Y,NA,D,22,0,0,1,0,0,0,0,0,0,-,-,33.947601318359375,-117.55413055419922,RIVERSIDE,NORCO,-117.55421447753906,33.9476318359375
92362577,2024,2024-04-12,9685,2024-03-24,2055,019897,NA,7,2,9,3300,0,3,5,NA,2,003,BRIGGS ROAD,LEON ROAD,0,NA,Y,B,-,N,NA,NA,NA,NA,NA,NA,NA,NA,NA,Y,4,0,2,2,A,-,01,23152,A,N,D,C,A,A,H,-,C,D,0,NA,NA,NA,NA,Y,Y,A,01,0,0,2,0,0,0,0,0,0,-,-,33.60226058959961,-117.12394714355467,RIVERSIDE,UNINCORPORATED,-117.12705230712892,33.60124969482422
92363370,2024,2024-04-12,9840,2024-04-11,607,017802,NA,4,1,7,3313,0,1,3,NA,2,025,SR-60 E/B,DAY ST.,1200,W,N,A,-,Y,RIV,NA,60,NA,NA,13.074,H,NA,R,N,3,0,1,3,A,-,03,22350,NA,N,C,C,A,A,H,-,A,D,0,NA,NA,NA,NA,Y,NA,D,22,0,1,0,0,0,0,0,0,0,-,-,33.94321060180664,-117.28296661376952,RIVERSIDE,RIVERSIDE,-117.28296661376952,33.94321060180664
9236467,2020,2021-03-08,3342,2020-09-07,1600,898,553,1,5,4,3342,0,0,0,NA,0,005,WHITEWOOD RD,VIA MONSERATE,13,N,N,A,-,N,NA,NA,NA,NA,NA,NA,NA,NA,NA,N,4,0,1,1,A,-,08,22107,NA,N,E,I,A,A,H,-,A,A,0,NA,NA,NA,NA,Y,NA,A,01,0,0,1,0,0,0,0,0,0,-,-,33.567710876464844,-117.16719818115234,RIVERSIDE,MURRIETA,-117.1672134399414,33.56773376464844
92364882,2024,2024-04-16,9840,2024-04-10,1831,019492,NA,3,2,6,3315,0,1,1,NA,2,034,I-15 S/B,ONTARIO AVE.,15,S,N,A,-,Y,RIV,NA,15,NA,NA,38.694,H,NA,L,N,4,0,2,2,A,-,03,22350,NA,N,C,C,A,A,H,-,A,D,0,NA,NA,NA,NA,Y,NA,A,01,0,0,2,0,0,0,0,0,0,-,-,33.84381866455078,-117.53508758544922,RIVERSIDE,CORONA,-117.53516387939452,33.84382247924805
92367975,2024,2024-04-18,9840,2024-04-17,945,017459,NA,3,1,6,3315,0,1,3,NA,2,031,SR-91 W/B TO I-15 S/B,I-15,88,E,N,A,-,Y,RIV,NA,91,NA,NA,7.479,H,NA,L,Y,3,0,1,1,A,-,08,22107,NA,N,E,I,A,A,H,-,A,D,0,NA,NA,NA,NA,Y,NA,A,01,0,1,0,0,0,0,0,0,0,-,-,33.882259368896484,-117.54688262939452,RIVERSIDE,CORONA,-117.54680633544922,33.88208770751953
92371681,2024,2024-04-22,9630,2024-04-12,1440,019325,NA,5,2,9,3300,0,1,1,NA,2,020,I-10 E/B,BOB HOPE DR,6336,W,N,A,-,Y,RIV,NA,10,NA,NA,41.727,H,NA,R,Y,3,0,1,2,A,-,08,22107,NA,N,E,I,A,A,H,-,A,D,0,NA,NA,NA,Y,Y,NA,D,22,0,1,0,0,0,0,0,0,0,-,-,33.83055114746094,-116.42672729492188,RIVERSIDE,UNINCORPORATED,-116.4267578125,33.83052062988281
92373078,2024,2024-06-10,9655,2024-04-13,1145,019630,NA,6,1,9,3300,0,1,3,NA,1,314,STATE ROUTE 74 W/B,FAIRVIEW AVENUE,45,W,N,B,-,Y,RIV,NA,74,NA,NA,45.088,H,NA,L,Y,3,0,1,3,A,-,01,23152,A,N,C,C,A,A,H,-,A,A,0,NA,NA,NA,NA,Y,Y,D,22,0,1,0,0,0,0,0,0,0,-,-,33.74781036376953,-116.89344024658205,RIVERSIDE,UNINCORPORATED,-116.89344024658205,33.74789810180664
92373305,2024,2024-04-23,9840,2024-03-27,2155,021218,NA,3,2,9,3300,0,3,5,NA,2,004,THEDA ST,BETTY RD,0,NA,Y,A,-,N,NA,NA,NA,NA,NA,NA,NA,NA,NA,Y,2,0,1,2,A,-,12,22450,A,F,D,C,A,A,H,-,D,A,0,NA,NA,NA,NA,Y,NA,A,01,1,0,0,0,0,0,0,0,0,-,-,33.76095962524414,-117.2755126953125,RIVERSIDE,UNINCORPORATED,-117.27555084228516,33.76090621948242
92373312,2024,2024-04-23,9655,2024-04-15,1040,020051,NA,1,1,2,3336,0,1,1,NA,2,202,I-10 W/B,BROOKSIDE AVE,120,W,N,A,-,Y,RIV,NA,10,NA,R,3.854,H,NA,L,N,2,0,1,5,A,-,03,22350,NA,N,C,C,A,A,H,-,A,D,0,NA,NA,NA,Y,Y,NA,M,59,1,0,0,0,0,0,0,0,0,-,-,33.96110153198242,-117.02472686767578,RIVERSIDE,CALIMESA,-117.02473449707033,33.96109390258789
9237459,2020,2021-03-15,3342,2020-06-01,1605,935,3342,1,5,4,3342,0,0,0,NA,0,003,CLINTON KEITH RD,MURRIETA OAKS AV,0,NA,Y,A,-,N,NA,NA,NA,NA,NA,NA,NA,NA,NA,Y,3,0,1,2,A,-,12,21453,A,N,B,C,A,A,H,-,A,A,0,NA,NA,NA,NA,Y,NA,A,01,0,1,0,0,0,0,0,0,0,-,-,33.59663009643555,-117.18670654296876,RIVERSIDE,MURRIETA,-117.18672943115234,33.59654998779297
92374818,2024,2024-04-25,9655,2024-04-13,150,021784,NA,6,3,4,3301,0,1,1,NA,2,204,I-10 E/B,HARGRAVE ST,1584,E,N,A,-,Y,RIV,NA,10,NA,R,14.625,H,NA,R,Y,4,0,1,1,A,-,01,23152,A,N,F,I,A,A,H,-,D,D,0,NA,NA,NA,NA,Y,Y,A,07,0,0,1,0,0,0,0,0,0,-,-,33.92546844482422,-116.85421752929688,RIVERSIDE,BANNING,-116.85427856445313,33.92559814453125
9237499,2020,2021-03-17,3342,2020-08-30,2117,165,169,7,5,4,3342,0,0,0,NA,0,001,KALMIA ST,WASHINGTON AV,0,NA,Y,A,-,N,NA,NA,NA,NA,NA,NA,NA,NA,NA,N,3,0,3,2,A,-,12,21453,A,N,D,C,A,A,H,-,C,A,0,NA,NA,NA,NA,Y,NA,A,01,0,2,1,0,0,0,0,0,0,-,-,33.556400299072266,-117.21729278564452,RIVERSIDE,MURRIETA,-117.2171630859375,33.556400299072266
92376319,2024,2024-04-26,9655,2024-04-25,740,023543,NA,4,1,9,3300,0,1,3,NA,2,213,SR-79 S/B,CALIFORNIA AVE,4750,S,N,B,C,Y,RIV,NA,79,NA,NA,38.386,H,NA,L,Y,4,0,1,1,A,-,03,22350,NA,N,E,I,A,B,H,-,A,D,0,NA,NA,NA,NA,Y,NA,A,01,0,0,1,0,0,0,0,0,0,-,-,33.8991584777832,-116.98722076416016,RIVERSIDE,UNINCORPORATED,-116.9872589111328,33.8991813659668
92377514,2024,2024-04-29,9840,2024-04-25,1150,019042,NA,4,1,6,3394,0,1,3,NA,2,025,SR-60 W/B,DAY ST,500,W,N,A,-,Y,RIV,NA,60,NA,R,12.625,H,NA,L,Y,4,0,1,2,A,-,03,22350,NA,N,C,C,A,A,H,-,A,D,0,NA,NA,NA,NA,Y,NA,A,07,0,0,1,0,0,0,0,0,0,-,-,33.94382095336914,-117.28531646728516,RIVERSIDE,MORENO VALLEY,-117.28532409667967,33.94379806518555
92377523,2024,2024-04-29,9630,2024-04-21,1701,020445,NA,7,2,9,3300,0,3,5,NA,2,404,RAMON RD,THOUSAND PALMS CANYON RD,2112,W,N,A,-,N,NA,NA,NA,NA,NA,NA,NA,NA,NA,Y,4,0,2,2,A,-,08,22107,NA,N,B,C,A,A,H,-,A,D,0,NA,NA,NA,NA,Y,NA,A,01,0,0,2,0,0,0,0,0,0,-,-,33.816680908203125,-116.3330078125,RIVERSIDE,UNINCORPORATED,-116.55370330810548,33.81581115722656
92377774,2024,2024-04-29,9840,2024-04-13,337,023430,NA,6,3,6,3345,0,1,1,NA,2,011,SR-60 E/B TO I-15 N/B,PHILADELPHIA AVE,2640,S,N,A,-,Y,NA,NA,NA,NA,NA,NA,NA,NA,NA,Y,2,0,1,1,A,-,01,23152,A,N,E,I,A,A,H,-,D,D,0,NA,NA,NA,NA,Y,Y,A,01,1,0,0,0,0,0,0,0,0,-,-,34.026248931884766,-117.54972839355467,RIVERSIDE,JURUPA VALLEY,NA,NA
92378336,2024,2024-04-30,9840,2024-04-19,2040,022489,NA,5,2,7,3313,0,1,3,NA,2,021,SR-91 E/B,SPRUCE STREET,2640,W,N,A,-,Y,RIV,NA,91,NA,NA,20.937,H,NA,R,N,4,0,1,4,A,-,03,22350,NA,N,C,C,A,A,H,-,D,D,0,NA,NA,NA,NA,Y,NA,A,01,0,0,1,0,0,0,0,0,0,-,-,33.98524856567383,-117.36489868164063,RIVERSIDE,RIVERSIDE,-117.36495971679688,33.98527526855469
92378871,2024,2024-04-30,9840,2024-04-30,1110,017247,NA,2,1,9,3300,0,3,5,NA,2,004,OLD ELSINORE RD,ALOHA RD,592,S,N,A,-,N,NA,NA,NA,NA,NA,NA,NA,NA,NA,N,4,0,2,2,A,-,09,21804,A,N,B,C,A,A,H,-,A,D,0,NA,NA,NA,NA,Y,NA,A,01,0,0,2,0,0,0,0,0,0,-,-,33.791229248046875,-117.27438354492188,RIVERSIDE,UNINCORPORATED,-117.27442169189452,33.791255950927734
92382813,2024,2024-05-06,9685,2024-05-02,650,016885,NA,4,1,4,3342,0,1,1,NA,2,034,I-215 SB TO I-15 SB,MURRIETA HOT SPRINGS ROAD,2600,S,N,B,-,Y,RIV,NA,215,NA,R,9.032,H,NA,L,N,3,0,2,3,A,-,03,22350,NA,N,C,C,A,A,H,-,A,D,0,NA,NA,Y,NA,Y,NA,C,02,0,1,1,0,0,0,0,0,2,-,-,33.548980712890625,-117.18160247802734,RIVERSIDE,MURRIETA,-117.18161010742188,33.548980712890625
92383062,2024,2024-08-14,9840,2024-05-02,810,019527,NA,4,1,7,3313,0,1,3,NA,2,020,SR-91 E/B,JACKSON AVE,100,W,N,A,-,Y,RIV,NA,91,NA,NA,14.569,H,NA,R,N,4,0,2,2,A,-,03,22350,NA,N,C,C,A,A,H,-,A,D,0,NA,NA,NA,NA,Y,NA,A,07,0,0,2,0,0,0,0,0,0,-,-,33.91875076293945,-117.43489074707033,RIVERSIDE,RIVERSIDE,-117.43488311767578,33.91874313354492
92383658,2024,2024-05-07,9840,2024-05-03,1755,022180,NA,5,2,6,3345,0,1,3,NA,2,010,SR-60 E/B,RUBIDOUX BLVD,395,E,N,A,-,Y,RIV,NA,60,NA,NA,9.64,H,NA,R,N,3,0,1,2,A,-,03,22350,NA,N,C,C,A,A,H,-,A,D,0,NA,NA,NA,NA,Y,NA,A,07,0,1,0,0,0,0,0,0,0,-,-,34.00463104248047,-117.39898681640624,RIVERSIDE,JURUPA VALLEY,-117.39899444580078,34.004669189453125
92383768,2024,2024-05-07,9685,2024-04-28,1620,018321,NA,7,2,5,3335,0,1,1,NA,2,030,I-15 NORTHBOUND,RANCHO CALIFORNIA RD OVERCROSSING,1897,S,N,A,-,Y,RIV,NA,15,NA,NA,4.621,H,NA,R,N,4,0,1,4,A,-,03,22350,NA,N,B,C,A,A,D,-,A,D,0,NA,NA,Y,NA,Y,NA,C,02,0,0,1,0,0,0,0,0,1,-,-,33.4964714050293,-117.14794921875,RIVERSIDE,TEMECULA,-117.1479034423828,33.49650192260742
92384955,2024,2024-05-08,9630,2024-04-30,959,019228,NA,2,1,9,3300,0,1,1,NA,2,302,I-10 E/B,EAGLE MOUNTAIN RD,10032,W,N,A,-,Y,RIV,NA,10,NA,R,100.059,H,NA,R,Y,4,0,1,2,A,-,03,22350,NA,N,C,C,A,A,H,-,A,D,0,NA,NA,NA,Y,Y,NA,A,07,0,0,1,0,0,0,0,0,0,-,-,33.69498062133789,-115.48541259765624,RIVERSIDE,UNINCORPORATED,-115.48542022705078,33.69501876831055
92386958,2024,2024-05-10,9685,2024-04-28,135,020989,NA,7,3,4,3342,0,1,1,NA,2,034,I-215 N/B,LOS ALAMOS RD,2640,S,N,A,-,Y,RIV,NA,215,NA,R,10.16,H,NA,R,Y,4,0,2,2,A,-,03,22350,NA,N,C,C,A,A,H,-,C,D,0,NA,NA,NA,NA,Y,Y,A,01,0,0,2,0,0,0,0,0,0,-,-,33.56576156616211,-117.18079376220705,RIVERSIDE,MURRIETA,-117.18074035644533,33.56576156616211
92388825,2024,2024-05-14,9840,2024-05-08,745,017247,NA,3,1,9,3300,0,3,5,NA,2,004,HARVILL AVE,CAJALCO RD,125,S,N,A,-,N,NA,NA,NA,NA,NA,NA,NA,NA,NA,N,4,0,1,2,A,-,03,22350,NA,N,C,C,A,A,H,-,A,D,0,NA,NA,NA,NA,Y,NA,D,22,0,0,1,0,0,0,0,0,0,-,-,33.84125900268555,-117.25505065917967,RIVERSIDE,UNINCORPORATED,-117.25154876708984,33.837257385253906
92389498,2024,2024-05-14,9630,2024-05-06,410,023092,NA,1,3,9,3300,0,3,5,NA,2,402,DILLON RD,PENNY LN,1056,W,N,A,-,N,NA,NA,NA,NA,NA,NA,NA,NA,NA,Y,3,0,2,1,A,-,08,22107,NA,N,F,A,A,A,H,-,D,D,0,NA,NA,NA,NA,Y,NA,A,01,0,1,1,0,0,0,0,0,0,-,-,33.896488189697266,-116.34684753417967,RIVERSIDE,UNINCORPORATED,-116.3478775024414,33.8970832824707
92389822,2024,2024-05-14,9630,2024-05-05,1044,020445,NA,7,1,9,3300,0,1,3,NA,1,074,SR-74,VISTA POINT,2640,E,N,G,-,Y,RIV,NA,74,NA,NA,89.922,H,NA,R,Y,4,0,1,1,A,-,08,22107,NA,N,F,0,A,A,H,-,A,D,0,NA,NA,Y,NA,Y,NA,C,02,0,0,1,0,0,0,0,0,1,-,-,33.65671157836914,-116.4026107788086,RIVERSIDE,UNINCORPORATED,-116.40262603759766,33.656681060791016
92390364,2024,2024-05-15,9840,2024-05-14,1504,017546,NA,2,2,6,3315,0,1,3,NA,2,031,SR-91 E/B,MCKINLEY ST,2160,E,N,A,-,Y,RIV,NA,91,NA,NA,9.604,H,NA,R,Y,4,0,2,2,A,-,03,22350,NA,N,C,C,A,A,H,-,A,D,0,NA,NA,NA,NA,Y,NA,A,01,0,0,2,0,0,0,0,0,0,-,-,33.88917922973633,-117.5114517211914,RIVERSIDE,CORONA,-117.51145935058594,33.88919448852539
92390454,2024,2024-05-15,9840,2024-05-07,1431,017481,NA,2,2,4,3344,0,1,1,NA,2,011,I-15 N/B,CANTU GALLEANU ROAD,3010,N,N,A,-,Y,RIV,NA,15,NA,NA,50.717,H,NA,R,Y,3,0,1,4,A,-,07,21658,A,N,C,C,A,A,H,-,A,D,0,NA,NA,NA,NA,Y,NA,A,07,0,1,0,0,0,0,0,0,0,-,-,34.01076889038086,-117.55010223388672,RIVERSIDE,EASTVALE,-117.55011749267578,34.01076889038086
92391901,2024,2024-05-16,9655,2024-05-10,2320,021934,NA,5,3,9,3300,0,2,4,NA,2,322,STETSON AVE,SOBOBA ST,600,E,N,A,-,N,NA,NA,NA,NA,NA,NA,NA,NA,NA,Y,3,0,1,1,A,-,01,23152,A,N,E,I,A,A,H,-,C,D,0,NA,NA,NA,NA,Y,Y,A,01,0,1,0,0,0,0,0,0,0,-,-,33.72956085205078,-116.91802215576172,RIVERSIDE,UNINCORPORATED,-116.91802215576172,33.72962951660156
92392607,2024,2024-05-17,9685,2024-04-18,1510,018041,NA,4,2,4,3342,0,1,1,NA,2,030,I-15 SOUTHBOUND,I-215,4541,S,N,A,-,Y,RIV,NA,15,NA,NA,7.842,H,NA,L,Y,4,0,1,3,A,-,07,21658,A,N,B,C,A,A,C,-,A,D,0,NA,NA,NA,NA,Y,NA,A,01,0,0,1,0,0,0,0,0,0,-,-,33.53792190551758,-117.17346954345705,RIVERSIDE,MURRIETA,-117.17347717285156,33.53791427612305
92392673,2024,2024-05-17,9840,2024-04-23,229,019492,NA,2,3,6,3315,0,1,3,NA,2,030,SR-91 W/B,MAPLE ST.,840,E,N,B,-,Y,RIV,NA,91,NA,NA,4.45,H,NA,L,N,3,0,1,2,A,-,01,23152,A,N,C,C,A,A,H,-,C,D,0,NA,NA,NA,Y,Y,Y,A,01,0,1,0,0,0,0,0,0,0,-,-,33.88121032714844,-117.59861755371094,RIVERSIDE,CORONA,-117.59857940673828,33.881038665771484
92396994,2024,2024-05-23,9840,2024-04-23,47,019893,NA,2,3,6,3315,0,1,3,NA,2,030,SR-91 E/B,SERFAS CLUB DRIVE,683,E,N,A,-,Y,RIV,NA,91,NA,R,3.846,H,NA,R,Y,4,0,2,2,A,-,01,23152,A,N,C,C,A,A,H,-,D,D,0,NA,NA,NA,Y,Y,Y,A,01,0,0,2,0,0,0,0,0,0,-,-,33.880210876464844,-117.61092376708984,RIVERSIDE,CORONA,-117.61089324951172,33.880340576171875
92397451,2024,2024-05-23,9840,2024-05-09,1410,019527,NA,4,2,6,3315,0,1,3,NA,2,031,SR-91 E/B,I-15,1100,W,N,A,-,Y,NA,NA,NA,NA,NA,NA,NA,NA,NA,Y,4,0,2,4,A,-,03,22350,NA,N,C,C,A,A,H,-,A,D,0,NA,NA,NA,NA,Y,NA,D,22,0,0,2,0,0,0,0,0,0,-,-,33.88042068481445,-117.5509033203125,RIVERSIDE,CORONA,-117.55072784423828,33.8805046081543
92398109,2024,2024-05-24,9685,2024-05-22,600,016885,NA,3,1,5,3335,0,1,1,NA,2,030,I-15 SOUTHBOUND,SR-79 (WINCHESTER ROAD),1300,S,N,A,-,Y,RIV,NA,15,NA,NA,6.349,H,NA,L,Y,3,0,1,2,A,-,07,21658,A,N,B,C,A,A,H,-,A,D,0,NA,NA,Y,NA,Y,NA,A,07,0,1,0,0,0,0,0,0,1,-,-,33.51900100708008,-117.16082000732422,RIVERSIDE,TEMECULA,-117.1608428955078,33.51898956298828
92398126,2024,2024-05-24,9685,2024-05-15,430,016986,NA,3,3,5,3335,0,1,1,NA,2,030,I-15 NORTHBOUND,SR-79 (WINCHESTER RD.),5808,N,N,B,-,Y,RIV,NA,15,NA,NA,7.682,H,NA,R,Y,3,0,1,1,A,-,08,22107,NA,N,E,I,A,A,D,-,D,D,0,NA,NA,NA,NA,Y,NA,D,22,0,1,0,0,0,0,0,0,0,-,-,33.536170959472656,-117.17172241210938,RIVERSIDE,TEMECULA,-117.17179870605467,33.5361328125
92398157,2024,2024-05-24,9685,2024-05-23,519,018849,NA,4,3,5,3335,0,1,1,NA,2,030,I-15 SOUTHBOUND,RANCHO CALIFORNIA RD,1179,N,N,A,-,Y,RIV,NA,15,NA,NA,5.209,H,NA,L,N,4,0,1,3,A,-,07,21658,A,F,B,C,A,A,H,-,B,D,0,NA,NA,Y,NA,Y,NA,-,99,0,0,1,0,0,0,0,0,1,-,-,33.50392150878906,-117.15299987792967,RIVERSIDE,TEMECULA,-117.15303802490234,33.503910064697266
92399171,2024,2024-05-27,9840,2024-05-12,1431,021862,NA,7,2,9,3300,0,1,1,NA,2,040,I-215 N/B,EUCALYPTUS AVE,2000,S,N,A,-,Y,RIV,NA,215,NA,R,37.076,H,NA,R,Y,4,0,1,2,A,-,01,23152,A,N,C,C,A,A,H,-,A,D,0,NA,NA,NA,NA,Y,Y,A,01,0,0,1,0,0,0,0,0,0,-,-,33.9261589050293,-117.2886199951172,RIVERSIDE,UNINCORPORATED,-117.2885513305664,33.92616271972656