CASE_ID,ACCIDENT_YEAR,PROC_DATE,JURIS,COLLISION_DATE,COLLISION_TIME,OFFICER_ID,REPORTING_DISTRICT,DAY_OF_WEEK,CHP_SHIFT,POPULATION,CNTY_CITY_LOC,SPECIAL_COND,BEAT_TYPE,CHP_BEAT_TYPE,CITY_DIVISION_LAPD,CHP_BEAT_CLASS,BEAT_NUMBER,PRIMARY_RD,SECONDARY_RD,DISTANCE,DIRECTION,INTERSECTION,WEATHER_1,WEATHER_2,STATE_HWY_IND,CALTRANS_COUNTY,CALTRANS_DISTRICT,STATE_ROUTE,ROUTE_SUFFIX,POSTMILE_PREFIX,POSTMILE,LOCATION_TYPE,RAMP_INTERSECTION,SIDE_OF_HWY,TOW_AWAY,COLLISION_SEVERITY,NUMBER_KILLED,NUMBER_INJURED,PARTY_COUNT,PRIMARY_COLL_FACTOR,PCF_CODE_OF_VIOL,PCF_VIOL_CATEGORY,PCF_VIOLATION,PCF_VIOL_SUBSECTION,HIT_AND_RUN,TYPE_OF_COLLISION,MVIW,PED_ACTION,ROAD_SURFACE,ROAD_COND_1,ROAD_COND_2,LIGHTING,CONTROL_DEVICE,CHP_ROAD_TYPE,PEDESTRIAN_ACCIDENT,BICYCLE_ACCIDENT,MOTORCYCLE_ACCIDENT,TRUCK_ACCIDENT,NOT_PRIVATE_PROPERTY,ALCOHOL_INVOLVED,STWD_VEHTYPE_AT_FAULT,CHP_VEHTYPE_AT_FAULT,COUNT_SEVERE_INJ,COUNT_VISIBLE_INJ,COUNT_COMPLAINT_PAIN,COUNT_PED_KILLED,COUNT_PED_INJURED,COUNT_BICYCLIST_KILLED,COUNT_BICYCLIST_INJURED,COUNT_MC_KILLED,COUNT_MC_INJURED,PRIMARY_RAMP,SECONDARY_RAMP,LATITUDE,LONGITUDE,COUNTY,CITY,POINT_X,POINT_Y
94673348,2025,2025-05-02,9840,2025-04-30,1730,018611,NA,3,2,7,3313,0,1,3,NA,2,021,SR-91 W/B,CENTRAL AVENUE,1600,E,N,A,-,Y,RIV,NA,91,NA,NA,18.735,H,NA,L,N,4,0,1,2,A,-,03,22350,NA,N,C,C,A,A,H,-,A,D,0,NA,NA,NA,NA,Y,NA,A,01,0,0,1,0,0,0,0,0,0,-,-,33.956748962402344,-117.37996673583984,RIVERSIDE,RIVERSIDE,-117.37995147705078,33.95673370361328
94674159,2025,2025-05-05,9655,2025-05-02,2005,023228,NA,5,2,9,3300,0,1,3,NA,2,213,SR 79 NORTHBOUND,GILMAN SPRINGS ROAD,3168,N,N,A,-,Y,RIV,NA,79,NA,R,34.486,H,NA,R,N,3,0,1,1,A,-,01,23152,A,N,E,I,A,A,H,-,D,D,0,NA,NA,NA,NA,Y,Y,A,01,0,1,0,0,0,0,0,0,0,-,-,33.85382843017578,-117.00811004638672,RIVERSIDE,UNINCORPORATED,-117.00831604003906,33.853782653808594
94674361,2025,2025-05-05,9655,2025-05-01,1715,023306,NA,4,2,9,3300,0,3,5,NA,2,003,SR-74,6TH STREET,580,W,N,A,-,N,NA,NA,NA,NA,NA,NA,NA,NA,NA,Y,3,0,1,2,A,-,01,23152,A,F,C,C,A,A,H,-,A,D,0,NA,NA,NA,NA,Y,Y,A,01,0,1,0,0,0,0,0,0,0,-,-,33.74776077270508,-116.8975830078125,RIVERSIDE,UNINCORPORATED,-116.89746856689452,33.74781036376953
94675678,2025,2025-05-05,9840,2025-05-03,1420,021481,NA,6,2,9,3300,0,3,5,NA,2,002,HIGHGROVE PL,LA CADENA DR,45,E,N,B,-,N,NA,NA,NA,NA,NA,NA,NA,NA,NA,N,4,0,1,2,A,-,03,22350,NA,N,C,C,A,A,H,-,A,D,0,NA,NA,NA,NA,Y,NA,A,01,0,0,1,0,0,0,0,0,0,-,-,34.01485824584961,-117.34214019775392,RIVERSIDE,UNINCORPORATED,-117.34224700927734,34.01485824584961
94675827,2025,2025-07-10,9685,2025-05-04,1435,018321,NA,7,2,5,3335,0,1,1,NA,2,030,I-15 NORTHBOUND,WARM SPRINGS CR,427,S,N,B,-,Y,RIV,NA,15,NA,NA,7.724,H,NA,R,Y,4,0,4,3,A,-,03,22350,NA,N,C,C,A,A,H,-,A,D,0,NA,NA,NA,NA,Y,NA,-,-,0,0,4,0,0,0,0,0,0,-,-,33.536659240722656,-117.17217254638672,RIVERSIDE,TEMECULA,-117.17215728759766,33.53666687011719
94684538,2025,2025-05-13,9655,2025-05-07,622,018320,NA,3,1,9,3300,0,1,3,NA,2,213,SR-79 S/B,CALIFORNIA AVE,4224,S,N,B,-,Y,RIV,NA,79,NA,NA,38.499,H,NA,L,Y,3,0,1,2,A,-,04,21703,NA,N,C,C,A,A,H,-,A,D,0,NA,NA,NA,NA,Y,NA,-,-,0,1,0,0,0,0,0,0,0,-,-,33.90045166015625,-116.98602294921876,RIVERSIDE,UNINCORPORATED,-116.9860382080078,33.90045928955078
94688880,2025,2025-05-15,9630,2025-05-08,903,020445,NA,4,1,9,3300,0,1,1,NA,2,021,I-10 E/B,ALL AMERICAN CANAL,400,W,N,A,-,Y,RIV,NA,10,NA,R,60.323,H,NA,R,Y,4,0,1,2,A,-,08,22107,NA,M,D,C,A,A,H,-,A,D,0,NA,NA,NA,NA,Y,NA,D,22,0,0,1,0,0,0,0,0,0,-,-,33.709388732910156,-116.14945220947266,RIVERSIDE,UNINCORPORATED,-116.1494598388672,33.70936965942383
94689901,2025,2025-05-16,9655,2025-05-15,1250,020664,NA,4,1,9,3300,0,1,1,NA,2,202,I-10 W/B,PENNSYLVANIA AVE.,1320,E,N,A,-,Y,RIV,NA,10,NA,NA,8.468,H,NA,L,N,4,0,1,2,A,-,07,21658,A,N,B,C,A,A,H,-,A,D,0,NA,NA,NA,NA,Y,NA,-,-,0,0,1,0,0,0,0,0,0,-,-,33.92729949951172,-116.96160888671876,RIVERSIDE,UNINCORPORATED,-116.96160888671876,33.9273567199707
94690029,2025,2025-05-16,9840,2025-05-07,847,019650,NA,3,1,7,3313,0,1,3,NA,2,020,SR-91 E/B,VAN BUREN BLVD,2500,E,N,A,-,Y,RIV,NA,91,NA,NA,14.787,H,NA,R,Y,4,0,1,4,B,-,22,NA,NA,N,C,C,A,A,H,-,A,D,0,NA,NA,NA,Y,Y,NA,D,22,0,0,1,0,0,0,0,0,0,-,-,33.920440673828125,-117.43170166015624,RIVERSIDE,RIVERSIDE,-117.43174743652344,33.920501708984375
94690540,2025,2025-05-16,9655,2025-05-06,445,023934,NA,2,3,9,3300,0,1,1,NA,2,204,INTERSTATE 10 EASTBOUND,MORONGO TRAIL,1109,E,N,B,-,Y,RIV,NA,10,NA,R,17.917,H,NA,R,Y,2,0,1,2,A,-,07,21658,A,N,B,C,A,A,H,-,D,D,0,NA,NA,Y,Y,Y,NA,C,02,1,0,0,0,0,0,0,0,1,-,-,33.919620513916016,-116.80278778076172,RIVERSIDE,UNINCORPORATED,-116.80276489257813,33.91965866088867
94690594,2025,2025-05-16,9840,2025-05-09,735,021198,NA,5,1,9,3300,0,3,5,NA,2,004,LAKEVIEW AVE,12TH ST,725,N,N,A,-,N,NA,NA,NA,NA,NA,NA,NA,NA,NA,Y,3,0,1,1,A,-,08,22107,NA,N,E,8,A,A,H,-,A,D,0,NA,NA,NA,NA,Y,NA,A,07,0,1,0,0,0,0,0,0,0,-,-,33.81467056274414,-117.13906860351563,RIVERSIDE,UNINCORPORATED,-117.13909912109376,33.814552307128906
94690950,2025,2025-05-19,9655,2025-05-12,5,023420,NA,1,3,4,3301,0,1,1,NA,2,204,I-10 W/B (REDLANDS FREEWAY),RAMSEY STREET,195,E,N,A,-,Y,RIV,NA,10,NA,R,14.817,H,NA,L,Y,4,0,1,2,A,-,01,23152,A,N,B,2,A,A,H,-,C,D,0,NA,NA,NA,NA,Y,Y,A,07,0,0,1,0,0,0,0,0,0,-,-,33.9268798828125,-116.85167694091795,RIVERSIDE,BANNING,-116.85170745849608,33.92692565917969
94693784,2025,2025-05-20,9630,2025-05-08,2239,024113,NA,4,3,9,3300,0,3,5,NA,2,001,DILLON RD,COVEY ST,5,E,N,A,-,N,NA,NA,NA,NA,NA,NA,NA,NA,NA,Y,4,0,2,2,A,-,03,22350,NA,N,E,I,A,A,H,-,C,A,0,NA,NA,NA,NA,Y,NA,A,07,0,0,2,0,0,0,0,0,0,-,-,33.92475891113281,-116.54412841796876,RIVERSIDE,UNINCORPORATED,-116.54415130615234,33.92483901977539
94696913,2025,2025-05-22,9840,2025-05-16,725,022497,NA,5,1,7,3313,0,1,3,NA,2,031,SR-91 W/B (RIVERSIDE FREEWAY),BUENA VISTA AVENUE,50,E,N,A,-,Y,RIV,NA,91,NA,NA,5.719,H,NA,L,N,4,0,1,2,A,-,03,22350,NA,N,C,C,A,A,H,-,A,D,0,NA,NA,NA,NA,Y,NA,D,22,0,0,1,0,0,0,0,0,0,-,-,33.881431579589844,-117.57671356201172,RIVERSIDE,RIVERSIDE,-117.57672119140624,33.88132858276367
94698650,2025,2025-05-23,9685,2025-05-17,2100,019652,NA,6,2,9,3300,0,1,3,NA,2,011,SR-74 (ORTEGA HWY),ORTEGA OAKS RV PARK,5280,W,N,B,-,Y,RIV,NA,74,NA,NA,0.543,H,NA,R,Y,4,0,2,2,A,-,03,22350,NA,N,B,2,A,B,H,-,D,D,0,NA,NA,NA,NA,Y,NA,E,22,0,0,2,0,0,0,0,0,0,-,-,33.60313034057617,-117.44905853271484,RIVERSIDE,UNINCORPORATED,-117.4490966796875,33.6031494140625
94699286,2025,2025-05-23,9685,2025-05-10,1450,020989,NA,6,2,5,3341,0,1,1,NA,2,020,I-215 SOUTHBOUND,SCOTT RD,6864,N,N,A,-,Y,RIV,NA,215,NA,R,16.87,H,NA,L,Y,4,0,1,2,A,-,07,21658,A,N,B,C,A,A,H,-,A,D,0,NA,NA,NA,NA,Y,NA,A,01,0,0,1,0,0,0,0,0,0,-,-,33.661190032958984,-117.17115783691406,RIVERSIDE,MENIFEE,-117.17111206054688,33.661190032958984
9470256,2023,2023-09-13,3301,2023-07-26,1503,U473,35,3,5,4,3301,0,0,0,NA,0,003,W WILSON ST,41ST ST,124,E,N,A,-,N,NA,NA,NA,NA,NA,NA,NA,NA,NA,N,3,0,1,2,A,-,08,22107,NA,N,H,G,A,A,H,-,A,D,0,NA,Y,NA,NA,Y,NA,L,04,0,1,0,0,0,0,1,0,0,-,-,33.93252944946289,-116.92215728759766,RIVERSIDE,BANNING,-116.92177581787108,33.93254089355469
94703320,2025,2025-05-28,9840,2025-05-13,815,017802,NA,2,1,6,3345,0,1,3,NA,2,010,SR-60 E/B,LA RUE ST.,250,W,N,A,-,Y,RIV,NA,60,NA,NA,8.762,H,NA,R,N,3,0,2,3,A,-,07,21658,A,N,B,C,A,A,H,-,A,D,0,NA,NA,NA,NA,Y,NA,A,01,0,2,0,0,0,0,0,0,0,-,-,34.00558090209961,-117.41398620605467,RIVERSIDE,JURUPA VALLEY,-117.41399383544922,34.00557327270508
94703967,2025,2025-05-28,9840,2025-05-18,1013,021080,NA,7,1,9,3300,0,3,5,NA,2,003,CAJALCO RD,TEMESCAL CANYON RD,8342,E,N,A,-,N,NA,NA,NA,NA,NA,NA,NA,NA,NA,N,3,0,2,2,A,-,03,22350,NA,N,F,A,A,A,H,-,A,D,0,NA,NA,Y,NA,Y,NA,C,02,0,2,0,0,0,0,0,0,1,-,-,33.82830047607422,-117.48290252685548,RIVERSIDE,UNINCORPORATED,-117.52101135253906,33.821041107177734
94711933,2025,2025-06-03,9840,2025-05-11,2103,022850,NA,7,2,9,3300,0,1,1,NA,2,037,I-15 N/B,INDIAN TRUCK TRAIL,1350,N,N,A,-,Y,RIV,NA,15,NA,NA,31.617,H,NA,R,Y,4,0,5,5,A,-,03,22350,NA,M,C,C,A,A,H,-,C,D,0,NA,NA,NA,NA,Y,NA,A,07,0,0,5,0,0,0,0,0,0,-,-,33.7605094909668,-117.4673309326172,RIVERSIDE,UNINCORPORATED,-117.46734619140624,33.760467529296875
94712869,2025,2025-06-04,9840,2025-05-26,1455,017459,NA,1,2,6,3315,0,1,3,NA,2,031,SR-91 E/B,MCKINLEY ST,1625,W,N,A,-,Y,RIV,NA,91,NA,NA,8.874,H,NA,R,Y,3,0,1,2,A,-,08,22107,NA,N,E,I,A,A,H,-,A,D,0,NA,NA,NA,NA,Y,NA,A,01,0,1,0,0,0,0,0,0,0,-,-,33.88425064086914,-117.52268981933594,RIVERSIDE,CORONA,-117.52273559570313,33.8843879699707
94714677,2025,2025-06-05,9840,2025-05-27,1016,019893,NA,2,1,6,3315,0,1,3,NA,2,030,SR-91 W/B,MAPLE STREET,1466,E,N,A,-,Y,RIV,NA,91,NA,NA,4.441,H,NA,L,Y,4,0,1,4,A,-,03,22350,NA,N,C,2,A,A,H,-,A,D,0,NA,NA,NA,NA,Y,NA,A,01,0,0,1,0,0,0,0,0,0,-,-,33.88106918334961,-117.59873962402344,RIVERSIDE,CORONA,-117.59872436523438,33.88101577758789
94714800,2025,2025-06-05,9840,2025-05-28,730,018512,NA,3,1,7,3313,0,1,3,NA,2,020,SR-91 W/B,LA SIERRA AVE,800,E,N,B,-,Y,RIV,NA,91,NA,NA,12.398,H,NA,L,N,4,0,2,3,A,-,03,22350,NA,N,C,C,A,A,H,-,A,D,0,NA,NA,NA,NA,Y,NA,A,01,0,0,2,0,0,0,0,0,0,-,-,33.90184020996094,-117.46669769287108,RIVERSIDE,RIVERSIDE,-117.46671295166016,33.90187072753906
94718095,2025,2025-06-09,9685,2025-05-28,2238,020637,NA,3,3,5,3335,0,1,1,NA,2,030,I-15 NORTHBOUND FROM WINCHESTER RD W/B,WINCHESTER ROAD,200,N,N,A,-,Y,NA,NA,NA,NA,NA,NA,NA,NA,NA,Y,4,0,1,1,A,-,08,22107,NA,N,E,I,A,A,H,-,D,D,0,NA,NA,NA,NA,Y,NA,A,01,0,0,1,0,0,0,0,0,0,-,-,33.5235710144043,-117.16265869140624,RIVERSIDE,TEMECULA,-117.16304779052734,33.522945404052734
94718571,2025,2025-06-09,9630,2025-05-29,1745,023809,NA,4,2,9,3300,0,1,3,NA,2,086,SR-86 S/B,58TH AVE,610,S,N,A,-,Y,RIV,NA,86,NA,R,15.423,H,NA,L,N,3,0,1,1,A,-,08,22107,NA,N,F,A,A,A,H,-,A,D,0,NA,NA,NA,NA,Y,NA,A,01,0,1,0,0,0,0,0,0,0,-,-,33.625858306884766,-116.12206268310548,RIVERSIDE,UNINCORPORATED,-116.1221160888672,33.62584686279297
94718904,2025,2025-06-09,9630,2025-05-30,1710,022858,NA,5,2,9,3300,0,1,3,NA,2,086,SR-86 S/B,50TH AVE,1056,N,N,A,-,Y,RIV,NA,86,NA,R,20.619,H,NA,L,Y,4,0,2,2,A,-,03,22350,NA,N,C,C,A,A,H,-,A,A,0,NA,NA,NA,NA,Y,NA,D,22,0,0,2,0,0,0,0,0,0,-,-,33.689178466796875,-116.1664810180664,RIVERSIDE,UNINCORPORATED,-116.16650390625,33.68915939331055
94723763,2025,2025-06-12,9630,2025-06-04,830,019843,NA,3,1,9,3300,0,3,5,NA,2,405,VARNER ROAD,WASHINGTON STREET,200,E,N,A,-,N,NA,NA,NA,NA,NA,NA,NA,NA,NA,N,4,0,1,2,A,-,07,21658,A,N,B,C,A,A,H,-,A,D,0,NA,NA,NA,NA,Y,NA,A,07,0,0,1,0,0,0,0,0,0,-,-,33.76145935058594,-116.29979705810548,RIVERSIDE,UNINCORPORATED,-116.30035400390624,33.76133728027344
94723783,2025,2025-06-12,9630,2025-05-24,2340,024113,NA,6,3,9,3300,0,1,1,NA,2,021,I-10 E/B,MONROE STREET,2112,E,N,A,-,Y,RIV,NA,10,NA,R,55.149,H,NA,R,Y,3,0,3,2,A,-,03,22350,NA,N,C,C,A,A,H,-,D,D,0,NA,NA,NA,NA,Y,Y,A,01,0,3,0,0,0,0,0,0,0,-,-,33.73881149291992,-116.226806640625,RIVERSIDE,UNINCORPORATED,-116.22681427001952,33.73878479003906
94724993,2025,2025-06-13,9685,2025-06-09,153,020704,NA,1,3,4,3307,0,2,4,NA,2,016,GRAND AVENUE,GARNER ROAD,145,N,N,A,-,N,NA,NA,NA,NA,NA,NA,NA,NA,NA,N,4,0,1,1,A,-,08,22107,NA,N,E,I,A,A,H,-,C,D,0,NA,NA,NA,NA,Y,NA,A,07,0,0,1,0,0,0,0,0,0,-,-,33.648868560791016,-117.36041259765624,RIVERSIDE,LAKE ELSINORE,-117.3603286743164,33.648712158203125
94725806,2025,2025-06-16,9840,2025-06-04,752,018512,NA,3,1,7,3313,0,1,3,NA,2,020,SR-91 E/B,VAN BUREN BLVD,100,E,N,B,-,Y,RIV,NA,91,NA,NA,14.221,H,NA,R,N,4,0,1,2,A,-,03,22350,NA,N,C,C,A,A,H,-,A,D,0,NA,NA,NA,NA,Y,NA,A,01,0,0,1,0,0,0,0,0,0,-,-,33.91593933105469,-117.43982696533205,RIVERSIDE,RIVERSIDE,-117.43981170654295,33.915916442871094
94725871,2025,2025-06-16,9840,2025-06-05,1023,021080,NA,4,1,6,3315,0,1,1,NA,2,011,I-15 S/B,6TH ST U/C,1056,N,N,A,-,Y,RIV,NA,15,NA,NA,41.182,H,NA,L,N,4,0,2,2,A,-,03,22350,NA,N,C,C,A,A,H,-,A,D,0,NA,NA,NA,Y,Y,NA,G,25,0,0,2,0,0,0,0,0,0,-,-,33.87736892700195,-117.54624938964844,RIVERSIDE,CORONA,-117.54619598388672,33.877376556396484
94727695,2025,2025-06-16,9655,2025-06-11,940,019630,NA,3,1,9,3300,0,3,5,NA,2,003,SAGE ROAD,CACTUS VALLEY ROAD,3379,S,N,A,-,N,NA,NA,NA,NA,NA,NA,NA,NA,NA,Y,3,0,2,2,A,-,05,21460,A,N,A,C,A,A,H,-,A,D,0,NA,NA,NA,NA,Y,NA,A,01,0,1,1,0,0,0,0,0,0,-,-,33.66286087036133,-116.94503021240234,RIVERSIDE,UNINCORPORATED,-116.95999145507813,33.665924072265625
94728967,2025,2025-06-17,9685,2025-06-12,2130,020720,NA,4,2,9,3300,0,3,5,NA,2,003,HERNLEY RD,TULE PEAK RD,125,E,N,A,-,N,NA,NA,NA,NA,NA,NA,NA,NA,NA,Y,4,0,1,1,A,-,08,22107,NA,N,F,A,A,A,H,-,D,D,0,NA,NA,NA,NA,Y,NA,D,22,0,0,1,0,0,0,0,0,0,-,-,33.49225997924805,-116.76683044433594,RIVERSIDE,UNINCORPORATED,NA,NA
9473305,2022,2022-08-15,3309,2022-07-02,2149,218,3309,6,5,4,3309,0,0,0,NA,0,003,RT 111,CALHOUN ST,18,N,N,A,-,N,NA,NA,NA,NA,NA,NA,NA,NA,NA,Y,4,0,1,2,A,-,09,21801,A,N,D,C,A,A,H,-,C,A,0,NA,NA,NA,NA,Y,NA,A,01,0,0,1,0,0,0,0,0,0,-,-,NA,NA,RIVERSIDE,INDIO,-116.20773315429688,33.71488952636719
94735694,2025,2025-06-23,9685,2025-06-14,2256,021828,NA,6,3,5,3335,0,1,1,NA,2,030,I-15 NORTHBOUND,RANCHO CALIFORNIA RD.,528,N,N,A,-,Y,RIV,NA,15,NA,NA,5.127,H,NA,R,N,4,0,3,2,C,-,18,NA,NA,N,E,I,A,A,D,-,D,D,0,NA,NA,NA,NA,Y,NA,-,-,0,0,3,0,0,0,0,0,0,-,-,33.5029411315918,-117.1522979736328,RIVERSIDE,TEMECULA,-117.15217590332033,33.50297927856445
94735880,2025,2025-06-23,9685,2025-06-21,1225,017056,NA,6,1,4,3342,0,1,1,NA,2,030,I-15 S/B,CALIFORNIA OAKS RD.,739,N,N,A,-,Y,RIV,NA,15,NA,NA,10.764,H,NA,L,N,4,0,1,2,A,-,03,22350,NA,N,C,C,A,A,H,-,A,D,0,NA,NA,NA,NA,Y,NA,D,22,0,0,1,0,0,0,0,0,0,-,-,33.566871643066406,-117.20919036865234,RIVERSIDE,MURRIETA,-117.20915985107422,33.566898345947266
94735906,2025,2025-06-23,9655,2025-06-15,1455,021578,NA,7,2,9,3300,0,1,3,NA,1,314,SR-74,CORNELL ST.,0,NA,Y,A,-,N,NA,NA,NA,NA,NA,NA,NA,NA,NA,N,3,0,1,2,A,-,09,21802,A,N,D,C,A,A,H,-,A,A,0,NA,NA,NA,NA,Y,NA,A,01,0,1,0,0,0,0,0,0,0,-,-,33.74766159057617,-116.94132995605467,RIVERSIDE,UNINCORPORATED,-116.94124603271484,33.74774932861328
94736190,2025,2025-06-23,9630,2025-06-14,2235,024113,NA,6,3,9,3300,0,3,5,NA,2,405,COUNTRY CLUB DR,WASHINGTON ST,0,NA,Y,A,-,N,NA,NA,NA,NA,NA,NA,NA,NA,NA,Y,4,0,1,3,A,-,12,21453,A,N,D,C,A,A,H,-,C,A,0,NA,NA,NA,NA,Y,NA,A,01,0,0,1,0,0,0,0,0,0,-,-,33.75788879394531,-116.3025131225586,RIVERSIDE,UNINCORPORATED,-116.30268096923828,33.757774353027344
94737668,2025,2025-06-24,9630,2025-06-04,1845,021923,NA,3,2,9,3300,0,1,3,NA,2,086,SR-86 S/B,50TH AVENUE,528,N,N,A,-,Y,RIV,NA,86,NA,R,20.546,H,NA,L,Y,2,0,2,3,A,-,03,22350,NA,N,C,C,A,A,H,-,A,A,0,NA,NA,Y,NA,Y,NA,A,07,1,0,1,0,0,0,0,0,1,-,-,33.688438415527344,-116.16555786132813,RIVERSIDE,UNINCORPORATED,-116.16558837890624,33.688419342041016
94739459,2025,2025-06-25,9840,2025-06-12,816,023114,NA,4,1,9,3300,0,2,4,NA,2,039,SOMERDALE STREET,KAY ROAD,100,N,N,B,-,N,NA,NA,NA,NA,NA,NA,NA,NA,NA,Y,4,0,1,3,A,-,21,22106,NA,N,A,C,A,A,H,-,A,D,0,NA,NA,NA,NA,Y,NA,A,01,0,0,1,0,0,0,0,0,0,-,-,33.87607955932617,-117.5154037475586,RIVERSIDE,UNINCORPORATED,-117.51543426513672,33.87612533569336
94739797,2025,2025-06-25,9685,2025-06-14,1455,019652,NA,6,2,9,3300,0,2,4,NA,2,016,GRAND AVENUE,GREGORY AVENUE,100,N,N,A,-,N,NA,NA,NA,NA,NA,NA,NA,NA,NA,N,4,0,1,2,A,-,08,22107,NA,N,B,C,A,A,H,-,A,A,0,NA,NA,NA,NA,Y,NA,A,01,0,0,1,0,0,0,0,0,0,-,-,33.62648010253906,-117.32440185546876,RIVERSIDE,UNINCORPORATED,-117.32437133789063,33.6264533996582
94739821,2025,2025-06-25,9840,2025-05-27,708,022028,NA,2,1,6,3315,0,1,S,NA,2,310,SR-91 W/B,SR-71 N/B,800,E,N,A,-,Y,RIV,NA,91,NA,R,2.735,H,NA,L,Y,3,0,1,5,A,-,08,22107,NA,N,B,2,A,A,H,-,A,D,0,NA,NA,NA,NA,Y,NA,A,01,0,1,0,0,0,0,0,0,0,-,-,33.88444137573242,-117.62950134277344,RIVERSIDE,CORONA,-117.62950134277344,33.88443374633789
94740449,2025,2025-06-26,9660,2025-06-19,525,023533,NA,4,3,9,3300,0,1,2,NA,2,038,US 95 NORTHBOUND,6TH AVE.,231,S,N,A,-,N,NA,NA,NA,NA,NA,NA,NA,NA,NA,N,4,0,1,2,A,-,03,22350,NA,N,C,C,A,A,H,-,B,D,0,NA,NA,NA,Y,Y,NA,G,25,0,0,1,0,0,0,0,0,0,-,-,33.66109085083008,-114.5718231201172,RIVERSIDE,UNINCORPORATED,-114.5718231201172,33.6611213684082
9474045,2022,2022-08-26,3313,2022-07-09,1945,1934,5,6,5,7,3313,0,0,0,NA,0,3R52,VAN BUREN BL,CANYON RIDGE RD,250,S,N,A,-,N,NA,NA,NA,NA,NA,NA,NA,NA,NA,N,3,0,1,2,A,-,03,22350,NA,N,C,C,A,A,H,-,A,D,0,NA,NA,Y,NA,Y,NA,C,02,0,1,0,0,0,0,0,0,1,-,-,33.887901306152344,-117.41252136230467,RIVERSIDE,RIVERSIDE,-117.41172027587892,33.887535095214844
94742631,2025,2025-06-27,9840,2025-06-24,530,021198,NA,2,3,7,3313,0,1,1,NA,2,022,I-215 S/B,CENTER ST,2375,S,N,A,-,Y,RIV,NA,215,NA,NA,44.553,H,NA,L,Y,3,0,1,2,A,-,08,22107,NA,N,D,2,A,A,H,-,D,D,0,NA,NA,NA,Y,Y,NA,A,01,0,1,0,0,0,0,0,0,0,-,-,34.00973129272461,-117.34651947021484,RIVERSIDE,RIVERSIDE,-117.34651184082033,34.00972366333008
94747305,2025,2025-07-07,9655,2025-06-28,1032,022839,NA,6,1,9,3300,0,1,3,NA,1,215,SR-243 N/B,MOUNT EDNA ROAD,4910,N,N,A,-,Y,RIV,NA,243,NA,NA,26.336,H,NA,R,Y,3,0,1,1,A,-,08,22107,NA,N,E,8,A,A,H,-,A,D,0,NA,NA,NA,NA,Y,NA,A,07,0,1,0,0,0,0,0,0,0,-,-,33.899070739746094,-116.85704040527344,RIVERSIDE,UNINCORPORATED,-116.85700225830078,33.899085998535156
94748231,2025,2025-07-07,9840,2025-06-28,736,023114,NA,6,1,9,3300,0,1,1,NA,2,023,I 215 N/B,BLAINE STREET,2640,S,N,A,-,Y,RIV,NA,215,NA,NA,42.03,H,NA,R,N,4,0,1,2,A,-,03,22350,NA,N,C,C,A,A,H,-,A,D,0,NA,NA,NA,NA,Y,NA,A,01,0,0,1,0,0,0,0,0,0,-,-,33.98160934448242,-117.34130096435548,RIVERSIDE,UNINCORPORATED,-117.34127044677734,33.98163604736328
94749506,2025,2025-07-07,9630,2025-06-22,310,024205,NA,7,3,9,3300,0,1,1,NA,2,010,I-10 E/B,SR-62,2640,E,N,A,-,Y,RIV,NA,10,NA,NA,30.168,H,NA,R,Y,2,0,1,2,A,-,08,22107,NA,N,A,2,A,A,H,-,D,D,0,NA,NA,NA,NA,Y,Y,A,01,1,0,0,0,0,0,0,0,0,-,-,33.91255187988281,-116.59588623046876,RIVERSIDE,UNINCORPORATED,-116.59587860107422,33.91257858276367
94749603,2025,2025-08-26,9840,2025-06-30,1040,017459,NA,1,1,6,3315,0,1,3,NA,2,030,SR-91 W/B,SERFAS CLUB DR,80,E,N,A,-,Y,RIV,NA,91,NA,R,3.738,H,NA,L,Y,4,0,1,4,A,-,03,22350,NA,F,C,C,A,A,H,-,A,D,0,NA,NA,NA,NA,Y,NA,A,07,0,0,1,0,0,0,0,0,0,-,-,33.88077926635742,-117.61271667480467,RIVERSIDE,CORONA,-117.61271667480467,33.88078689575195
94750458,2024,2025-07-07,9630,2024-12-04,1130,019153,NA,3,1,9,3300,0,1,3,NA,2,015,STATE ROUTE 62 WESTBOUND,NORTH INDIAN CANYON DRIVE,30,N,N,A,-,Y,RIV,NA,62,NA,R,6.458,H,NA,L,Y,1,1,0,2,A,-,03,22350,NA,N,C,2,A,A,H,-,A,D,0,NA,NA,NA,NA,Y,NA,A,01,0,0,0,0,0,0,0,0,0,-,-,34.00505828857422,-116.57656097412108,RIVERSIDE,UNINCORPORATED,-116.57660675048828,34.005069732666016