CASE_ID,ACCIDENT_YEAR,PROC_DATE,JURIS,COLLISION_DATE,COLLISION_TIME,OFFICER_ID,REPORTING_DISTRICT,DAY_OF_WEEK,CHP_SHIFT,POPULATION,CNTY_CITY_LOC,SPECIAL_COND,BEAT_TYPE,CHP_BEAT_TYPE,CITY_DIVISION_LAPD,CHP_BEAT_CLASS,BEAT_NUMBER,PRIMARY_RD,SECONDARY_RD,DISTANCE,DIRECTION,INTERSECTION,WEATHER_1,WEATHER_2,STATE_HWY_IND,CALTRANS_COUNTY,CALTRANS_DISTRICT,STATE_ROUTE,ROUTE_SUFFIX,POSTMILE_PREFIX,POSTMILE,LOCATION_TYPE,RAMP_INTERSECTION,SIDE_OF_HWY,TOW_AWAY,COLLISION_SEVERITY,NUMBER_KILLED,NUMBER_INJURED,PARTY_COUNT,PRIMARY_COLL_FACTOR,PCF_CODE_OF_VIOL,PCF_VIOL_CATEGORY,PCF_VIOLATION,PCF_VIOL_SUBSECTION,HIT_AND_RUN,TYPE_OF_COLLISION,MVIW,PED_ACTION,ROAD_SURFACE,ROAD_COND_1,ROAD_COND_2,LIGHTING,CONTROL_DEVICE,CHP_ROAD_TYPE,PEDESTRIAN_ACCIDENT,BICYCLE_ACCIDENT,MOTORCYCLE_ACCIDENT,TRUCK_ACCIDENT,NOT_PRIVATE_PROPERTY,ALCOHOL_INVOLVED,STWD_VEHTYPE_AT_FAULT,CHP_VEHTYPE_AT_FAULT,COUNT_SEVERE_INJ,COUNT_VISIBLE_INJ,COUNT_COMPLAINT_PAIN,COUNT_PED_KILLED,COUNT_PED_INJURED,COUNT_BICYCLIST_KILLED,COUNT_BICYCLIST_INJURED,COUNT_MC_KILLED,COUNT_MC_INJURED,PRIMARY_RAMP,SECONDARY_RAMP,LATITUDE,LONGITUDE,COUNTY,CITY,POINT_X,POINT_Y
9580746,2023,2023-06-16,3325,2023-04-23,1459,20206,NA,7,5,4,3325,0,0,0,NA,0,003,VARNER RD,MOUNTAIN VIEW RD,2255,E,N,A,-,N,NA,NA,NA,NA,NA,NA,NA,NA,NA,Y,3,0,2,3,A,-,08,22107,NA,N,B,C,A,A,H,-,A,D,0,NA,NA,NA,NA,Y,NA,A,07,0,1,1,0,0,0,0,0,0,-,-,NA,NA,RIVERSIDE,CATHEDRAL CITY,-116.46930694580078,33.88337707519531
9582010,2023,2023-05-24,3300,2023-04-26,1605,3786,020C3,3,5,6,3345,0,0,0,NA,0,022,BELLEGRAVE AV,ETIWANDA AV,521,E,N,A,B,N,NA,NA,NA,NA,NA,NA,NA,NA,NA,N,3,0,1,2,A,-,11,21956,A,N,G,B,E,A,H,-,A,A,0,Y,NA,NA,NA,Y,NA,N,60,0,1,0,0,1,0,0,0,0,-,-,33.99924850463867,-117.5238800048828,RIVERSIDE,JURUPA VALLEY,-117.52237701416016,33.99995040893555
9592120,2023,2023-07-25,3301,2023-07-01,1803,U524,44,6,5,4,3301,0,0,0,NA,0,003,S HIGHLAND SPRINGS RD,SUN LAKES BL,0,NA,Y,A,-,N,NA,NA,NA,NA,NA,NA,NA,NA,NA,N,4,0,1,2,A,-,04,21703,NA,M,C,C,A,A,H,-,A,D,0,NA,NA,NA,NA,Y,Y,A,01,0,0,1,0,0,0,0,0,0,-,-,33.92182159423828,-116.94686126708984,RIVERSIDE,BANNING,-116.94680786132813,33.921756744384766
9599395,2023,2023-09-14,3325,2023-06-12,847,20221,DESER,1,5,4,3325,0,0,0,NA,0,001,DATE PALM DR,35TH AV,355,N,N,A,-,N,NA,NA,NA,NA,NA,NA,NA,NA,NA,Y,4,0,1,2,A,-,09,21801,A,N,A,C,A,A,H,-,A,D,0,NA,NA,Y,NA,Y,NA,C,06,0,0,1,0,0,0,0,0,0,-,-,NA,NA,RIVERSIDE,CATHEDRAL CITY,-116.45807647705078,33.79512023925781
9603423,2023,2023-08-14,3309,2023-07-19,1230,2211,3309,3,5,4,3309,0,0,0,NA,0,005,JEFFERSON ST,VARNER RD,0,NA,Y,A,-,N,NA,NA,NA,NA,NA,NA,NA,NA,NA,Y,4,0,1,2,A,-,12,21453,A,N,D,C,A,A,H,-,A,A,0,NA,NA,NA,NA,Y,NA,A,01,0,0,1,0,0,0,0,0,0,-,-,NA,NA,RIVERSIDE,INDIO,-116.26912689208984,33.75230407714844
9611101,2023,2023-09-18,3309,2023-08-30,1359,2211,3309,3,5,4,3309,0,0,0,NA,0,001,TAHQUITZ AV,POWER POLE #1204825,1,W,N,A,-,N,NA,NA,NA,NA,NA,NA,NA,NA,NA,N,4,0,1,2,A,-,21,22106,NA,N,D,C,A,A,H,-,A,A,0,NA,NA,NA,NA,Y,NA,A,01,0,0,1,0,0,0,0,0,0,-,-,NA,NA,RIVERSIDE,INDIO,NA,NA
9612341,2023,2023-09-19,3309,2023-07-31,932,2215,3309,1,5,4,3309,0,0,0,NA,0,002,MONROE ST,OLEANDER AV,745,N,N,C,-,N,NA,NA,NA,NA,NA,NA,NA,NA,NA,Y,4,0,1,2,A,-,09,21804,A,N,D,C,A,B,H,-,A,A,0,NA,NA,NA,NA,Y,NA,A,01,0,0,1,0,0,0,0,0,0,-,-,NA,NA,RIVERSIDE,INDIO,-116.23372650146484,33.73619842529297
9612974,2023,2023-09-01,3302,2023-08-15,712,1046,NA,2,5,3,3302,0,0,0,NA,0,NA,1ST ST,MICHIGAN AV,322,W,N,B,-,N,NA,NA,NA,NA,NA,NA,NA,NA,NA,Y,3,0,3,3,A,-,04,21703,NA,N,C,C,A,A,H,-,A,D,0,NA,NA,NA,NA,Y,NA,A,07,0,1,2,0,0,0,0,0,0,-,-,33.921661376953125,-116.9688720703125,RIVERSIDE,BEAUMONT,-116.96989440917967,33.92171096801758
9613771,2023,2023-08-24,3325,2023-07-22,1233,20206,NA,6,5,4,3325,0,0,0,NA,0,003,WHISPERING PALMS TRL,CORTA RD,0,NA,Y,A,-,N,NA,NA,NA,NA,NA,NA,NA,NA,NA,N,4,0,1,2,A,-,09,21802,A,N,D,C,A,A,H,-,A,A,0,NA,NA,NA,NA,Y,NA,A,01,0,0,1,0,0,0,0,0,0,-,-,NA,NA,RIVERSIDE,CATHEDRAL CITY,-116.47120666503906,33.82500457763672
9625096,2023,2023-09-21,3325,2023-08-07,205,1401,DESER,1,5,4,3325,0,0,0,NA,0,002,RAMON RD,SAN ELJAY AV,0,NA,Y,A,-,N,NA,NA,NA,NA,NA,NA,NA,NA,NA,Y,4,0,1,2,A,-,01,23152,NA,F,B,G,A,A,H,-,C,A,0,NA,Y,NA,NA,Y,Y,A,01,0,0,1,0,0,0,1,0,0,-,-,NA,NA,RIVERSIDE,CATHEDRAL CITY,-116.45417022705078,33.81602478027344
9628407,2023,2023-11-06,3302,2023-09-14,720,1259,3302,4,5,3,3302,0,0,0,NA,0,003,6TH ST,BEAUMONT AV,271,W,N,A,-,N,NA,NA,NA,NA,NA,NA,NA,NA,NA,Y,4,0,1,2,A,-,03,22350,NA,N,C,C,A,A,H,-,B,D,0,NA,NA,NA,NA,Y,NA,A,01,0,0,1,0,0,0,0,0,0,-,-,33.928871154785156,-116.97743988037108,RIVERSIDE,BEAUMONT,-116.97805786132813,33.92938995361328
9632055,2023,2023-11-27,3302,2023-10-21,1157,1292,NA,6,5,3,3302,0,0,0,NA,0,NA,MICHIGAN AV,12TH ST,0,NA,Y,A,-,N,NA,NA,NA,NA,NA,NA,NA,NA,NA,Y,3,0,1,2,A,-,09,21800,A,N,B,C,A,A,H,-,A,D,0,NA,NA,NA,NA,Y,NA,A,01,0,1,0,0,0,0,0,0,0,-,-,NA,NA,RIVERSIDE,BEAUMONT,-116.96890258789063,33.94017791748047
9635743,2023,2023-12-30,3325,2023-10-31,1855,1401,3325,2,5,4,3325,0,0,0,NA,0,002,DATE PALM DR,33RD AV,0,NA,Y,A,-,N,NA,NA,NA,NA,NA,NA,NA,NA,NA,N,4,0,1,2,A,-,09,21802,A,N,D,C,A,A,D,-,C,D,0,NA,NA,NA,NA,Y,NA,A,01,0,0,1,0,0,0,0,0,0,-,-,NA,NA,RIVERSIDE,CATHEDRAL CITY,-116.4580307006836,33.80865478515625
9638169,2023,2024-04-17,3313,2023-11-16,1744,1882,1,4,5,7,3313,0,0,0,NA,0,M20,RUBIDOUX AV,PALM AV,500,E,N,A,-,N,NA,NA,NA,NA,NA,NA,NA,NA,NA,N,4,0,1,2,A,-,08,22107,NA,N,B,E,A,A,H,-,C,D,0,NA,NA,NA,NA,Y,NA,A,01,0,0,1,0,0,0,0,0,0,-,-,NA,NA,RIVERSIDE,RIVERSIDE,-117.39873504638672,33.96261978149414
9639832,2023,2023-11-29,3309,2023-08-05,205,2303,3309,6,5,4,3309,0,0,0,NA,0,001,INDIO BL,IID POWER POLE #911684D,56,W,N,A,-,N,NA,NA,NA,NA,NA,NA,NA,NA,NA,Y,4,0,1,1,A,-,08,22107,NA,N,E,I,A,A,H,-,C,A,0,NA,NA,NA,NA,Y,NA,A,01,0,0,1,0,0,0,0,0,0,-,-,NA,NA,RIVERSIDE,INDIO,NA,NA
9640214,2023,2024-02-28,3309,2023-04-10,1341,2011,3309,1,5,4,3309,0,0,0,NA,0,004,AVE 48,HJORTH ST,0,E,N,A,-,N,NA,NA,NA,NA,NA,NA,NA,NA,NA,Y,1,1,0,2,A,-,10,21950,C,N,G,B,D,A,H,-,A,A,0,Y,NA,NA,NA,Y,NA,A,01,0,0,0,1,0,0,0,0,0,-,-,NA,NA,RIVERSIDE,INDIO,-116.24681091308594,33.69999694824219
9640816,2023,2025-06-28,3315,2023-12-27,349,001452,12C,3,5,6,3315,0,0,0,NA,0,004,ONTARIO AV,GLENHAVEN DR,126,E,N,B,-,N,NA,NA,NA,NA,NA,NA,NA,NA,NA,N,1,1,0,2,A,-,11,21954,A,N,G,B,E,A,H,-,C,D,0,Y,NA,NA,NA,Y,Y,N,60,0,0,0,1,0,0,0,0,0,-,-,33.8579216003418,-117.58424377441406,RIVERSIDE,CORONA,-117.58416748046876,33.85795974731445
9640861,2023,2024-08-07,3309,2023-11-19,459,332,3309,7,5,4,3309,0,0,0,NA,0,001,INDIO BL,SUNGOLD ST,0,NA,Y,A,-,N,NA,NA,NA,NA,NA,NA,NA,NA,NA,Y,1,1,2,2,A,-,01,23153,F,N,D,C,A,A,H,-,C,A,0,NA,NA,Y,NA,Y,Y,C,06,1,1,0,0,0,0,0,1,2,-,-,NA,NA,RIVERSIDE,INDIO,-116.23110961914063,33.728275299072266
9640971,2024,2024-10-01,3311,2024-03-20,2122,16018,NA,3,5,4,3311,0,0,0,NA,0,003,AMADO RD,HERMOSA DR,0,NA,Y,A,-,N,NA,NA,NA,NA,NA,NA,NA,NA,NA,Y,1,1,1,2,A,-,09,21801,A,N,D,C,A,A,H,-,C,D,0,NA,NA,Y,NA,Y,NA,A,07,0,0,1,0,0,0,0,1,0,-,-,33.826480865478516,-116.5326690673828,RIVERSIDE,PALM SPRINGS,-116.53257751464844,33.826751708984375
9645011,2024,2024-05-10,3325,2024-02-02,729,20206,3325,5,5,4,3325,0,0,0,NA,0,001,EAST PALM CANYON DR,DATE PALM DR,30,W,N,B,-,N,NA,NA,NA,NA,NA,NA,NA,NA,NA,Y,4,0,2,2,A,-,03,22350,NA,N,C,C,A,B,D,-,A,A,0,NA,NA,NA,NA,Y,NA,A,01,0,0,2,0,0,0,0,0,0,-,-,NA,NA,RIVERSIDE,CATHEDRAL CITY,-116.45806121826172,33.778018951416016
9654674,2023,2024-02-28,3325,2023-12-15,1557,20206,3325,5,5,4,3325,0,0,0,NA,0,003,DATE PALM DR,RAMON RD,488,N,N,A,-,N,NA,NA,NA,NA,NA,NA,NA,NA,NA,Y,4,0,3,2,A,-,09,21804,NA,N,D,C,A,A,D,-,A,D,0,NA,NA,NA,NA,Y,Y,A,01,0,0,3,0,0,0,0,0,0,-,-,NA,NA,RIVERSIDE,CATHEDRAL CITY,-116.45826721191406,33.81722640991211
9669551,2024,2024-08-16,3302,2024-02-07,1113,1186,3302,3,5,3,3302,0,0,0,NA,0,001,BEAUMONT AV,1ST ST,35,N,N,A,-,N,NA,NA,NA,NA,NA,NA,NA,NA,NA,N,4,0,1,2,A,-,21,22106,NA,N,C,C,A,A,H,-,A,A,0,NA,NA,NA,NA,Y,NA,A,01,0,0,1,0,0,0,0,0,0,-,-,33.921180725097656,-116.97747802734376,RIVERSIDE,BEAUMONT,-116.97716522216795,33.92178726196289
9683066,2022,2024-04-26,3313,2022-11-28,2111,0282,4,1,5,7,3313,0,0,0,NA,0,T48,INDIANA AV,ADAMS ST,0,NA,Y,B,-,N,NA,NA,NA,NA,NA,NA,NA,NA,NA,Y,4,0,1,3,A,-,12,21453,A,N,D,C,A,A,H,-,C,A,0,NA,NA,NA,NA,Y,NA,A,01,0,0,1,0,0,0,0,0,0,-,-,NA,NA,RIVERSIDE,RIVERSIDE,-117.41921997070313,33.9267692565918
9683185,2023,2024-05-13,3313,2023-11-27,1025,1389,4,1,5,7,3313,0,0,0,NA,0,T53,DOYLE ST,LUCAS ST,60,N,N,A,-,N,NA,NA,NA,NA,NA,NA,NA,NA,NA,NA,2,0,1,1,A,-,03,22350,NA,N,H,A,A,A,H,-,A,D,0,NA,NA,Y,NA,Y,NA,C,02,1,0,0,0,0,0,0,0,1,-,-,33.92197036743164,-117.419921875,RIVERSIDE,RIVERSIDE,-117.41957855224608,33.92301559448242
9683238,2023,2024-05-16,3313,2023-10-30,1634,1827,5,1,5,7,3313,0,0,0,NA,0,T43,HOLE AV,TYLER ST,237,W,N,A,-,N,NA,NA,NA,NA,NA,NA,NA,NA,NA,NA,4,0,1,2,C,-,18,NA,NA,N,G,B,F,A,H,-,A,D,0,Y,NA,NA,NA,Y,NA,-,-,0,0,1,0,1,0,0,0,0,-,-,NA,NA,RIVERSIDE,RIVERSIDE,-117.46484375,33.91532897949219
9684802,2024,2024-05-14,3302,2024-03-04,1454,1259,3302,1,5,3,3302,0,0,0,NA,0,002,BEAUMONT AV,COUGAR WY,0,NA,Y,A,-,N,NA,NA,NA,NA,NA,NA,NA,NA,NA,NA,4,0,1,2,A,-,01,23152,A,N,C,C,A,A,H,-,A,A,0,NA,NA,NA,NA,Y,Y,A,01,0,0,1,0,0,0,0,0,0,-,-,33.95370864868164,-116.97730255126952,RIVERSIDE,BEAUMONT,-116.97726440429688,33.954200744628906
9685355,2024,2025-01-17,3313,2024-01-28,2237,2098,4,7,5,7,3313,0,0,0,NA,0,1R47,CALIFORNIA AV,LIDO DR,0,NA,Y,-,-,N,NA,NA,NA,NA,NA,NA,NA,NA,NA,N,4,0,1,2,A,-,03,22350,NA,N,C,C,A,A,H,-,C,D,0,NA,NA,NA,NA,Y,Y,A,01,0,0,1,0,0,0,0,0,0,-,-,NA,NA,RIVERSIDE,RIVERSIDE,-117.44014739990234,33.93315124511719
9686726,2024,2024-07-17,3313,2024-04-03,1653,1880,2,3,5,7,3313,0,0,0,NA,0,M10,RUMSEY DR,CENTRAL AVE,100,N,N,A,-,N,NA,NA,NA,NA,NA,NA,NA,NA,NA,Y,4,0,1,2,A,-,01,23152,A,N,D,E,A,A,H,-,A,D,0,NA,NA,NA,Y,Y,Y,A,01,0,0,1,0,0,0,0,0,0,-,-,33.9536018371582,-117.37349700927734,RIVERSIDE,RIVERSIDE,-117.37363433837892,33.95388412475586
9688684,2024,2024-05-14,3313,2024-02-17,2130,2019,4,6,5,7,3313,0,0,0,NA,0,3R44,JEFFERSON ST,MAGNOLIA AV,633,N,N,A,-,N,NA,NA,NA,NA,NA,NA,NA,NA,NA,Y,3,0,1,3,A,-,08,22107,NA,N,B,E,A,A,H,-,C,D,0,NA,NA,NA,NA,Y,Y,D,22,0,1,0,0,0,0,0,0,0,-,-,33.93629837036133,-117.41712188720705,RIVERSIDE,RIVERSIDE,-117.41810607910156,33.93870544433594
9689029,2024,2024-05-14,3302,2024-03-26,1152,1186,3302,2,5,3,3302,0,0,0,NA,0,004,CHAMPIONS DR,BAY HILL DR,770,W,N,A,-,N,NA,NA,NA,NA,NA,NA,NA,NA,NA,N,3,0,1,2,A,-,03,22350,NA,N,C,C,A,A,H,-,A,D,0,NA,NA,NA,NA,Y,NA,D,23,0,1,0,0,0,0,0,0,0,-,-,33.95351028442383,-117.01809692382813,RIVERSIDE,BEAUMONT,-117.02056121826172,33.95399475097656
9690350,2024,2024-05-10,3302,2024-03-28,800,764,NA,4,5,3,3302,0,0,0,NA,0,002,OAK VALLEY PKWY,BEAUMONT AV,335,W,N,A,-,N,NA,NA,NA,NA,NA,NA,NA,NA,NA,N,3,0,1,2,A,-,10,21952,NA,N,G,B,F,A,H,-,A,D,0,Y,NA,NA,NA,Y,NA,A,01,0,1,0,0,1,0,0,0,0,-,-,33.94649124145508,-116.9773406982422,RIVERSIDE,BEAUMONT,-116.9783172607422,33.946990966796875
9691827,2024,2024-04-25,3313,2024-02-03,2310,2035,5,6,5,7,3313,0,0,0,NA,0,1R59,WELLS AV,IVANHOE AV,0,NA,Y,C,-,N,NA,NA,NA,NA,NA,NA,NA,NA,NA,N,3,0,1,2,A,-,03,22350,NA,F,D,C,A,B,H,-,C,D,0,NA,NA,NA,NA,Y,NA,-,NA,0,1,0,0,0,0,0,0,0,-,-,33.934539794921875,-117.46444702148438,RIVERSIDE,RIVERSIDE,-117.46453857421876,33.934391021728516
9692363,2024,2024-05-23,3309,2024-03-24,4,2303,3309,7,5,4,3309,0,0,0,NA,0,001,INDIO BL,PALM ST,14,W,N,A,-,N,NA,NA,NA,NA,NA,NA,NA,NA,NA,N,4,0,1,2,A,-,10,21950,A,N,G,B,B,A,H,-,C,A,0,Y,NA,NA,NA,Y,NA,D,22,0,0,1,0,1,0,0,0,0,-,-,NA,NA,RIVERSIDE,INDIO,-116.22735595703124,33.72639846801758
9692502,2024,2024-08-22,3309,2024-03-19,1214,W2113,DESER,2,5,4,3309,0,0,0,NA,0,002,JACKSON ST,KENNER AV,233,S,N,A,-,N,NA,NA,NA,NA,NA,NA,NA,NA,NA,Y,4,0,1,2,C,-,18,NA,NA,N,B,E,A,A,H,-,A,A,0,NA,NA,NA,NA,Y,NA,-,-,0,0,1,0,0,0,0,0,0,-,-,NA,NA,RIVERSIDE,INDIO,-116.21638488769533,33.73244094848633
9692830,2023,2024-05-23,3309,2023-12-06,1914,2303,3309,3,5,4,3309,0,0,0,NA,0,003,DOCTOR CARREON BL,CALHOUN ST,0,NA,Y,A,-,N,NA,NA,NA,NA,NA,NA,NA,NA,NA,N,4,0,1,2,A,-,12,22450,A,N,D,G,A,A,H,-,C,A,0,NA,Y,NA,NA,Y,NA,A,01,0,0,1,0,0,0,1,0,0,-,-,NA,NA,RIVERSIDE,INDIO,-116.20774841308594,33.70771026611328
9693224,2024,2024-06-05,3309,2024-03-08,2500,2303,3309,5,5,4,3309,0,0,0,NA,0,002,AVE 42,GORE ST,14,E,N,A,-,N,NA,NA,NA,NA,NA,NA,NA,NA,NA,N,3,0,1,2,A,-,09,21800,A,M,D,G,A,A,H,-,C,A,0,NA,Y,NA,NA,Y,NA,A,01,0,1,0,0,0,0,1,0,0,-,-,NA,NA,RIVERSIDE,INDIO,-116.22530364990234,33.74409103393555
9693777,2022,2024-04-27,3313,2022-10-18,0804,1686,4,2,5,7,3313,0,0,0,NA,0,T58,LINCOLN AV,GIBSON ST,0,NA,Y,A,-,N,NA,NA,NA,NA,NA,NA,NA,NA,NA,N,3,0,2,2,A,-,12,22450,A,N,D,C,A,A,H,-,A,A,0,NA,NA,NA,NA,Y,NA,A,07,0,1,1,0,0,0,0,0,0,-,-,33.91004943847656,-117.43248748779295,RIVERSIDE,RIVERSIDE,-117.43268585205078,33.910003662109375
9693833,2022,2024-04-27,3313,2022-11-29,1952,1827,4,2,5,7,3313,0,0,0,NA,0,T43,MAGNOLIA AV,VAN BUREN BL,0,NA,Y,A,-,N,NA,NA,NA,NA,NA,NA,NA,NA,NA,N,3,0,1,2,A,-,11,21950,B,N,G,B,B,A,H,-,C,A,0,Y,NA,NA,NA,Y,NA,N,60,0,1,0,0,1,0,0,0,0,-,-,33.92082977294922,-117.44656372070313,RIVERSIDE,RIVERSIDE,-117.44660949707033,33.920387268066406
9694405,2023,2024-04-27,3313,2023-04-23,1804,2074,NA,7,5,7,3313,0,0,0,NA,0,NA,CHICAGO AV,RANSOM RD,532,E,N,A,-,N,NA,NA,NA,NA,NA,NA,NA,NA,NA,N,3,0,1,1,A,-,08,22107,NA,N,E,I,A,A,H,-,A,D,0,NA,NA,NA,NA,Y,NA,A,01,0,1,0,0,0,0,0,0,0,-,-,33.94770812988281,-117.34824371337892,RIVERSIDE,RIVERSIDE,-117.34691619873048,33.94890594482422
9694522,2023,2024-05-01,3313,2023-06-25,1128,1849,2,7,5,7,3313,0,0,0,NA,0,NA,SPRUCE ST,RUSTIN AV,295,E,N,A,-,N,NA,NA,NA,NA,NA,NA,NA,NA,NA,N,4,0,1,2,A,-,08,22107,NA,N,D,C,A,A,H,-,A,D,0,NA,NA,NA,NA,Y,NA,A,01,0,0,1,0,0,0,0,0,0,-,-,33.98857116699219,-117.3349609375,RIVERSIDE,RIVERSIDE,-117.33454132080078,33.99016189575195
9694566,2023,2024-04-25,3313,2023-03-23,1919,2023,3R50,4,5,7,3313,0,0,0,NA,0,005,HOLE AV,HEDRICK AV,0,NA,Y,A,-,N,NA,NA,NA,NA,NA,NA,NA,NA,NA,NA,3,0,2,2,A,-,09,21804,A,N,D,C,A,A,H,-,C,A,0,NA,NA,NA,NA,Y,NA,A,01,0,2,0,0,0,0,0,0,0,-,-,33.917728424072266,-117.48078918457033,RIVERSIDE,RIVERSIDE,-117.4807586669922,33.917930603027344
9696919,2024,2024-05-29,3325,2024-04-13,1409,20206,3325,6,5,4,3325,0,0,0,NA,0,003,PALM DR,PAUL DR,0,NA,Y,A,-,N,NA,NA,NA,NA,NA,NA,NA,NA,NA,Y,3,0,2,2,A,-,12,21453,A,N,D,C,A,A,H,-,A,A,0,NA,NA,NA,NA,Y,NA,A,01,0,2,0,0,0,0,0,0,0,-,-,NA,NA,RIVERSIDE,CATHEDRAL CITY,-116.50184631347656,33.88303756713867
9702845,2024,2024-07-25,3313,2024-05-01,741,2170,5,3,5,7,3313,0,0,0,NA,0,T75,CREST AV,JO JO WY,300,N,N,A,-,N,NA,NA,NA,NA,NA,NA,NA,NA,NA,Y,3,0,1,1,A,-,01,23152,F,N,E,I,A,A,H,-,A,D,0,NA,NA,NA,NA,Y,NA,A,01,0,1,0,0,0,0,0,0,0,-,-,33.946998596191406,-117.47200012207033,RIVERSIDE,RIVERSIDE,-117.47266387939452,33.94894027709961
9706711,2024,2024-08-01,3325,2024-05-19,2239,20221,DESER,7,5,4,3325,0,0,0,NA,0,001,EAST PALM CANYON DR,MELROSE DR,0,NA,Y,A,-,N,NA,NA,NA,NA,NA,NA,NA,NA,NA,Y,3,0,1,2,A,-,09,21802,A,N,D,C,A,A,H,-,C,A,0,NA,NA,Y,NA,Y,NA,A,01,0,1,0,0,0,0,0,0,1,-,-,NA,NA,RIVERSIDE,CATHEDRAL CITY,-116.46965789794922,33.781375885009766
9716241,2024,2024-07-19,3325,2024-05-17,1447,NA,3325,5,5,4,3325,0,0,0,NA,0,002,DAVE KELLEY RD,DATE PALM DR,200,E,N,A,-,N,NA,NA,NA,NA,NA,NA,NA,NA,NA,Y,2,0,1,1,A,-,03,22350,NA,N,A,J,A,A,H,-,A,D,0,NA,NA,NA,NA,Y,NA,A,01,1,0,0,0,0,0,0,0,0,-,-,NA,NA,RIVERSIDE,CATHEDRAL CITY,-116.45729064941406,33.80503845214844
9717022,2024,2024-07-31,3313,2024-06-14,1520,2173,4,5,5,7,3313,0,0,0,NA,0,T71,JACKSON ST,DIANA AV,200,N,N,A,-,N,NA,NA,NA,NA,NA,NA,NA,NA,NA,N,4,0,1,2,A,-,03,22350,NA,N,C,C,A,A,H,-,A,D,0,NA,NA,NA,NA,Y,NA,A,01,0,0,1,0,0,0,0,0,0,-,-,33.9192008972168,-117.43495941162108,RIVERSIDE,RIVERSIDE,-117.43520355224608,33.919742584228516
9717352,2024,2024-08-09,3309,2024-05-08,1734,2303,3309,3,5,4,3309,0,0,0,NA,0,002,JACKSON ST,KENNER AV,670,N,N,A,-,N,NA,NA,NA,NA,NA,NA,NA,NA,NA,N,4,0,1,4,A,-,03,22350,NA,N,C,C,A,A,H,-,A,A,0,NA,NA,NA,NA,Y,NA,A,01,0,0,1,0,0,0,0,0,0,-,-,NA,NA,RIVERSIDE,INDIO,-116.21646118164063,33.73491287231445
9729268,2024,2024-09-13,3309,2024-05-23,2040,2303,3309,4,5,4,3309,0,0,0,NA,0,005,INDIO BL,HOOVER ST,156,E,N,A,-,N,NA,NA,NA,NA,NA,NA,NA,NA,NA,N,3,0,1,2,A,-,03,22350,NA,N,D,C,A,A,H,-,C,A,0,NA,NA,Y,NA,Y,NA,A,07,0,1,0,0,0,0,0,0,1,-,-,NA,NA,RIVERSIDE,INDIO,-116.23725128173828,33.73134994506836
9730065,2024,2024-09-13,3313,2024-07-07,1210,1993,4,7,5,7,3313,0,0,0,NA,0,2R41,MAGNOLIA AV,MONROE ST,0,NA,Y,A,-,N,NA,NA,NA,NA,NA,NA,NA,NA,NA,Y,3,0,1,4,A,-,12,21453,A,N,D,E,A,A,H,-,A,A,0,NA,NA,NA,NA,Y,NA,A,01,0,1,0,0,0,0,0,0,0,-,-,33.92866897583008,-117.43173217773438,RIVERSIDE,RIVERSIDE,-117.43178558349608,33.9288215637207
9738402,2024,2024-09-26,3325,2024-06-20,1725,NA,3325,4,5,4,3325,0,0,0,NA,0,002,CORRAL RD,AURORA VISTA RD,0,NA,Y,A,-,N,NA,NA,NA,NA,NA,NA,NA,NA,NA,Y,4,0,1,2,A,-,09,21802,A,N,D,C,A,A,H,-,A,D,0,NA,NA,NA,NA,Y,NA,A,01,0,0,1,0,0,0,0,0,0,-,-,NA,NA,RIVERSIDE,CATHEDRAL CITY,-116.46250152587892,33.812278747558594
9755361,2024,2024-11-18,3325,2024-09-23,940,1708,3325,1,5,4,3325,0,0,0,NA,0,001,DATE PALM DR,ORTEGA RD,0,NA,Y,A,-,N,NA,NA,NA,NA,NA,NA,NA,NA,NA,N,3,0,1,2,A,-,10,21950,NA,N,G,B,-,A,H,-,A,A,0,Y,NA,NA,NA,Y,NA,A,01,0,1,0,0,1,0,0,0,0,-,-,NA,NA,RIVERSIDE,CATHEDRAL CITY,-116.45806121826172,33.8050537109375
9756497,2024,2024-11-27,3309,2024-09-29,29,2319,3309,7,5,4,3309,0,0,0,NA,0,002,KENNER AV,SAGUARO ST,0,NA,Y,A,-,N,NA,NA,NA,NA,NA,NA,NA,NA,NA,Y,4,0,1,1,A,-,01,23152,A,N,E,J,A,A,H,-,C,A,0,NA,NA,NA,NA,Y,Y,A,01,0,0,1,0,0,0,0,0,0,-,-,NA,NA,RIVERSIDE,INDIO,-116.2321319580078,33.73274612426758
9756547,2024,2025-07-30,3309,2024-08-18,503,332,3309,7,5,4,3309,0,0,0,NA,0,005,AVE 42,MADISON ST,0,W,N,A,-,N,NA,NA,NA,NA,NA,NA,NA,NA,NA,Y,2,0,1,2,A,-,01,23153,B,N,D,C,A,A,H,-,D,D,0,NA,NA,Y,NA,Y,Y,A,01,1,0,0,0,0,0,0,0,1,-,-,NA,NA,RIVERSIDE,INDIO,-116.25147247314452,33.743934631347656
9756755,2024,2024-11-27,3309,2024-05-15,847,2011,3309,3,5,4,3309,0,0,0,NA,0,001,MILES AV,PALM ST,0,NA,Y,A,-,N,NA,NA,NA,NA,NA,NA,NA,NA,NA,Y,2,0,1,2,A,-,03,22350,NA,N,E,A,A,A,H,-,A,A,0,NA,NA,NA,NA,Y,NA,D,22,1,0,0,0,0,0,0,0,0,-,-,NA,NA,RIVERSIDE,INDIO,-116.2271728515625,33.72118377685547
9756760,2024,2024-12-02,3309,2024-10-27,1837,W346,DESER,7,5,4,3309,0,0,0,NA,0,001,FRED WARNING DR,MONROE ST,18,E,N,A,-,N,NA,NA,NA,NA,NA,NA,NA,NA,NA,Y,4,0,1,2,A,-,08,22107,NA,N,A,C,A,A,H,-,C,A,0,NA,NA,NA,NA,Y,NA,D,22,0,0,1,0,0,0,0,0,0,-,-,33.729469299316406,-116.23374938964844,RIVERSIDE,INDIO,-116.23371887207033,33.72835159301758