CASE_ID,ACCIDENT_YEAR,PROC_DATE,JURIS,COLLISION_DATE,COLLISION_TIME,OFFICER_ID,REPORTING_DISTRICT,DAY_OF_WEEK,CHP_SHIFT,POPULATION,CNTY_CITY_LOC,SPECIAL_COND,BEAT_TYPE,CHP_BEAT_TYPE,CITY_DIVISION_LAPD,CHP_BEAT_CLASS,BEAT_NUMBER,PRIMARY_RD,SECONDARY_RD,DISTANCE,DIRECTION,INTERSECTION,WEATHER_1,WEATHER_2,STATE_HWY_IND,CALTRANS_COUNTY,CALTRANS_DISTRICT,STATE_ROUTE,ROUTE_SUFFIX,POSTMILE_PREFIX,POSTMILE,LOCATION_TYPE,RAMP_INTERSECTION,SIDE_OF_HWY,TOW_AWAY,COLLISION_SEVERITY,NUMBER_KILLED,NUMBER_INJURED,PARTY_COUNT,PRIMARY_COLL_FACTOR,PCF_CODE_OF_VIOL,PCF_VIOL_CATEGORY,PCF_VIOLATION,PCF_VIOL_SUBSECTION,HIT_AND_RUN,TYPE_OF_COLLISION,MVIW,PED_ACTION,ROAD_SURFACE,ROAD_COND_1,ROAD_COND_2,LIGHTING,CONTROL_DEVICE,CHP_ROAD_TYPE,PEDESTRIAN_ACCIDENT,BICYCLE_ACCIDENT,MOTORCYCLE_ACCIDENT,TRUCK_ACCIDENT,NOT_PRIVATE_PROPERTY,ALCOHOL_INVOLVED,STWD_VEHTYPE_AT_FAULT,CHP_VEHTYPE_AT_FAULT,COUNT_SEVERE_INJ,COUNT_VISIBLE_INJ,COUNT_COMPLAINT_PAIN,COUNT_PED_KILLED,COUNT_PED_INJURED,COUNT_BICYCLIST_KILLED,COUNT_BICYCLIST_INJURED,COUNT_MC_KILLED,COUNT_MC_INJURED,PRIMARY_RAMP,SECONDARY_RAMP,LATITUDE,LONGITUDE,COUNTY,CITY,POINT_X,POINT_Y
6503654,2014,2016-04-16,9655,2014-05-25,1320,015892,NA,7,1,9,3300,0,1,3,NA,1,116,RT 74,RT 243,1056,E,N,A,-,Y,RIV,8,74,-,-,59.45,H,-,W,Y,4,0,1,1,A,-,08,22107,NA,N,-,I,A,A,H,-,A,D,0,NA,NA,Y,NA,Y,NA,C,02,0,0,1,0,0,0,0,0,1,-,-,33.70224,-116.72267,RIVERSIDE,UNINCORPORATED,-116.72353759,33.70285328
6504116,2014,2016-04-16,9630,2014-05-24,0105,020642,NA,6,3,4,3311,0,1,1,NA,2,010,RT 10,NORTH INDIAN CANYON DR,2640,E,N,A,-,Y,RIV,8,10,-,-,34.03,H,-,E,Y,4,0,2,1,A,-,01,23152,F,N,E,I,A,A,H,-,D,D,1,NA,NA,NA,NA,Y,Y,A,01,0,0,2,0,0,0,0,0,0,-,-,33.89946,-116.52996,RIVERSIDE,PALM SPRINGS,-116.53093699,33.90009976
6505421,2014,2014-07-24,3313,2014-05-12,1104,102,WPC,1,5,7,3313,0,0,0,NA,0,M38,CYPRESS AV,VAN BUREN BL,239,W,N,A,-,N,NA,NA,NA,NA,NA,NA,NA,NA,NA,N,4,0,1,2,A,-,09,21804,A,N,D,C,A,A,H,-,A,D,0,NA,NA,NA,NA,Y,NA,A,01,0,0,1,0,0,0,0,0,0,-,-,NA,NA,RIVERSIDE,RIVERSIDE,-117.45482573,33.94279514
6506415,2014,2014-07-25,3300,2014-04-18,1838,3603,0027,5,5,6,3345,0,0,0,NA,0,022,VAN BUREN,ETIWANDA AV,1456,S,N,A,-,N,NA,NA,NA,NA,NA,NA,NA,NA,NA,Y,4,0,1,1,A,-,01,23152,C,N,-,I,A,A,H,-,A,D,0,NA,NA,NA,NA,Y,NA,A,01,0,0,1,0,0,0,0,0,0,-,-,NA,NA,RIVERSIDE,JURUPA VALLEY,-117.52028876,34.01459854
6506511,2014,2016-04-19,9840,2014-05-23,0236,018613,NA,5,3,7,3313,0,1,1,NA,2,023,RT 15,UNIVERSITY AV,550,N,N,A,-,Y,RIV,8,215,-,-,41.61,H,-,S,Y,3,0,2,2,A,-,01,23152,A,M,C,C,A,A,H,-,C,D,1,NA,NA,NA,NA,Y,Y,A,01,0,2,0,0,0,0,0,0,0,-,-,33.97972,-117.34001,RIVERSIDE,RIVERSIDE,-117.33676781,33.97690128
6506607,2014,2014-06-26,9630,2014-04-07,1140,013022,NA,1,1,9,3300,0,3,5,NA,2,003,KAISER RD,OASIS RD,829,S,N,A,-,N,NA,NA,NA,NA,NA,NA,NA,NA,NA,Y,2,0,1,2,A,-,03,22350,NA,F,C,C,A,A,H,-,A,D,0,NA,NA,NA,NA,Y,Y,A,01,1,0,0,0,0,0,0,0,0,-,-,33.73365,-115.40059,RIVERSIDE,UNINCORPORATED,-115.40063616,33.73377493
6506892,2014,2014-08-06,3313,2014-06-06,1004,1571,NTH,5,5,7,3313,0,0,0,NA,0,T45,EL MOLINO DR,ARCH WY,205,W,N,A,-,N,NA,NA,NA,NA,NA,NA,NA,NA,NA,N,4,0,1,2,A,-,11,21954,A,N,G,B,D,A,H,-,A,D,0,Y,NA,NA,NA,Y,NA,N,60,0,0,1,0,1,0,0,0,0,-,-,NA,NA,RIVERSIDE,RIVERSIDE,-117.40656395,33.94709598
6510476,2014,2014-07-30,3308,2014-05-02,1708,10492,525,5,5,5,3308,0,0,0,NA,0,SOUTH,ACACIA AV,LYON AV,355,E,N,A,-,N,NA,NA,NA,NA,NA,NA,NA,NA,NA,Y,4,0,2,2,A,-,04,21703,NA,N,C,C,A,-,A,H,A,A,0,NA,NA,NA,NA,Y,NA,D,22,0,0,2,0,0,0,0,0,0,-,-,NA,NA,RIVERSIDE,HEMET,-116.98792628,33.7437861
6512944,2014,2015-04-09,3313,2014-05-27,1357,1790,C,2,5,7,3313,0,0,0,NA,0,T70,CENTRAL AV,PHOENIX AV,0,NA,Y,A,-,N,NA,NA,NA,NA,NA,NA,NA,NA,NA,Y,3,0,2,2,A,-,12,21453,A,N,D,C,A,-,H,-,A,A,0,NA,NA,NA,NA,Y,NA,A,01,0,1,1,0,0,0,0,0,0,-,-,NA,NA,RIVERSIDE,RIVERSIDE,-117.42523009,33.95329001
6513478,2014,2014-07-08,3309,2014-04-25,1522,180,3309,5,5,4,3309,0,0,0,NA,0,005,JEFFERSON ST,AUGUSTA DR,18,N,N,A,-,N,NA,NA,NA,NA,NA,NA,NA,NA,NA,Y,4,0,1,2,A,-,03,22350,NA,N,C,C,A,A,H,-,A,A,0,NA,NA,NA,NA,Y,NA,I,10,0,0,1,0,0,0,0,0,0,-,-,NA,NA,RIVERSIDE,INDIO,-116.26886069,33.71854924
6513533,2014,2014-08-06,3313,2014-06-04,1450,1523,NORTH,3,5,7,3313,0,0,0,NA,0,T44,ARLINGTON AV,RIVERSIDE AV,23,E,N,A,-,N,NA,NA,NA,NA,NA,NA,NA,NA,NA,Y,4,0,5,2,A,-,03,22350,NA,N,C,C,A,A,H,-,A,A,0,NA,NA,NA,NA,Y,NA,A,07,0,0,5,0,0,0,0,0,0,-,-,NA,NA,RIVERSIDE,RIVERSIDE,-117.38939439,33.94628
6515480,2014,2016-04-16,9685,2014-05-25,1110,014488,NA,7,1,9,3300,0,1,3,NA,2,011,RT 74,MORRILL CANYON CR,247,E,N,A,-,Y,RIV,8,74,-,-,3.13,H,-,W,Y,2,0,1,2,A,-,03,22350,NA,N,C,C,A,A,H,-,A,D,0,NA,NA,Y,NA,Y,NA,C,02,1,0,0,0,0,0,0,0,1,-,-,33.60716,-117.44368,RIVERSIDE,UNINCORPORATED,-117.42536333,33.61645899
6515483,2014,2014-08-28,3308,2014-05-06,0935,4189,527,2,5,5,3308,0,0,0,NA,0,SOUTH,SANTA FE ST,KIMBALL AV,76,N,N,A,-,N,NA,NA,NA,NA,NA,NA,NA,NA,NA,N,3,0,1,2,A,-,03,22350,NA,N,G,B,E,A,H,-,A,A,0,Y,NA,NA,NA,Y,NA,N,60,0,1,0,0,1,0,0,0,0,-,-,NA,NA,RIVERSIDE,HEMET,-116.96297221,33.74592812
6515519,2014,2016-04-16,9685,2014-05-25,1130,015757,NA,7,1,9,3300,0,1,3,NA,2,011,RT 74,NORTH MAIN DIVIDE,2640,W,N,A,-,Y,RIV,8,74,-,-,4.78,H,-,W,N,3,0,2,1,A,-,03,22350,NA,N,F,A,A,A,H,-,A,D,0,NA,NA,Y,NA,Y,NA,C,02,0,2,0,0,0,0,0,0,2,-,-,33.64693,-117.41719,RIVERSIDE,UNINCORPORATED,-117.42506087,33.63114436
6515655,2014,2014-08-05,3308,2014-05-13,1518,10512,537,2,5,5,3308,0,0,0,NA,0,SOUTH,JOHNSTON AV,STATE ST,0,NA,Y,A,-,N,NA,NA,NA,NA,NA,NA,NA,NA,NA,N,4,0,1,2,A,-,12,22450,A,N,D,G,A,A,H,-,A,A,0,NA,Y,NA,NA,Y,NA,L,04,0,0,1,0,0,0,1,0,0,-,-,NA,NA,RIVERSIDE,HEMET,-116.97158,33.7330001
6517715,2014,2015-03-07,9840,2014-06-07,1845,18498,NA,6,2,7,3313,0,1,3,NA,2,021,RT 91,ADAMS ST,350,E,N,A,-,Y,RIV,8,91,-,-,15.7,H,-,E,Y,4,0,2,3,A,-,03,22350,NA,N,C,C,A,A,H,-,A,D,1,NA,NA,NA,NA,Y,NA,A,01,0,0,2,0,0,0,0,0,0,-,-,33.92797,-117.41842,RIVERSIDE,RIVERSIDE,-117.41864061,33.9279652
6518412,2014,2014-08-07,3308,2014-06-02,1629,10377,516,1,5,5,3308,0,0,0,NA,0,NORTH,LATHAM AV,TAHQUITZ AV,0,NA,Y,A,-,N,NA,NA,NA,NA,NA,NA,NA,NA,NA,Y,4,0,2,2,A,-,04,21703,NA,N,C,D,A,A,H,-,A,A,0,NA,NA,NA,NA,Y,NA,A,01,0,0,2,0,0,0,0,0,0,-,-,NA,NA,RIVERSIDE,HEMET,-116.97819004,33.74929009
6518423,2014,2014-08-07,9840,2014-06-01,2330,20798,NA,7,3,9,3300,0,3,5,NA,2,003,INDIANA AV,NOVEMBER ST,135,E,N,A,-,Y,NA,NA,NA,NA,NA,NA,NA,NA,NA,Y,3,0,1,1,A,-,01,23152,A,N,E,I,A,A,H,-,C,D,0,NA,NA,Y,NA,Y,Y,C,02,0,1,0,0,0,0,0,0,1,-,-,33.87923,-117.50374,RIVERSIDE,UNINCORPORATED,-117.50365915,33.87928408
6518435,2014,2015-02-25,9840,2014-06-07,0830,018611,NA,6,1,6,3315,0,1,3,NA,2,030,RT 91,WEST 6TH ST,1100,E,N,B,-,Y,RIV,8,91,-,-,4.37,H,-,W,N,4,0,1,2,A,-,03,22350,NA,N,C,C,A,A,H,-,A,D,1,NA,NA,NA,NA,Y,NA,A,01,0,0,1,0,0,0,0,0,0,-,-,33.88093,-117.59905,RIVERSIDE,CORONA,-117.59996898,33.88080843
6518443,2014,2015-02-25,9840,2014-06-06,1735,017169,NA,5,2,7,3313,0,1,3,NA,2,020,RT 91,TYLER ST,1584,W,N,A,-,Y,RIV,8,91,-,-,12.74,H,-,E,Y,4,0,1,3,A,-,03,22350,NA,N,C,C,A,A,H,-,A,D,1,NA,NA,NA,NA,Y,NA,A,08,0,0,1,0,0,0,0,0,0,-,-,33.90317,-117.46234,RIVERSIDE,RIVERSIDE,-117.46125353,33.90374795
6524050,2014,2014-07-17,3311,2014-04-27,0039,15480,NA,7,5,4,3311,0,0,0,NA,0,NA,BOGERT TRL,AVENIDA SEVILLA,380,N,N,A,-,N,NA,NA,NA,NA,NA,NA,NA,NA,NA,N,4,0,1,1,A,-,08,22107,NA,N,E,I,A,A,H,-,D,D,0,NA,NA,NA,NA,Y,NA,A,07,0,0,1,0,0,0,0,0,0,-,-,NA,NA,RIVERSIDE,PALM SPRINGS,-116.53036948,33.77388222
6524610,2014,2014-07-17,3300,2014-04-11,1916,4312,801B,5,5,3,3343,0,0,0,NA,0,080,ALMOND ST,DOROTHY LN,0,NA,Y,A,-,N,NA,NA,NA,NA,NA,NA,NA,NA,NA,N,3,0,1,1,A,-,03,22350,NA,N,H,A,A,A,H,-,A,D,0,NA,NA,Y,NA,Y,NA,C,02,0,1,0,0,0,0,0,0,1,-,-,NA,NA,RIVERSIDE,WILDOMAR,-117.27962006,33.63236002
6527467,2014,2014-07-18,3313,2014-04-23,1417,127,CENTE,3,5,7,3313,0,0,0,NA,0,T53,ARLINGTON AV,MORNINGSIDE AV,0,NA,Y,A,-,N,NA,NA,NA,NA,NA,NA,NA,NA,NA,Y,3,0,2,2,A,-,09,21801,A,N,D,C,A,A,H,-,A,A,0,NA,NA,NA,NA,Y,NA,A,01,0,2,0,0,0,0,0,0,0,-,-,NA,NA,RIVERSIDE,RIVERSIDE,-117.43361005,33.94595002
6528260,2014,2016-04-16,9840,2014-06-13,1510,16497,NA,5,2,7,3313,0,1,3,NA,2,021,RT 91,SPRUCE ST,300,E,N,A,-,Y,RIV,8,91,-,-,21.53,H,-,W,Y,4,0,1,2,A,-,03,22350,NA,N,C,C,A,A,H,-,A,D,1,NA,NA,NA,NA,Y,NA,A,08,0,0,1,0,0,0,0,0,0,-,-,33.99167,-117.35842,RIVERSIDE,RIVERSIDE,-117.35853524,33.99171914
6528569,2014,2016-04-16,9840,2014-06-08,1100,019242,NA,7,1,9,3300,0,1,1,NA,2,037,RT 15,INDIAN TRUCK TRL,2640,N,N,A,-,Y,RIV,8,15,-,-,30.93,H,-,S,Y,4,0,2,1,A,-,08,22107,NA,N,E,I,A,A,H,-,A,D,1,NA,NA,NA,NA,Y,NA,A,01,0,0,2,0,0,0,0,0,0,-,-,33.75707,-117.46151,RIVERSIDE,UNINCORPORATED,-117.45836151,33.75493959
6528612,2014,2014-08-15,3313,2014-06-09,1212,1455,NA,1,5,7,3313,0,0,0,NA,0,NA,LA SIERRA AV,PIERCE ST,310,S,N,A,-,N,NA,NA,NA,NA,NA,NA,NA,NA,NA,Y,4,0,1,2,A,-,09,21804,A,N,D,C,A,A,H,-,A,D,0,NA,NA,NA,NA,Y,NA,A,01,0,0,1,0,0,0,0,0,0,-,-,NA,NA,RIVERSIDE,RIVERSIDE,-117.48822042,33.91843428
6529241,2014,2014-08-11,9655,2014-06-19,1420,13641,NA,4,2,9,3300,0,3,5,NA,2,001,NORTH CIRCLE DR,RIVER DR,42,N,N,A,-,N,NA,NA,NA,NA,NA,NA,NA,NA,NA,N,2,0,1,2,A,-,08,22107,NA,F,G,B,E,A,H,-,A,A,0,Y,NA,NA,NA,Y,NA,A,01,1,0,0,0,1,0,0,0,0,-,-,33.74973,-116.70784,RIVERSIDE,UNINCORPORATED,-116.70770605,33.74968487
6530699,2014,2014-08-12,3302,2014-06-17,2016,962,NA,2,5,3,3302,0,0,0,NA,0,001,HIGHLAND SPRINGS AV,2ND ST,46,N,N,A,-,N,NA,NA,NA,NA,NA,NA,NA,NA,NA,Y,4,0,1,2,A,-,01,23152,NA,N,C,C,A,A,H,-,B,A,0,NA,NA,NA,NA,Y,Y,A,08,0,0,1,0,0,0,0,0,0,-,-,NA,NA,RIVERSIDE,BEAUMONT,-116.94695257,33.92402595
6531046,2014,2016-04-16,9630,2014-06-13,0028,19843,NA,5,3,9,3300,0,1,1,NA,2,021,RT 10,COOK ST,4752,E,N,A,-,Y,RIV,8,10,-,-,47.79,H,-,W,Y,3,0,1,1,A,-,01,23152,A,N,E,I,A,A,H,-,D,D,1,NA,NA,NA,NA,Y,Y,A,01,0,1,0,0,0,0,0,0,0,-,-,33.77853,-116.34192,RIVERSIDE,UNINCORPORATED,-116.34103813,33.77808761
6531296,2014,2014-08-13,3313,2014-06-16,0929,244,WEST,1,5,7,3313,0,0,0,NA,0,M15,LA SIERRA AV,COLLETT AV,0,NA,Y,A,-,N,NA,NA,NA,NA,NA,NA,NA,NA,NA,Y,4,0,2,2,A,-,12,21453,A,N,D,C,A,A,H,-,A,A,0,NA,NA,NA,NA,Y,NA,A,08,0,0,2,0,0,0,0,0,0,-,-,NA,NA,RIVERSIDE,RIVERSIDE,-117.48313002,33.91179006
6532043,2014,2014-08-19,9840,2014-06-23,0600,16285,NA,1,1,9,3300,0,2,4,NA,2,042,VAN BUREN AV,ORANGE TERRACE PKWY,1153,E,N,A,-,N,NA,NA,NA,NA,NA,NA,NA,NA,NA,Y,4,0,1,1,A,-,03,22350,NA,N,E,I,A,A,H,-,A,D,0,NA,NA,NA,NA,Y,NA,D,22,0,0,1,0,0,0,0,0,0,-,-,NA,NA,RIVERSIDE,UNINCORPORATED,-117.29858481,33.88643966
6532311,2014,2015-04-15,3300,2014-06-19,1640,N4187,901C,4,5,4,3310,0,0,0,NA,0,051,RIVER RD,CORYDON AV,0,NA,Y,A,-,N,NA,NA,NA,NA,NA,NA,NA,NA,NA,Y,4,0,2,2,A,-,12,21453,A,N,D,C,A,A,H,-,A,A,0,NA,NA,NA,NA,Y,NA,A,07,0,0,2,0,0,0,0,0,0,-,-,33.9144,-117.588,RIVERSIDE,NORCO,-117.58817013,33.91460008
6533748,2014,2014-08-15,3300,2014-06-17,1611,4818,910F,2,5,5,3335,0,0,0,NA,0,062,YNEZ RD,SOLANA WY,227,N,N,A,-,N,NA,NA,NA,NA,NA,NA,NA,NA,NA,Y,4,0,5,3,A,-,03,22350,NA,N,C,C,A,A,H,-,A,A,0,NA,NA,NA,NA,Y,NA,A,01,0,0,5,0,0,0,0,0,0,-,-,NA,NA,RIVERSIDE,TEMECULA,-117.15546862,33.51500576
6535361,2014,2014-07-30,3300,2014-05-18,0437,4391,301B4,7,5,6,3394,0,0,0,NA,0,012,SUNNYMEAD RANCH PKWY,HEACOCK ST,33,E,N,A,-,N,NA,NA,NA,NA,NA,NA,NA,NA,NA,N,2,0,3,1,A,-,01,23152,A,N,A,I,A,A,H,-,C,A,0,NA,NA,NA,NA,Y,NA,A,01,1,0,2,0,0,0,0,0,0,-,-,NA,NA,RIVERSIDE,MORENO VALLEY,-117.2438515,33.96464
6535373,2014,2014-07-30,3300,2014-05-17,1746,3775,603C3,6,5,6,3394,0,0,0,NA,0,MV36,DANA LN,SHEILA ST,310,E,N,A,-,N,NA,NA,NA,NA,NA,NA,NA,NA,NA,N,3,0,1,2,A,-,11,21956,NA,N,G,B,D,A,H,-,A,D,0,Y,NA,NA,NA,Y,NA,N,60,0,1,0,0,1,0,0,0,0,-,-,NA,NA,RIVERSIDE,MORENO VALLEY,-117.22415172,33.89414216
6537464,2014,2014-07-23,3300,2014-04-23,2500,N4654,910E,3,5,5,3335,0,0,0,NA,0,061,RANCHO CALIFORNIA RD,JEFFERSON AV,19,W,N,A,-,N,NA,NA,NA,NA,NA,NA,NA,NA,NA,N,3,0,1,2,A,-,10,21950,A,N,H,G,A,A,H,-,A,A,0,NA,Y,NA,NA,Y,NA,A,01,0,1,0,0,0,0,1,0,0,-,-,NA,NA,RIVERSIDE,TEMECULA,-117.15392519,33.49912611
6538345,2014,2014-08-13,3313,2014-06-27,1018,1571,NTH,5,5,7,3313,0,0,0,NA,0,T45,14TH ST,ALMOND ST,187,E,N,A,-,N,NA,NA,NA,NA,NA,NA,NA,NA,NA,Y,4,0,1,3,A,-,03,22350,NA,N,C,C,A,A,H,-,A,A,0,NA,NA,NA,NA,Y,NA,A,01,0,0,1,0,0,0,0,0,0,-,-,NA,NA,RIVERSIDE,RIVERSIDE,-117.38024739,33.97700884
6538353,2014,2014-08-13,3308,2014-06-19,1045,4189,545,4,5,5,3308,0,0,0,NA,0,SOUTH,KIRBY ST,STESON AV,0,NA,Y,A,-,N,NA,NA,NA,NA,NA,NA,NA,NA,NA,Y,4,0,1,2,A,-,09,21801,A,N,D,C,A,A,H,-,A,A,0,NA,NA,NA,NA,Y,NA,A,01,0,0,1,0,0,0,0,0,0,-,-,NA,NA,RIVERSIDE,HEMET,-116.99768,33.72935006
6538559,2014,2014-08-13,3300,2014-06-25,1722,4818,910F,3,5,5,3335,0,0,0,NA,0,062,YNEZ RD,PROMENADE MALL,0,NA,Y,A,-,N,NA,NA,NA,NA,NA,NA,NA,NA,NA,Y,4,0,2,2,A,-,12,21453,A,N,D,C,A,A,H,-,A,A,0,NA,NA,NA,NA,Y,NA,A,01,0,0,2,0,0,0,0,0,0,-,-,NA,NA,RIVERSIDE,TEMECULA,-117.15835012,33.52306012
6538949,2014,2015-03-25,9840,2014-06-11,0522,15744,NA,3,3,7,3313,0,1,1,NA,2,023,RT 215,MARTIN LUTHER KING BL,500,S,N,B,-,Y,RIV,8,215,-,-,40.77,H,-,N,Y,4,0,1,3,A,-,03,22350,NA,F,C,C,A,A,H,-,B,D,1,NA,NA,NA,NA,Y,NA,A,01,0,0,1,0,0,0,0,0,0,-,-,33.96733,-117.32727,RIVERSIDE,RIVERSIDE,-117.32744473,33.96744024
6538953,2014,2015-03-25,9840,2014-06-10,1410,016619,NA,2,2,7,3313,0,1,1,NA,2,023,RT 215,FAIR ISLE DR,300,N,N,A,-,Y,RIV,8,215,-,R,38.7,H,-,S,Y,4,0,2,3,A,-,03,22350,NA,N,C,C,A,A,H,-,A,D,1,NA,NA,NA,NA,Y,NA,A,01,0,0,2,0,0,0,0,0,0,-,-,33.94871,-117.30228,RIVERSIDE,RIVERSIDE,-117.29868798,33.94647067
6542187,2014,2016-04-16,9840,2014-06-20,1730,20124,NA,5,2,7,3313,0,1,3,NA,2,020,RT 91,PIERCE ST,1000,W,N,A,-,Y,RIV,8,91,-,-,10.62,H,-,E,Y,4,0,1,2,A,-,03,22350,NA,N,C,C,A,A,H,-,A,D,1,NA,NA,NA,NA,Y,NA,A,01,0,0,1,0,0,0,0,0,0,-,-,33.89686,-117.49136,RIVERSIDE,RIVERSIDE,-117.49606729,33.89646467
6542719,2014,2014-08-09,3313,2014-06-17,1900,623,E,2,5,7,3313,0,0,0,NA,0,M10,ALESSANDRO BL,NORTHROP DR,15,E,N,A,-,N,NA,NA,NA,NA,NA,NA,NA,NA,NA,Y,3,0,2,2,A,-,03,22350,NA,N,C,C,A,A,H,-,A,A,0,NA,NA,NA,NA,Y,NA,A,01,0,1,1,0,0,0,0,0,0,-,-,NA,NA,RIVERSIDE,RIVERSIDE,-117.32067071,33.91651063
6543747,2014,2014-08-20,3309,2014-06-09,0859,218,3309,1,5,4,3309,0,0,0,NA,0,001,HWY 111,TOWNE ST,6,W,N,A,-,N,NA,NA,NA,NA,NA,NA,NA,NA,NA,Y,4,0,1,2,A,-,08,22107,NA,N,B,C,A,A,H,-,A,D,0,NA,NA,NA,NA,Y,NA,A,01,0,0,1,0,0,0,0,0,0,-,-,NA,NA,RIVERSIDE,INDIO,-116.219487,33.714937
6545231,2014,2014-07-31,3300,2014-05-25,2110,N3546,910K,7,5,5,3335,0,0,0,NA,0,064,RANCHO CALIFORNIA RD,MORAGA RD,508,E,N,A,-,N,NA,NA,NA,NA,NA,NA,NA,NA,NA,Y,4,0,1,3,A,-,03,22350,NA,N,C,C,A,A,H,-,D,A,0,NA,NA,NA,NA,Y,NA,D,22,0,0,1,0,0,0,0,0,0,-,-,NA,NA,RIVERSIDE,TEMECULA,-117.13847167,33.5077558
6545250,2014,2016-04-16,3300,2014-05-23,0603,2680,910A,5,5,5,3335,0,0,0,NA,0,061,WINCHESTER RD,RT 15,0,NA,Y,-,-,Y,RIV,8,15,-,-,3.33,R,3,S,N,4,0,1,2,A,-,-,NA,NA,N,-,G,A,A,H,-,A,A,0,NA,Y,NA,NA,Y,NA,L,04,0,0,1,0,0,0,1,0,0,-,-,NA,NA,RIVERSIDE,TEMECULA,-117.14050397,33.47946773
6545557,2014,2014-08-13,3300,2014-06-18,1705,4996,603A5,3,5,6,3394,0,0,0,NA,0,032,ALESSANDRO BL,INDIAN ST,549,W,N,A,-,N,NA,NA,NA,NA,NA,NA,NA,NA,NA,N,4,0,1,2,A,-,07,21658,A,N,B,C,A,A,H,-,A,A,0,NA,NA,NA,NA,Y,NA,A,01,0,0,1,0,0,0,0,0,0,-,-,NA,NA,RIVERSIDE,MORENO VALLEY,-117.23678385,33.91735
6545629,2014,2014-09-22,9630,2014-06-29,1823,16495,NA,7,2,9,3300,0,3,5,NA,2,005,68TH AV,VANDER VEER RD,50,W,N,A,-,N,NA,NA,NA,NA,NA,NA,NA,NA,NA,Y,3,0,2,1,A,-,01,23152,A,N,E,I,A,A,H,-,A,D,0,NA,NA,NA,NA,Y,Y,A,01,0,1,1,0,0,0,0,0,0,-,-,33.12802,-115.56215,RIVERSIDE,UNINCORPORATED,-115.93928058,33.55340906
6547187,2014,2014-08-13,3313,2014-06-25,1347,1096,CENTR,3,5,7,3313,0,0,0,NA,0,T43,CALIFORNIA AV,CANTERBURY RD,0,NA,Y,A,-,N,NA,NA,NA,NA,NA,NA,NA,NA,NA,N,3,0,1,2,A,-,05,21650,1,M,D,G,A,A,H,-,A,A,0,NA,Y,NA,NA,Y,NA,L,04,0,1,0,0,0,0,1,0,0,-,-,NA,NA,RIVERSIDE,RIVERSIDE,-117.42616009,33.9411001
6549068,2014,2014-08-13,3300,2014-06-03,1355,4338,920H,2,5,4,3314,0,0,0,NA,0,072,ESPLANADE AV,FREEDOM WY,360,W,N,A,-,N,NA,NA,NA,NA,NA,NA,NA,NA,NA,Y,2,0,1,2,A,-,03,22350,NA,N,C,C,A,A,H,-,A,A,0,NA,NA,Y,NA,Y,NA,A,01,1,0,0,0,0,0,0,0,1,-,-,NA,NA,RIVERSIDE,SAN JACINTO,-116.95586537,33.77298098
6550013,2014,2014-08-20,9655,2014-06-26,1329,17000,NA,4,1,9,3300,0,3,5,NA,2,003,GILMAN SPRINGS RD,BRIDGE ST,6864,E,N,A,-,N,NA,NA,NA,NA,NA,NA,NA,NA,NA,Y,3,0,2,3,A,-,01,23152,A,N,A,C,A,A,H,-,A,D,0,NA,NA,NA,NA,Y,Y,A,01,0,1,1,0,0,0,0,0,0,-,-,33.8619,-117.02532,RIVERSIDE,UNINCORPORATED,-117.05299262,33.87649447
6551202,2014,2014-08-23,3313,2014-07-02,1818,1073,NORTH,3,5,7,3313,0,0,0,NA,0,T42,SPRUCE ST,CHICAGO AV,59,W,N,A,-,N,NA,NA,NA,NA,NA,NA,NA,NA,NA,N,4,0,1,2,A,-,03,22350,NA,N,C,C,A,A,H,-,A,A,0,NA,NA,NA,NA,Y,NA,A,01,0,0,1,0,0,0,0,0,0,-,-,NA,NA,RIVERSIDE,RIVERSIDE,-117.34872402,33.99030692
6551263,2014,2016-01-06,9685,2014-06-26,0945,16502,NA,4,1,5,3335,0,1,1,NA,2,030,RT 15,TEMECULA PKWY,3500,N,N,A,-,Y,RIV,8,15,-,-,4.12,H,-,S,Y,3,0,4,5,A,-,03,22350,NA,N,C,C,A,A,H,-,A,D,1,NA,NA,NA,NA,Y,NA,D,22,0,2,2,0,0,0,0,0,0,-,-,33.48893,-117.14406,RIVERSIDE,TEMECULA,-117.14446023000001,33.49042759
6551744,2014,2015-04-21,3300,2014-09-13,0153,4254,905K,6,5,4,3307,0,0,0,NA,0,094,LAKE ST,ALBERHILL RANCH RD,0,NA,Y,A,-,N,NA,NA,NA,NA,NA,NA,NA,NA,NA,Y,1,1,1,1,A,-,01,23152,A,N,E,I,A,A,H,-,C,A,0,NA,NA,NA,NA,Y,Y,-,NA,1,0,0,0,0,0,0,0,0,-,-,NA,NA,RIVERSIDE,LAKE ELSINORE,-117.38935,33.70501
6552741,2014,2014-07-31,3300,2014-05-13,0714,4301,011D,2,5,4,3344,0,0,0,NA,0,062,SCHLEISMAN RD,SUMNER AV,5,E,N,A,-,N,NA,NA,NA,NA,NA,NA,NA,NA,NA,N,4,0,1,2,A,-,03,22350,NA,N,D,G,A,A,H,-,A,A,0,NA,Y,NA,NA,Y,NA,A,01,0,0,1,0,0,0,1,0,0,-,-,NA,NA,RIVERSIDE,EASTVALE,-117.57576356,33.96089033
6557844,2014,2014-08-05,3300,2014-05-17,1140,4738,604C3,6,5,6,3394,0,0,0,NA,0,MV44,LASELLE ST,IRIS AV,0,NA,Y,A,-,N,NA,NA,NA,NA,NA,NA,NA,NA,NA,Y,4,0,1,2,A,-,06,21755,NA,N,B,J,A,A,H,-,A,A,0,NA,NA,NA,NA,Y,NA,A,07,0,0,1,0,0,0,0,0,0,-,-,NA,NA,RIVERSIDE,MORENO VALLEY,-117.20717001,33.8910301
6558550,2014,2014-08-20,3300,2014-05-23,1429,4581,916A,5,5,4,3312,0,0,0,NA,0,032,E FRONTAGE RD,NUEVO RD,77,N,N,A,-,N,NA,NA,NA,NA,NA,NA,NA,NA,NA,Y,4,0,1,1,A,-,03,22350,NA,N,E,I,A,A,H,-,A,D,0,NA,NA,NA,NA,Y,NA,A,01,0,0,1,0,0,0,0,0,0,-,-,NA,NA,RIVERSIDE,PERRIS,-117.23103332,33.80211813
6558557,2014,2014-08-13,3300,2014-05-21,1337,N2646,602C1,3,5,6,3394,0,0,0,NA,0,024,FREDERICK ST,SUNNYMEAD BL,14,N,N,A,-,N,NA,NA,NA,NA,NA,NA,NA,NA,NA,N,4,0,3,2,A,-,12,21453,A,N,D,C,A,A,H,-,A,A,0,NA,NA,NA,NA,Y,NA,A,01,0,0,3,0,0,0,0,0,0,-,-,NA,NA,RIVERSIDE,MORENO VALLEY,-117.26150495,33.93970822