CASE_ID,ACCIDENT_YEAR,PROC_DATE,JURIS,COLLISION_DATE,COLLISION_TIME,OFFICER_ID,REPORTING_DISTRICT,DAY_OF_WEEK,CHP_SHIFT,POPULATION,CNTY_CITY_LOC,SPECIAL_COND,BEAT_TYPE,CHP_BEAT_TYPE,CITY_DIVISION_LAPD,CHP_BEAT_CLASS,BEAT_NUMBER,PRIMARY_RD,SECONDARY_RD,DISTANCE,DIRECTION,INTERSECTION,WEATHER_1,WEATHER_2,STATE_HWY_IND,CALTRANS_COUNTY,CALTRANS_DISTRICT,STATE_ROUTE,ROUTE_SUFFIX,POSTMILE_PREFIX,POSTMILE,LOCATION_TYPE,RAMP_INTERSECTION,SIDE_OF_HWY,TOW_AWAY,COLLISION_SEVERITY,NUMBER_KILLED,NUMBER_INJURED,PARTY_COUNT,PRIMARY_COLL_FACTOR,PCF_CODE_OF_VIOL,PCF_VIOL_CATEGORY,PCF_VIOLATION,PCF_VIOL_SUBSECTION,HIT_AND_RUN,TYPE_OF_COLLISION,MVIW,PED_ACTION,ROAD_SURFACE,ROAD_COND_1,ROAD_COND_2,LIGHTING,CONTROL_DEVICE,CHP_ROAD_TYPE,PEDESTRIAN_ACCIDENT,BICYCLE_ACCIDENT,MOTORCYCLE_ACCIDENT,TRUCK_ACCIDENT,NOT_PRIVATE_PROPERTY,ALCOHOL_INVOLVED,STWD_VEHTYPE_AT_FAULT,CHP_VEHTYPE_AT_FAULT,COUNT_SEVERE_INJ,COUNT_VISIBLE_INJ,COUNT_COMPLAINT_PAIN,COUNT_PED_KILLED,COUNT_PED_INJURED,COUNT_BICYCLIST_KILLED,COUNT_BICYCLIST_INJURED,COUNT_MC_KILLED,COUNT_MC_INJURED,PRIMARY_RAMP,SECONDARY_RAMP,LATITUDE,LONGITUDE,COUNTY,CITY,POINT_X,POINT_Y
6880376,2015,2016-10-20,3300,2015-03-05,1957,4254,905M,4,5,4,3307,0,0,0,NA,0,093,RIVERSIDE DR,ALBERTSONS WY,0,NA,Y,A,-,Y,RIV,8,74,-,R,14.25,H,-,E,N,4,0,1,3,A,-,03,22350,NA,N,C,-,A,A,H,-,C,A,0,NA,NA,NA,NA,Y,NA,D,22,0,0,1,0,0,0,0,0,0,-,-,NA,NA,RIVERSIDE,LAKE ELSINORE,-117.36603182,33.68521442
6881453,2015,2015-04-24,3311,2015-03-28,2209,15842,NA,6,5,4,3311,0,0,0,NA,0,003,SOUTH PALM CANYON DR,RAMON RD,0,NA,Y,A,-,N,NA,NA,NA,NA,NA,NA,NA,NA,NA,Y,4,0,1,2,A,-,07,21658,A,N,H,C,A,A,H,-,C,A,0,NA,NA,Y,NA,Y,NA,A,01,0,0,1,0,0,0,0,0,1,-,-,NA,NA,RIVERSIDE,PALM SPRINGS,-116.54678001,33.81584003
6883420,2015,2016-11-22,9655,2015-04-02,1900,016564,NA,4,2,4,3301,0,1,1,NA,2,204,RT 10,RAMSEY ST,416,W,N,A,-,Y,RIV,8,10,-,R,14.68,H,-,E,Y,3,0,1,1,A,-,03,22350,NA,N,E,J,A,A,H,-,B,D,1,NA,NA,NA,NA,Y,NA,-,NA,0,1,0,0,0,0,0,0,0,-,-,33.92615,-116.85299,RIVERSIDE,BANNING,-116.85347402,33.92589622
6883449,2015,2016-11-18,9660,2015-04-02,0408,020690,NA,4,3,9,3300,0,1,1,NA,2,030,RT 10,RICE RD,1320,E,N,A,-,Y,RIV,8,10,-,R,105.35,H,-,E,Y,2,0,2,1,A,-,08,22107,NA,N,F,A,A,A,H,-,D,D,1,NA,NA,NA,NA,Y,NA,A,08,1,0,1,0,0,0,0,0,0,-,-,NA,NA,RIVERSIDE,UNINCORPORATED,-115.39588085,33.71033085
6883453,2015,2016-11-19,9660,2015-04-09,1741,020849,NA,4,2,9,3300,0,1,2,NA,2,038,RT 95,4TH AV,18,S,N,A,-,Y,RIV,8,95,-,-,4.56,H,-,N,Y,4,0,1,2,A,-,03,22350,NA,N,C,C,A,A,H,-,A,D,0,NA,NA,NA,NA,Y,NA,A,01,0,0,1,0,0,0,0,0,0,-,-,NA,NA,RIVERSIDE,UNINCORPORATED,-114.57215051,33.67627701
6883873,2015,2016-11-18,9655,2015-04-07,1315,020963,NA,2,1,9,3300,0,1,3,NA,2,213,RT 79,COUNTY LANDFILL RD,5051,N,N,A,-,Y,RIV,8,79,-,-,38.23,H,-,S,Y,3,0,1,1,A,-,01,23152,A,N,E,I,A,A,H,-,A,D,0,NA,NA,NA,NA,Y,Y,D,22,0,1,0,0,0,0,0,0,0,-,-,33.89713,-116.98789,RIVERSIDE,UNINCORPORATED,-116.98777208,33.89706573
6885576,2015,2015-04-23,3300,2015-03-31,0715,N2646,604C9,2,5,6,3394,0,0,0,NA,0,044,OLIVER ST,IRIS AV,13,N,N,A,-,N,NA,NA,NA,NA,NA,NA,NA,NA,NA,N,4,0,2,2,A,-,03,22350,NA,N,C,C,A,A,H,-,A,A,0,NA,NA,NA,NA,Y,NA,A,07,0,0,2,0,0,0,0,0,0,-,-,NA,NA,RIVERSIDE,MORENO VALLEY,-117.18292128,33.89529486
6887346,2015,2015-05-01,3300,2015-03-25,1502,3146,916A,3,5,4,3312,0,0,0,NA,0,PE31,RAMONA EXPWY,BRADLEY RD N,0,NA,Y,A,-,N,NA,NA,NA,NA,NA,NA,NA,NA,NA,Y,4,0,2,2,A,-,12,21453,A,N,D,C,A,A,H,-,A,A,0,NA,NA,NA,NA,Y,NA,D,22,0,0,2,0,0,0,0,0,0,-,-,NA,NA,RIVERSIDE,PERRIS,-117.1883001,33.83949002
6888015,2015,2016-09-28,9840,2015-03-29,1125,018611,NA,7,1,6,3315,0,1,3,NA,2,031,RT 91,MAIN ST,100,W,N,A,-,Y,RIV,8,91,-,-,6.32,H,-,W,N,4,0,1,2,A,-,03,22350,NA,N,C,C,A,A,D,-,A,D,1,NA,NA,NA,NA,Y,NA,D,22,0,0,1,0,0,0,0,0,0,-,-,33.88018,-117.56662,RIVERSIDE,CORONA,-117.56636244,33.8802238
6888597,2015,2015-05-08,3313,2015-04-12,1341,1096,N,7,5,7,3313,0,0,0,NA,0,T43,COLUMBIA AV,ORANGE ST,0,NA,Y,A,-,N,NA,NA,NA,NA,NA,NA,NA,NA,NA,N,4,0,1,2,A,-,12,21453,A,N,D,C,A,A,H,-,A,A,0,NA,NA,NA,NA,Y,NA,-,-,0,0,1,0,0,0,0,0,0,-,-,NA,NA,RIVERSIDE,RIVERSIDE,-117.35797003,34.00407003
6890441,2015,2016-11-19,9840,2015-04-05,0126,018727,NA,7,3,6,3315,0,1,3,NA,2,031,RT 91,LINCOLN AV,200,E,N,A,-,Y,RIV,8,91,-,-,5.42,H,-,E,N,4,0,1,2,A,-,03,22350,NA,N,C,C,A,A,D,-,C,D,1,NA,NA,NA,NA,Y,NA,A,01,0,0,1,0,0,0,0,0,0,-,-,33.88134,-117.57941,RIVERSIDE,CORONA,-117.58184159,33.88170605
6892517,2015,2016-10-10,9840,2015-03-14,2040,018677,NA,6,2,9,3300,0,1,1,NA,2,022,RT 215,CENTER ST,200,N,N,A,-,Y,RIV,8,215,-,-,45.05,H,-,N,Y,4,0,1,1,A,-,08,22107,NA,N,E,I,A,A,H,-,C,D,1,NA,NA,NA,NA,Y,NA,A,01,0,0,1,0,0,0,0,0,0,-,-,34.01932,-117.33945,RIVERSIDE,UNINCORPORATED,-117.34214832,34.01587961
6892552,2015,2016-10-11,9840,2015-03-21,1521,16497,NA,6,2,9,3300,0,1,1,NA,2,034,RT 15,WEIRICK RD,5280,S,N,A,-,Y,RIV,8,15,-,-,34.64,H,-,N,N,3,0,1,2,A,-,03,22350,NA,N,C,C,A,A,H,-,A,D,1,NA,NA,Y,NA,Y,NA,C,02,0,1,0,0,0,0,0,0,1,-,-,33.79755,-117.50159,RIVERSIDE,UNINCORPORATED,-117.49924103,33.79397285
6892555,2015,2016-10-05,9840,2015-03-28,1355,17169,NA,6,1,6,3315,0,1,3,NA,2,031,RT 91,MAIN ST,1584,W,N,A,-,Y,RIV,8,91,-,-,6.04,H,-,W,Y,4,0,1,2,A,-,07,21658,A,N,B,D,A,A,D,-,A,D,1,NA,NA,Y,NA,Y,NA,A,07,0,0,1,0,0,0,0,0,1,-,-,33.88261,-117.58201,RIVERSIDE,CORONA,-117.57120527,33.88069975
6894118,2015,2016-11-10,9685,2015-04-25,1400,013165,NA,6,2,4,3312,0,1,1,NA,2,020,RT 215,MATTHEWS RD,300,N,N,B,-,Y,RIV,8,215,-,-,23.63,H,-,N,Y,4,0,1,3,A,-,03,22350,NA,N,C,C,A,A,D,-,A,D,1,NA,NA,NA,NA,Y,NA,A,01,0,0,1,0,0,0,0,0,0,-,-,33.75568,-117.1892,RIVERSIDE,PERRIS,-117.18917323,33.75568032
6894228,2015,2015-04-30,3300,2015-03-26,1543,3452,LA42,4,5,3,3392,0,0,0,NA,0,42C4,CALLE TAMPICO,SEASONS WY,211,W,N,A,-,N,NA,NA,NA,NA,NA,NA,NA,NA,NA,N,3,0,1,2,A,-,05,21650,1,N,D,G,A,A,H,-,A,D,0,NA,Y,NA,NA,Y,NA,L,04,0,1,0,0,0,0,1,0,0,-,-,NA,NA,RIVERSIDE,LA QUINTA,-116.30023047,33.678147010000004
6895774,2015,2016-06-14,3300,2015-04-09,1125,N5890,S22,4,5,3,3317,0,0,0,NA,0,022,RT 111,MIRAGE COVE DR,62,N,N,A,-,N,NA,NA,NA,NA,NA,NA,NA,NA,NA,Y,4,0,2,2,A,-,03,22350,NA,N,C,C,A,A,H,-,A,A,0,NA,NA,NA,NA,Y,NA,A,01,0,0,2,0,0,0,0,0,0,-,-,NA,NA,RIVERSIDE,RANCHO MIRAGE,-116.44369368,33.76483055
6895896,2015,2015-05-21,3300,2015-03-26,1838,3775,602D1,4,5,6,3394,0,0,0,NA,0,MV26,SUNNYMEAD BL,HEACOCK ST,172,E,N,A,-,N,NA,NA,NA,NA,NA,NA,NA,NA,NA,N,4,0,1,2,A,-,10,21952,NA,N,G,B,F,A,H,-,A,D,0,Y,NA,NA,NA,Y,NA,A,08,0,0,1,0,1,0,0,0,0,-,-,NA,NA,RIVERSIDE,MORENO VALLEY,-117.24322469,33.93905198
6896679,2014,2015-05-13,3306,2014-11-17,0615,124,3306,1,5,3,3306,0,0,0,NA,0,NA,DILLON RD,ATLANTIC AV,424,W,N,A,-,N,NA,NA,NA,NA,NA,NA,NA,NA,NA,N,4,0,1,1,A,-,08,22107,NA,N,E,I,A,A,H,-,D,D,0,NA,NA,NA,NA,Y,NA,A,01,0,0,1,0,0,0,0,0,0,-,-,NA,NA,RIVERSIDE,DESERT HOT SPRINGS,-116.52026203,33.92492584
6898230,2015,2015-05-13,3300,2015-04-18,1425,4490,910A,6,5,5,3335,0,0,0,NA,0,061,WINCHESTER RD,PROMENADE MALL WEST,568,W,N,A,-,N,NA,NA,NA,NA,NA,NA,NA,NA,NA,N,4,0,1,2,A,-,03,22350,NA,N,C,C,A,A,H,-,A,A,0,NA,NA,NA,NA,Y,NA,A,01,0,0,1,0,0,0,0,0,0,-,-,NA,NA,RIVERSIDE,TEMECULA,-117.1585102,33.5258393
6899262,2015,2015-06-02,3313,2015-04-20,0758,1680,C,1,5,7,3313,0,0,0,NA,0,B313,CENTRAL AV,PHOENIX AV,0,NA,Y,B,-,N,NA,NA,NA,NA,NA,NA,NA,NA,NA,Y,4,0,3,2,A,-,09,21801,A,N,D,C,A,A,H,-,A,A,0,NA,NA,NA,NA,Y,Y,A,01,0,0,3,0,0,0,0,0,0,-,-,NA,NA,RIVERSIDE,RIVERSIDE,-117.42523009,33.95329001
6899334,2015,2015-05-12,3311,2015-04-04,2243,15918,NA,6,5,4,3311,0,0,0,NA,0,NA,NORTH PALM CANYON DR,W VEREDA SUR,0,NA,Y,A,-,N,NA,NA,NA,NA,NA,NA,NA,NA,NA,N,3,0,1,2,A,-,11,21954,A,N,G,B,D,A,H,-,D,D,0,Y,NA,NA,NA,Y,NA,N,60,0,1,0,0,1,0,0,0,0,-,-,NA,NA,RIVERSIDE,PALM SPRINGS,-116.54677008,33.83947001
6899873,2015,2015-05-18,3325,2015-03-12,2500,2009,3325,4,5,4,3325,0,0,0,NA,0,002,RAMON RD,VICTOR RD,0,NA,Y,A,-,N,NA,NA,NA,NA,NA,NA,NA,NA,NA,Y,4,0,1,2,A,-,09,21801,A,N,D,C,A,A,H,-,A,D,0,NA,NA,NA,NA,Y,NA,D,22,0,0,1,0,0,0,0,0,0,-,-,NA,NA,RIVERSIDE,CATHEDRAL CITY,-116.45231003,33.8160101
6900803,2015,2016-11-28,9840,2015-04-18,0030,19874,NA,6,3,6,3315,0,1,3,NA,2,031,RT 91,MAIN ST,500,W,N,A,-,Y,RIV,8,91,-,-,6.25,H,-,W,N,4,0,3,2,A,-,01,23152,A,F,C,C,A,A,D,-,C,D,1,NA,NA,NA,NA,Y,Y,A,01,0,0,3,0,0,0,0,0,0,-,-,33.88016,-117.5527,RIVERSIDE,CORONA,-117.56757165,33.88035092
6901037,2015,2015-05-13,3300,2015-04-05,1735,N3605,44D2,7,5,3,3392,0,0,0,NA,0,LA44,AVE 52,MONROE ST,0,NA,Y,A,-,N,NA,NA,NA,NA,NA,NA,NA,NA,NA,Y,3,0,1,2,A,-,01,23152,A,N,D,C,A,A,H,-,A,A,0,NA,NA,NA,NA,Y,Y,A,01,0,1,0,0,0,0,0,0,0,-,-,NA,NA,RIVERSIDE,LA QUINTA,-116.23390013,33.67103006
6901123,2015,2015-05-08,3300,2015-03-05,1740,3031,42B3,4,5,3,3392,0,0,0,NA,0,LA42,EISENHOWER DR,WASHINGTON ST,0,NA,Y,A,-,N,NA,NA,NA,NA,NA,NA,NA,NA,NA,Y,3,0,2,3,A,-,01,23153,A,N,D,C,A,A,H,-,B,A,0,NA,NA,NA,NA,Y,Y,A,01,0,2,0,0,0,0,0,0,0,-,-,NA,NA,RIVERSIDE,LA QUINTA,-116.29494005,33.69547012
6901453,2015,2015-05-06,9630,2015-04-21,2030,017467,NA,2,2,9,3300,0,3,5,NA,2,005,DESERT CACTUS DR,58TH AV,528,N,N,A,-,N,NA,NA,NA,NA,NA,NA,NA,NA,NA,N,4,0,1,2,A,-,21,22106,NA,N,C,C,A,A,H,-,D,D,0,NA,NA,NA,Y,Y,NA,G,25,0,0,1,0,0,0,0,0,0,-,-,33.6299,-116.12883,RIVERSIDE,UNINCORPORATED,-116.12831505,33.62889507
6901609,2015,2016-11-18,9630,2015-04-13,1040,015876,NA,1,1,9,3300,0,1,1,NA,2,020,RT 10,BOB HOPE DR,485,W,N,A,-,Y,RIV,8,10,-,-,43.06,H,-,W,Y,4,0,1,2,A,-,03,22350,NA,N,C,C,A,A,H,-,A,D,1,NA,NA,NA,NA,Y,NA,A,01,0,0,1,0,0,0,0,0,0,-,-,33.82185,-116.41182,RIVERSIDE,UNINCORPORATED,-116.40775895,33.81934118
6902906,2015,2015-06-11,3313,2015-04-23,0040,1683,E,4,5,7,3313,0,0,0,NA,0,A217,VAN BUREN BL,WOOD RD,64,W,N,B,-,N,NA,NA,NA,NA,NA,NA,NA,NA,NA,Y,4,0,1,2,A,-,09,21804,A,N,D,C,A,A,H,-,C,D,0,NA,NA,NA,Y,Y,NA,G,25,0,0,1,0,0,0,0,0,0,-,-,NA,NA,RIVERSIDE,RIVERSIDE,-117.33158021,33.88714682
6902974,2015,2015-05-20,3300,2015-04-22,1101,4323,910K,3,5,5,3335,0,0,0,NA,0,064,CORTE RIALTO,VIA FANITA,0,NA,Y,A,-,N,NA,NA,NA,NA,NA,NA,NA,NA,NA,Y,4,0,1,2,A,-,09,21800,A,N,D,C,A,A,H,-,A,D,0,NA,NA,NA,NA,Y,NA,A,01,0,0,1,0,0,0,0,0,0,-,-,NA,NA,RIVERSIDE,TEMECULA,-117.1432125,33.493941
6904953,2015,2015-05-20,9685,2015-03-30,2030,13165,NA,1,2,9,3300,0,1,3,NA,1,026,RT 74,JUNIPER FLATS RD,140,W,N,A,-,Y,RIV,8,74,-,-,32,H,-,E,Y,1,1,1,2,A,-,11,21955,NA,N,G,B,D,A,H,-,D,A,0,Y,NA,NA,NA,Y,NA,N,60,0,1,0,1,0,0,0,0,0,-,-,33.74326,-117.11594,RIVERSIDE,UNINCORPORATED,-117.11556606,33.74323323
6906188,2015,2015-05-14,3311,2015-04-28,1201,15648,NA,2,5,4,3311,0,0,0,NA,0,006,RAMON RD,CROSSLEY RD,570,W,N,A,-,N,NA,NA,NA,NA,NA,NA,NA,NA,NA,N,3,0,1,2,A,-,09,21804,A,N,D,G,A,A,H,-,A,A,0,NA,Y,NA,NA,Y,NA,A,07,0,1,0,0,0,0,1,0,0,-,-,NA,NA,RIVERSIDE,PALM SPRINGS,-116.48612327,33.81577382
6906812,2015,2015-05-13,3313,2015-04-20,1816,1575,W,1,5,7,3313,0,0,0,NA,0,M12,WELLS AV,CORWIN LN,34,W,N,A,-,N,NA,NA,NA,NA,NA,NA,NA,NA,NA,Y,3,0,2,3,A,-,01,23152,A,N,C,C,A,A,H,-,A,A,0,NA,NA,NA,NA,Y,Y,A,01,0,1,1,0,0,0,0,0,0,-,-,NA,NA,RIVERSIDE,RIVERSIDE,-117.45870177,33.93429
6907191,2015,2016-11-19,9840,2015-04-17,2233,19165,NA,5,3,6,3315,0,1,3,NA,2,031,RT 91,LINCOLN AV,1200,E,N,A,-,Y,RIV,8,91,-,-,5.61,H,-,E,N,4,0,2,3,A,-,03,22350,NA,N,C,C,A,A,D,-,C,D,1,NA,NA,NA,NA,Y,NA,A,07,0,0,2,0,0,0,0,0,0,-,-,33.88132,-117.57843,RIVERSIDE,CORONA,-117.57861201,33.88134943
6907625,2015,2015-06-02,3313,2015-04-25,0131,1780,CA339,6,5,7,3313,0,0,0,NA,0,NA,VAN BUREN BL,CANYON RIDGE RD,635,W,N,A,-,N,NA,NA,NA,NA,NA,NA,NA,NA,NA,Y,3,0,1,2,A,-,01,23152,A,N,B,C,A,A,-,-,D,D,0,NA,NA,NA,NA,Y,Y,A,01,0,1,0,0,0,0,0,0,0,-,-,NA,NA,RIVERSIDE,RIVERSIDE,-117.41410716,33.88890172
6908343,2015,2015-05-19,3309,2015-04-30,1457,443,3309,4,5,4,3309,0,0,0,NA,0,005,JEFFERSON ST,AVENUE 40,497,N,N,A,-,N,NA,NA,NA,NA,NA,NA,NA,NA,NA,N,4,0,2,3,A,-,21,22106,NA,N,C,C,A,A,H,-,A,A,0,NA,NA,NA,NA,Y,NA,D,22,0,0,2,0,0,0,0,0,0,-,-,NA,NA,RIVERSIDE,INDIO,-116.26906638,33.75972975
6908390,2015,2015-05-20,3300,2015-03-25,1330,4252,501B,3,5,5,3341,0,0,0,NA,0,051,VAN BUREN AV,ETHANAC RD,269,N,N,A,-,N,NA,NA,NA,NA,NA,NA,NA,NA,NA,N,4,0,1,2,C,-,18,NA,NA,N,D,E,A,A,B,-,A,D,0,NA,NA,NA,NA,Y,NA,-,-,0,0,1,0,0,0,0,0,0,-,-,NA,NA,RIVERSIDE,MENIFEE,-117.17406737,33.74336015
6908707,2015,2016-12-07,3300,2015-04-14,0722,N2176,501A,2,5,5,3341,0,0,0,NA,0,051,RT 74,WATSON RD,0,NA,Y,A,-,Y,RIV,8,74,-,-,28.028,I,5,E,Y,3,0,1,2,A,-,09,21802,NA,N,D,D,A,A,H,-,A,D,0,NA,NA,Y,NA,Y,NA,A,01,0,1,0,0,0,0,0,0,1,-,-,NA,NA,RIVERSIDE,MENIFEE,-117.18244504,33.7500671
6908720,2015,2015-05-19,3300,2015-04-28,0723,4588,910A,2,5,5,3335,0,0,0,NA,0,062,RUSTIC GLEN DR,OAK CLIFF DR,2,E,N,A,-,N,NA,NA,NA,NA,NA,NA,NA,NA,NA,N,3,0,1,2,A,-,11,21950,B,N,G,B,D,A,H,-,A,D,0,Y,NA,NA,NA,Y,NA,N,60,0,1,0,0,1,0,0,0,0,-,-,NA,NA,RIVERSIDE,TEMECULA,-117.15019471,33.54184322
6908769,2015,2015-05-18,3300,2015-04-28,2213,3552,916A,2,5,4,3312,0,0,0,NA,0,031,HARLEY KNOX BL,JET WY,784,S,N,A,-,N,NA,NA,NA,NA,NA,NA,NA,NA,NA,Y,3,0,1,1,A,-,03,22350,NA,N,F,I,A,A,H,-,D,D,0,NA,NA,NA,NA,Y,NA,A,07,0,1,0,0,0,0,0,0,0,-,-,NA,NA,RIVERSIDE,PERRIS,NA,NA
6908877,2015,2016-12-09,3300,2015-04-01,1024,N3202,J002,3,5,6,3345,0,0,0,NA,0,022,MISSION BL,RT 60,8,E,N,A,-,Y,RIV,8,60,-,R,2.885,R,4,E,Y,4,0,2,2,A,-,04,21703,NA,N,C,C,A,A,H,-,A,A,0,NA,NA,NA,NA,Y,NA,A,01,0,0,2,0,0,0,0,0,0,-,-,NA,NA,RIVERSIDE,JURUPA VALLEY,-117.50921464,34.01862683
6908983,2015,2015-05-18,3300,2015-05-01,0530,N2988,603B3,5,5,6,3394,0,0,0,NA,0,034,INDIAN ST,NANDINA AV,376,N,N,A,-,N,NA,NA,NA,NA,NA,NA,NA,NA,NA,Y,4,0,1,2,A,-,08,22107,NA,N,E,I,A,A,H,-,A,D,0,NA,NA,NA,NA,Y,NA,A,01,0,0,1,0,0,0,0,0,0,-,-,NA,NA,RIVERSIDE,MORENO VALLEY,-117.23479871,33.86753999
6909558,2014,2015-05-21,3325,2014-12-27,2500,NA,DESER,6,5,4,3325,0,0,0,NA,0,003,30TH AV,AVENIDA LA VISTA,34,E,N,A,-,N,NA,NA,NA,NA,NA,NA,NA,NA,NA,N,4,0,2,2,-,-,-,NA,NA,N,C,C,A,A,H,-,C,D,0,NA,NA,NA,NA,Y,NA,-,-,0,0,2,0,0,0,0,0,0,-,-,NA,NA,RIVERSIDE,CATHEDRAL CITY,-116.45917851,33.83047
6910513,2015,2016-12-08,9685,2015-04-11,1410,12752,NA,6,2,4,3342,0,1,1,NA,2,030,RT 15,WARM SPRINGS CREEK,150,N,N,A,-,Y,RIV,8,15,-,-,7.84,H,-,S,Y,3,0,1,1,A,-,03,22350,NA,N,H,A,A,A,H,-,A,D,1,NA,NA,Y,NA,Y,NA,C,02,0,1,0,0,0,0,0,0,1,-,-,NA,NA,RIVERSIDE,MURRIETA,-117.17344561,33.5378664
6911295,2015,2016-06-15,3300,2015-04-27,0655,N1673,30A2,1,5,4,3318,0,0,0,NA,0,T30,RT 111,FRED WARING DR,0,NA,Y,A,-,N,NA,NA,NA,NA,NA,NA,NA,NA,NA,Y,4,0,1,2,A,-,12,21453,A,N,D,C,A,A,H,-,A,A,0,NA,NA,NA,NA,Y,NA,A,07,0,0,1,0,0,0,0,0,0,-,-,NA,NA,RIVERSIDE,PALM DESERT,-116.4030101,33.72861008
6913652,2015,2015-05-27,3313,2015-04-03,1305,1427,EAST,5,5,7,3313,0,0,0,NA,0,B239,MARTIN LUTHER KING BL,OTTAWA AV,0,NA,Y,A,-,N,NA,NA,NA,NA,NA,NA,NA,NA,NA,Y,3,0,2,2,A,-,08,22107,NA,N,A,C,A,A,H,-,A,A,0,NA,NA,NA,NA,Y,NA,-,NA,0,1,1,0,0,0,0,0,0,-,-,NA,NA,RIVERSIDE,RIVERSIDE,-117.35286,33.96816004
6913968,2015,2015-09-29,3300,2015-04-10,1145,4540,24C3,5,5,3,3317,0,0,0,NA,0,2524,BOB HOPE DR,GINGER ROGERS RD,460,N,N,A,-,N,NA,NA,NA,NA,NA,NA,NA,NA,NA,N,4,0,1,2,A,-,03,22350,NA,N,C,C,A,A,H,-,A,A,0,NA,NA,Y,NA,Y,NA,C,02,0,0,1,0,0,0,0,0,1,-,-,NA,NA,RIVERSIDE,RANCHO MIRAGE,-116.40603,33.79567877
6914162,2015,2015-05-22,3300,2015-03-13,1816,H605,83A1,5,5,3,3305,0,0,0,NA,0,083,HARRISON ST,AVE 50,500,N,N,A,-,N,NA,NA,NA,NA,NA,NA,NA,NA,NA,Y,3,0,2,3,A,-,03,22350,NA,N,C,C,A,A,H,-,A,A,0,NA,NA,NA,NA,Y,NA,A,01,0,1,1,0,0,0,0,0,0,-,-,NA,NA,RIVERSIDE,COACHELLA,-116.18168481,33.68681658
6914166,2015,2015-05-22,3308,2015-03-21,1115,10513,536,6,5,5,3308,0,0,0,NA,0,SOUTH,JOHNSTON AV,ROMONA ST,41,W,N,A,-,N,NA,NA,NA,NA,NA,NA,NA,NA,NA,N,4,0,1,2,A,-,09,21804,A,N,D,C,A,A,H,-,A,A,0,NA,NA,NA,NA,Y,NA,A,01,0,0,1,0,0,0,0,0,0,-,-,NA,NA,RIVERSIDE,HEMET,-116.97478436,33.73298224
6914591,2015,2015-05-27,3306,2015-01-08,1731,NA,3306,4,5,3,3306,0,0,0,NA,0,NA,OCOTILLO RD,6TH ST,17,S,N,A,-,N,NA,NA,NA,NA,NA,NA,NA,NA,NA,Y,2,0,1,2,A,-,11,21954,A,N,G,B,D,A,H,-,-,A,0,Y,NA,NA,NA,Y,NA,N,60,1,0,0,0,1,0,0,0,0,-,-,NA,NA,RIVERSIDE,DESERT HOT SPRINGS,-116.49937884,33.966866949999996
6914655,2015,2015-05-21,3313,2015-04-29,0905,1026,E,3,5,7,3313,0,0,0,NA,0,T52,ALESSANDRO BL,CHICAGO AV,489,S,N,A,-,N,NA,NA,NA,NA,NA,NA,NA,NA,NA,Y,3,0,3,5,A,-,07,21658,A,N,D,C,A,A,H,-,A,A,0,NA,NA,NA,NA,Y,NA,A,07,0,2,1,0,0,0,0,0,0,-,-,NA,NA,RIVERSIDE,RIVERSIDE,-117.35374171,33.94353281
6915489,2015,2015-05-27,9840,2015-04-26,1420,12585,NA,7,2,9,3300,0,3,5,NA,2,003,RED GUM DR,CAMBERN AV,10,N,N,A,-,N,NA,NA,NA,NA,NA,NA,NA,NA,NA,Y,3,0,1,1,A,-,01,23152,A,N,E,I,A,A,H,-,A,D,0,NA,NA,NA,NA,Y,Y,D,22,0,1,0,0,0,0,0,0,0,-,-,33.69789,-117.33818,RIVERSIDE,UNINCORPORATED,-117.33833264,33.69797528
6916197,2015,2016-11-28,9840,2015-04-26,1245,018611,NA,7,1,6,3315,0,1,3,NA,2,030,RT 91,SERFAS CLUB DR,575,E,N,A,-,Y,RIV,8,91,-,R,3.84,H,-,E,Y,3,0,1,2,A,-,03,22350,NA,N,C,C,A,A,D,-,A,D,1,NA,NA,Y,NA,Y,NA,C,02,0,1,0,0,0,0,0,0,1,-,-,33.88019,-117.61083000000001,RIVERSIDE,CORONA,-117.61095743,33.88034902
6916201,2015,2016-11-28,9840,2015-04-26,1135,018611,NA,7,1,6,3315,0,1,3,NA,2,030,RT 91,WEST 6TH ST,600,E,N,A,-,Y,RIV,8,91,-,-,4.27,H,-,W,N,4,0,2,5,A,-,03,22350,NA,N,C,C,A,A,D,-,A,D,1,NA,NA,NA,NA,Y,NA,A,01,0,0,2,0,0,0,0,0,0,-,-,33.88072,-117.60093,RIVERSIDE,CORONA,-117.60168483,33.88053638
6916529,2015,2016-12-05,9840,2015-04-26,0350,019630,NA,7,3,7,3313,0,1,1,NA,2,023,RT 215,BLAINE ST,1500,N,N,B,-,Y,RIV,8,215,-,-,42.5,H,-,S,Y,4,0,2,2,A,-,03,22350,NA,N,C,C,A,A,H,-,D,D,1,NA,NA,NA,NA,Y,NA,A,01,0,0,2,0,0,0,0,0,0,-,-,33.98896,-117.34955,RIVERSIDE,RIVERSIDE,-117.34670343,33.98659101
6916533,2015,2015-05-22,9840,2015-04-30,2020,17882,NA,4,2,9,3300,0,2,4,NA,2,045,CAJALCO RD,BROWN ST,900,E,N,A,-,N,NA,NA,NA,NA,NA,NA,NA,NA,NA,N,3,0,1,2,A,-,11,21954,A,N,G,B,D,A,H,-,D,D,0,Y,NA,NA,NA,Y,Y,N,60,0,1,0,0,1,0,0,0,0,-,-,NA,NA,RIVERSIDE,UNINCORPORATED,-117.29342582,33.83716025
6916557,2015,2016-12-08,9840,2015-04-24,1830,12585,NA,5,2,6,3315,0,1,1,NA,2,034,RT 15,ONTARIO AV,600,S,N,B,-,Y,RIV,8,15,-,-,38.563,R,1,S,Y,4,0,1,3,A,-,03,22350,NA,F,C,C,A,A,H,-,A,D,1,NA,NA,NA,NA,Y,NA,A,07,0,0,1,0,0,0,0,0,0,-,-,33.84214,-117.5353,RIVERSIDE,CORONA,-117.53497314,33.8420548
6918806,2015,2016-12-07,3308,2015-04-17,0738,10525,514,5,5,5,3308,0,0,0,NA,0,SOUTH,FLORIDA AV,GOLDEN VILLAGE,0,NA,Y,A,-,Y,RIV,8,74,-,-,38.23,I,5,E,Y,4,0,2,2,A,-,12,21453,A,N,D,C,A,A,H,-,A,A,0,NA,NA,NA,NA,Y,NA,A,01,0,0,2,0,0,0,0,0,0,-,-,NA,NA,RIVERSIDE,HEMET,-117.01085724000001,33.74681002