CASE_ID,ACCIDENT_YEAR,PROC_DATE,JURIS,COLLISION_DATE,COLLISION_TIME,OFFICER_ID,REPORTING_DISTRICT,DAY_OF_WEEK,CHP_SHIFT,POPULATION,CNTY_CITY_LOC,SPECIAL_COND,BEAT_TYPE,CHP_BEAT_TYPE,CITY_DIVISION_LAPD,CHP_BEAT_CLASS,BEAT_NUMBER,PRIMARY_RD,SECONDARY_RD,DISTANCE,DIRECTION,INTERSECTION,WEATHER_1,WEATHER_2,STATE_HWY_IND,CALTRANS_COUNTY,CALTRANS_DISTRICT,STATE_ROUTE,ROUTE_SUFFIX,POSTMILE_PREFIX,POSTMILE,LOCATION_TYPE,RAMP_INTERSECTION,SIDE_OF_HWY,TOW_AWAY,COLLISION_SEVERITY,NUMBER_KILLED,NUMBER_INJURED,PARTY_COUNT,PRIMARY_COLL_FACTOR,PCF_CODE_OF_VIOL,PCF_VIOL_CATEGORY,PCF_VIOLATION,PCF_VIOL_SUBSECTION,HIT_AND_RUN,TYPE_OF_COLLISION,MVIW,PED_ACTION,ROAD_SURFACE,ROAD_COND_1,ROAD_COND_2,LIGHTING,CONTROL_DEVICE,CHP_ROAD_TYPE,PEDESTRIAN_ACCIDENT,BICYCLE_ACCIDENT,MOTORCYCLE_ACCIDENT,TRUCK_ACCIDENT,NOT_PRIVATE_PROPERTY,ALCOHOL_INVOLVED,STWD_VEHTYPE_AT_FAULT,CHP_VEHTYPE_AT_FAULT,COUNT_SEVERE_INJ,COUNT_VISIBLE_INJ,COUNT_COMPLAINT_PAIN,COUNT_PED_KILLED,COUNT_PED_INJURED,COUNT_BICYCLIST_KILLED,COUNT_BICYCLIST_INJURED,COUNT_MC_KILLED,COUNT_MC_INJURED,PRIMARY_RAMP,SECONDARY_RAMP,LATITUDE,LONGITUDE,COUNTY,CITY,POINT_X,POINT_Y
6921687,2015,2015-09-26,3300,2015-04-28,1100,5213,30E1,2,5,4,3318,0,0,0,NA,0,030,SAN PABLO AV,ALESSANDRO DR,0,NA,Y,A,-,N,NA,NA,NA,NA,NA,NA,NA,NA,NA,Y,4,0,1,2,A,-,09,21801,A,N,D,C,A,A,H,-,A,D,0,NA,NA,NA,NA,Y,NA,A,01,0,0,1,0,0,0,0,0,0,-,-,NA,NA,RIVERSIDE,PALM DESERT,-116.38252002,33.72241002
6923857,2015,2016-12-07,3300,2015-05-05,1432,N2176,501A,2,5,5,3341,0,0,0,NA,0,051,RT 74,BRIGGS RD,686,W,N,A,-,Y,RIV,8,74,-,-,30.68,H,-,E,N,4,0,1,2,A,-,03,22350,NA,N,C,D,A,A,H,-,A,A,0,NA,NA,NA,NA,Y,NA,D,22,0,0,1,0,0,0,0,0,0,-,-,NA,NA,RIVERSIDE,MENIFEE,-117.13884081,33.74312168
6926851,2015,2015-06-08,9630,2015-05-12,0719,018811,NA,2,1,9,3300,0,3,5,NA,2,002,EL CENTRO WY,ARBOL REAL,150,W,N,A,-,N,NA,NA,NA,NA,NA,NA,NA,NA,NA,Y,4,0,1,2,A,-,08,22107,NA,N,D,C,A,A,H,-,A,D,0,NA,NA,NA,NA,Y,NA,D,22,0,0,1,0,0,0,0,0,0,-,-,33.82366,-116.39078,RIVERSIDE,UNINCORPORATED,-116.39060175,33.82365512
6926979,2015,2015-06-11,3300,2015-03-16,1617,4773,905C,1,5,4,3307,0,0,0,NA,0,090,RAILROAD CANYON RD,CANYON HILLS RD,205,S,N,A,-,N,NA,NA,NA,NA,NA,NA,NA,NA,NA,Y,3,0,1,2,A,-,08,22107,NA,N,D,C,A,A,H,-,A,A,0,NA,NA,NA,NA,Y,NA,D,22,0,1,0,0,0,0,0,0,0,-,-,NA,NA,RIVERSIDE,LAKE ELSINORE,-117.26425856,33.66789116
6927831,2015,2015-06-08,3300,2015-05-06,1546,3280,910D,3,5,5,3335,0,0,0,NA,0,062,DIAZ RD,VIA DOS PICOS,0,NA,Y,A,-,N,NA,NA,NA,NA,NA,NA,NA,NA,NA,N,4,0,1,2,A,-,09,21804,A,N,D,C,A,A,H,-,A,A,0,NA,NA,NA,NA,Y,NA,A,01,0,0,1,0,0,0,0,0,0,-,-,NA,NA,RIVERSIDE,TEMECULA,-117.16044011,33.50624009
6928030,2015,2016-12-08,9840,2015-05-14,1235,13950,NA,4,1,6,3315,0,1,1,NA,2,034,RT 15,MAGNOLIA AV,1050,S,N,B,-,Y,RIV,8,15,-,-,40.07,H,-,N,Y,4,0,1,2,A,-,08,22107,NA,N,A,C,A,A,H,-,A,D,1,NA,NA,NA,Y,Y,NA,A,07,0,0,1,0,0,0,0,0,0,-,-,NA,NA,RIVERSIDE,CORONA,-117.53893276,33.86302304
6928034,2015,2016-12-19,9840,2015-05-13,0808,14868,NA,3,1,7,3313,0,1,3,NA,2,021,RT 91,ARLINGTON AV,2640,W,N,A,-,Y,RIV,8,91,-,-,17.32,H,-,E,Y,3,0,1,3,A,-,03,22350,NA,N,C,C,A,A,D,-,A,D,1,NA,NA,NA,NA,Y,NA,D,22,0,1,0,0,0,0,0,0,0,-,-,33.94205,-117.3944,RIVERSIDE,RIVERSIDE,-117.39549987,33.9413616
6928834,2015,2015-06-11,3308,2015-05-11,1934,8344,586,1,5,5,3308,0,0,0,NA,0,SOUTH,DOMENIGONI PKWY,STATE ST,79,W,N,A,-,N,NA,NA,NA,NA,NA,NA,NA,NA,NA,Y,4,0,1,2,A,-,01,23152,A,N,C,C,A,A,H,-,A,A,0,NA,NA,NA,NA,Y,Y,A,01,0,0,1,0,0,0,0,0,0,-,-,NA,NA,RIVERSIDE,HEMET,-116.97163313,33.7029648
6928961,2015,2016-12-17,9630,2015-05-09,1645,20654,NA,6,2,9,3300,0,1,3,NA,1,074,RT 74,CAHUILLA WY,21120,W,N,A,-,Y,RIV,8,74,-,-,89.14,H,-,E,Y,2,0,1,1,C,-,18,NA,NA,N,F,A,A,A,H,-,A,D,0,NA,NA,Y,NA,Y,NA,-,-,1,0,0,0,0,0,0,0,1,-,-,33.65036,-116.39474,RIVERSIDE,UNINCORPORATED,-116.39466334,33.65035071
6929734,2015,2015-05-28,9630,2015-04-29,0535,012477,NA,3,3,9,3300,0,3,5,NA,2,005,JOHNSON ST,64TH AV,1584,N,N,A,-,N,NA,NA,NA,NA,NA,NA,NA,NA,NA,Y,3,0,1,2,A,-,08,22107,NA,N,D,C,A,A,H,-,B,A,0,NA,NA,NA,NA,Y,NA,A,01,0,1,0,0,0,0,0,0,0,-,-,33.5806,-116.0616,RIVERSIDE,UNINCORPORATED,-116.06127222,33.58819664
6929742,2015,2015-05-28,9630,2015-04-30,1615,012714,NA,4,2,9,3300,0,2,4,NA,2,027,VARNER RD,BERKEY DR,8,W,N,A,-,N,NA,NA,NA,NA,NA,NA,NA,NA,NA,N,4,0,1,2,A,-,03,22350,NA,N,C,C,A,A,H,-,A,A,0,NA,NA,NA,NA,Y,NA,A,01,0,0,1,0,0,0,0,0,0,-,-,33.76182,-116.30335,RIVERSIDE,UNINCORPORATED,-116.3037857,33.76173428
6930670,2015,2016-11-28,9685,2015-05-16,1900,016113,NA,6,2,9,3300,0,1,3,NA,1,045,RT 371,WILSON VALLEY RD,5280,S,N,A,-,Y,RIV,8,371,-,-,59.32,H,-,W,Y,4,0,1,1,A,-,08,22107,NA,N,E,I,A,A,H,-,A,D,0,NA,NA,NA,NA,Y,NA,D,22,0,0,1,0,0,0,0,0,0,-,-,33.48063,-117.84576,RIVERSIDE,UNINCORPORATED,-116.84771939,33.47927808
6931389,2015,2015-06-04,3300,2015-03-27,0753,2744,002D,5,5,6,3345,0,0,0,NA,0,022,VENTURE DR,PHILADELPHIA AV,323,S,N,A,-,N,NA,NA,NA,NA,NA,NA,NA,NA,NA,N,4,0,1,2,A,-,09,21801,A,N,D,C,A,A,H,-,A,D,0,NA,NA,NA,NA,Y,NA,-,NA,0,0,1,0,0,0,0,0,0,-,-,NA,NA,RIVERSIDE,JURUPA VALLEY,-117.52938636,34.03256515
6931704,2015,2015-06-09,3300,2015-04-25,1530,N4880,36L3,6,5,4,3318,0,0,0,NA,0,T305,FRED WARING DR,FLORINE AV,0,NA,Y,A,-,N,NA,NA,NA,NA,NA,NA,NA,NA,NA,Y,2,0,3,2,A,-,09,21801,A,N,D,C,A,A,H,-,A,A,0,NA,NA,NA,NA,Y,NA,A,01,2,0,1,0,0,0,0,0,0,-,-,NA,NA,RIVERSIDE,PALM DESERT,-116.36685007,33.72898007
6932605,2015,2015-06-01,3308,2015-04-21,1923,8344,286,2,5,5,3308,0,0,0,NA,0,NORTH,PALM AV,COMMONWEALTH AV,0,NA,Y,A,-,N,NA,NA,NA,NA,NA,NA,NA,NA,NA,Y,4,0,2,2,A,-,09,21802,A,N,D,C,A,A,H,-,D,A,0,NA,NA,NA,NA,Y,NA,A,01,0,0,2,0,0,0,0,0,0,-,-,NA,NA,RIVERSIDE,HEMET,-116.98056007,33.76925007
6933995,2015,2015-06-03,3313,2015-05-14,1742,1222,C,4,5,7,3313,0,0,0,NA,0,T41,JEFFERSON ST,SYCAMORE AV,0,NA,Y,C,-,N,NA,NA,NA,NA,NA,NA,NA,NA,NA,N,3,0,1,2,A,-,05,21650,NA,N,A,C,A,B,H,-,A,D,0,NA,NA,NA,NA,Y,NA,D,22,0,1,0,0,0,0,0,0,0,-,-,NA,NA,RIVERSIDE,RIVERSIDE,-117.41975003,33.94075004
6934027,2015,2015-06-03,3309,2015-04-19,1518,180,3309,7,5,4,3309,0,0,0,NA,0,004,MONROE ST,SHADOW PALM AV,217,N,N,A,-,N,NA,NA,NA,NA,NA,NA,NA,NA,NA,N,3,0,3,4,A,-,03,22350,NA,N,C,C,A,A,H,-,A,A,0,NA,NA,NA,NA,Y,NA,A,01,0,1,2,0,0,0,0,0,0,-,-,NA,NA,RIVERSIDE,INDIO,-116.23381,33.71828367
6934031,2015,2015-06-22,3308,2015-04-13,1800,10560,506,1,5,5,3308,0,0,0,NA,0,NORTH,MENLO AV,STATE ST,476,W,N,-,-,N,NA,NA,NA,NA,NA,NA,NA,NA,NA,N,3,0,1,2,A,-,03,22350,NA,F,-,-,A,-,-,-,-,-,0,NA,NA,Y,NA,Y,NA,A,01,0,1,0,0,0,0,0,0,1,-,-,NA,NA,RIVERSIDE,HEMET,-116.97335064,33.7584
6934859,2015,2016-11-18,9630,2015-05-27,0848,018811,NA,3,1,9,3300,0,1,1,NA,2,022,RT 10 E/B,MONTEREY AV,687,E,N,A,-,Y,RIV,8,10,-,-,44.63,H,-,E,Y,4,0,1,2,A,-,08,22107,NA,N,B,C,A,A,H,-,A,D,1,NA,NA,NA,NA,Y,NA,A,01,0,0,1,0,0,0,0,0,0,-,-,33.80708,-116.38988,RIVERSIDE,UNINCORPORATED,-116.38621796,33.80527044
6938982,2015,2015-06-12,3300,2015-05-11,1343,N3546,910S,1,5,5,3335,0,0,0,NA,0,070,TEMECULA PKWY,MARGARITA RD,302,E,N,A,-,N,NA,NA,NA,NA,NA,NA,NA,NA,NA,Y,4,0,1,2,A,-,03,22350,NA,N,C,-,A,A,H,-,A,A,0,NA,NA,NA,NA,Y,NA,A,01,0,0,1,0,0,0,0,0,0,-,-,NA,NA,RIVERSIDE,TEMECULA,NA,NA
6941251,2015,2016-06-14,3300,2015-05-05,1344,3710,20D5,2,5,3,3317,0,0,0,NA,0,020,RT 111,DESERT DR,68,E,N,B,-,N,NA,NA,NA,NA,NA,NA,NA,NA,NA,N,2,0,1,1,A,-,08,22107,NA,N,F,I,A,A,H,-,A,D,0,NA,Y,NA,NA,Y,NA,L,04,1,0,0,0,0,0,1,0,0,-,-,NA,NA,RIVERSIDE,RANCHO MIRAGE,-116.40705044,33.73426804
6941398,2015,2015-06-30,3300,2015-05-14,1547,2079,920C,4,5,4,3314,0,0,0,NA,0,070,W 7TH ST,S STATE ST,20,W,N,C,-,N,NA,NA,NA,NA,NA,NA,NA,NA,NA,N,4,0,1,2,A,-,03,22350,NA,N,C,C,A,B,H,-,A,D,0,NA,NA,NA,NA,Y,NA,A,01,0,0,1,0,0,0,0,0,0,-,-,NA,NA,RIVERSIDE,SAN JACINTO,-116.97196559,33.78018972
6942292,2015,2015-06-11,3308,2015-04-05,2016,8344,295,7,5,5,3308,0,0,0,NA,0,NORTH,LYON AV,EATON AV,0,NA,Y,A,-,N,NA,NA,NA,NA,NA,NA,NA,NA,NA,Y,4,0,1,2,A,-,12,22450,A,N,D,C,A,A,H,-,D,A,0,NA,NA,NA,NA,Y,NA,A,07,0,0,1,0,0,0,0,0,0,-,-,NA,NA,RIVERSIDE,HEMET,-116.98924011,33.76555012
6943152,2015,2016-11-28,9840,2015-05-20,0850,13950,NA,3,1,6,3315,0,1,3,NA,2,311,RT 91,PROMENADE AV,20,W,N,A,-,Y,RIV,8,91,-,-,8.07,H,-,W,Y,3,0,1,2,A,-,08,22107,NA,N,C,C,A,A,D,-,A,D,1,NA,NA,Y,NA,Y,NA,C,02,0,1,0,0,0,0,0,0,1,-,-,NA,NA,RIVERSIDE,CORONA,-117.53682333,33.88354676
6943159,2015,2015-07-07,3313,2015-05-28,0516,1488,N,4,5,7,3313,0,0,0,NA,0,M20,MARY ST,INDIANA AV,0,NA,Y,A,-,N,NA,NA,NA,NA,NA,NA,NA,NA,NA,Y,4,0,1,2,A,-,12,21453,A,N,D,C,A,A,H,-,B,A,0,NA,NA,NA,NA,Y,NA,-,-,0,0,1,0,0,0,0,0,0,-,-,NA,NA,RIVERSIDE,RIVERSIDE,-117.39352003,33.9418801
6943626,2015,2015-06-29,3313,2015-05-17,1017,1773,NORTH,7,5,7,3313,0,0,0,NA,0,B119,MAIN ST,POPLAR ST,0,NA,Y,A,-,N,NA,NA,NA,NA,NA,NA,NA,NA,NA,Y,4,0,2,2,A,-,09,21802,A,N,D,C,A,A,H,-,A,A,0,NA,NA,NA,NA,Y,NA,A,01,0,0,2,0,0,0,0,0,0,-,-,NA,NA,RIVERSIDE,RIVERSIDE,-117.36776005,33.99194007
6943883,2015,2015-06-27,9655,2015-05-22,1628,17106,NA,5,2,9,3300,0,3,5,NA,2,003,YALE ST,STETSON AV,0,NA,Y,C,-,N,NA,NA,NA,NA,NA,NA,NA,NA,NA,Y,4,0,1,2,A,-,09,21802,A,N,D,C,A,B,H,-,A,A,0,NA,NA,NA,NA,Y,NA,A,01,0,0,1,0,0,0,0,0,0,-,-,33.72958,-116.94992,RIVERSIDE,UNINCORPORATED,-116.94981011,33.72950008
6945961,2015,2015-06-29,9630,2015-05-17,2236,020344,NA,7,3,9,3300,0,2,4,NA,2,025,RAMON RD,BOB HOPE DR,0,NA,Y,A,-,N,NA,NA,NA,NA,NA,NA,NA,NA,NA,N,4,0,1,2,A,-,12,21453,A,M,D,C,A,A,H,-,C,D,0,NA,NA,NA,NA,Y,Y,A,01,0,0,1,0,0,0,0,0,0,-,-,33.81587,-116.41067,RIVERSIDE,UNINCORPORATED,-116.41064,33.81639009
6946036,2015,2015-07-06,3301,2015-05-02,0124,U450,1,6,5,4,3301,0,0,0,NA,0,001,E RAMSEY,ALOLA ST,2,N,N,A,-,N,NA,NA,NA,NA,NA,NA,NA,NA,NA,Y,4,0,1,1,A,-,01,23152,E,N,E,I,A,A,H,-,C,D,0,NA,NA,NA,NA,Y,NA,A,01,0,0,1,0,0,0,0,0,0,-,-,NA,NA,RIVERSIDE,BANNING,-116.87101,33.92544
6948629,2015,2015-06-23,3313,2015-05-28,1608,1475,N,4,5,7,3313,0,0,0,NA,0,M19,CENTRAL AV,RIVERSIDE AV,628,E,N,A,-,N,NA,NA,NA,NA,NA,NA,NA,NA,NA,Y,4,0,3,2,A,-,09,21801,A,N,D,C,A,A,H,-,A,A,0,NA,NA,NA,NA,Y,NA,A,01,0,0,3,0,0,0,0,0,0,-,-,NA,NA,RIVERSIDE,RIVERSIDE,-117.38587523,33.95358
6948874,2015,2015-06-16,3313,2015-05-26,1723,0623,C,2,5,7,3313,0,0,0,NA,0,M10,INDIANA AV,MADISON ST,165,W,N,A,-,N,NA,NA,NA,NA,NA,NA,NA,NA,NA,Y,4,0,3,2,A,-,09,21804,A,N,D,C,A,A,H,-,A,D,0,NA,NA,NA,NA,Y,NA,D,22,0,0,3,0,0,0,0,0,0,-,-,NA,NA,RIVERSIDE,RIVERSIDE,-117.40481598,33.9349427
6951448,2015,2015-06-25,3300,2015-05-08,0802,3297,604E2,5,5,6,3394,0,0,0,NA,0,046,REDLANDS BL,ALESSANDRO BL,128,N,N,B,-,N,NA,NA,NA,NA,NA,NA,NA,NA,NA,Y,4,0,1,2,A,-,08,22107,NA,N,D,C,A,B,H,-,A,D,0,NA,NA,NA,NA,Y,NA,A,01,0,0,1,0,0,0,0,0,0,-,-,NA,NA,RIVERSIDE,MORENO VALLEY,-117.15671057,33.91781017
6951460,2015,2015-06-25,3300,2015-05-14,1557,2779,602D2,4,5,6,3394,0,0,0,NA,0,MV26,HEACOCK ST,FIR AV,0,NA,Y,C,-,N,NA,NA,NA,NA,NA,NA,NA,NA,NA,N,4,0,1,2,A,-,03,22350,NA,N,C,C,A,B,H,-,A,A,0,NA,NA,NA,NA,Y,NA,A,01,0,0,1,0,0,0,0,0,0,-,-,NA,NA,RIVERSIDE,MORENO VALLEY,-117.24379008,33.93539002
6952149,2015,2016-11-15,9655,2015-06-05,1435,017106,NA,5,2,9,3300,0,1,1,NA,2,206,RT 10,MAIN ST,1320,E,N,A,-,Y,RIV,8,10,-,R,19.65,H,-,E,Y,4,0,1,1,A,-,08,22107,NA,N,F,A,A,A,H,-,A,D,1,NA,NA,Y,NA,Y,NA,C,02,0,0,1,0,0,0,0,0,1,-,-,33.91943,-116.76594,RIVERSIDE,UNINCORPORATED,-116.7726467,33.91865985
6952474,2015,2016-11-22,9685,2015-05-26,1735,12752,NA,2,2,5,3335,0,1,1,NA,2,030,RT 15,RANCHO CALIFORNIA RD,2112,N,N,A,-,Y,RIV,8,15,-,-,5.33,H,-,S,Y,2,0,2,3,A,-,03,22350,NA,N,C,C,A,A,H,-,A,D,1,NA,NA,NA,NA,Y,NA,A,01,1,0,1,0,0,0,0,0,0,-,-,NA,NA,RIVERSIDE,TEMECULA,-117.15374752,33.50552568
6956247,2015,2015-07-03,3300,2015-05-27,1008,3566,32H1,3,5,4,3318,0,0,0,NA,0,MO878,PORTOLA AV,MESA VIEW DR,321,N,N,A,-,N,NA,NA,NA,NA,NA,NA,NA,NA,NA,Y,4,0,2,2,A,-,08,22107,NA,N,C,C,A,A,H,-,A,D,0,NA,NA,NA,NA,Y,NA,D,22,0,0,2,0,0,0,0,0,0,-,-,NA,NA,RIVERSIDE,PALM DESERT,-116.38562476,33.69546918
6956392,2015,2015-06-22,3300,2015-04-29,0825,N3202,011C,3,5,4,3344,0,0,0,NA,0,061,LIMONITE AV,HAMNER AV,70,W,N,A,-,N,NA,NA,NA,NA,NA,NA,NA,NA,NA,N,4,0,1,2,A,-,21,22106,NA,F,C,C,A,A,H,-,A,A,0,NA,NA,NA,NA,Y,NA,A,01,0,0,1,0,0,0,0,0,0,-,-,NA,NA,RIVERSIDE,EASTVALE,-117.55866999,33.9754192
6956904,2015,2015-06-22,3308,2015-04-03,2250,10530,537,5,5,5,3308,0,0,0,NA,0,SOUTH,WESLEY PL,SANTA FE ST,15,E,N,A,-,N,NA,NA,NA,NA,NA,NA,NA,NA,NA,Y,3,0,3,1,A,-,03,22350,NA,N,E,I,A,A,H,-,C,D,0,NA,NA,NA,NA,Y,NA,D,22,0,1,2,0,0,0,0,0,0,-,-,NA,NA,RIVERSIDE,HEMET,-116.96287083,33.73895025
6957210,2015,2015-07-03,3300,2015-06-03,0800,4987,916D,3,5,4,3312,0,0,0,NA,0,035,C ST,1ST ST,0,NA,Y,A,-,N,NA,NA,NA,NA,NA,NA,NA,NA,NA,N,4,0,1,2,A,-,09,21804,A,F,D,G,A,A,H,-,A,A,0,NA,Y,NA,NA,Y,NA,L,04,0,0,1,0,0,0,1,0,0,-,-,NA,NA,RIVERSIDE,PERRIS,-117.22980012,33.78548002
6958533,2015,2016-11-22,9655,2015-06-13,0323,018320,NA,6,3,4,3301,0,1,1,NA,2,204,RT 10,RAMSEY ST,2640,E,N,A,-,Y,RIV,8,10,-,R,15.3,H,-,E,Y,4,0,1,1,A,-,01,23152,A,N,E,I,A,A,H,-,D,D,1,NA,NA,NA,NA,Y,Y,D,22,0,0,1,0,0,0,0,0,0,-,-,33.92784,-116.846,RIVERSIDE,BANNING,-116.84312718,33.92852613
6960465,2015,2015-08-15,3300,2015-05-01,1730,4911,504C,5,5,5,3341,0,0,0,NA,0,051,MCCALL BL,BRADLEY RD,0,NA,Y,A,C,N,NA,NA,NA,NA,NA,NA,NA,NA,NA,N,4,0,1,3,A,-,03,22350,NA,N,C,C,A,A,H,-,A,A,0,NA,NA,NA,NA,Y,NA,A,01,0,0,1,0,0,0,0,0,0,-,-,NA,NA,RIVERSIDE,MENIFEE,-117.1922401,33.71520004
6962240,2015,2015-06-30,3300,2015-05-20,1517,35369,604B4,3,5,6,3394,0,0,0,NA,0,MV42,MORENO BEACH DR,BRODIAEA AV,0,NA,Y,A,-,N,NA,NA,NA,NA,NA,NA,NA,NA,NA,Y,4,0,1,2,A,-,09,21800,A,N,D,C,A,A,H,-,A,D,0,NA,NA,NA,NA,Y,NA,A,01,0,0,1,0,0,0,0,0,0,-,-,NA,NA,RIVERSIDE,MORENO VALLEY,-117.17411012,33.91372007
6963121,2015,2016-12-17,9630,2015-05-24,1216,020883,NA,7,1,9,3300,0,1,3,NA,1,074,RT 74,PALOWET DR,19008,W,N,A,-,Y,RIV,8,74,-,-,89.14,H,-,E,Y,3,0,1,1,A,-,03,22350,NA,N,F,A,A,A,H,-,A,D,0,NA,NA,Y,NA,Y,NA,C,02,0,1,0,0,0,0,0,0,1,-,-,33.6507,-116.3948,RIVERSIDE,UNINCORPORATED,-116.39466334,33.65035071
6964428,2015,2015-07-11,3300,2015-06-02,1415,N2988,602A7,2,5,6,3394,0,0,0,NA,0,022,FREDERICK ST,BAY AV,0,NA,Y,A,-,N,NA,NA,NA,NA,NA,NA,NA,NA,NA,Y,4,0,1,2,A,-,12,21453,A,N,D,C,A,A,D,-,A,D,0,NA,NA,NA,NA,Y,NA,A,07,0,0,1,0,0,0,0,0,0,-,-,NA,NA,RIVERSIDE,MORENO VALLEY,-117.26115003,33.92086006
6964453,2015,2016-12-05,9840,2015-06-04,0955,14916,NA,4,1,7,3313,0,1,1,NA,2,024,RT 215,EUCALYPTUS AV,10,S,N,B,-,Y,RIV,8,215,-,R,37.245,R,1,N,NA,4,0,1,2,A,-,03,22350,NA,N,C,C,A,A,H,-,A,A,1,NA,NA,NA,NA,Y,NA,A,01,0,0,1,0,0,0,0,0,0,-,-,33.93104,-117.28807,RIVERSIDE,RIVERSIDE,-117.2886112,33.92861994
6964454,2015,2015-07-10,9840,2015-06-02,0725,14916,NA,2,1,9,3300,0,3,5,NA,2,002,CENTER ST,HIGHLAND AV,30,E,N,A,-,N,NA,NA,NA,NA,NA,NA,NA,NA,NA,Y,4,0,1,2,A,-,03,22350,NA,N,C,C,A,A,H,-,A,D,0,NA,NA,NA,NA,Y,NA,A,01,0,0,1,0,0,0,0,0,0,-,-,NA,NA,RIVERSIDE,UNINCORPORATED,-117.3355113,34.01573
6965414,2015,2015-07-13,3300,2015-06-10,1934,3280,910D,3,5,5,3335,0,0,0,NA,0,061,VIA DOS PICOS,DIAZ RD,815,W,N,A,-,N,NA,NA,NA,NA,NA,NA,NA,NA,NA,N,3,0,1,2,A,-,03,22350,NA,N,D,E,A,A,H,-,A,D,0,NA,NA,Y,NA,Y,NA,C,02,0,1,0,0,0,0,0,0,1,-,-,NA,NA,RIVERSIDE,TEMECULA,-117.16235295,33.50468573
6965418,2015,2015-07-13,3300,2015-06-08,1828,3280,910T,1,5,5,3335,0,0,0,NA,0,070,OVERLAND TRL,VAIL RANCH PKWY,421,W,N,A,-,N,NA,NA,NA,NA,NA,NA,NA,NA,NA,N,4,0,1,1,A,-,08,22107,NA,N,E,I,A,A,H,-,A,A,0,NA,NA,NA,NA,Y,NA,A,01,0,0,1,0,0,0,0,0,0,-,-,NA,NA,RIVERSIDE,TEMECULA,-117.08828192,33.4781134
6966410,2015,2016-11-28,9840,2015-05-13,1220,12208,NA,3,1,6,3315,0,1,3,NA,2,031,RT 91,EAST GRAND BL,151,W,N,B,-,Y,RIV,8,91,-,-,6.62,H,-,W,Y,4,0,1,4,A,-,07,21658,A,N,-,C,A,A,D,-,A,D,1,NA,NA,NA,NA,Y,Y,A,01,0,0,1,0,0,0,0,0,0,-,-,NA,NA,RIVERSIDE,CORONA,-117.56133954,33.87969106
6969612,2015,2016-06-14,3300,2015-06-01,0317,4710,603,1,5,6,3394,0,0,0,NA,0,0C2,DELPHINIUM AV,LASELLE ST,200,W,N,A,-,N,NA,NA,NA,NA,NA,NA,NA,NA,NA,Y,4,0,1,3,A,-,08,22107,NA,N,A,E,A,A,H,-,C,D,0,NA,NA,NA,NA,Y,NA,A,01,0,0,1,0,0,0,0,0,0,-,-,NA,NA,RIVERSIDE,MORENO VALLEY,-117.20961705,33.90642411
6969616,2015,2016-06-14,3300,2015-06-17,0235,4710,603,3,5,6,3394,0,0,0,NA,0,0B1,INDIAN ST,SANTIAGO DR,77,N,N,A,-,N,NA,NA,NA,NA,NA,NA,NA,NA,NA,N,3,0,1,2,A,-,08,22107,NA,F,G,B,F,A,H,-,D,D,0,Y,NA,NA,NA,Y,Y,-,NA,0,1,0,0,1,0,0,0,0,-,-,NA,NA,RIVERSIDE,MORENO VALLEY,-117.23496165,33.89213093
6970083,2015,2016-06-15,3309,2015-06-07,1752,206,3309,7,5,4,3309,0,0,0,NA,0,004,RT 111,JACKALOPE TRL,10,E,N,A,-,N,NA,NA,NA,NA,NA,NA,NA,NA,NA,N,4,0,1,1,A,-,07,21658,A,N,E,I,A,A,H,-,A,A,0,NA,NA,Y,NA,Y,NA,C,02,0,0,1,0,0,0,0,0,1,-,-,NA,NA,RIVERSIDE,INDIO,NA,NA
6970187,2015,2015-07-06,9685,2015-06-15,1700,13925,NA,1,2,9,3300,0,3,5,NA,2,003,DE LUZ RD,VALPARISO LN,450,S,N,A,-,N,NA,NA,NA,NA,NA,NA,NA,NA,NA,Y,3,0,1,1,A,-,08,22107,NA,N,F,I,A,A,H,-,A,D,0,NA,NA,Y,NA,Y,NA,C,02,0,1,0,0,0,0,0,0,1,-,-,NA,NA,RIVERSIDE,UNINCORPORATED,-117.23930342,33.50207123
6970355,2015,2015-07-16,3313,2015-06-22,1142,1686,C,1,5,7,3313,0,0,0,NA,0,T58,MAGNOLIA AV,ADAMS ST,271,W,N,A,-,N,NA,NA,NA,NA,NA,NA,NA,NA,NA,N,4,0,1,2,A,-,03,22350,NA,N,C,C,A,A,D,-,A,A,0,NA,NA,NA,NA,Y,NA,D,22,0,0,1,0,0,0,0,0,0,-,-,NA,NA,RIVERSIDE,RIVERSIDE,-117.42507713,33.93263305
6970836,2015,2016-07-25,3300,2015-07-01,1242,2079,920C,3,5,4,3314,0,0,0,NA,0,070,SANDERSON AV,7TH ST,30,S,N,B,-,N,NA,NA,NA,NA,NA,NA,NA,NA,NA,N,4,0,1,2,A,-,03,22350,NA,N,C,C,A,A,-,-,A,-,0,NA,NA,NA,NA,Y,NA,A,01,0,0,1,0,0,0,0,0,0,-,-,NA,NA,RIVERSIDE,SAN JACINTO,-117.00672,33.77993784
6971360,2015,2015-10-21,3300,2015-10-11,1945,4408,916A,7,5,4,3312,0,0,0,NA,0,031,PERRIS BL,ORANGE AV,0,NA,Y,A,-,N,NA,NA,NA,NA,NA,NA,NA,NA,NA,N,2,0,1,2,A,-,12,21453,A,N,D,G,A,A,H,-,C,A,0,NA,Y,NA,NA,Y,NA,L,04,1,0,0,0,0,0,1,0,0,-,-,33.81566,-117.22599,RIVERSIDE,PERRIS,-117.22612005,33.81560002
6974207,2015,2016-11-10,9840,2015-06-12,0715,13950,NA,5,1,6,3315,0,1,1,NA,2,034,RT 15,PARKRIDGE AV,600,N,N,B,-,Y,RIV,8,15,-,-,41.96,H,-,S,Y,4,0,1,2,A,-,03,22350,NA,N,C,C,A,A,D,-,A,D,1,NA,NA,NA,NA,Y,NA,A,01,0,0,1,0,0,0,0,0,0,-,-,NA,NA,RIVERSIDE,CORONA,-117.55193404,33.88753069
6974302,2015,2015-07-07,3308,2015-05-29,1802,10380,507,5,5,5,3308,0,0,0,NA,0,NORTH,OAKLAND AV,MONTE VISTA WY,171,W,N,A,-,N,NA,NA,NA,NA,NA,NA,NA,NA,NA,Y,3,0,1,2,A,-,08,22107,NA,N,G,B,F,A,H,-,A,D,0,Y,NA,NA,NA,Y,NA,D,22,0,1,0,0,1,0,0,0,0,-,-,NA,NA,RIVERSIDE,HEMET,-116.95597058,33.75486519
6975252,2015,2015-07-13,9630,2015-06-05,1516,019228,NA,5,2,9,3300,0,2,4,NA,2,053,HARRISON ST,77TH AV,8,N,N,A,-,N,NA,NA,NA,NA,NA,NA,NA,NA,NA,Y,4,0,1,2,A,-,09,21802,A,N,D,C,A,A,H,-,A,A,0,NA,NA,NA,NA,Y,NA,D,22,0,0,1,0,0,0,0,0,0,-,-,33.49171,-116.113,RIVERSIDE,UNINCORPORATED,-116.11303951,33.49168038