CASE_ID,ACCIDENT_YEAR,PROC_DATE,JURIS,COLLISION_DATE,COLLISION_TIME,OFFICER_ID,REPORTING_DISTRICT,DAY_OF_WEEK,CHP_SHIFT,POPULATION,CNTY_CITY_LOC,SPECIAL_COND,BEAT_TYPE,CHP_BEAT_TYPE,CITY_DIVISION_LAPD,CHP_BEAT_CLASS,BEAT_NUMBER,PRIMARY_RD,SECONDARY_RD,DISTANCE,DIRECTION,INTERSECTION,WEATHER_1,WEATHER_2,STATE_HWY_IND,CALTRANS_COUNTY,CALTRANS_DISTRICT,STATE_ROUTE,ROUTE_SUFFIX,POSTMILE_PREFIX,POSTMILE,LOCATION_TYPE,RAMP_INTERSECTION,SIDE_OF_HWY,TOW_AWAY,COLLISION_SEVERITY,NUMBER_KILLED,NUMBER_INJURED,PARTY_COUNT,PRIMARY_COLL_FACTOR,PCF_CODE_OF_VIOL,PCF_VIOL_CATEGORY,PCF_VIOLATION,PCF_VIOL_SUBSECTION,HIT_AND_RUN,TYPE_OF_COLLISION,MVIW,PED_ACTION,ROAD_SURFACE,ROAD_COND_1,ROAD_COND_2,LIGHTING,CONTROL_DEVICE,CHP_ROAD_TYPE,PEDESTRIAN_ACCIDENT,BICYCLE_ACCIDENT,MOTORCYCLE_ACCIDENT,TRUCK_ACCIDENT,NOT_PRIVATE_PROPERTY,ALCOHOL_INVOLVED,STWD_VEHTYPE_AT_FAULT,CHP_VEHTYPE_AT_FAULT,COUNT_SEVERE_INJ,COUNT_VISIBLE_INJ,COUNT_COMPLAINT_PAIN,COUNT_PED_KILLED,COUNT_PED_INJURED,COUNT_BICYCLIST_KILLED,COUNT_BICYCLIST_INJURED,COUNT_MC_KILLED,COUNT_MC_INJURED,PRIMARY_RAMP,SECONDARY_RAMP,LATITUDE,LONGITUDE,COUNTY,CITY,POINT_X,POINT_Y
82089716,2023,2023-06-09,3300,2023-05-27,1832,4309,910F,6,5,5,3335,0,0,0,NA,0,062,WINCHESTER RD,RT 15 NB ONRAMP (E),130,E,N,A,-,Y,NA,NA,NA,NA,NA,NA,NA,NA,NA,N,2,0,1,1,A,-,03,22350,NA,N,H,A,A,A,H,-,A,A,0,NA,NA,Y,NA,Y,NA,C,02,1,0,0,0,0,0,0,0,1,-,-,33.52317810058594,-117.1619873046875,RIVERSIDE,TEMECULA,-117.11823272705078,33.59832763671875
82093211,2023,2023-06-14,3342,2023-06-02,745,481,329,5,5,4,3342,0,0,0,NA,0,003,STEPP RD,LINNEL LN,28,N,N,B,-,N,NA,NA,NA,NA,NA,NA,NA,NA,NA,Y,4,0,2,3,A,-,09,21801,A,F,D,C,A,A,H,-,A,D,0,NA,NA,NA,Y,Y,NA,A,07,0,0,2,0,0,0,0,0,0,-,-,33.60409927368164,-117.1671905517578,RIVERSIDE,MURRIETA,-117.16757965087892,33.604976654052734
82094089,2023,2023-06-15,3300,2023-03-17,1603,4024,905B,5,5,4,3307,0,0,0,NA,0,090,CANYON ESTATES DR,SADDLE RIDGE DR,93,W,N,A,-,N,NA,NA,NA,NA,NA,NA,NA,NA,NA,N,3,0,1,2,A,-,09,21800,A,N,D,C,A,A,H,-,A,A,0,NA,NA,NA,NA,Y,NA,D,22,0,1,0,0,0,0,0,0,0,-,-,33.666629791259766,-117.29953002929688,RIVERSIDE,LAKE ELSINORE,-117.29998016357422,33.66663360595703
82094162,2023,2023-06-15,3300,2023-05-07,1205,5553,905D,7,5,4,3307,0,0,0,NA,0,091,MISSION TRL,MALAGA RD,5998,N,N,A,-,N,NA,NA,NA,NA,NA,NA,NA,NA,NA,N,3,0,1,2,A,-,03,22350,NA,N,D,C,A,A,H,-,A,A,0,NA,NA,NA,NA,Y,NA,A,01,0,1,0,0,0,0,0,0,0,-,-,33.65245056152344,-117.29634857177734,RIVERSIDE,LAKE ELSINORE,-117.29334259033205,33.645362854003906
82094171,2023,2023-06-15,3300,2023-05-15,1139,5397,905D,1,5,4,3307,0,0,0,NA,0,091,AUTO CENTER DR,DIAMOND DR,0,NA,Y,A,-,N,NA,NA,NA,NA,NA,NA,NA,NA,NA,N,3,0,2,2,A,-,09,21801,A,N,A,C,A,A,H,-,A,A,0,NA,NA,NA,NA,Y,NA,A,07,0,2,0,0,0,0,0,0,0,-,-,33.66196823120117,-117.29955291748048,RIVERSIDE,LAKE ELSINORE,-117.29987335205078,33.660701751708984
82094196,2023,2023-06-15,3300,2023-03-30,1625,4254,804A,4,5,3,3343,0,0,0,NA,0,084,BUNDY CANYON RD,CANYON RANCH RD,0,NA,Y,B,-,N,NA,NA,NA,NA,NA,NA,NA,NA,NA,Y,3,0,1,3,A,-,03,22350,NA,N,C,C,A,B,D,-,A,D,0,NA,NA,NA,NA,Y,NA,A,01,0,1,0,0,0,0,0,0,0,-,-,33.62702178955078,-117.26497650146484,RIVERSIDE,WILDOMAR,-117.26496887207033,33.626808166503906
82094213,2023,2023-06-15,3300,2023-06-01,742,N6583,806A,4,5,3,3343,0,0,0,NA,0,086,CLINTON KEITH RD,INLAND VALLEY DR,45,E,N,A,-,N,NA,NA,NA,NA,NA,NA,NA,NA,NA,Y,4,0,2,2,A,-,12,21453,A,N,D,C,A,A,H,-,A,A,0,NA,NA,NA,NA,Y,NA,A,01,0,0,2,0,0,0,0,0,0,-,-,33.597740173339844,-117.2371063232422,RIVERSIDE,WILDOMAR,-117.23663330078124,33.59775924682617
82094224,2023,2023-08-08,3300,2023-06-09,1025,3536,604 A,5,5,6,3394,0,0,0,NA,0,MV42,NASON ST,SH-60 EBOFF/R,0,NA,Y,A,-,N,NA,NA,NA,NA,NA,NA,NA,NA,NA,Y,3,0,4,3,A,-,12,21453,A,N,D,C,A,A,H,-,A,A,0,NA,NA,NA,NA,Y,NA,-,-,0,4,0,0,0,0,0,0,0,-,-,33.93806838989258,-117.19126892089844,RIVERSIDE,MORENO VALLEY,-117.191591,33.938598
82094370,2023,2023-06-15,3349,2023-04-20,2100,615,NA,4,5,5,3341,0,0,0,NA,0,004,KELLER RD,HOWARD RD,560,E,N,A,-,N,NA,NA,NA,NA,NA,NA,NA,NA,NA,N,3,0,1,2,A,-,05,21651,B,F,G,B,E,A,A,-,D,D,0,Y,NA,NA,NA,Y,NA,A,42,0,1,0,0,1,0,0,0,0,-,-,NA,NA,RIVERSIDE,MENIFEE,-117.17808532714844,33.627010345458984
82095235,2023,2023-06-16,3300,2023-05-25,954,4111,910S,4,5,5,3335,0,0,0,NA,0,070,PECHANGA PKY,VIA EDUARDO,400,N,N,B,-,N,NA,NA,NA,NA,NA,NA,NA,NA,NA,Y,4,0,1,2,A,-,04,21703,NA,N,C,C,A,A,H,-,A,A,0,NA,NA,NA,NA,Y,NA,A,01,0,0,1,0,0,0,0,0,0,-,-,33.45970916748047,-117.10758972167967,RIVERSIDE,TEMECULA,-117.1087646484375,33.46029281616211
82096141,2023,2023-06-19,3308,2023-05-18,1527,10610,NA,4,5,5,3308,0,0,0,NA,0,NA,JOHNSTON AVE,BUENA VISTA ST,32,W,N,A,-,N,NA,NA,NA,NA,NA,NA,NA,NA,NA,N,4,0,1,2,A,-,03,22350,NA,N,C,C,A,A,H,-,A,A,0,NA,NA,NA,NA,Y,NA,A,07,0,0,1,0,0,0,0,0,0,-,-,33.73094940185547,-116.96388244628906,RIVERSIDE,HEMET,-116.96731567382813,33.733028411865234
82096152,2023,2023-06-19,3308,2023-05-24,2013,10907,526,3,5,5,3308,0,0,0,NA,0,SOUTH,FLORIDA AVE,HAMILTON AVE,0,NA,Y,A,-,Y,RIV,NA,74,NA,NA,39.959,H,NA,L,Y,3,0,1,2,A,-,09,21801,A,N,D,C,A,A,H,-,C,A,0,NA,NA,NA,NA,Y,Y,A,01,0,1,0,0,0,0,0,0,0,-,-,33.7475700378418,-116.9826431274414,RIVERSIDE,HEMET,-116.9826431274414,33.74752426147461
82099497,2023,2023-12-11,3313,2023-05-16,1335,1389,1,2,5,7,3313,0,0,0,NA,0,T53,MARKET ST,THIRD ST,0,S,Y,A,-,N,NA,NA,NA,NA,NA,NA,NA,NA,NA,N,4,0,1,4,A,-,08,22107,NA,F,B,C,A,A,H,-,A,A,0,NA,NA,NA,NA,Y,NA,A,01,0,0,1,0,0,0,0,0,0,-,-,33.98603820800781,-117.37198638916016,RIVERSIDE,RIVERSIDE,-117.37248229980467,33.98733901977539
82101360,2023,2023-06-26,3300,2023-06-09,702,5437,603 A,5,5,6,3394,0,0,0,NA,0,MV36,PERRIS BLVD,CACTUS AVE,0,NA,Y,A,-,N,NA,NA,NA,NA,NA,NA,NA,NA,NA,N,4,0,2,2,A,-,12,21453,A,N,D,C,A,A,H,-,A,A,0,NA,NA,NA,NA,Y,NA,A,01,0,0,2,0,0,0,0,0,0,-,-,33.9399299621582,-117.22644805908205,RIVERSIDE,MORENO VALLEY,-117.22633361816406,33.9100456237793
82101450,2023,2023-06-26,3300,2023-05-30,1358,6228,LA42,2,5,3,3392,0,0,0,NA,0,LA42,WASHINGTON ST,AVE 48,0,NA,Y,A,-,N,NA,NA,NA,NA,NA,NA,NA,NA,NA,Y,3,0,2,2,A,-,12,21453,A,N,D,C,A,A,H,-,A,A,0,NA,NA,NA,NA,Y,NA,A,01,0,2,0,0,0,0,0,0,0,-,-,33.69987869262695,-116.29495239257813,RIVERSIDE,LA QUINTA,-116.29496002197266,33.699851989746094
82104765,2023,2023-06-29,3300,2023-02-10,109,N4809,920A,5,5,4,3314,0,0,0,NA,0,070,RAMONA EXPY,SANDERSON AVE (W),0,NA,Y,A,-,N,NA,NA,NA,NA,NA,NA,NA,NA,NA,Y,4,0,1,2,A,-,03,22350,NA,N,C,C,A,A,H,-,C,A,0,NA,NA,NA,NA,Y,NA,A,01,0,0,1,0,0,0,0,0,0,-,-,33.82381057739258,-117.00692749023438,RIVERSIDE,SAN JACINTO,-117.00359344482422,33.82354736328125
82104778,2023,2023-06-29,3300,2023-06-26,1213,6236,920F,1,5,4,3314,0,0,0,NA,0,074,ESPLANADE AVE,EOF SAN JACINTO AVE,275,E,N,A,-,N,NA,NA,NA,NA,NA,NA,NA,NA,NA,N,4,0,3,2,A,-,09,21804,A,N,D,C,A,A,H,-,A,A,0,NA,NA,NA,NA,Y,NA,A,08,0,0,3,0,0,0,0,0,0,-,-,NA,NA,RIVERSIDE,SAN JACINTO,-116.95880889892578,33.77299118041992
82106653,2023,2023-06-30,3300,2023-06-10,1414,N5791,012C,6,5,4,3344,0,0,0,NA,0,065,CITRUS ST,GRANJA VISTA DEL RIO,164,W,N,A,-,N,NA,NA,NA,NA,NA,NA,NA,NA,NA,Y,4,0,4,2,A,-,03,22350,NA,N,C,C,A,A,H,-,A,A,0,NA,NA,NA,NA,Y,NA,A,07,0,0,4,0,0,0,0,0,0,-,-,33.951499938964844,-117.57080841064452,RIVERSIDE,EASTVALE,-117.5715103149414,33.95177459716797
82108021,2023,2023-07-03,3306,2023-06-23,2026,2877,NA,5,5,3,3306,0,0,0,NA,0,NA,HACIENDA AVE,CACTUS DR,0,NA,Y,A,-,N,NA,NA,NA,NA,NA,NA,NA,NA,NA,N,4,0,1,3,A,-,09,21802,A,N,D,C,A,A,H,-,C,A,0,NA,NA,NA,NA,Y,NA,A,01,0,0,1,0,0,0,0,0,0,-,-,33.95417022705078,-116.50570678710938,RIVERSIDE,DESERT HOT SPRINGS,-116.50569152832033,33.954139709472656
82108086,2022,2023-07-03,3313,2022-10-21,0250,1996,3,5,5,7,3313,0,0,0,NA,0,1R31,EASTRIDGE AVE,I 215 SB OFF/R (E),0,NA,Y,A,-,N,NA,NA,NA,NA,NA,NA,NA,NA,NA,Y,3,0,1,2,A,-,12,21453,A,F,D,C,A,A,H,-,C,A,0,NA,NA,NA,Y,Y,NA,A,07,0,1,0,0,0,0,0,0,0,-,-,33.92934036254883,-117.28868865966795,RIVERSIDE,RIVERSIDE,-117.2890625,33.93140411376953
82109265,2023,2023-07-04,3313,2023-06-16,2352,2100,4,5,5,7,3313,0,0,0,NA,0,1R47,DIANA AVE,PARK SIERRA DR,0,NA,Y,A,-,N,NA,NA,NA,NA,NA,NA,NA,NA,NA,Y,3,0,2,2,A,-,12,22450,A,N,D,C,A,A,H,-,C,A,0,NA,NA,NA,NA,Y,NA,A,01,0,1,1,0,0,0,0,0,0,-,-,33.90121078491211,-117.46929168701172,RIVERSIDE,RIVERSIDE,-117.46936798095705,33.9013786315918
82109457,2023,2023-07-05,3308,2023-06-01,1314,10610,NA,4,5,5,3308,0,0,0,NA,0,NORTH,FLORIDA AVE,PROMENADE DR,0,NA,Y,A,-,Y,NA,NA,NA,NA,NA,NA,NA,NA,NA,Y,3,0,3,2,A,-,12,21453,A,N,D,C,A,A,H,-,A,A,0,NA,NA,NA,NA,Y,NA,A,01,0,3,0,0,0,0,0,0,0,-,-,NA,NA,RIVERSIDE,HEMET,NA,NA
82110323,2023,2023-07-06,3300,2023-06-04,1300,6038,916A,7,5,4,3312,0,0,0,NA,0,031,FRONTAGE RD E,PLACENTIA AV,0,NA,Y,A,-,N,NA,NA,NA,NA,NA,NA,NA,NA,NA,N,3,0,1,2,A,-,09,21801,A,N,A,C,A,A,H,-,A,A,0,NA,NA,NA,NA,Y,NA,A,01,0,1,0,0,0,0,0,0,0,-,-,33.82320022583008,-117.23931121826172,RIVERSIDE,PERRIS,-117.2391357421875,33.82307052612305
82110484,2023,2023-07-06,3315,2023-06-15,1803,001642,8A,4,5,6,3315,0,0,0,NA,0,004,GREEN RIVER RD,DOMINGUEZ RANCH RD,309,E,N,A,-,N,NA,NA,NA,NA,NA,NA,NA,NA,NA,Y,3,0,1,2,A,-,08,22107,NA,F,B,C,A,A,H,-,A,D,0,NA,NA,NA,NA,Y,NA,D,22,0,1,0,0,0,0,0,0,0,-,-,NA,NA,RIVERSIDE,CORONA,-117.64939880371094,33.87888717651367
82111366,2023,2023-07-07,3300,2023-07-05,1852,5680,604 A,3,5,6,3394,0,0,0,NA,0,MV42,BANTA PL,BERNARD CT,0,NA,Y,A,-,N,NA,NA,NA,NA,NA,NA,NA,NA,NA,N,3,0,1,2,A,-,11,21954,A,N,G,B,D,A,H,-,B,D,0,Y,NA,NA,NA,Y,NA,N,60,0,1,0,0,1,0,0,0,0,-,-,33.93230056762695,-117.2079620361328,RIVERSIDE,MORENO VALLEY,-117.20806121826172,33.93230438232422
82111390,2023,2023-07-07,3300,2023-06-30,56,N7633,36M4,5,5,4,3318,0,0,0,NA,0,1T394,FRED WARING DR,COOK ST,24,E,N,A,-,N,NA,NA,NA,NA,NA,NA,NA,NA,NA,N,4,0,2,2,A,-,11,21461,5,N,D,C,A,A,H,-,C,A,0,NA,NA,NA,NA,Y,Y,A,01,0,0,2,0,0,0,0,0,0,-,-,33.728858947753906,-116.35630035400392,RIVERSIDE,PALM DESERT,-116.35620880126952,33.728858947753906
82113500,2023,2023-07-11,3300,2023-06-29,1948,6164,001F,4,5,6,3345,0,0,0,NA,0,012,VALLEY WY,37TH ST,0,NA,Y,A,-,N,NA,NA,NA,NA,NA,NA,NA,NA,NA,Y,3,0,3,2,A,-,09,21802,A,N,D,C,A,A,H,-,A,D,0,NA,NA,NA,NA,Y,NA,D,22,0,3,0,0,0,0,0,0,0,-,-,34.01240158081055,-117.43234252929688,RIVERSIDE,JURUPA VALLEY,-117.4323272705078,34.01264572143555
82113610,2023,2023-07-11,3313,2023-03-23,1918,2023,5,4,5,7,3313,0,0,0,NA,0,3R50,VAN BUREN BLVD,CALIFORNIA AVE,370,N,N,A,-,N,NA,NA,NA,NA,NA,NA,NA,NA,NA,N,3,0,1,2,A,-,12,21453,A,N,D,C,A,A,H,-,B,A,0,NA,NA,NA,NA,Y,NA,A,01,0,1,0,0,0,0,0,0,0,-,-,33.926658630371094,-117.45171356201172,RIVERSIDE,RIVERSIDE,-117.4524383544922,33.92740249633789
82114553,2023,2023-07-12,3311,2023-06-18,350,16409,NA,7,5,4,3311,0,0,0,NA,0,006,SATURMINO DRIVE,CALLE LILETA,110,S,N,A,-,N,NA,NA,NA,NA,NA,NA,NA,NA,NA,Y,3,0,1,2,A,-,03,22350,NA,N,A,E,A,A,H,-,D,D,0,NA,NA,NA,NA,Y,NA,A,01,0,1,0,0,0,0,0,0,0,-,-,33.82057189941406,-116.52626037597656,RIVERSIDE,PALM SPRINGS,-116.5261688232422,33.82046890258789
82114558,2023,2023-07-12,3311,2023-06-24,2107,16344,NA,6,5,4,3311,0,0,0,NA,0,006,MESQUITE AVENUE,VELLA ROAD,365,E,N,A,-,N,NA,NA,NA,NA,NA,NA,NA,NA,NA,Y,3,0,1,2,A,-,01,23153,G,N,A,C,A,A,H,-,C,D,0,NA,NA,NA,NA,Y,Y,D,22,0,1,0,0,0,0,0,0,0,-,-,33.80860900878906,-116.49738311767578,RIVERSIDE,PALM SPRINGS,-116.49615478515624,33.808589935302734
82114693,2023,2023-07-12,3349,2023-07-08,1857,622,NA,6,5,5,3341,0,0,0,NA,0,004,LA PIEDRA RD,TOWN CENTER DR,0,NA,Y,A,-,N,NA,NA,NA,NA,NA,NA,NA,NA,NA,Y,3,0,2,2,A,-,12,21453,A,N,D,C,A,A,H,-,A,A,0,NA,NA,NA,NA,Y,NA,A,01,0,1,1,0,0,0,0,0,0,-,-,33.67757034301758,-117.18006896972656,RIVERSIDE,MENIFEE,-117.17996978759766,33.67765808105469
82120358,2023,2023-07-19,3300,2023-07-11,920,N4544,604 B,2,5,6,3394,0,0,0,NA,0,MV42,EUCALYPTUS AVE,FELDSPAR DR,0,NA,Y,A,-,N,NA,NA,NA,NA,NA,NA,NA,NA,NA,Y,3,0,3,2,A,-,12,21453,A,N,A,C,A,A,D,-,A,A,0,NA,NA,NA,NA,Y,NA,A,01,0,3,0,0,0,0,0,0,0,-,-,33.936248779296875,-117.1852798461914,RIVERSIDE,MORENO VALLEY,-117.18545532226563,33.93669509887695
82120359,2023,2023-07-19,3300,2023-07-12,2015,4867,602 D,3,5,6,3394,0,0,0,NA,0,MV26,BAY AVE,FAIRFIELD DR,0,NA,Y,A,-,N,NA,NA,NA,NA,NA,NA,NA,NA,NA,Y,3,0,1,2,A,-,03,22350,NA,N,D,C,A,A,H,-,C,D,0,NA,NA,Y,NA,Y,NA,C,02,0,1,0,0,0,0,0,0,1,-,-,33.92084884643555,-117.23777770996094,RIVERSIDE,MORENO VALLEY,-117.23780059814452,33.920902252197266
82120401,2023,2023-07-19,3311,2023-06-30,1842,16404,NA,5,5,4,3311,0,0,0,NA,0,006,SR 111 (GENE AUTRY TRAIL),MISSION DRIVE,33,E,N,A,-,Y,NA,NA,NA,NA,NA,NA,NA,NA,NA,Y,3,0,1,1,A,-,07,21658,A,N,E,I,A,A,H,-,B,A,0,NA,NA,NA,NA,Y,NA,A,07,0,1,0,0,0,0,0,0,0,-,-,33.81977081298828,-116.4941864013672,RIVERSIDE,PALM SPRINGS,-116.49373626708984,33.8199348449707
82130424,2023,2023-07-28,3313,2023-06-19,1229,1783,5,1,5,7,3313,0,0,0,NA,0,M18,MAGNOLIA AV,FILLMORE ST,0,NA,Y,A,-,N,NA,NA,NA,NA,NA,NA,NA,NA,NA,Y,4,0,2,2,A,-,12,21453,A,N,D,C,A,A,H,-,A,A,0,NA,NA,NA,NA,Y,NA,A,08,0,0,2,0,0,0,0,0,0,-,-,NA,NA,RIVERSIDE,RIVERSIDE,-117.48358917236328,33.89918518066406
82133703,2023,2023-08-02,3300,2023-07-25,1555,6243,603 A,2,5,6,3394,0,0,0,NA,0,MV32,PERRIS BLVD,DELPHINIUM AVE,75,S,N,A,-,N,NA,NA,NA,NA,NA,NA,NA,NA,NA,Y,3,0,1,2,A,-,08,22107,NA,N,C,C,A,A,H,-,A,D,0,NA,NA,NA,NA,Y,NA,A,01,0,1,0,0,0,0,0,0,0,-,-,33.936309814453125,-117.22648620605467,RIVERSIDE,MORENO VALLEY,-117.2262954711914,33.906192779541016
82135796,2023,2023-08-04,3300,2023-07-20,1925,N4187,916C,4,5,4,3312,0,0,0,NA,0,034,4TH ST,A ST,0,NA,Y,A,-,N,NA,NA,NA,NA,NA,NA,NA,NA,NA,N,4,0,1,2,D,-,00,NA,NA,N,D,C,A,A,H,-,B,A,0,NA,NA,NA,NA,Y,NA,-,-,0,0,1,0,0,0,0,0,0,-,-,33.782379150390625,-117.2347412109375,RIVERSIDE,PERRIS,-117.23476409912108,33.782344818115234
82136009,2023,2023-08-04,3315,2023-08-01,1647,004425,11A,2,5,6,3315,0,0,0,NA,0,002,PROMENADE AV,RICHEY ST,180,W,N,A,-,N,NA,NA,NA,NA,NA,NA,NA,NA,NA,Y,4,0,2,2,A,-,03,22350,NA,N,C,C,A,A,H,-,A,D,0,NA,NA,NA,NA,Y,NA,A,01,0,0,2,0,0,0,0,0,0,-,-,33.89297103881836,-117.51895141601563,RIVERSIDE,CORONA,-117.5195541381836,33.892616271972656
82137088,2023,2023-08-07,3300,2023-07-29,317,5783,901B,6,5,4,3310,0,0,0,NA,0,050,CRESTVIEW DR,6TH ST,286,S,N,A,-,N,NA,NA,NA,NA,NA,NA,NA,NA,NA,N,4,0,1,1,A,-,01,23152,A,N,E,I,A,A,H,-,C,A,0,NA,NA,NA,NA,Y,Y,D,22,0,0,1,0,0,0,0,0,0,-,-,33.93830871582031,-117.52391815185548,RIVERSIDE,NORCO,-117.52385711669922,33.937625885009766
82139233,2023,2023-08-09,3311,2023-07-23,1521,16404,NA,7,5,4,3311,0,0,0,NA,0,003,RAMON ROAD,CALLE EL SEGUNDO,0,NA,Y,A,-,N,NA,NA,NA,NA,NA,NA,NA,NA,NA,N,3,0,1,2,A,-,05,21650,1,N,D,G,A,A,H,-,A,A,0,NA,Y,NA,NA,Y,NA,L,04,0,1,0,0,0,0,1,0,0,-,-,33.81584167480469,-116.54186248779295,RIVERSIDE,PALM SPRINGS,-116.54186248779295,33.815860748291016
82140207,2023,2023-08-10,3300,2023-07-23,1647,6225,002,7,5,6,3345,0,0,0,NA,0,020,MISSION BL,PEDLEY RD,25,W,N,B,-,N,NA,NA,NA,NA,NA,NA,NA,NA,NA,N,4,0,1,2,A,-,03,22350,NA,N,C,C,A,A,H,-,A,A,0,NA,NA,NA,NA,Y,NA,A,07,0,0,1,0,0,0,0,0,0,-,-,34.010528564453125,-117.47438049316406,RIVERSIDE,JURUPA VALLEY,-117.47552490234376,34.01179122924805
82142569,2023,2023-08-14,3315,2023-07-02,1255,004346,8E,7,5,6,3315,0,0,0,NA,0,004,SERFAS CLUB DR,GREEN RIVER RD,9,N,N,A,-,N,NA,NA,NA,NA,NA,NA,NA,NA,NA,N,3,0,2,3,A,-,10,21950,A,N,G,B,B,A,H,-,A,A,0,Y,NA,NA,NA,Y,NA,A,07,0,2,0,0,2,0,0,0,0,-,-,33.870059967041016,-117.6216278076172,RIVERSIDE,CORONA,-117.62151336669922,33.87010955810547
82142571,2023,2023-08-14,3315,2023-07-15,1705,003434,11A,6,5,6,3315,0,0,0,NA,0,002,CLEAR SPRINGS DR,STEVEN DR,0,NA,Y,A,-,N,NA,NA,NA,NA,NA,NA,NA,NA,NA,Y,3,0,2,1,A,-,03,22350,NA,N,E,I,A,A,H,-,A,D,0,NA,NA,NA,NA,Y,NA,A,01,0,2,0,0,0,0,0,0,0,-,-,33.89794921875,-117.5231704711914,RIVERSIDE,CORONA,-117.52308654785156,33.89788818359375
82142576,2023,2023-08-14,3315,2023-08-12,1455,003128,NA,6,5,6,3315,0,0,0,NA,0,NA,MERRILL ST,SIXTH ST,0,NA,Y,A,-,N,NA,NA,NA,NA,NA,NA,NA,NA,NA,N,3,0,1,2,A,-,03,22350,NA,N,D,G,A,A,H,-,A,A,0,NA,Y,NA,NA,Y,NA,L,04,0,1,0,0,0,0,1,0,0,-,-,33.875858306884766,-117.57138061523438,RIVERSIDE,CORONA,-117.5713348388672,33.87592697143555
82144736,2023,2023-08-16,3300,2023-06-27,1503,5237,NA,2,5,6,3315,0,0,0,NA,0,NA,TEMESCAL CANYON RD,CAJALCO RD,0,NA,Y,A,-,N,NA,NA,NA,NA,NA,NA,NA,NA,NA,Y,3,0,1,2,A,-,03,22350,NA,N,D,C,A,A,H,-,A,A,0,NA,NA,NA,NA,Y,NA,A,01,0,1,0,0,0,0,0,0,0,-,-,NA,NA,RIVERSIDE,CORONA,-117.51039886474608,33.82387161254883
82144761,2023,2023-08-16,3300,2023-08-07,1630,4867,603 A,1,5,6,3394,0,0,0,NA,0,MV32,BRANDT DR,BRODIAEA AVE,0,NA,Y,A,-,N,NA,NA,NA,NA,NA,NA,NA,NA,NA,Y,3,0,2,2,A,-,09,21802,A,N,D,C,A,A,H,-,A,A,0,NA,NA,NA,NA,Y,NA,A,01,0,2,0,0,0,0,0,0,0,-,-,33.91358947753906,-117.23771667480467,RIVERSIDE,MORENO VALLEY,-117.23764038085938,33.91362762451172
82144789,2023,2023-08-16,3300,2023-03-04,1806,5730,32C3,6,5,4,3318,0,0,0,NA,0,T32,CALLIANDRA ST,CALICO CACTUS LN,0,NA,Y,A,-,N,NA,NA,NA,NA,NA,NA,NA,NA,NA,Y,1,1,0,2,A,-,01,23152,A,N,G,B,E,A,H,-,B,D,0,Y,NA,NA,NA,Y,Y,D,22,0,0,0,1,0,0,0,0,0,-,-,33.703250885009766,-116.38726806640624,RIVERSIDE,PALM DESERT,-116.38720703125,33.703189849853516
82145908,2023,2023-08-17,3308,2023-05-21,248,10874,516,7,5,5,3308,0,0,0,NA,0,NORTH,STATE ST,FLORIDA AVE,278,N,N,B,-,N,NA,NA,NA,NA,NA,NA,NA,NA,NA,Y,3,0,1,1,A,-,03,22350,NA,N,E,I,A,A,H,-,C,A,0,NA,NA,NA,NA,Y,NA,A,01,0,1,0,0,0,0,0,0,0,-,-,33.745548248291016,-116.96829223632813,RIVERSIDE,HEMET,-116.97168731689452,33.74753952026367
82145916,2023,2023-08-17,3308,2023-07-04,807,10899,514,2,5,5,3308,0,0,0,NA,0,NORTH,DEVONSHIRE AVE,MYERS ST,13,W,N,A,-,N,NA,NA,NA,NA,NA,NA,NA,NA,NA,Y,2,0,1,1,A,-,03,22350,NA,N,E,I,A,A,H,-,A,A,0,NA,NA,NA,NA,Y,NA,A,01,1,0,0,0,0,0,0,0,0,-,-,33.749168395996094,-117.02069091796876,RIVERSIDE,HEMET,-117.0241928100586,33.750911712646484
82146074,2023,2023-08-17,3313,2023-05-18,454,1741,2,4,5,7,3313,0,0,0,NA,0,1R23,ARLINGTON AVE,DURANGO RD,0,NA,Y,A,-,N,NA,NA,NA,NA,NA,NA,NA,NA,NA,Y,1,1,0,2,A,-,08,22107,NA,N,B,C,A,A,H,-,C,A,0,NA,NA,NA,NA,Y,NA,A,01,0,0,0,0,0,0,0,0,0,-,-,33.94636154174805,-117.37914276123048,RIVERSIDE,RIVERSIDE,-117.37918853759766,33.9463996887207
82146941,2023,2023-08-18,3300,2023-08-15,845,4237,916D,2,5,4,3312,0,0,0,NA,0,035,ETHANAC RD,I 215 SB ONRP,204,W,N,A,-,N,NA,NA,NA,NA,NA,NA,NA,NA,NA,N,4,0,1,2,A,-,03,22350,NA,N,C,C,A,A,H,-,A,A,0,NA,NA,NA,NA,Y,NA,A,01,0,0,1,0,0,0,0,0,0,-,-,33.743160247802734,-117.19058227539063,RIVERSIDE,PERRIS,-117.19010162353516,33.742984771728516