CASE_ID,ACCIDENT_YEAR,PROC_DATE,JURIS,COLLISION_DATE,COLLISION_TIME,OFFICER_ID,REPORTING_DISTRICT,DAY_OF_WEEK,CHP_SHIFT,POPULATION,CNTY_CITY_LOC,SPECIAL_COND,BEAT_TYPE,CHP_BEAT_TYPE,CITY_DIVISION_LAPD,CHP_BEAT_CLASS,BEAT_NUMBER,PRIMARY_RD,SECONDARY_RD,DISTANCE,DIRECTION,INTERSECTION,WEATHER_1,WEATHER_2,STATE_HWY_IND,CALTRANS_COUNTY,CALTRANS_DISTRICT,STATE_ROUTE,ROUTE_SUFFIX,POSTMILE_PREFIX,POSTMILE,LOCATION_TYPE,RAMP_INTERSECTION,SIDE_OF_HWY,TOW_AWAY,COLLISION_SEVERITY,NUMBER_KILLED,NUMBER_INJURED,PARTY_COUNT,PRIMARY_COLL_FACTOR,PCF_CODE_OF_VIOL,PCF_VIOL_CATEGORY,PCF_VIOLATION,PCF_VIOL_SUBSECTION,HIT_AND_RUN,TYPE_OF_COLLISION,MVIW,PED_ACTION,ROAD_SURFACE,ROAD_COND_1,ROAD_COND_2,LIGHTING,CONTROL_DEVICE,CHP_ROAD_TYPE,PEDESTRIAN_ACCIDENT,BICYCLE_ACCIDENT,MOTORCYCLE_ACCIDENT,TRUCK_ACCIDENT,NOT_PRIVATE_PROPERTY,ALCOHOL_INVOLVED,STWD_VEHTYPE_AT_FAULT,CHP_VEHTYPE_AT_FAULT,COUNT_SEVERE_INJ,COUNT_VISIBLE_INJ,COUNT_COMPLAINT_PAIN,COUNT_PED_KILLED,COUNT_PED_INJURED,COUNT_BICYCLIST_KILLED,COUNT_BICYCLIST_INJURED,COUNT_MC_KILLED,COUNT_MC_INJURED,PRIMARY_RAMP,SECONDARY_RAMP,LATITUDE,LONGITUDE,COUNTY,CITY,POINT_X,POINT_Y
82147172,2023,2023-08-18,3349,2023-08-07,1602,399,NA,1,5,5,3341,0,0,0,NA,0,003,SCOTT RD,BREIGHTON WOOD ST,35,S,N,A,-,N,NA,NA,NA,NA,NA,NA,NA,NA,NA,N,3,0,1,2,A,-,09,21801,A,N,A,C,A,A,H,-,A,A,0,NA,NA,NA,NA,Y,NA,D,22,0,1,0,0,0,0,0,0,0,-,-,NA,NA,RIVERSIDE,MENIFEE,-117.14968872070313,33.6414794921875
82147186,2023,2023-08-18,3313,2023-08-01,1810,2157,4,2,5,7,3313,0,0,0,NA,0,T43,DOYLE ST,INDIANA AVE,525,S,N,A,-,Y,NA,NA,NA,NA,NA,NA,NA,NA,NA,Y,3,0,1,2,A,-,09,21804,A,N,A,G,A,A,H,-,A,D,0,NA,Y,NA,NA,Y,NA,L,04,0,1,0,0,0,0,1,0,0,-,-,33.9245491027832,-117.42196655273438,RIVERSIDE,RIVERSIDE,-117.42060089111328,33.92424774169922
82147998,2023,2023-08-21,3313,2023-06-02,725,1641,5,5,5,7,3313,0,0,0,NA,0,T55,DIANA AVE,BANBURY DR,480,W,N,B,-,N,NA,NA,NA,NA,NA,NA,NA,NA,NA,Y,3,0,2,2,A,-,09,21804,A,N,D,C,A,A,H,-,A,D,0,NA,NA,NA,NA,Y,NA,A,01,0,1,1,0,0,0,0,0,0,-,-,33.90470886230469,-117.46070861816406,RIVERSIDE,RIVERSIDE,-117.46215057373048,33.90372848510742
82148025,2023,2023-08-21,3313,2023-08-04,1605,1830,5,5,5,7,3313,0,0,0,NA,0,T41,VAN BUREN BLVD,CANYON RIDGE RD,0,NA,Y,A,-,N,NA,NA,NA,NA,NA,NA,NA,NA,NA,Y,4,0,1,2,A,-,12,21453,A,N,D,C,A,A,H,-,A,D,0,NA,NA,NA,NA,Y,NA,A,01,0,0,1,0,0,0,0,0,0,-,-,33.887699127197266,-117.41252136230467,RIVERSIDE,RIVERSIDE,-117.41243743896484,33.88786315917969
82149284,2023,2023-08-22,3300,2023-07-02,2037,5680,603 D,7,5,6,3394,0,0,0,NA,0,MV38,LASSELLE ST,COLLEGE DR,0,NA,Y,A,-,N,NA,NA,NA,NA,NA,NA,NA,NA,NA,Y,3,0,1,2,A,-,01,23152,A,N,C,C,A,A,H,-,C,A,0,NA,NA,NA,NA,Y,Y,A,01,0,1,0,0,0,0,0,0,0,-,-,33.886959075927734,-117.2056884765625,RIVERSIDE,MORENO VALLEY,-117.2052993774414,33.88698959350586
82151877,2023,2023-08-24,3308,2023-06-17,1627,10877,515,6,5,5,3308,0,0,0,NA,0,NORTH,KIRBY ST,DEVONSHIRE AVE,0,NA,Y,-,-,N,NA,NA,NA,NA,NA,NA,NA,NA,NA,Y,3,0,1,2,A,-,09,21453,C,N,B,C,A,A,H,-,A,A,0,NA,NA,NA,NA,Y,NA,A,01,0,1,0,0,0,0,0,0,0,-,-,33.75115966796875,-116.99788665771484,RIVERSIDE,HEMET,-116.99783325195313,33.75101852416992
82153861,2023,2023-08-25,3300,2023-07-12,926,3536,601 E,3,5,6,3394,0,0,0,NA,0,MV16,PERRIS BLVD,FRAN LOU DR,63,S,N,A,-,N,NA,NA,NA,NA,NA,NA,NA,NA,NA,Y,4,0,1,1,A,-,01,23152,F,N,E,I,A,A,H,-,A,D,0,NA,NA,NA,NA,Y,NA,A,01,0,0,1,0,0,0,0,0,0,-,-,33.957820892333984,-117.22608947753906,RIVERSIDE,MORENO VALLEY,-117.22653198242188,33.95778274536133
82154041,2023,2023-08-25,3315,2023-08-11,1537,003134,10D,5,5,6,3315,0,0,0,NA,0,002,MAGNOLIA AV,TEMESCAL ST (S),70,E,N,A,-,N,NA,NA,NA,NA,NA,NA,NA,NA,NA,Y,3,0,2,3,A,-,01,23152,A,N,C,C,A,A,H,-,A,A,0,NA,NA,NA,NA,Y,Y,A,07,0,1,1,0,0,0,0,0,0,-,-,33.8725700378418,-117.52825927734376,RIVERSIDE,CORONA,-117.52822875976563,33.87438201904297
82155104,2023,2023-09-04,3313,2023-05-21,14,1960,4,7,5,7,3313,0,0,0,NA,0,1R41,INDIANA AVE,MADISON ST,0,NA,Y,A,-,N,NA,NA,NA,NA,NA,NA,NA,NA,NA,N,1,1,1,2,A,-,08,22100,A,F,D,C,A,A,H,-,C,A,0,NA,NA,Y,NA,Y,NA,A,01,1,0,0,0,0,0,0,1,1,-,-,33.93415069580078,-117.40463256835938,RIVERSIDE,RIVERSIDE,-117.40437316894533,33.935203552246094
82157882,2023,2023-08-30,3300,2023-02-03,1525,5162,002,5,5,6,3345,0,0,0,NA,0,024,LIMONITE AV,EL PALOMINO DR,100,E,N,A,-,N,NA,NA,NA,NA,NA,NA,NA,NA,NA,Y,4,0,2,4,A,-,01,23152,A,N,C,C,A,A,H,-,A,A,0,NA,NA,NA,NA,Y,Y,A,01,0,0,2,0,0,0,0,0,0,-,-,33.97829055786133,-117.45854949951172,RIVERSIDE,JURUPA VALLEY,-117.45824432373048,33.97843551635742
82160336,2023,2023-09-01,3300,2023-08-05,1321,N6910,001F,6,5,6,3345,0,0,0,NA,0,012,VALLEY WY,GRANITE HILL DR,76,N,N,A,-,N,NA,NA,NA,NA,NA,NA,NA,NA,NA,N,4,0,1,3,A,-,09,21804,A,N,C,C,A,A,H,-,A,A,0,NA,NA,NA,NA,Y,NA,A,07,0,0,1,0,0,0,0,0,0,-,-,34.01189041137695,-117.43324279785156,RIVERSIDE,JURUPA VALLEY,-117.43294525146484,34.012271881103516
82161598,2023,2023-09-04,3300,2023-07-17,530,5910,LA41,1,5,3,3392,0,0,0,NA,0,LA41,HWY 111,WASHINGTON ST,0,NA,Y,A,-,N,NA,NA,NA,NA,NA,NA,NA,NA,NA,Y,3,0,1,2,A,-,09,21453,C,N,D,C,A,A,H,-,B,A,0,NA,NA,NA,NA,Y,NA,D,22,0,1,0,0,0,0,0,0,0,-,-,33.71514892578125,-116.29502868652344,RIVERSIDE,LA QUINTA,-116.29499053955078,33.71527862548828
82164003,2023,2023-09-07,3300,2023-08-27,1911,N6297,910G,7,5,5,3335,0,0,0,NA,0,062,MARGARITA RD,CARA WY,0,NA,Y,A,-,N,NA,NA,NA,NA,NA,NA,NA,NA,NA,N,4,0,2,2,A,-,09,21804,A,N,D,C,A,A,H,-,B,D,0,NA,NA,NA,NA,Y,NA,A,01,0,0,2,0,0,0,0,0,0,-,-,33.51361846923828,-117.1479721069336,RIVERSIDE,TEMECULA,-117.14791870117188,33.5136604309082
82166165,2023,2023-09-11,3311,2023-08-01,1626,16322,NA,2,5,4,3311,0,0,0,NA,0,001,RACQUET CLUB ROAD,SR 111 (PALM CANYON DRIVE N),35,E,N,A,-,N,NA,NA,NA,NA,NA,NA,NA,NA,NA,N,4,0,1,2,A,-,03,22350,NA,N,C,C,A,A,H,-,A,A,0,NA,NA,NA,NA,Y,NA,A,07,0,0,1,0,0,0,0,0,0,-,-,33.851810455322266,-116.55168914794922,RIVERSIDE,PALM SPRINGS,-116.5513916015625,33.85211944580078
82166263,2023,2023-09-11,3315,2023-08-31,2219,004192,13D,4,5,6,3315,0,0,0,NA,0,003,ONTARIO AV,COMPTON AV,73,E,N,A,-,N,NA,NA,NA,NA,NA,NA,NA,NA,NA,N,3,0,1,2,A,-,08,22107,NA,N,B,C,A,A,H,-,C,D,0,NA,NA,NA,NA,Y,NA,A,01,0,1,0,0,0,0,0,0,0,-,-,33.84497833251953,-117.5364227294922,RIVERSIDE,CORONA,-117.5364990234375,33.84503936767578
82166550,2023,2023-09-11,3300,2023-09-04,2057,5228,910F,1,5,5,3335,0,0,0,NA,0,062,RANCHO CALIFORNIA RD,HOPE WY,290,E,N,A,-,N,NA,NA,NA,NA,NA,NA,NA,NA,NA,Y,4,0,1,2,A,-,01,23152,A,M,C,C,A,A,H,-,C,A,0,NA,NA,NA,NA,Y,Y,A,07,0,0,1,0,0,0,0,0,0,-,-,33.50455856323242,-117.14588928222656,RIVERSIDE,TEMECULA,-117.14527130126952,33.50496292114258
82166734,2023,2023-09-11,3315,2023-09-07,2130,004754,10B,4,5,6,3315,0,0,0,NA,0,002,MCKINLEY ST,PROMENADE AV,12,S,N,A,-,N,NA,NA,NA,NA,NA,NA,NA,NA,NA,N,4,0,1,2,A,-,03,22350,NA,N,C,C,A,A,H,-,C,A,0,NA,NA,NA,NA,Y,NA,A,01,0,0,1,0,0,0,0,0,0,-,-,33.89133071899414,-117.52182006835938,RIVERSIDE,CORONA,-117.52193450927734,33.89120101928711
82168836,2023,2023-09-13,3313,2023-07-31,1304,1389,5,1,5,7,3313,0,0,0,NA,0,T53,VAN BUREN BLVD,INDIANA AVE,0,NA,Y,A,-,N,NA,NA,NA,NA,NA,NA,NA,NA,NA,N,3,0,2,2,A,-,03,22350,NA,N,C,C,A,A,H,-,A,A,0,NA,NA,NA,NA,Y,NA,A,01,0,1,1,0,0,0,0,0,0,-,-,33.913429260253906,-117.44203186035156,RIVERSIDE,RIVERSIDE,-117.44149780273438,33.9140625
82169593,2023,2023-09-14,3300,2023-08-30,1600,5680,604 C,3,5,6,3394,0,0,0,NA,0,MV44,IRIS AVE,CAMINO FLORES,37,E,N,A,-,N,NA,NA,NA,NA,NA,NA,NA,NA,NA,N,4,0,5,4,A,-,03,22350,NA,N,C,C,A,A,H,-,A,A,0,NA,NA,NA,NA,Y,NA,D,22,0,0,5,0,0,0,0,0,0,-,-,33.891788482666016,-117.20532989501952,RIVERSIDE,MORENO VALLEY,-117.2048568725586,33.89197540283203
82169598,2023,2023-09-14,3300,2023-09-05,1829,4867,604 C,2,5,6,3394,0,0,0,NA,0,MV44,IRIS AVE,OLIVER ST,0,NA,Y,A,-,N,NA,NA,NA,NA,NA,NA,NA,NA,NA,Y,3,0,1,2,A,-,09,21453,C,N,D,C,A,A,H,-,A,A,0,NA,NA,NA,NA,Y,NA,A,01,0,1,0,0,0,0,0,0,0,-,-,33.895240783691406,-117.1829071044922,RIVERSIDE,MORENO VALLEY,-117.18292999267578,33.895259857177734
82173043,2023,2023-09-19,3300,2023-09-01,1730,5950,36M2,5,5,4,3318,0,0,0,NA,0,T36,FRED WARING DR,DEEP CANYON RD,710,W,N,C,-,N,NA,NA,NA,NA,NA,NA,NA,NA,NA,Y,4,0,1,1,A,-,03,22350,NA,N,E,I,A,B,F,-,A,A,0,NA,NA,NA,NA,Y,NA,A,01,0,0,1,0,0,0,0,0,0,-,-,33.728851318359375,-116.36502838134766,RIVERSIDE,PALM DESERT,-116.36735534667967,33.72882843017578
82174189,2023,2023-09-20,3300,2023-09-18,920,N1673,36P3,1,5,4,3318,0,0,0,NA,0,T36,FRED WARING DR,SAN PABLO AVE,54,E,N,A,-,N,NA,NA,NA,NA,NA,NA,NA,NA,NA,N,4,0,1,2,A,-,21,22106,NA,N,C,C,A,A,H,-,A,A,0,NA,NA,NA,NA,Y,NA,A,01,0,0,1,0,0,0,0,0,0,-,-,33.728729248046875,-116.3826904296875,RIVERSIDE,PALM DESERT,-116.38235473632813,33.72888946533203
82177754,2023,2023-09-25,3308,2023-06-24,1711,10909,NA,6,5,5,3308,0,0,0,NA,0,NA,FLORIDA AVE,PROMENADE ST,0,NA,Y,A,-,Y,NA,NA,NA,NA,NA,NA,NA,NA,NA,N,3,0,2,2,A,-,03,22350,NA,N,C,C,A,A,H,-,A,A,0,NA,NA,NA,NA,Y,NA,A,01,0,1,1,0,0,0,0,0,0,-,-,NA,NA,RIVERSIDE,HEMET,NA,NA
82177868,2023,2023-09-25,3300,2023-09-13,2050,6161,910Q,3,5,5,3335,0,0,0,NA,0,069,WOLF CREEK DR S,LIVE OAK DR,0,NA,Y,A,-,N,NA,NA,NA,NA,NA,NA,NA,NA,NA,N,3,0,2,2,A,-,17,21208,A,N,H,G,A,A,H,-,C,A,0,NA,Y,NA,NA,Y,NA,L,04,0,1,1,0,0,0,2,0,0,-,-,33.458919525146484,-117.10028076171876,RIVERSIDE,TEMECULA,-117.10043334960938,33.458858489990234
82177870,2023,2023-09-25,3300,2023-09-15,1502,N4654,910U,5,5,5,3335,0,0,0,NA,0,070,REDHAWK PKY,REDHAWK PKWY,162,W,N,A,-,N,NA,NA,NA,NA,NA,NA,NA,NA,NA,Y,4,0,4,3,A,-,03,22350,NA,N,C,C,A,A,H,-,A,D,0,NA,NA,NA,NA,Y,NA,A,01,0,0,4,0,0,0,0,0,0,-,-,33.470211029052734,-117.07649993896484,RIVERSIDE,TEMECULA,NA,NA
82177890,2023,2023-09-25,3300,2023-09-13,1546,3536,603 B,3,5,6,3394,0,0,0,NA,0,MV34,SAN MICHELE RD,INDIAN ST,638,W,N,A,-,N,NA,NA,NA,NA,NA,NA,NA,NA,NA,Y,3,0,1,2,A,-,09,21801,A,N,D,C,A,A,H,-,A,D,0,NA,NA,NA,NA,Y,NA,A,01,0,1,0,0,0,0,0,0,0,-,-,33.866249084472656,-117.23490142822266,RIVERSIDE,MORENO VALLEY,-117.23691558837892,33.870079040527344
82177903,2023,2023-09-25,3300,2023-09-15,759,6261,24B3,5,5,3,3317,0,0,0,NA,0,5O61,DA VALL DR,DEAN MARTIN DR,0,NA,Y,A,-,N,NA,NA,NA,NA,NA,NA,NA,NA,NA,Y,4,0,1,2,A,-,12,21453,A,N,D,C,A,A,H,-,A,A,0,NA,NA,NA,NA,Y,NA,A,07,0,0,1,0,0,0,0,0,0,-,-,33.79682922363281,-116.44068145751952,RIVERSIDE,RANCHO MIRAGE,-116.44064331054688,33.796817779541016
82177984,2023,2023-09-25,3342,2023-09-15,1510,481,185,5,5,4,3342,0,0,0,NA,0,001,ADAMS AVE,JUNIPER ST,0,NA,Y,A,-,N,NA,NA,NA,NA,NA,NA,NA,NA,NA,N,4,0,1,2,A,-,21,22106,NA,N,D,G,A,A,H,-,A,D,0,NA,Y,NA,NA,Y,NA,A,08,0,0,1,0,0,0,1,0,0,-,-,33.55615997314453,-117.21105194091795,RIVERSIDE,MURRIETA,-117.21086883544922,33.55620193481445
82177987,2023,2023-09-25,3342,2023-09-22,1522,1240,137,5,5,4,3342,0,0,0,NA,0,001,WASHINGTON AVE,JERRY ALLEN LN,111,N,N,B,-,N,NA,NA,NA,NA,NA,NA,NA,NA,NA,N,4,0,1,2,A,-,09,21804,A,N,D,G,A,A,H,-,A,D,0,NA,Y,NA,NA,Y,NA,L,04,0,0,1,0,0,0,1,0,0,-,-,33.57051086425781,-117.23282623291016,RIVERSIDE,MURRIETA,-117.23302459716795,33.57102584838867
82179396,2023,2023-09-26,3313,2023-09-06,924,1686,5,3,5,7,3313,0,0,0,NA,0,T58,MAGNOLIA AVE,POLK ST,64,E,N,B,-,N,NA,NA,NA,NA,NA,NA,NA,NA,NA,N,4,0,1,2,A,-,21,22106,NA,N,C,C,A,A,H,-,A,A,0,NA,NA,NA,NA,Y,NA,D,22,0,0,1,0,0,0,0,0,0,-,-,33.907501220703125,-117.4686279296875,RIVERSIDE,RIVERSIDE,-117.46871185302734,33.90789031982422
82180497,2023,2023-09-27,3300,2023-08-25,1933,2812,002,5,5,6,3345,0,0,0,NA,0,026,LIMONITE AV,ETIWANDA AV,102,E,N,A,-,N,NA,NA,NA,NA,NA,NA,NA,NA,NA,N,2,0,1,2,A,-,11,21950,B,N,G,B,D,A,H,-,B,A,0,Y,NA,NA,NA,Y,NA,N,60,1,0,0,0,1,0,0,0,0,-,-,33.97557830810547,-117.52342987060548,RIVERSIDE,JURUPA VALLEY,-117.5229721069336,33.97544860839844
82180724,2023,2023-09-27,3311,2023-08-27,2125,15970,NA,7,5,4,3311,0,0,0,NA,0,005,RAMON ROAD,WARM SANDS DRIVE,95,W,N,A,-,N,NA,NA,NA,NA,NA,NA,NA,NA,NA,Y,4,0,4,2,A,-,08,22107,NA,N,D,C,A,A,H,-,C,D,0,NA,NA,NA,NA,Y,NA,A,01,0,0,4,0,0,0,0,0,0,-,-,33.815818786621094,-116.53733825683594,RIVERSIDE,PALM SPRINGS,-116.5378646850586,33.815879821777344
82185233,2023,2023-10-02,3311,2023-09-03,1826,16343,NA,7,5,4,3311,0,0,0,NA,0,006,RAMON ROAD,LANDAU BOULEVARD,800,W,N,A,-,N,NA,NA,NA,NA,NA,NA,NA,NA,NA,Y,4,0,1,4,A,-,03,22350,NA,N,C,C,A,A,H,-,B,D,0,NA,NA,NA,NA,Y,NA,D,22,0,0,1,0,0,0,0,0,0,-,-,33.81583023071289,-116.47693634033205,RIVERSIDE,PALM SPRINGS,-116.47820281982422,33.815895080566406
82185362,2023,2023-10-02,3313,2023-08-28,1028,1026,1,1,5,7,3313,0,0,0,NA,0,T52,COMER AVE,FIFTH ST,142,N,N,A,-,N,NA,NA,NA,NA,NA,NA,NA,NA,NA,N,2,0,1,3,A,-,08,22107,NA,F,G,B,E,A,H,-,A,A,0,Y,NA,NA,NA,Y,NA,-,99,1,0,0,0,1,0,0,0,0,-,-,33.97837829589844,-117.3605728149414,RIVERSIDE,RIVERSIDE,-117.36094665527344,33.980167388916016
82186659,2023,2023-10-02,3311,2023-09-07,1830,16482,NA,4,5,4,3311,0,0,0,NA,0,006,SR 111 (PALM CANYON DRIVE E),SR 111 (GENE AUTRY TRAIL),144,E,N,A,-,Y,RIV,NA,111,NA,NA,47.795,H,NA,R,N,4,0,3,2,A,-,03,22350,NA,N,C,C,A,A,H,-,A,A,0,NA,NA,NA,NA,Y,NA,D,22,0,0,3,0,0,0,0,0,0,-,-,33.79336929321289,-116.4951629638672,RIVERSIDE,PALM SPRINGS,-116.4951629638672,33.79338836669922
82188703,2023,2023-10-03,3313,2023-09-19,1025,1026,4,2,5,7,3313,0,0,0,NA,0,T52,JURUPA AVE,DEERFIELD RD,0,NA,Y,A,-,N,NA,NA,NA,NA,NA,NA,NA,NA,NA,N,4,0,1,2,A,-,09,21802,A,N,D,C,A,A,H,-,A,A,0,NA,NA,NA,NA,Y,NA,A,07,0,0,1,0,0,0,0,0,0,-,-,33.96179962158203,-117.4194107055664,RIVERSIDE,RIVERSIDE,-117.41944885253906,33.962074279785156
82191338,2023,2023-10-05,3300,2023-10-03,2241,6202,910E,2,5,5,3335,0,0,0,NA,0,061,JEFFERSON AV,DEL RIO RD,315,S,N,A,-,N,NA,NA,NA,NA,NA,NA,NA,NA,NA,Y,4,0,1,2,A,-,01,23152,A,N,A,C,A,A,H,-,C,A,0,NA,NA,NA,NA,Y,Y,A,01,0,0,1,0,0,0,0,0,0,-,-,33.50325012207031,-117.15450286865234,RIVERSIDE,TEMECULA,-117.15461730957033,33.50240707397461
82191340,2023,2023-10-05,3300,2023-07-04,2146,4024,908,2,5,3,3337,0,0,0,NA,0,060,N CANYON LAKE DR,CANYON CLUB DR,0,NA,Y,A,-,N,NA,NA,NA,NA,NA,NA,NA,NA,NA,Y,2,0,6,4,A,-,01,23152,A,N,D,C,A,A,H,-,C,A,0,NA,NA,NA,NA,Y,Y,A,01,2,3,1,0,0,0,0,0,0,-,-,NA,NA,RIVERSIDE,CANYON LAKE,-117.26387786865234,33.68315887451172
82191356,2023,2023-10-05,3300,2023-07-30,1404,N7053,NA,7,5,4,3307,0,0,0,NA,0,NA,LAKESHORE DR,TERRA COTTA RD (W),0,NA,Y,A,-,N,NA,NA,NA,NA,NA,NA,NA,NA,NA,N,3,0,2,2,A,-,05,21460,A,N,A,C,A,A,H,-,A,A,0,NA,NA,NA,NA,Y,NA,A,01,0,2,0,0,0,0,0,0,0,-,-,33.69306182861328,-117.38182067871094,RIVERSIDE,LAKE ELSINORE,-117.38182067871094,33.69313049316406
82191616,2023,2023-10-05,3313,2023-09-14,1437,2117,1,4,5,7,3313,0,0,0,NA,0,T71,JURUPA AVE,STEARNS ST,10,E,N,A,-,N,NA,NA,NA,NA,NA,NA,NA,NA,NA,Y,3,0,1,2,A,-,03,22350,NA,N,C,C,A,A,H,-,A,D,0,NA,NA,Y,NA,Y,NA,A,01,0,1,0,0,0,0,0,0,1,-,-,33.96083068847656,-117.41398620605467,RIVERSIDE,RIVERSIDE,-117.41402435302734,33.961769104003906
82193725,2023,2023-10-09,3313,2023-09-23,1216,2074,2,6,5,7,3313,0,0,0,NA,0,2R29,CENTRAL AVE,STATE HWY 91 EB OFFRAMP,0,NA,Y,A,-,N,NA,NA,NA,NA,NA,NA,NA,NA,NA,N,3,0,1,2,A,-,12,21453,A,N,D,C,A,A,H,-,A,A,0,NA,NA,NA,NA,Y,NA,D,22,0,1,0,0,0,0,0,0,0,-,-,33.95362091064453,-117.38311004638672,RIVERSIDE,RIVERSIDE,NA,NA
82193947,2023,2023-10-09,3315,2023-10-03,535,004635,6E,2,5,6,3315,0,0,0,NA,0,001,MAIN ST,WESTBOUND 91,0,NA,Y,A,-,N,NA,NA,NA,NA,NA,NA,NA,NA,NA,Y,3,0,1,2,A,-,12,21453,A,N,B,C,A,A,H,-,C,A,0,NA,NA,Y,Y,Y,NA,C,02,0,1,0,0,0,0,0,0,1,-,-,33.88058853149414,-117.56568908691406,RIVERSIDE,CORONA,-117.565598,33.880241
82194859,2023,2023-10-10,3300,2023-10-03,1450,N7341,001D,2,5,6,3345,0,0,0,NA,0,014,RIVERVIEW DR,42ND ST,110,N,N,A,-,N,NA,NA,NA,NA,NA,NA,NA,NA,NA,N,4,0,1,2,A,-,21,22106,NA,N,C,C,A,A,H,-,A,A,0,NA,NA,NA,NA,Y,NA,A,01,0,0,1,0,0,0,0,0,0,-,-,33.99538040161133,-117.41673278808594,RIVERSIDE,JURUPA VALLEY,-117.41733551025392,33.99739074707031
82195842,2023,2023-10-11,3300,2023-09-29,139,6164,002Q,5,5,6,3345,0,0,0,NA,0,024,LIMONITE AV,VAN BUREN BL ONRP,0,NA,Y,A,-,N,NA,NA,NA,NA,NA,NA,NA,NA,NA,Y,3,0,1,2,D,-,00,NA,NA,N,D,C,A,A,H,-,C,A,0,NA,NA,NA,NA,Y,NA,-,-,0,1,0,0,0,0,0,0,0,-,-,33.975799560546875,-117.4777374267578,RIVERSIDE,JURUPA VALLEY,-117.47611236572266,33.975738525390625
82197911,2023,2023-10-13,3300,2023-09-15,1614,3774,602 D,5,5,6,3394,0,0,0,NA,0,MV26,SUNNYMEAD BLVD,PERRIS BLVD,275,E,N,A,-,N,NA,NA,NA,NA,NA,NA,NA,NA,NA,Y,4,0,1,2,A,-,07,21658,A,N,B,C,A,A,H,-,A,A,0,NA,NA,NA,Y,Y,NA,A,01,0,0,1,0,0,0,0,0,0,-,-,33.939090728759766,-117.22646331787108,RIVERSIDE,MORENO VALLEY,-117.22550964355467,33.93894958496094
82199242,2023,2023-10-16,3313,2023-10-02,813,2171,5,1,5,7,3313,0,0,0,NA,0,T73,GALWAY CT,WARREN ST,219,W,N,A,-,N,NA,NA,NA,NA,NA,NA,NA,NA,NA,N,3,0,2,2,A,-,21,22106,NA,N,D,C,A,A,H,-,A,D,0,NA,NA,Y,NA,Y,NA,A,01,0,2,0,0,0,0,0,0,2,-,-,33.93074035644531,-117.45906066894533,RIVERSIDE,RIVERSIDE,-117.45936584472656,33.93096923828125
82199633,2023,2023-11-02,3315,2023-10-10,2153,003547,10B,2,5,6,3315,0,0,0,NA,0,002,PROMENADE AV,MCKINLEY ST,21,W,N,A,-,N,NA,NA,NA,NA,NA,NA,NA,NA,NA,N,4,0,1,4,A,-,03,22350,NA,M,C,C,A,A,H,-,C,A,0,NA,NA,NA,NA,Y,Y,A,01,0,0,1,0,0,0,0,0,0,-,-,NA,NA,RIVERSIDE,CORONA,-117.52201080322266,33.891197204589844
82200486,2023,2023-10-17,3300,2023-08-19,935,N7228,908D,6,5,3,3337,0,0,0,NA,0,060,VACATION DR,CASCADE DR,69,S,N,A,-,N,NA,NA,NA,NA,NA,NA,NA,NA,NA,N,3,0,1,3,-,-,-,NA,NA,N,C,E,A,A,H,-,A,D,0,NA,NA,NA,NA,Y,NA,-,-,0,1,0,0,0,0,0,0,0,-,-,NA,NA,RIVERSIDE,CANYON LAKE,-117.2614974975586,33.6884765625
82201748,2023,2023-10-18,3300,2023-10-12,1430,6308,30H1,4,5,4,3318,0,0,0,NA,0,T30,SAN LUIS REY AVE,HWY 111,0,NA,Y,A,-,N,NA,NA,NA,NA,NA,NA,NA,NA,NA,N,4,0,1,2,A,-,12,21453,A,N,D,C,A,A,H,-,A,A,0,NA,NA,NA,NA,Y,NA,A,07,0,0,1,0,0,0,0,0,0,-,-,33.72140884399414,-116.3825225830078,RIVERSIDE,PALM DESERT,-116.37712097167967,33.72108459472656
82202037,2023,2023-10-18,3313,2023-06-26,34,2063,5,1,5,7,3313,0,0,0,NA,0,1R55,LA SIERRA AVE,GRAMERCY PL,0,NA,Y,A,-,N,NA,NA,NA,NA,NA,NA,NA,NA,NA,Y,3,0,1,2,A,-,08,22107,NA,F,D,C,A,A,H,-,C,A,0,NA,NA,NA,NA,Y,NA,A,01,0,1,0,0,0,0,0,0,0,-,-,33.92744064331055,-117.49347686767578,RIVERSIDE,RIVERSIDE,-117.49346923828124,33.927371978759766
82203237,2023,2023-10-19,3313,2023-07-06,158,2083,2,4,5,7,3313,0,0,0,NA,0,1R29,VINE ST,FOURTEENTH ST,100,N,N,A,-,N,NA,NA,NA,NA,NA,NA,NA,NA,NA,N,3,0,1,1,A,-,03,22350,NA,F,E,I,A,A,H,-,C,D,0,NA,NA,NA,NA,Y,Y,-,99,0,1,0,0,0,0,0,0,0,-,-,33.97357940673828,-117.37248229980467,RIVERSIDE,RIVERSIDE,-117.37200164794922,33.973060607910156
82203257,2023,2023-10-19,3313,2023-07-13,1850,1499,5,4,5,7,3313,0,0,0,NA,0,M34,COPPER LANTERN DR,CARNATION CT,20,N,N,A,-,N,NA,NA,NA,NA,NA,NA,NA,NA,NA,Y,4,0,2,2,A,-,09,21802,A,N,D,C,A,B,H,-,A,A,0,NA,NA,NA,NA,Y,NA,D,22,0,0,2,0,0,0,0,0,0,-,-,NA,NA,RIVERSIDE,RIVERSIDE,-117.46002960205078,33.948585510253906