CASE_ID,ACCIDENT_YEAR,PROC_DATE,JURIS,COLLISION_DATE,COLLISION_TIME,OFFICER_ID,REPORTING_DISTRICT,DAY_OF_WEEK,CHP_SHIFT,POPULATION,CNTY_CITY_LOC,SPECIAL_COND,BEAT_TYPE,CHP_BEAT_TYPE,CITY_DIVISION_LAPD,CHP_BEAT_CLASS,BEAT_NUMBER,PRIMARY_RD,SECONDARY_RD,DISTANCE,DIRECTION,INTERSECTION,WEATHER_1,WEATHER_2,STATE_HWY_IND,CALTRANS_COUNTY,CALTRANS_DISTRICT,STATE_ROUTE,ROUTE_SUFFIX,POSTMILE_PREFIX,POSTMILE,LOCATION_TYPE,RAMP_INTERSECTION,SIDE_OF_HWY,TOW_AWAY,COLLISION_SEVERITY,NUMBER_KILLED,NUMBER_INJURED,PARTY_COUNT,PRIMARY_COLL_FACTOR,PCF_CODE_OF_VIOL,PCF_VIOL_CATEGORY,PCF_VIOLATION,PCF_VIOL_SUBSECTION,HIT_AND_RUN,TYPE_OF_COLLISION,MVIW,PED_ACTION,ROAD_SURFACE,ROAD_COND_1,ROAD_COND_2,LIGHTING,CONTROL_DEVICE,CHP_ROAD_TYPE,PEDESTRIAN_ACCIDENT,BICYCLE_ACCIDENT,MOTORCYCLE_ACCIDENT,TRUCK_ACCIDENT,NOT_PRIVATE_PROPERTY,ALCOHOL_INVOLVED,STWD_VEHTYPE_AT_FAULT,CHP_VEHTYPE_AT_FAULT,COUNT_SEVERE_INJ,COUNT_VISIBLE_INJ,COUNT_COMPLAINT_PAIN,COUNT_PED_KILLED,COUNT_PED_INJURED,COUNT_BICYCLIST_KILLED,COUNT_BICYCLIST_INJURED,COUNT_MC_KILLED,COUNT_MC_INJURED,PRIMARY_RAMP,SECONDARY_RAMP,LATITUDE,LONGITUDE,COUNTY,CITY,POINT_X,POINT_Y
8392353,2017,2017-06-20,3300,2017-05-22,1417,3774,601E1,1,5,6,3394,0,0,0,NA,0,016,DAVIS ST,SANDY GLADE AV,30,S,N,A,-,N,NA,NA,NA,NA,NA,NA,NA,NA,NA,N,4,0,1,2,A,-,11,21950,B,N,G,B,D,A,G,-,A,D,0,Y,NA,NA,NA,Y,NA,N,60,0,0,1,0,1,0,0,0,0,-,-,33.95591,-117.23948,RIVERSIDE,MORENO VALLEY,-117.23958,33.95570782
8394832,2017,2017-06-30,3300,2017-04-30,1732,3536,603C2,7,5,6,3394,0,0,0,NA,0,MV36,KITCHING ST,CACTUS AV,0,NA,Y,A,-,N,NA,NA,NA,NA,NA,NA,NA,NA,NA,Y,3,0,2,2,A,-,01,23152,G,M,D,C,A,A,H,-,A,A,0,NA,NA,NA,NA,Y,Y,D,22,0,1,1,0,0,0,0,0,0,-,-,33.93988,-117.21752,RIVERSIDE,MORENO VALLEY,-117.2173401,33.91006011
8395136,2017,2017-06-29,3313,2017-05-26,1454,1421,1,5,5,7,3313,0,0,0,NA,0,P019,9TH ST,ORANGE ST,150,E,N,A,-,N,NA,NA,NA,NA,NA,NA,NA,NA,NA,N,3,0,1,2,A,-,11,21954,A,N,G,B,-,A,H,-,A,D,0,Y,NA,NA,NA,Y,NA,N,60,0,1,0,0,1,0,0,0,0,-,-,NA,NA,RIVERSIDE,RIVERSIDE,-117.37353908,33.98016993
8395559,2017,2017-07-05,3313,2017-06-17,1528,1722,5,6,5,7,3313,0,0,0,NA,0,3R54,LA SIERRA AV,INDIAN AV,666,N,N,A,-,N,NA,NA,NA,NA,NA,NA,NA,NA,NA,Y,3,0,1,4,A,-,01,23152,A,N,C,D,A,A,H,-,A,A,0,NA,NA,NA,NA,Y,Y,D,22,0,1,0,0,0,0,0,0,0,-,-,33.89705,-117.47109,RIVERSIDE,RIVERSIDE,-117.47235863,33.89873174
8396300,2017,2017-07-13,3315,2017-06-19,0610,002504,10C,1,5,6,3315,0,0,0,NA,0,002,6TH ST,PROMENADE AV,281,E,N,A,-,N,NA,NA,NA,NA,NA,NA,NA,NA,NA,N,4,0,1,2,A,-,05,21650,NA,N,D,G,A,A,H,-,A,D,0,NA,Y,NA,NA,Y,NA,L,04,0,0,1,0,0,0,1,0,0,-,-,NA,NA,RIVERSIDE,CORONA,-117.53116797,33.87373586
8396882,2017,2017-06-28,3300,2017-05-04,0800,4071,602D3,4,5,6,3394,0,0,0,NA,0,0800,ALESSANDRO BL,HEACOCK ST,466,W,N,A,-,N,NA,NA,NA,NA,NA,NA,NA,NA,NA,Y,4,0,2,2,A,-,09,21804,A,N,D,C,A,A,H,-,A,D,0,NA,NA,NA,NA,Y,NA,A,01,0,0,2,0,0,0,0,0,0,-,-,33.91726,-117.24374,RIVERSIDE,MORENO VALLEY,-117.24527122,33.91734
8397526,2017,2017-06-27,3313,2017-05-03,1336,1603,5,3,5,7,3313,0,0,0,NA,0,2R57,PHILBIN AV,MONTGOMERY AV,37,E,N,A,-,N,NA,NA,NA,NA,NA,NA,NA,NA,NA,Y,3,0,2,2,A,-,03,22350,NA,N,C,E,A,A,H,-,A,D,0,NA,NA,NA,NA,Y,NA,A,01,0,2,0,0,0,0,0,0,0,-,-,NA,NA,RIVERSIDE,RIVERSIDE,-117.45748836,33.93899
8397621,2017,2017-06-27,3313,2017-06-07,1648,1539,4,3,5,7,3313,0,0,0,NA,0,3R44,ARLINGTON AV,ADAMS ST,0,NA,Y,A,-,N,NA,NA,NA,NA,NA,NA,NA,NA,NA,N,3,0,1,2,A,-,12,21453,A,N,D,C,A,A,H,-,A,A,0,NA,NA,Y,NA,Y,NA,A,01,0,1,0,0,0,0,0,0,1,-,-,33.94584,-117.43464,RIVERSIDE,RIVERSIDE,-117.43463007,33.94595012
8399026,2017,2017-07-13,3300,2017-06-14,1450,4363,T36F4,3,5,4,3318,0,0,0,NA,0,T36,COUNTRY CLUB DR,PORTOLA AV,874,E,N,A,-,N,NA,NA,NA,NA,NA,NA,NA,NA,NA,N,4,0,1,2,A,-,03,22350,NA,N,C,C,A,A,H,-,A,D,0,NA,NA,NA,NA,Y,NA,A,07,0,0,1,0,0,0,0,0,0,-,-,33.75798,-116.37368,RIVERSIDE,PALM DESERT,-116.37086689,33.75804
8399600,2017,2017-07-06,3300,2017-05-28,1555,3770,602D3,7,5,6,3394,0,0,0,NA,0,026,DRACAEA AV,RUNNING DEER RD,0,NA,Y,A,-,N,NA,NA,NA,NA,NA,NA,NA,NA,NA,Y,4,0,4,2,A,-,09,21804,A,N,D,C,A,A,H,-,A,D,0,NA,NA,NA,NA,Y,NA,A,01,0,0,4,0,0,0,0,0,0,-,-,33.92821,-117.24766,RIVERSIDE,MORENO VALLEY,-117.2476201,33.92812007
8400544,2017,2017-07-07,3300,2017-06-04,0109,N4722,910B,7,5,5,3335,0,0,0,NA,0,063,NICOLAS RD,WARBLER CIR,0,NA,Y,A,-,N,NA,NA,NA,NA,NA,NA,NA,NA,NA,Y,4,0,3,2,A,-,09,21802,A,N,D,C,A,A,H,-,C,D,0,NA,NA,NA,NA,Y,NA,A,01,0,0,3,0,0,0,0,0,0,-,-,33.53763,-117.13671,RIVERSIDE,TEMECULA,-117.1366401,33.53761011
8402034,2017,2017-07-28,3315,2017-06-29,1446,002661,3A,4,5,6,3315,0,0,0,NA,0,001,6TH ST,VICTORIA AV,12,E,N,A,-,N,NA,NA,NA,NA,NA,NA,NA,NA,NA,Y,4,0,1,2,A,-,09,21802,A,N,D,C,A,A,H,-,A,D,0,NA,NA,NA,NA,Y,NA,D,22,0,0,1,0,0,0,0,0,0,-,-,33.87519,-117.5639,RIVERSIDE,CORONA,-117.56389088,33.87512592
8402219,2017,2018-03-20,3300,2017-06-23,0125,5143,36Q3,5,5,4,3318,0,0,0,NA,0,T30,MONTEREY AV,RT 111,2,S,N,A,-,N,NA,NA,NA,NA,NA,NA,NA,NA,NA,N,4,0,1,2,A,-,08,22100,B,N,D,C,A,A,H,-,C,A,0,NA,NA,Y,NA,Y,NA,C,02,0,0,1,0,0,0,0,0,1,-,-,NA,NA,RIVERSIDE,PALM DESERT,-116.39147,33.72153
8403741,2017,2017-07-14,3313,2017-06-21,1223,0282,1,3,5,7,3313,0,0,0,NA,0,T48,LIME ST,5TH ST,0,NA,Y,A,-,N,NA,NA,NA,NA,NA,NA,NA,NA,NA,Y,4,0,1,2,A,-,09,21802,A,N,D,C,A,A,H,-,A,A,0,NA,NA,NA,NA,Y,NA,I,11,0,0,1,0,0,0,0,0,0,-,-,NA,NA,RIVERSIDE,RIVERSIDE,-117.36903013,33.98325003
8404471,2017,2019-04-09,3311,2017-06-18,2138,15855,NA,7,5,4,3311,0,0,0,NA,0,004,RT 111,SUNRISE WY,0,NA,Y,A,-,Y,RIV,8,111,-,T,52.876,I,5,S,Y,1,1,0,2,A,-,11,21954,A,N,G,B,D,A,H,-,C,A,0,Y,NA,NA,NA,Y,Y,N,60,0,0,0,1,0,0,0,0,0,-,-,NA,NA,RIVERSIDE,PALM SPRINGS,-116.52819588,33.84486193
8404473,2017,2019-04-09,3313,2017-07-13,2230,1334,3,4,5,7,3313,0,0,0,NA,0,1R39,ARLINGTON AV,SUNSET RANCH DR,15,E,N,A,-,N,NA,NA,NA,NA,NA,NA,NA,NA,NA,Y,1,1,0,1,A,-,08,22107,NA,N,E,I,A,A,H,-,C,D,0,NA,NA,NA,NA,Y,Y,A,01,0,0,0,0,0,0,0,0,0,-,-,33.94391,-117.35661,RIVERSIDE,RIVERSIDE,-117.35659473,33.9441237
8404573,2017,2019-04-09,3300,2017-09-24,0240,4649,905A,7,5,4,3307,0,0,0,NA,0,091,MISSION TRL,SEDCO BL,24,N,N,A,-,N,NA,NA,NA,NA,NA,NA,NA,NA,NA,N,1,1,0,2,A,-,08,22107,NA,F,G,G,A,A,H,-,D,D,0,NA,Y,NA,NA,Y,Y,A,08,0,0,0,0,0,1,0,0,0,-,-,33.64484,-117.29315,RIVERSIDE,LAKE ELSINORE,-117.29318155,33.64506023
8404580,2017,2018-04-26,3342,2017-12-03,1757,419,170,7,5,4,3342,0,0,0,NA,0,00A,WASHINGTON AV,LEMON ST,578,N,N,A,-,N,NA,NA,NA,NA,NA,NA,NA,NA,NA,Y,1,1,0,2,A,-,03,22350,NA,N,H,G,A,A,H,-,D,A,0,NA,Y,NA,NA,Y,NA,A,08,0,0,0,0,0,1,0,0,0,-,-,33.56182,-117.22305,RIVERSIDE,MURRIETA,-117.22423223,33.56290158
8404656,2017,2018-05-29,3300,2017-04-26,2052,N5997,910Q,3,5,5,3335,0,0,0,NA,0,069,TEMECULA PKWY,PECHANGA PKWY,15,S,N,A,-,N,NA,NA,NA,NA,NA,NA,NA,NA,NA,Y,1,1,0,2,A,-,01,21200,5,N,D,G,A,A,H,-,C,A,0,NA,Y,NA,NA,Y,NA,L,04,0,0,0,0,0,1,0,0,0,-,-,NA,NA,RIVERSIDE,TEMECULA,NA,NA
8404661,2017,2018-05-25,3300,2017-02-23,1808,4713,910N,4,5,5,3335,0,0,0,NA,0,064,MONTELEGRO WY,LEENA WY,0,NA,Y,A,-,N,NA,NA,NA,NA,NA,NA,NA,NA,NA,Y,1,1,2,2,A,-,03,22349,B,N,D,C,A,A,H,-,C,A,0,NA,NA,NA,NA,Y,NA,A,01,1,0,1,0,0,0,0,0,0,-,-,NA,NA,RIVERSIDE,TEMECULA,-117.10059013,33.4920501
8404794,2018,2018-06-09,3301,2018-02-03,1844,U422,41,6,5,4,3301,0,0,0,NA,0,003,W WILSON ST,HIGHLAND SPRINGS RD,1760,E,N,A,-,N,NA,NA,NA,NA,NA,NA,NA,NA,NA,Y,1,1,0,2,A,-,11,21956,A,N,G,B,E,A,H,-,C,D,0,Y,NA,NA,NA,Y,NA,N,60,0,0,0,1,0,0,0,0,0,-,-,33.932098388671875,-116.94199371337892,RIVERSIDE,BANNING,-116.9411392211914,33.93271255493164
8404963,2017,2017-07-20,3300,2017-06-06,1340,N6000,504A,2,5,5,3341,0,0,0,NA,0,054,CHERRY HILLS BL,PEBBLE BEACH DR,0,NA,Y,A,-,N,NA,NA,NA,NA,NA,NA,NA,NA,NA,Y,4,0,2,2,A,-,09,21802,A,M,D,C,A,A,H,-,A,A,0,NA,NA,NA,NA,Y,NA,A,01,0,0,2,0,0,0,0,0,0,-,-,33.70949,-117.19759,RIVERSIDE,MENIFEE,-117.19748002,33.70947006
8406189,2017,2017-08-07,3300,2017-07-10,1116,3098,910 H,1,5,5,3335,0,0,0,NA,0,063,HUMBER RD,HUMBER DR 42092,38,S,N,A,-,N,NA,NA,NA,NA,NA,NA,NA,NA,NA,Y,3,0,1,1,A,-,21,22106,NA,N,E,I,A,A,H,-,A,D,0,NA,NA,NA,NA,Y,NA,A,01,0,1,0,0,0,0,0,0,0,-,-,NA,NA,RIVERSIDE,TEMECULA,NA,NA
8406568,2017,2017-07-19,3300,2017-05-08,2028,5025,1,1,5,6,3345,0,0,0,NA,0,016,MENNES AV,MISSION BL,0,NA,Y,A,-,N,NA,NA,NA,NA,NA,NA,NA,NA,NA,N,4,0,1,2,A,-,05,21650,NA,N,H,G,A,A,H,-,C,D,0,NA,Y,NA,NA,Y,NA,L,04,0,0,1,0,0,0,1,0,0,-,-,NA,NA,RIVERSIDE,JURUPA VALLEY,-117.4034501,33.99515005
8407212,2017,2017-07-18,3300,2017-06-30,1430,N2988,604C2,5,5,6,3394,0,0,0,NA,0,MV44,CAMINO FLORES,GENTIAN AV,231,S,N,A,-,N,NA,NA,NA,NA,NA,NA,NA,NA,NA,Y,4,0,4,2,A,-,09,21804,A,N,D,C,A,A,H,-,A,D,0,NA,NA,NA,NA,Y,NA,A,01,0,0,4,0,0,0,0,0,0,-,-,33.89512,-117.20554,RIVERSIDE,MORENO VALLEY,-117.20538832,33.89453776
8407247,2017,2017-07-19,3308,2017-06-20,1347,10610,525,2,5,5,3308,0,0,0,NA,0,SOUTH,ACACIA AV,LYON AV,306,W,N,A,-,N,NA,NA,NA,NA,NA,NA,NA,NA,NA,N,4,0,2,3,A,-,03,22350,NA,F,C,C,A,A,H,-,A,A,0,NA,NA,NA,NA,Y,NA,A,01,0,0,2,0,0,0,0,0,0,-,-,33.74387,-116.98919,RIVERSIDE,HEMET,-116.99009306,33.74378925
8408273,2017,2017-07-24,3313,2017-07-06,0910,1641,4,4,5,7,3313,0,0,0,NA,0,T48,VAN BUREN BL,CHALLEN AV,260,N,N,A,-,N,NA,NA,NA,NA,NA,NA,NA,NA,NA,Y,4,0,2,2,A,-,09,21804,A,N,D,C,A,A,H,-,A,A,0,NA,NA,NA,NA,Y,NA,A,01,0,0,2,0,0,0,0,0,0,-,-,33.92903,-117.45359,RIVERSIDE,RIVERSIDE,-117.45398467,33.9295341
8408307,2017,2018-05-04,3300,2017-07-05,2030,N3605,41B5,3,5,3,3392,0,0,0,NA,0,LA41,RT 111,DUNE PALMS RD,75,W,N,A,-,N,NA,NA,NA,NA,NA,NA,NA,NA,NA,N,4,0,1,3,A,-,03,22350,NA,N,C,C,A,A,H,-,C,A,0,NA,NA,NA,NA,Y,NA,D,22,0,0,1,0,0,0,0,0,0,-,-,NA,NA,RIVERSIDE,LA QUINTA,-116.2777155,33.70744243
8408694,2017,2017-08-03,3311,2017-05-30,1610,15842,NA,2,5,4,3311,0,0,0,NA,0,001,INDIAN CANYON DR,VIA ESCUELA,0,NA,Y,A,-,N,NA,NA,NA,NA,NA,NA,NA,NA,NA,Y,2,0,1,2,A,-,09,21802,A,N,D,C,A,A,H,-,B,A,0,NA,NA,Y,NA,Y,NA,A,01,1,0,0,0,0,0,0,0,1,-,-,33.84848,-116.5456,RIVERSIDE,PALM SPRINGS,-116.54558,33.84848004
8408924,2017,2017-08-10,3315,2017-07-24,1858,001811,1G,1,5,6,3315,0,0,0,NA,0,NA,MAPLE ST,COMMERCE,200,S,N,A,-,N,NA,NA,NA,NA,NA,NA,NA,NA,NA,Y,4,0,1,1,A,-,01,23152,A,N,E,I,A,A,H,-,A,A,0,NA,NA,NA,NA,Y,NA,-,NA,0,0,1,0,0,0,0,0,0,-,-,NA,NA,RIVERSIDE,CORONA,-117.60072113,33.8860237
8411091,2017,2017-07-25,3315,2017-07-11,1549,003166,10B,2,5,6,3315,0,0,0,NA,0,002,MCKINLEY ST,SHOPPING CENTER,36,S,N,A,-,N,NA,NA,NA,NA,NA,NA,NA,NA,NA,N,3,0,3,2,A,-,03,22350,NA,N,C,C,A,A,H,-,A,A,0,NA,NA,NA,NA,Y,NA,A,01,0,1,2,0,0,0,0,0,0,-,-,NA,NA,RIVERSIDE,CORONA,-117.52061,33.889787
8412242,2017,2017-07-25,3302,2017-05-13,1634,778,DESER,6,5,3,3302,0,0,0,NA,0,001,2ND ST,PASEO BEAUMONT,451,W,N,A,-,N,NA,NA,NA,NA,NA,NA,NA,NA,NA,Y,3,0,1,2,A,-,09,21804,A,N,D,C,A,A,H,-,A,D,0,NA,NA,NA,Y,Y,NA,F,26,0,1,0,0,0,0,0,0,0,-,-,33.92331,-116.94834,RIVERSIDE,BEAUMONT,-116.94956738,33.92328881
8413123,2017,2018-06-18,3315,2017-07-07,1712,11119,3E,5,5,6,3315,0,0,0,NA,0,NA,MAGNOLIA AV,RT 15,0,NA,Y,A,-,Y,RIV,8,15,-,-,40.211,R,4,N,Y,3,0,1,2,A,-,12,21453,A,N,D,C,A,A,H,-,A,A,0,NA,NA,NA,NA,Y,NA,A,01,0,1,0,0,0,0,0,0,0,-,NF,33.86623,-117.54163,RIVERSIDE,CORONA,-117.54049617,33.86448204
8414028,2017,2017-08-10,3300,2017-07-20,1435,3968,602E2,4,5,6,3394,0,0,0,NA,0,MV28,FIR AV,NINEBARK ST,0,NA,Y,A,-,N,NA,NA,NA,NA,NA,NA,NA,NA,NA,Y,4,0,1,2,A,-,05,21460,A,N,B,C,A,A,H,-,A,D,0,NA,NA,NA,NA,Y,NA,A,01,0,0,1,0,0,0,0,0,0,-,-,33.93541,-117.21114,RIVERSIDE,MORENO VALLEY,-117.21123009,33.93545001
8414048,2017,2017-08-10,3300,2017-07-13,1353,3536,601D5,4,5,6,3394,0,0,0,NA,0,MV14,IRONWOOD AV,GRAHAM ST,52,E,N,A,-,N,NA,NA,NA,NA,NA,NA,NA,NA,NA,N,4,0,2,2,A,-,03,22350,NA,N,C,C,A,A,H,-,A,A,0,NA,NA,NA,NA,Y,NA,A,08,0,0,2,0,0,0,0,0,0,-,-,33.94656,-117.25266,RIVERSIDE,MORENO VALLEY,-117.25258907,33.94661
8414894,2017,2017-10-10,3315,2017-09-18,1417,003659,2B,1,5,6,3315,0,0,0,NA,0,002,JOY ST N,GRAND BL,20,N,N,A,-,N,NA,NA,NA,NA,NA,NA,NA,NA,NA,Y,4,0,1,2,A,-,03,22350,NA,N,C,C,A,A,H,-,A,A,0,NA,NA,NA,NA,Y,NA,-,NA,0,0,1,0,0,0,0,0,0,-,-,NA,NA,RIVERSIDE,CORONA,-117.56107097,33.88006649
8416023,2017,2017-07-31,3309,2017-05-31,1559,443,3309,3,5,4,3309,0,0,0,NA,0,005,FRED WARING DR,HOOVER ST,0,NA,Y,A,-,N,NA,NA,NA,NA,NA,NA,NA,NA,NA,Y,4,0,1,2,A,-,01,23152,F,N,D,C,A,A,H,-,A,A,0,NA,NA,NA,NA,Y,NA,A,01,0,0,1,0,0,0,0,0,0,-,-,NA,NA,RIVERSIDE,INDIO,-116.23803006,33.72933003
8416198,2017,2017-07-27,3315,2017-07-15,0606,003224,1A,6,5,6,3315,0,0,0,NA,0,001,RAILROAD ST,MONICA CIR,100,W,N,A,-,N,NA,NA,NA,NA,NA,NA,NA,NA,NA,Y,4,0,2,2,A,-,03,22350,NA,N,A,C,A,A,H,-,A,A,0,NA,NA,NA,NA,Y,NA,-,NA,0,0,2,0,0,0,0,0,0,-,-,NA,NA,RIVERSIDE,CORONA,-117.61447746,33.88745708
8416232,2017,2017-08-02,3313,2017-07-08,0439,1796,C,6,5,7,3313,0,0,0,NA,0,1R49,ARLINGTON AV,NEIL ST,132,W,N,A,-,N,NA,NA,NA,NA,NA,NA,NA,NA,NA,N,4,0,1,3,A,-,08,22107,NA,M,B,E,E,A,H,-,C,D,0,Y,NA,NA,NA,Y,NA,A,01,0,0,1,0,1,0,0,0,0,-,-,NA,NA,RIVERSIDE,RIVERSIDE,-117.43781397,33.94592724
8416385,2017,2017-07-27,3313,2017-07-12,1842,1772,4,3,5,7,3313,0,0,0,NA,0,T45,INDIANA AV,BROCKTON AV,140,E,N,A,-,N,NA,NA,NA,NA,NA,NA,NA,NA,NA,N,4,0,1,2,A,-,03,22350,NA,M,C,C,A,A,H,-,A,A,0,NA,NA,NA,NA,Y,NA,A,08,0,0,1,0,0,0,0,0,0,-,-,33.94197,-117.39352,RIVERSIDE,RIVERSIDE,-117.39316757,33.9421267
8416981,2017,2017-07-28,3300,2017-07-13,1138,4767,916D,4,5,4,3312,0,0,0,NA,0,031,PERRIS BL,ORANGE AV,0,NA,Y,A,-,N,NA,NA,NA,NA,NA,NA,NA,NA,NA,N,4,0,1,2,A,-,05,21202,A,N,D,G,A,A,H,-,A,A,0,NA,Y,NA,NA,Y,NA,L,04,0,0,1,0,0,0,1,0,0,-,-,33.81566,-117.22599,RIVERSIDE,PERRIS,-117.22612005,33.81560002
8417424,2017,2017-09-01,3300,2017-05-07,1719,4807,02B,7,5,6,3345,0,0,0,NA,0,020,MISSION BL,PYRITE ST,108,E,N,C,-,N,NA,NA,NA,NA,NA,NA,NA,NA,NA,N,4,0,1,2,A,-,09,21804,A,N,D,C,A,B,H,-,A,D,0,NA,NA,NA,NA,Y,NA,D,22,0,0,1,0,0,0,0,0,0,-,-,NA,NA,RIVERSIDE,JURUPA VALLEY,-117.46200464,34.0118
84176210,2024,2024-08-13,3300,2024-08-11,1355,6414,NA,7,5,6,3394,0,0,0,NA,0,MV22,ELSWORTH ST,COTTONWOOD AVE,0,NA,Y,A,-,N,NA,NA,NA,NA,NA,NA,NA,NA,NA,Y,3,0,2,2,A,-,12,22450,A,N,D,C,A,A,H,-,A,A,0,NA,NA,NA,NA,Y,NA,-,-,0,1,1,0,0,0,0,0,0,-,-,33.924598693847656,-117.26995849609376,RIVERSIDE,MORENO VALLEY,-117.27001953125,33.92439270019531
8419024,2017,2017-08-02,3300,2017-07-13,1559,N6426,910Q,4,5,5,3335,0,0,0,NA,0,070,PECHANGA PKWY,CASINO DR,0,NA,Y,A,-,N,NA,NA,NA,NA,NA,NA,NA,NA,NA,Y,3,0,1,2,A,-,12,21453,A,N,D,C,A,A,H,-,A,A,0,NA,NA,NA,NA,Y,NA,A,01,0,1,0,0,0,0,0,0,0,-,-,NA,NA,RIVERSIDE,TEMECULA,-117.10345012,33.45629004
8419082,2017,2017-08-03,3300,2017-06-21,2118,3775,602C2,3,5,6,3394,0,0,0,NA,0,MV24,SUNNYMEAD BL,FREDERICK ST,530,E,N,A,-,N,NA,NA,NA,NA,NA,NA,NA,NA,NA,N,4,0,3,3,A,-,03,22350,NA,N,C,C,A,A,H,-,C,D,0,NA,NA,NA,NA,Y,NA,A,01,0,0,3,0,0,0,0,0,0,-,-,33.93973,-117.26141,RIVERSIDE,MORENO VALLEY,-117.25975656,33.93939847
8419137,2017,2017-08-23,3300,2017-07-13,1200,N4544,601C2,4,5,6,3394,0,0,0,NA,0,014,PIGEON PASS RD,IRONWOOD AV,21,N,N,A,-,N,NA,NA,NA,NA,NA,NA,NA,NA,NA,N,4,0,1,2,A,-,03,22350,NA,N,C,C,A,A,H,-,A,A,0,NA,NA,NA,NA,Y,NA,D,22,0,0,1,0,0,0,0,0,0,-,-,33.94661,-117.26141,RIVERSIDE,MORENO VALLEY,-117.26149,33.94664753
8419558,2017,2017-08-07,3308,2017-06-30,1943,10620,283,5,5,5,3308,0,0,0,NA,0,NORTH,ESPLANADE AV,CINNABAR AV,68,E,N,A,-,N,NA,NA,NA,NA,NA,NA,NA,NA,NA,Y,3,0,1,1,A,-,08,22107,NA,N,E,I,A,A,H,-,A,D,0,NA,NA,NA,NA,Y,NA,D,22,0,1,0,0,0,0,0,0,0,-,-,33.77107,-117.02171,RIVERSIDE,HEMET,-117.02528703,33.77285693
8419572,2017,2017-08-04,3308,2017-06-29,0844,10611,527,4,5,5,3308,0,0,0,NA,0,SOUTH,MAYBERRY AV,SANTA FE ST,0,NA,Y,A,-,N,NA,NA,NA,NA,NA,NA,NA,NA,NA,N,4,0,1,2,A,-,12,22450,A,N,D,C,A,A,H,-,A,A,0,NA,NA,NA,NA,Y,NA,A,01,0,0,1,0,0,0,0,0,0,-,-,33.74028,-116.96288,RIVERSIDE,HEMET,-116.9629301,33.74032007
8419658,2017,2017-08-04,3308,2017-06-30,1522,10470,505,5,5,5,3308,0,0,0,NA,0,NORTH,OAKLAND AV,LYON AV,0,NA,Y,A,-,N,NA,NA,NA,NA,NA,NA,NA,NA,NA,Y,4,0,2,2,A,-,12,22450,A,N,D,C,A,A,H,-,A,A,0,NA,NA,NA,NA,Y,NA,A,01,0,0,2,0,0,0,0,0,0,-,-,33.75473,-116.98917,RIVERSIDE,HEMET,-116.98917008,33.75467
8425829,2017,2017-08-23,3300,2017-07-31,1401,3481,920H,1,5,4,3314,0,0,0,NA,0,074,SAN JACINTO AV,WALMART ENTRANCE,21,N,N,A,-,N,NA,NA,NA,NA,NA,NA,NA,NA,NA,N,4,0,1,2,A,-,12,21453,A,N,D,C,A,A,H,-,A,A,0,NA,NA,NA,NA,Y,NA,A,01,0,0,1,0,0,0,0,0,0,-,-,NA,NA,RIVERSIDE,SAN JACINTO,NA,NA
8429153,2017,2017-09-15,3308,2017-07-21,1418,10515,525,5,5,5,3308,0,0,0,NA,0,SOUTH,LYON AV,ACACIA AV,0,NA,Y,A,-,N,NA,NA,NA,NA,NA,NA,NA,NA,NA,N,3,0,5,2,A,-,12,21453,A,N,D,C,A,A,H,-,A,A,0,NA,NA,NA,NA,Y,NA,D,22,0,1,4,0,0,0,0,0,0,-,-,33.74387,-116.98919,RIVERSIDE,HEMET,-116.98909005,33.74378006
8429837,2017,2017-08-22,3300,2017-07-31,2114,3436,604B4,1,5,6,3394,0,0,0,NA,0,MV42,MORENO BEACH DR,JOHNNY F KENNEDY DR,20,N,N,B,-,N,NA,NA,NA,NA,NA,NA,NA,NA,NA,N,4,0,1,2,A,-,03,22350,NA,N,C,C,A,A,H,-,C,A,0,NA,NA,Y,NA,Y,NA,C,02,0,0,1,0,0,0,0,0,1,-,-,33.90264,-117.1741,RIVERSIDE,MORENO VALLEY,-117.17411863,33.90282477
8430784,2017,2017-09-14,3309,2017-08-21,1013,112,DESET,1,5,4,3309,0,0,0,NA,0,003,AVENUE 48,ARABIA ST,0,NA,Y,A,-,N,NA,NA,NA,NA,NA,NA,NA,NA,NA,Y,4,0,1,2,A,-,12,21453,A,N,D,C,A,A,H,-,A,A,0,NA,NA,NA,NA,Y,NA,D,22,0,0,1,0,0,0,0,0,0,-,-,NA,NA,RIVERSIDE,INDIO,-116.22514013,33.70020012
8431540,2017,2017-09-23,3313,2017-08-07,1215,1779,5,1,5,7,3313,0,0,0,NA,0,T49,LA SIERRA AV,MAGNOLIA AV,414,S,N,A,-,N,NA,NA,NA,NA,NA,NA,NA,NA,NA,N,4,0,1,2,A,-,09,21804,A,N,D,C,A,A,H,-,A,D,0,NA,NA,NA,NA,Y,NA,A,01,0,0,1,0,0,0,0,0,0,-,-,33.90334,-117.47612,RIVERSIDE,RIVERSIDE,-117.47559844,33.90259008
8431902,2017,2017-08-18,3300,2017-05-26,1428,4904,901C,5,5,4,3310,0,0,0,NA,0,051,2ND ST,MOUNTAIN AV,465,E,N,A,-,N,NA,NA,NA,NA,NA,NA,NA,NA,NA,Y,4,0,2,2,A,-,09,21801,A,N,D,C,A,A,H,-,A,D,0,NA,NA,NA,NA,Y,NA,A,01,0,0,2,0,0,0,0,0,0,-,-,NA,NA,RIVERSIDE,NORCO,-117.5653022,33.90946
8431986,2017,2017-08-24,3309,2017-06-11,2211,370,NA,7,5,4,3309,0,0,0,NA,0,NA,RUBIDOUX ST,REQUA AV,0,NA,Y,A,-,N,NA,NA,NA,NA,NA,NA,NA,NA,NA,N,4,0,1,2,A,-,10,21950,A,N,G,G,A,A,H,-,C,A,0,NA,Y,NA,NA,Y,NA,A,01,0,0,1,0,0,0,1,0,0,-,-,NA,NA,RIVERSIDE,INDIO,-116.22948003,33.71772005
8432107,2017,2017-08-23,3306,2017-06-19,1713,087,3306,1,5,3,3306,0,0,0,NA,0,NA,PALM DR,12TH ST,200,N,N,A,-,N,NA,NA,NA,NA,NA,NA,NA,NA,NA,Y,4,0,1,2,A,-,03,22350,NA,N,C,C,A,A,H,-,A,D,0,NA,NA,NA,NA,Y,NA,A,01,0,0,1,0,0,0,0,0,0,-,-,NA,NA,RIVERSIDE,DESERT HOT SPRINGS,-116.50136,33.97288736
8432563,2017,2017-08-29,3313,2017-08-09,1839,1772,1,3,5,7,3313,0,0,0,NA,0,T45,MAIN ST,OAKLEY AV,0,NA,Y,A,-,N,NA,NA,NA,NA,NA,NA,NA,NA,NA,N,3,0,1,2,A,-,09,21453,B,N,H,G,A,A,H,-,A,A,0,NA,Y,NA,NA,Y,NA,D,22,0,1,0,0,0,0,1,0,0,-,-,33.99675,-117.36454,RIVERSIDE,RIVERSIDE,-117.36463008,33.99684008