CASE_ID,ACCIDENT_YEAR,PROC_DATE,JURIS,COLLISION_DATE,COLLISION_TIME,OFFICER_ID,REPORTING_DISTRICT,DAY_OF_WEEK,CHP_SHIFT,POPULATION,CNTY_CITY_LOC,SPECIAL_COND,BEAT_TYPE,CHP_BEAT_TYPE,CITY_DIVISION_LAPD,CHP_BEAT_CLASS,BEAT_NUMBER,PRIMARY_RD,SECONDARY_RD,DISTANCE,DIRECTION,INTERSECTION,WEATHER_1,WEATHER_2,STATE_HWY_IND,CALTRANS_COUNTY,CALTRANS_DISTRICT,STATE_ROUTE,ROUTE_SUFFIX,POSTMILE_PREFIX,POSTMILE,LOCATION_TYPE,RAMP_INTERSECTION,SIDE_OF_HWY,TOW_AWAY,COLLISION_SEVERITY,NUMBER_KILLED,NUMBER_INJURED,PARTY_COUNT,PRIMARY_COLL_FACTOR,PCF_CODE_OF_VIOL,PCF_VIOL_CATEGORY,PCF_VIOLATION,PCF_VIOL_SUBSECTION,HIT_AND_RUN,TYPE_OF_COLLISION,MVIW,PED_ACTION,ROAD_SURFACE,ROAD_COND_1,ROAD_COND_2,LIGHTING,CONTROL_DEVICE,CHP_ROAD_TYPE,PEDESTRIAN_ACCIDENT,BICYCLE_ACCIDENT,MOTORCYCLE_ACCIDENT,TRUCK_ACCIDENT,NOT_PRIVATE_PROPERTY,ALCOHOL_INVOLVED,STWD_VEHTYPE_AT_FAULT,CHP_VEHTYPE_AT_FAULT,COUNT_SEVERE_INJ,COUNT_VISIBLE_INJ,COUNT_COMPLAINT_PAIN,COUNT_PED_KILLED,COUNT_PED_INJURED,COUNT_BICYCLIST_KILLED,COUNT_BICYCLIST_INJURED,COUNT_MC_KILLED,COUNT_MC_INJURED,PRIMARY_RAMP,SECONDARY_RAMP,LATITUDE,LONGITUDE,COUNTY,CITY,POINT_X,POINT_Y
84665396,2025,2025-04-28,3313,2025-04-07,932,1026,NA,1,5,7,3313,0,0,0,NA,0,T52,MAGNOLIA AVE,JEFFERSON ST,0,N,-,A,-,N,NA,NA,NA,NA,NA,NA,NA,NA,NA,Y,4,0,2,2,A,-,12,21453,A,N,D,C,A,A,H,-,A,A,0,NA,NA,NA,NA,Y,NA,A,01,0,0,2,0,0,0,0,0,0,-,-,NA,NA,RIVERSIDE,RIVERSIDE,-117.41693878173828,33.93727111816406
84665703,2025,2025-04-28,3313,2025-03-26,107,1283,NA,3,5,7,3313,0,0,0,NA,0,1R17,PALM AVE,SIERRA ST,0,N,-,A,-,N,NA,NA,NA,NA,NA,NA,NA,NA,NA,N,3,0,1,2,A,-,03,22350,NA,N,C,E,A,A,H,-,C,D,0,NA,NA,NA,NA,Y,NA,A,01,0,1,0,0,0,0,0,0,0,-,-,NA,NA,RIVERSIDE,RIVERSIDE,-117.4010772705078,33.949798583984375
84667337,2025,2025-04-29,3300,2025-04-24,1557,6161,NA,4,5,5,3335,0,0,0,NA,0,062,MARGARITA MEADOWS,WINCHESTER RD,0,NA,Y,A,-,N,NA,NA,NA,NA,NA,NA,NA,NA,NA,N,4,0,1,2,A,-,11,21456,A,N,G,B,B,A,H,-,A,A,0,Y,NA,NA,NA,Y,NA,N,60,0,0,1,0,1,0,0,0,0,-,-,NA,NA,RIVERSIDE,TEMECULA,-117.15447235107422,33.52910232543945
84667541,2025,2025-04-29,3349,2025-02-18,1741,509,NA,2,5,5,3341,0,0,0,NA,0,004,NEWPORT RD,GOETZ RD,3,N,N,A,-,N,NA,NA,NA,NA,NA,NA,NA,NA,NA,N,3,0,2,2,A,-,12,21453,A,N,H,G,A,A,H,-,A,A,0,NA,Y,NA,NA,Y,NA,A,01,0,2,0,0,0,0,2,0,0,-,-,NA,NA,RIVERSIDE,MENIFEE,-117.23477935791016,33.67747116088867
84667716,2025,2025-04-29,3313,2025-04-08,200,2133,NA,2,5,7,3313,0,0,0,NA,0,1R59,TYLER ST,INDIANA AVE (N),571,N,-,A,-,N,NA,NA,NA,NA,NA,NA,NA,NA,NA,Y,2,0,1,1,A,-,08,22107,NA,N,E,I,A,A,H,-,C,D,0,NA,NA,NA,NA,Y,NA,A,01,1,0,0,0,0,0,0,0,0,-,-,NA,NA,RIVERSIDE,RIVERSIDE,-117.45738983154295,33.90686798095703
84669277,2025,2025-04-30,3300,2025-04-21,1041,3146,NA,1,5,5,3335,0,0,0,NA,0,061,DEL RIO RD,CALLE CORTEZ,336,N,N,A,-,N,NA,NA,NA,NA,NA,NA,NA,NA,NA,Y,4,0,1,2,A,-,09,21804,A,N,D,C,A,A,H,-,A,D,0,NA,NA,NA,NA,Y,NA,A,07,0,0,1,0,0,0,0,0,0,-,-,33.50680923461914,-117.15779113769533,RIVERSIDE,TEMECULA,-117.15845489501952,33.507423400878906
84669358,2025,2025-04-30,3311,2025-04-07,1548,16612,NA,1,5,4,3311,0,0,0,NA,0,003,TAHQUITZ CANYON WAY,AVENIDA CABALLEROS,0,NA,Y,A,-,N,NA,NA,NA,NA,NA,NA,NA,NA,NA,Y,3,0,5,2,D,-,00,NA,NA,N,D,C,A,A,H,-,A,A,0,NA,NA,NA,NA,Y,NA,-,-,0,4,1,0,0,0,0,0,0,-,-,33.822818756103516,-116.53716278076172,RIVERSIDE,PALM SPRINGS,-116.53695678710938,33.82307815551758
8467536,2017,2017-10-13,3313,2017-09-29,0844,1389,3,5,5,7,3313,0,0,0,NA,0,T53,EVEREST AV,GARFIELD ST,232,S,N,A,-,N,NA,NA,NA,NA,NA,NA,NA,NA,NA,Y,4,0,1,3,A,-,01,23152,F,N,A,E,A,A,H,-,A,A,0,NA,NA,NA,NA,Y,NA,A,01,0,0,1,0,0,0,0,0,0,-,-,33.92562,-117.44548,RIVERSIDE,RIVERSIDE,-117.44500292,33.92509335
84676160,2025,2025-05-06,3300,2025-05-02,1732,4440,NA,5,5,4,3314,0,0,0,NA,0,NA,7TH ST,SAN JACINTO AVE,187,E,N,B,-,Y,NA,NA,NA,NA,NA,NA,NA,NA,NA,Y,4,0,2,2,A,-,09,21801,A,N,D,C,A,A,H,-,A,D,0,NA,NA,NA,NA,Y,NA,A,01,0,0,2,0,0,0,0,0,0,-,-,33.78020095825195,-116.95880126953124,RIVERSIDE,SAN JACINTO,-116.95824432373048,33.78025817871094
84676196,2025,2025-05-06,3300,2025-04-30,759,4087,NA,3,5,3,3392,0,0,0,NA,0,LA41,DUNE PALMS RD,HWY 111,322,N,N,A,-,N,NA,NA,NA,NA,NA,NA,NA,NA,NA,N,4,0,1,2,A,-,10,21950,A,N,G,B,C,A,H,-,A,A,0,Y,NA,NA,NA,Y,NA,A,01,0,0,1,0,1,0,0,0,0,-,-,33.70743942260742,-116.27744293212892,RIVERSIDE,LA QUINTA,-116.27747344970705,33.70832061767578
84676320,2025,2025-05-06,3313,2025-04-16,1923,2262,NA,3,5,7,3313,0,0,0,NA,0,3R54,WELLS AVE,TYLER ST,0,W,-,B,-,N,NA,NA,NA,NA,NA,NA,NA,NA,NA,N,3,0,1,2,A,-,11,21954,A,N,G,B,E,A,H,-,C,A,0,Y,NA,NA,NA,Y,NA,N,60,0,1,0,0,1,0,0,0,0,-,-,NA,NA,RIVERSIDE,RIVERSIDE,-117.47422027587892,33.92808151245117
84677636,2025,2025-05-07,3300,2025-05-03,2218,5827,NA,6,5,4,3310,0,0,0,NA,0,050,HAMNER AV,ALAHMBRA ST,84,N,N,A,-,N,NA,NA,NA,NA,NA,NA,NA,NA,NA,N,4,0,1,3,A,-,03,22350,NA,N,C,C,A,A,H,-,C,A,0,NA,NA,NA,NA,Y,NA,A,01,0,0,1,0,0,0,0,0,0,-,-,NA,NA,RIVERSIDE,NORCO,-117.55818939208984,33.93962860107422
84677688,2025,2025-05-07,3300,2025-03-13,1825,4254,NA,4,5,3,3343,0,0,0,NA,0,086,INLAND VALLEY DR,PRIELIPP RD,147,N,N,A,-,N,NA,NA,NA,NA,NA,NA,NA,NA,NA,N,4,0,1,2,-,-,-,NA,NA,N,H,E,A,A,H,-,A,D,0,NA,NA,Y,NA,Y,NA,-,-,0,0,1,0,0,0,0,0,1,-,-,33.59043884277344,-117.23724365234376,RIVERSIDE,WILDOMAR,-117.23680114746094,33.590824127197266
84679609,2025,2026-01-13,3300,2025-04-14,1555,N7982,NA,1,5,6,3394,0,0,0,NA,0,MV22,COTTONWOOD AVE,OLD I-215 FRONTAGE RD,0,NA,Y,A,-,N,NA,NA,NA,NA,NA,NA,NA,NA,NA,N,4,0,1,2,A,-,09,21802,A,N,D,C,A,A,H,-,A,D,0,NA,NA,NA,Y,Y,NA,A,01,0,0,1,0,0,0,0,0,0,-,-,33.9244499206543,-117.28605651855467,RIVERSIDE,MORENO VALLEY,-117.2864990234375,33.924068450927734
84680965,2025,2025-05-09,3300,2025-05-01,2311,4121,NA,4,5,4,3312,0,0,0,NA,0,031,RAMONA EXPRESSWAY,NEVADA RD,50,W,N,A,-,N,NA,NA,NA,NA,NA,NA,NA,NA,NA,N,4,0,1,1,A,-,07,21658,A,N,F,A,A,A,H,-,C,D,0,NA,NA,NA,NA,Y,NA,A,01,0,0,1,0,0,0,0,0,0,-,-,33.844669342041016,-117.24748992919922,RIVERSIDE,PERRIS,-117.24835205078124,33.84450912475586
84681411,2025,2025-05-09,3315,2025-05-08,724,005268,NA,4,5,6,3315,0,0,0,NA,0,002,MAIN ST,SIXTH ST,23,N,N,A,-,N,NA,NA,NA,NA,NA,NA,NA,NA,NA,N,4,0,1,2,A,-,03,22350,NA,N,C,C,A,A,H,-,A,A,0,NA,NA,NA,NA,Y,NA,A,01,0,0,1,0,0,0,0,0,0,-,-,33.87453079223633,-117.56757354736328,RIVERSIDE,CORONA,-117.56748199462892,33.875572204589844
84684801,2025,2025-05-13,3342,2025-04-06,1840,P1479,NA,7,5,4,3342,0,0,0,NA,0,006,MURRIETA HOT SPRINGS RD,VIA PRINCESA (W),0,NA,Y,A,-,N,NA,NA,NA,NA,NA,NA,NA,NA,NA,Y,4,0,1,2,A,-,09,21453,C,N,D,C,A,A,H,-,A,A,0,NA,NA,NA,NA,Y,NA,A,01,0,0,1,0,0,0,0,0,0,-,-,33.55691909790039,-117.16029357910156,RIVERSIDE,MURRIETA,-117.16032409667967,33.5568962097168
84686354,2025,2025-05-14,3311,2025-04-23,1219,16018,NA,3,5,4,3311,0,0,0,NA,0,006,RAMON ROAD,CROSSLEY ROAD,936,W,N,A,-,N,NA,NA,NA,NA,NA,NA,NA,NA,NA,Y,3,0,3,4,A,-,03,22350,NA,N,C,C,A,A,H,-,A,D,0,NA,NA,NA,NA,Y,NA,A,01,0,1,2,0,0,0,0,0,0,-,-,33.81584930419922,-116.48419189453124,RIVERSIDE,PALM SPRINGS,-116.48731994628906,33.815765380859375
84686648,2025,2025-05-14,3315,2025-04-01,2050,003146,NA,2,5,6,3315,0,0,0,NA,0,002,PROMENADE AV,SUNGATE DR,70,W,N,A,-,N,NA,NA,NA,NA,NA,NA,NA,NA,NA,Y,4,0,1,2,A,-,08,22107,NA,N,B,C,A,A,H,-,C,D,0,NA,NA,NA,NA,Y,NA,A,01,0,0,1,0,0,0,0,0,0,-,-,33.88985824584961,-117.52420806884766,RIVERSIDE,CORONA,-117.52439880371094,33.88985061645508
84687894,2025,2025-05-15,3300,2025-04-15,1530,N7982,NA,2,5,6,3394,0,0,0,NA,0,MV22,DAY ST,SHERMAN AVE,177,N,N,A,-,N,NA,NA,NA,NA,NA,NA,NA,NA,NA,N,4,0,4,2,A,-,03,22350,NA,N,C,C,A,A,H,-,A,D,0,NA,NA,Y,NA,Y,NA,A,01,0,0,4,0,0,0,0,0,2,-,-,33.91886901855469,-117.27880096435548,RIVERSIDE,MORENO VALLEY,-117.27880859375,33.919334411621094
84689610,2025,2025-05-16,3308,2025-03-12,1841,11102,NA,3,5,5,3308,0,0,0,NA,0,NORTH,LATHAM AVE,THOMPSON ST,0,NA,Y,B,-,N,NA,NA,NA,NA,NA,NA,NA,NA,NA,Y,2,0,1,2,A,-,09,21802,A,N,D,C,A,A,H,-,B,A,0,NA,NA,NA,NA,Y,NA,A,01,1,0,0,0,0,0,0,0,0,-,-,NA,NA,RIVERSIDE,HEMET,-116.96517181396484,33.74937057495117
8469345,2016,2018-03-26,3311,2016-04-27,2355,15477,NA,3,5,4,3311,0,0,0,NA,0,006,RT 111,PALM HILLS DR,158,E,N,A,G,Y,RIV,8,111,-,-,47.6,H,-,S,Y,4,0,1,1,A,-,07,21658,A,N,E,I,A,A,H,-,C,A,0,NA,NA,NA,NA,Y,NA,A,01,0,0,1,0,0,0,0,0,0,-,-,33.79273,-116.49279,RIVERSIDE,PALM SPRINGS,-116.49206783,33.79254443
84693501,2025,2025-05-20,3315,2025-05-15,1834,005122,NA,4,5,6,3315,0,0,0,NA,0,002,CRESTA RD,WYNOLA CT,0,NA,Y,A,G,N,NA,NA,NA,NA,NA,NA,NA,NA,NA,Y,4,0,1,2,A,-,03,22350,NA,N,C,C,A,A,H,-,A,A,0,NA,NA,NA,NA,Y,NA,A,01,0,0,1,0,0,0,0,0,0,-,-,NA,NA,RIVERSIDE,CORONA,-117.53846740722656,33.88591003417969
84696464,2025,2025-05-22,3300,2025-05-19,1528,N1673,NA,1,5,3,3317,0,0,0,NA,0,S20,MONTEREY AVE,AVENIDA LAS PALMAS,582,N,N,A,-,N,NA,NA,NA,NA,NA,NA,NA,NA,NA,N,4,0,1,3,A,-,03,22350,NA,N,C,C,A,A,D,-,A,A,0,NA,NA,NA,NA,Y,NA,A,01,0,0,1,0,0,0,0,0,0,-,-,33.73881149291992,-116.39116668701172,RIVERSIDE,RANCHO MIRAGE,-116.39111328125,33.73738479614258
84696470,2025,2025-06-26,3300,2025-05-18,2320,N1673,NA,7,5,4,3318,0,0,0,NA,0,T30,PALM DESERT DR N,LAS PALMAS AVE (N),675,W,N,A,-,N,NA,NA,NA,NA,NA,NA,NA,NA,NA,N,4,0,1,2,A,-,21,22106,NA,F,G,B,F,A,H,-,C,A,0,Y,NA,NA,NA,Y,Y,A,01,0,0,1,0,1,0,0,0,0,-,-,33.7216682434082,-116.38417816162108,RIVERSIDE,PALM DESERT,-116.3839874267578,33.72172927856445
84696596,2025,2025-05-22,3300,2025-03-22,1339,5567,NA,6,5,3,3305,0,0,0,NA,0,Y82,AVE 54,GRAPEFRUIT BLVD.,1865,W,N,A,-,N,NA,NA,NA,NA,NA,NA,NA,NA,NA,N,3,0,1,2,A,-,07,21658,A,F,B,G,A,A,H,-,A,D,0,NA,Y,NA,NA,Y,NA,D,22,0,1,0,0,0,0,1,0,0,-,-,NA,NA,RIVERSIDE,COACHELLA,-116.15972137451172,33.65668869018555
8469774,2017,2017-11-15,3309,2017-09-23,2500,326,3309,6,5,4,3309,0,0,0,NA,0,005,CLINTON ST,MILES AV,0,NA,Y,A,-,N,NA,NA,NA,NA,NA,NA,NA,NA,NA,Y,2,0,1,4,A,-,12,21453,A,F,D,C,A,A,H,-,C,A,0,NA,NA,NA,NA,Y,NA,D,22,1,0,0,0,0,0,0,0,0,-,-,NA,NA,RIVERSIDE,INDIO,-116.24270008,33.7220301
8470120,2017,2017-10-27,3313,2017-09-21,0747,1641,4,4,5,7,3313,0,0,0,NA,0,T55,MURRAY ST,ARLINGTON AV,108,N,N,A,-,N,NA,NA,NA,NA,NA,NA,NA,NA,NA,N,4,0,1,2,A,-,11,21954,A,M,G,B,-,A,H,-,A,D,0,Y,NA,NA,NA,Y,NA,H,15,0,0,1,0,1,0,0,0,0,-,-,33.94585,-117.44145,RIVERSIDE,RIVERSIDE,-117.44169423,33.94618591
8470151,2017,2017-10-27,3313,2017-09-30,2044,1846,5,6,5,7,3313,0,0,0,NA,0,4R50,SHARON AV,HARRISON ST,103,W,N,A,-,N,NA,NA,NA,NA,NA,NA,NA,NA,NA,Y,3,0,1,3,A,-,01,23152,A,M,B,E,A,A,H,-,A,D,0,NA,NA,NA,NA,Y,Y,D,22,0,1,0,0,0,0,0,0,0,-,-,33.92213,-117.45421,RIVERSIDE,RIVERSIDE,-117.45443852,33.9220062
84702533,2025,2025-05-28,3306,2025-05-05,2311,2970,NA,1,5,3,3306,0,0,0,NA,0,NA,HACIENDA AVE,LONG CANYON RD,0,NA,Y,A,-,Y,NA,NA,NA,NA,NA,NA,NA,NA,NA,Y,4,0,1,1,A,-,03,22350,NA,N,E,I,A,A,H,-,C,A,0,NA,NA,Y,NA,Y,NA,C,02,0,0,1,0,0,0,0,0,1,-,-,33.946781158447266,-116.45755004882813,RIVERSIDE,DESERT HOT SPRINGS,-116.4574966430664,33.946929931640625
8470413,2017,2017-10-23,3315,2017-10-03,1638,002661,10C,2,5,6,3315,0,0,0,NA,0,002,EL CAMINO AV,6TH ST,200,S,N,A,-,N,NA,NA,NA,NA,NA,NA,NA,NA,NA,N,4,0,2,2,A,-,09,21804,A,N,D,C,A,A,H,-,A,D,0,NA,NA,NA,NA,Y,NA,-,NA,0,0,2,0,0,0,0,0,0,-,-,33.87406,-117.53972,RIVERSIDE,CORONA,-117.53986836,33.87393594
8470417,2017,2017-10-23,3315,2017-10-06,2258,003432,3E,5,5,6,3315,0,0,0,NA,0,003,MAGNOLIA AV,RIMPAU AV,720,W,N,A,-,N,NA,NA,NA,NA,NA,NA,NA,NA,NA,Y,4,0,1,1,A,-,01,23152,NA,N,E,I,A,A,H,-,C,D,0,NA,NA,NA,NA,Y,Y,-,NA,0,0,1,0,0,0,0,0,0,-,-,NA,NA,RIVERSIDE,CORONA,-117.54663605,33.86343079
84707793,2025,2025-06-02,3300,2025-04-29,1739,N7114,NA,2,5,6,3345,0,0,0,NA,0,022,RIVERSIDE DR,WINEVILLE RD,955,W,N,A,-,N,NA,NA,NA,NA,NA,NA,NA,NA,NA,Y,3,0,1,1,A,-,08,22107,NA,N,E,I,A,A,H,-,A,D,0,NA,NA,NA,NA,Y,NA,D,22,0,1,0,0,0,0,0,0,0,-,-,34.018680572509766,-117.5415496826172,RIVERSIDE,JURUPA VALLEY,-117.54505920410156,34.018714904785156
84710413,2025,2025-06-03,3300,2025-05-20,1340,N4544,NA,2,5,6,3345,0,0,0,NA,0,016,LIMONITE AV,AVENUE JUAN BAUTISTA,373,E,N,A,-,N,NA,NA,NA,NA,NA,NA,NA,NA,NA,N,3,0,2,1,A,-,08,22107,NA,N,H,A,A,A,H,-,A,D,0,NA,NA,Y,NA,Y,NA,C,02,0,2,0,0,0,0,0,0,2,-,-,33.98419189453125,-117.43344879150392,RIVERSIDE,JURUPA VALLEY,-117.43260192871094,33.985023498535156
84710414,2025,2025-06-26,3300,2025-05-08,1440,N4544,NA,4,5,6,3345,0,0,0,NA,0,026,ETIWANDA AV,58TH ST,41,S,N,A,-,N,NA,NA,NA,NA,NA,NA,NA,NA,NA,Y,3,0,2,2,A,-,03,22350,NA,N,C,C,A,A,H,-,A,A,0,NA,NA,NA,NA,Y,NA,D,22,0,1,1,0,0,0,0,0,0,-,-,33.98196029663086,-117.52269744873048,RIVERSIDE,JURUPA VALLEY,-117.52340698242188,33.982608795166016
84710432,2025,2025-06-03,3300,2025-04-30,1930,6524,NA,3,5,4,3307,0,0,0,NA,0,095,COLLIER AVE,RIVERSIDE DR,0,NA,Y,A,-,N,NA,NA,NA,NA,NA,NA,NA,NA,NA,N,4,0,2,2,A,-,03,22350,NA,N,C,C,A,A,H,-,C,A,0,NA,NA,NA,NA,Y,NA,A,07,0,0,2,0,0,0,0,0,0,-,-,33.69506072998047,-117.34619903564452,RIVERSIDE,LAKE ELSINORE,-117.34619903564452,33.695072174072266
84710825,2025,2025-06-03,3315,2025-05-23,1320,004349,NA,5,5,6,3315,0,0,0,NA,0,001,LINCOLN AV,RIVER RD,0,NA,Y,A,-,N,NA,NA,NA,NA,NA,NA,NA,NA,NA,Y,3,0,1,1,A,-,03,22350,NA,N,E,I,A,A,H,-,A,A,0,NA,NA,Y,NA,Y,NA,C,02,0,1,0,0,0,0,0,0,1,-,-,33.898658752441406,-117.57436370849608,RIVERSIDE,CORONA,-117.57476806640624,33.8994255065918
84712056,2025,2025-06-04,3300,2025-05-27,1310,N4544,NA,2,5,6,3345,0,0,0,NA,0,024,LIMONITE AV,BAIN ST,338,W,N,A,-,N,NA,NA,NA,NA,NA,NA,NA,NA,NA,Y,4,0,2,2,A,-,21,22106,NA,N,C,C,A,A,H,-,A,A,0,NA,NA,NA,NA,Y,NA,D,22,0,0,2,0,0,0,0,0,0,-,-,33.974388122558594,-117.50537109375,RIVERSIDE,JURUPA VALLEY,-117.50698852539063,33.97534942626953
84713954,2025,2025-06-05,3342,2025-06-03,1411,P481,NA,2,5,4,3342,0,0,0,NA,0,004,MURRIETA HOT SPRINGS RD,RT 215 SB OFFRAMP,0,NA,Y,A,-,N,NA,NA,NA,NA,NA,NA,NA,NA,NA,Y,4,0,1,2,A,-,12,21453,A,N,D,C,A,A,H,-,A,A,0,NA,NA,NA,NA,Y,NA,A,01,0,0,1,0,0,0,0,0,0,-,-,33.556190490722656,-117.18213653564452,RIVERSIDE,MURRIETA,-117.18096923828124,33.55621337890625
84715383,2025,2025-06-06,3300,2025-05-05,1156,5937,NA,1,5,4,3318,0,0,0,NA,0,T30,PORTOLA AVE,HWY 111,0,NA,Y,A,-,N,NA,NA,NA,NA,NA,NA,NA,NA,NA,N,3,0,2,2,A,-,12,21453,A,N,D,C,A,A,H,-,A,A,0,NA,NA,NA,NA,Y,NA,A,07,0,1,1,0,0,0,0,0,0,-,-,NA,NA,RIVERSIDE,PALM DESERT,-116.37374877929688,33.721343994140625
84717131,2025,2025-06-09,3315,2025-06-04,1731,005024,NA,3,5,6,3315,0,0,0,NA,0,003,RIMPAU AV,BIRMINGHAM DR,0,NA,Y,A,-,N,NA,NA,NA,NA,NA,NA,NA,NA,NA,Y,4,0,1,2,A,-,09,21801,A,N,D,C,A,A,H,-,A,D,0,NA,NA,NA,NA,Y,NA,A,01,0,0,1,0,0,0,0,0,0,-,-,33.84999084472656,-117.54517364501952,RIVERSIDE,CORONA,-117.54473114013672,33.85116958618164
84717714,2025,2026-03-05,3315,2025-05-18,1734,005308,NA,7,5,6,3315,0,0,0,NA,0,002,MAIN ST,RINCON ST,0,NA,Y,B,-,N,NA,NA,NA,NA,NA,NA,NA,NA,NA,Y,4,0,2,2,A,-,08,22107,NA,N,B,C,A,A,H,-,A,D,0,NA,NA,NA,NA,Y,NA,A,01,0,0,2,0,0,0,0,0,0,-,-,NA,NA,RIVERSIDE,CORONA,-117.5647430419922,33.88663864135742
84718188,2025,2025-06-09,3309,2025-01-13,1723,W2302,NA,1,5,4,3309,0,0,0,NA,0,NA,JACKSON ST,AVENUE 51,0,NA,Y,A,-,N,NA,NA,NA,NA,NA,NA,NA,NA,NA,N,4,0,2,2,A,-,09,21804,A,N,D,C,A,A,H,-,C,A,0,NA,NA,NA,NA,Y,NA,D,22,0,0,2,0,0,0,0,0,0,-,-,NA,NA,RIVERSIDE,INDIO,-116.21647644042967,33.6781005859375
84718283,2025,2025-06-09,3309,2025-04-11,2110,W2302,NA,5,5,4,3309,0,0,0,NA,0,NA,HIGHWAY 111,RUBIDOUX ST,0,NA,Y,A,-,N,NA,NA,NA,NA,NA,NA,NA,NA,NA,N,3,0,1,1,A,-,17,21208,A,N,H,A,A,A,H,-,C,A,0,NA,Y,NA,NA,Y,NA,L,04,0,1,0,0,0,0,1,0,0,-,-,33.71487045288086,-116.22869110107422,RIVERSIDE,INDIO,-116.22869110107422,33.714900970458984
8471867,2017,2018-05-31,3308,2017-08-02,1338,10470,516,3,5,5,3308,0,0,0,NA,0,NORTH,FLORIDA AV,WESTERN AV,0,NA,Y,A,-,Y,RIV,8,74,-,-,40.023,I,5,W,Y,3,0,1,2,A,-,09,21802,A,N,D,C,A,A,H,-,A,A,0,NA,NA,NA,NA,Y,NA,A,01,0,1,0,0,0,0,0,0,0,-,-,33.74757,-116.98156,RIVERSIDE,HEMET,-116.98151833,33.74753039
8471886,2017,2018-06-14,3308,2017-07-24,2001,10636,518,1,5,5,3308,0,0,0,NA,0,NORTH,FLORIDA AV,DARTMOUTH ST,412,E,N,A,-,Y,RIV,8,74,-,-,42.588,I,6,E,Y,4,0,1,3,C,-,18,NA,NA,N,B,C,A,A,H,-,C,A,0,NA,NA,NA,NA,Y,NA,-,-,0,0,1,0,0,0,0,0,0,-,-,33.74757,-116.9368,RIVERSIDE,HEMET,-116.9368884,33.74772113
84719016,2025,2025-06-10,3300,2025-05-17,2100,3613,NA,6,5,5,3335,0,0,0,NA,0,064,YNEZ RD,RANCHO VISTA RD,30,N,N,A,-,N,NA,NA,NA,NA,NA,NA,NA,NA,NA,Y,4,0,2,3,A,-,03,22350,NA,N,C,C,A,A,H,-,C,A,0,NA,NA,NA,NA,Y,NA,A,01,0,0,2,0,0,0,0,0,0,-,-,33.498138427734375,-117.14256286621094,RIVERSIDE,TEMECULA,-117.14244079589844,33.49824523925781
8472775,2017,2017-11-02,3300,2017-09-19,0947,3536,604C4,2,5,6,3394,0,0,0,NA,0,MV44,LASSELLE ST,COLLEGE DR,0,NA,Y,A,-,N,NA,NA,NA,NA,NA,NA,NA,NA,NA,N,3,0,3,3,A,-,12,21453,A,N,A,C,A,A,H,-,A,A,0,NA,NA,NA,NA,Y,NA,A,01,0,1,2,0,0,0,0,0,0,-,-,33.88696,-117.20569,RIVERSIDE,MORENO VALLEY,-117.20530009,33.8869901
84731214,2025,2025-06-19,3300,2025-03-25,1516,6252,NA,2,5,4,3310,0,0,0,NA,0,050,HAMNER AV,6TH ST,345,S,N,A,-,N,NA,NA,NA,NA,NA,NA,NA,NA,NA,Y,2,0,1,2,A,-,09,21801,A,N,D,C,A,A,H,-,A,D,0,NA,NA,NA,NA,Y,NA,A,01,1,0,0,0,0,0,0,0,0,-,-,33.937339782714844,-117.55747222900392,RIVERSIDE,NORCO,-117.55738067626952,33.936424255371094
84731387,2025,2025-06-19,3300,2025-06-04,1346,N4809,NA,3,5,4,3314,0,0,0,NA,0,070,STATE ST,ESPLANADE AVE,204,N,N,A,-,N,NA,NA,NA,NA,NA,NA,NA,NA,NA,Y,4,0,2,3,A,-,09,21801,A,N,A,C,A,A,H,-,A,B,0,NA,NA,NA,NA,Y,NA,A,01,0,0,2,0,0,0,0,0,0,-,-,NA,NA,RIVERSIDE,SAN JACINTO,-116.9718780517578,33.77294158935547
84736515,2025,2025-06-24,3300,2025-06-18,1048,3359,NA,3,5,4,3312,0,0,0,NA,0,031,REDLANDS AV,RIDER LOGISTIC WAY,35,N,N,A,-,N,NA,NA,NA,NA,NA,NA,NA,NA,NA,Y,3,0,1,2,A,-,03,22350,NA,N,C,C,A,A,A,-,A,A,0,NA,NA,NA,NA,Y,NA,A,01,0,1,0,0,0,0,0,0,0,-,-,NA,NA,RIVERSIDE,PERRIS,-117.2173080444336,33.8302001953125
84741503,2025,2025-06-27,3300,2025-06-17,2154,5585,NA,2,5,6,3345,0,0,0,NA,0,026,BELLEGRAVE AV,PATS RANCH RD,1536,W,N,A,-,N,NA,NA,NA,NA,NA,NA,NA,NA,NA,N,3,0,1,2,A,-,14,21201,D,N,C,G,A,A,H,-,D,D,0,NA,Y,NA,NA,Y,NA,L,04,0,1,0,0,0,0,1,0,0,-,-,NA,NA,RIVERSIDE,JURUPA VALLEY,-117.54944610595705,33.99129867553711
8474166,2017,2017-10-25,3313,2017-09-15,0613,1488,5,5,5,7,3313,0,0,0,NA,0,M20,HOLE AV,TYLER ST,301,W,N,A,-,N,NA,NA,NA,NA,NA,NA,NA,NA,NA,Y,4,0,1,2,B,-,22,NA,NA,N,D,C,A,A,H,-,B,D,0,NA,NA,NA,NA,Y,NA,J,48,0,0,1,0,0,0,0,0,0,-,-,33.9191,-117.48866,RIVERSIDE,RIVERSIDE,-117.46505167,33.91536485