CASE_ID,ACCIDENT_YEAR,PROC_DATE,JURIS,COLLISION_DATE,COLLISION_TIME,OFFICER_ID,REPORTING_DISTRICT,DAY_OF_WEEK,CHP_SHIFT,POPULATION,CNTY_CITY_LOC,SPECIAL_COND,BEAT_TYPE,CHP_BEAT_TYPE,CITY_DIVISION_LAPD,CHP_BEAT_CLASS,BEAT_NUMBER,PRIMARY_RD,SECONDARY_RD,DISTANCE,DIRECTION,INTERSECTION,WEATHER_1,WEATHER_2,STATE_HWY_IND,CALTRANS_COUNTY,CALTRANS_DISTRICT,STATE_ROUTE,ROUTE_SUFFIX,POSTMILE_PREFIX,POSTMILE,LOCATION_TYPE,RAMP_INTERSECTION,SIDE_OF_HWY,TOW_AWAY,COLLISION_SEVERITY,NUMBER_KILLED,NUMBER_INJURED,PARTY_COUNT,PRIMARY_COLL_FACTOR,PCF_CODE_OF_VIOL,PCF_VIOL_CATEGORY,PCF_VIOLATION,PCF_VIOL_SUBSECTION,HIT_AND_RUN,TYPE_OF_COLLISION,MVIW,PED_ACTION,ROAD_SURFACE,ROAD_COND_1,ROAD_COND_2,LIGHTING,CONTROL_DEVICE,CHP_ROAD_TYPE,PEDESTRIAN_ACCIDENT,BICYCLE_ACCIDENT,MOTORCYCLE_ACCIDENT,TRUCK_ACCIDENT,NOT_PRIVATE_PROPERTY,ALCOHOL_INVOLVED,STWD_VEHTYPE_AT_FAULT,CHP_VEHTYPE_AT_FAULT,COUNT_SEVERE_INJ,COUNT_VISIBLE_INJ,COUNT_COMPLAINT_PAIN,COUNT_PED_KILLED,COUNT_PED_INJURED,COUNT_BICYCLIST_KILLED,COUNT_BICYCLIST_INJURED,COUNT_MC_KILLED,COUNT_MC_INJURED,PRIMARY_RAMP,SECONDARY_RAMP,LATITUDE,LONGITUDE,COUNTY,CITY,POINT_X,POINT_Y
84835112,2025,2025-09-08,3313,2025-04-29,839,1882,NA,2,5,7,3313,0,0,0,NA,0,M20,UNIVERSITY AVE,MULBERRY ST,0,E,-,B,-,N,NA,NA,NA,NA,NA,NA,NA,NA,NA,N,3,0,1,2,A,-,03,22350,NA,N,C,C,A,A,H,-,A,D,0,NA,NA,NA,NA,Y,NA,A,01,0,1,0,0,0,0,0,0,0,-,-,NA,NA,RIVERSIDE,RIVERSIDE,-117.3698272705078,33.97975158691406
84835128,2025,2025-09-08,3313,2025-04-30,1202,2212,NA,3,5,7,3313,0,0,0,NA,0,2R35,ALESSANDRO BLVD,COMMUNICATIONS CENTER DR,0,S,-,A,-,N,NA,NA,NA,NA,NA,NA,NA,NA,NA,Y,3,0,1,2,A,-,12,21453,A,N,B,C,A,A,H,-,A,A,0,NA,NA,NA,NA,Y,NA,A,01,0,1,0,0,0,0,0,0,0,-,-,NA,NA,RIVERSIDE,RIVERSIDE,-117.3334503173828,33.9202995300293
84835159,2025,2025-09-08,3313,2025-05-03,1350,2103,NA,6,5,7,3313,0,0,0,NA,0,3R28,IOWA AVE,UNIVERSITY AVE,590,N,-,B,-,N,NA,NA,NA,NA,NA,NA,NA,NA,NA,N,3,0,2,2,A,-,03,22350,NA,N,C,C,A,A,H,-,A,A,0,NA,NA,NA,NA,Y,NA,A,01,0,1,1,0,0,0,0,0,0,-,-,NA,NA,RIVERSIDE,RIVERSIDE,-117.33999633789063,33.97735595703125
84835265,2025,2025-09-08,3313,2025-05-11,1515,2173,NA,7,5,7,3313,0,0,0,NA,0,005,JONES AVE,GOULD ST,115,S,-,A,-,N,NA,NA,NA,NA,NA,NA,NA,NA,NA,Y,3,0,1,4,A,-,08,22107,NA,F,G,E,A,A,H,-,A,D,0,NA,NA,NA,NA,Y,NA,A,01,0,1,0,0,0,0,0,0,0,-,-,NA,NA,RIVERSIDE,RIVERSIDE,-117.48086547851563,33.94466781616211
84835298,2025,2025-09-08,3313,2025-05-14,1426,2018,NA,3,5,7,3313,0,0,0,NA,0,T47,FOURTEENTH ST,91 EB FWY,0,N,-,B,-,N,NA,NA,NA,NA,NA,NA,NA,NA,NA,N,2,0,1,2,A,-,09,21453,C,N,D,C,A,A,H,-,A,D,0,NA,NA,Y,NA,Y,NA,A,01,1,0,0,0,0,0,0,0,1,-,-,NA,NA,RIVERSIDE,RIVERSIDE,-117.3084716796875,33.30524826049805
84835326,2025,2025-09-08,3313,2025-05-16,745,2241,NA,5,5,7,3313,0,0,0,NA,0,2R17,MAIN ST,RUSSELL ST,0,N,-,A,-,Y,NA,NA,NA,NA,NA,NA,NA,NA,NA,N,4,0,1,2,A,-,08,22107,NA,N,B,C,A,A,H,-,A,D,0,NA,NA,NA,Y,Y,NA,A,01,0,0,1,0,0,0,0,0,0,-,-,NA,NA,RIVERSIDE,RIVERSIDE,-117.36566925048828,33.995086669921875
84835372,2025,2025-09-08,3313,2025-05-20,24,2237,NA,2,5,7,3313,0,0,0,NA,0,1R27,MARTIN LUTHER KING BLVD,I 215 SB OFF/R,308,E,-,A,-,N,NA,NA,NA,NA,NA,NA,NA,NA,NA,Y,1,1,0,1,A,-,03,22350,NA,N,E,J,A,A,H,-,C,A,0,NA,NA,NA,NA,Y,NA,A,01,0,0,0,0,0,0,0,0,0,-,-,NA,NA,RIVERSIDE,RIVERSIDE,-117.32849884033205,33.96870040893555
84835450,2025,2025-09-08,3313,2025-05-25,513,2233,NA,7,5,7,3313,0,0,0,NA,0,1R43,ADAMS ST,GARFIELD ST,391,S,-,A,-,N,NA,NA,NA,NA,NA,NA,NA,NA,NA,Y,3,0,1,2,A,-,08,22107,NA,N,C,E,A,A,H,-,B,D,0,NA,NA,NA,NA,Y,NA,A,01,0,1,0,0,0,0,0,0,0,-,-,NA,NA,RIVERSIDE,RIVERSIDE,-117.4261474609375,33.93525314331055
84835494,2025,2025-09-08,3313,2025-05-28,1609,2020,NA,3,5,7,3313,0,0,0,NA,0,3R58,INDIANA AVE,PIERCE ST,0,W,-,A,-,N,NA,NA,NA,NA,NA,NA,NA,NA,NA,N,4,0,1,2,A,-,08,22107,NA,M,B,C,A,A,H,-,A,D,0,NA,NA,NA,NA,Y,NA,A,01,0,0,1,0,0,0,0,0,0,-,-,NA,NA,RIVERSIDE,RIVERSIDE,-117.48690032958984,33.889976501464844
84835535,2025,2025-09-08,3313,2025-05-31,1500,2079,NA,6,5,7,3313,0,0,0,NA,0,3R12,ARLINGTON AVE,ADAMS ST,0,E,-,A,-,N,NA,NA,NA,NA,NA,NA,NA,NA,NA,N,3,0,2,2,A,-,03,22350,NA,N,C,C,A,A,H,-,A,A,0,NA,NA,NA,NA,Y,NA,D,22,0,1,1,0,0,0,0,0,0,-,-,NA,NA,RIVERSIDE,RIVERSIDE,-117.43463134765624,33.94594955444336
84835608,2025,2025-09-08,3313,2025-06-07,955,2235,NA,6,5,7,3313,0,0,0,NA,0,2R15,MARKET ST,MISSION INN AVE,0,N,-,A,-,N,NA,NA,NA,NA,NA,NA,NA,NA,NA,Y,2,0,4,5,A,-,01,23152,F,N,D,C,A,A,H,-,A,A,0,NA,NA,NA,NA,Y,NA,A,01,1,3,0,0,0,0,0,0,0,-,-,NA,NA,RIVERSIDE,RIVERSIDE,-117.37503051757813,33.98351287841797
84835618,2025,2025-09-08,3313,2025-06-07,2114,2164,NA,6,5,7,3313,0,0,0,NA,0,3R14,BROCKTON AVE,TEQUESQUITE AVE,0,N,-,A,-,N,NA,NA,NA,NA,NA,NA,NA,NA,NA,N,4,0,2,2,A,-,08,22107,NA,N,D,C,A,A,H,-,C,A,0,NA,NA,NA,NA,Y,NA,A,01,0,0,2,0,0,0,0,0,0,-,-,NA,NA,RIVERSIDE,RIVERSIDE,-117.38571166992188,33.976322174072266
84835689,2025,2025-09-08,3313,2025-06-14,1503,2173,NA,6,5,7,3313,0,0,0,NA,0,003,CANYON CREST DR,EL CERRITO DR,34,N,-,A,-,N,NA,NA,NA,NA,NA,NA,NA,NA,NA,N,3,0,3,2,A,-,04,21703,NA,N,C,C,A,A,H,-,A,A,0,NA,NA,NA,NA,Y,NA,A,01,0,3,0,0,0,0,0,0,0,-,-,NA,NA,RIVERSIDE,RIVERSIDE,-117.33097839355467,33.958457946777344
84835746,2025,2025-09-08,3313,2025-06-21,1031,2171,NA,6,5,7,3313,0,0,0,NA,0,2R27,ARLINGTON AVE,MAUDE ST,0,W,-,A,-,N,NA,NA,NA,NA,NA,NA,NA,NA,NA,N,3,0,1,2,A,-,03,22350,NA,N,C,D,A,A,H,-,A,A,0,NA,NA,NA,NA,Y,NA,A,07,0,1,0,0,0,0,0,0,0,-,-,NA,NA,RIVERSIDE,RIVERSIDE,-117.38478088378906,33.946327209472656
84835765,2025,2025-09-08,3313,2025-06-23,1411,1860,NA,1,5,7,3313,0,0,0,NA,0,T40,LA SIERRA AVE,ALPINE WAY,4,N,-,A,-,N,NA,NA,NA,NA,NA,NA,NA,NA,NA,N,2,0,1,1,A,-,03,22350,NA,N,E,I,A,A,H,-,A,A,0,NA,NA,Y,NA,Y,Y,C,02,1,0,0,0,0,0,0,0,1,-,-,NA,NA,RIVERSIDE,RIVERSIDE,-117.49798583984376,33.93928909301758
84835816,2025,2025-09-08,3313,2025-06-28,2214,2080,NA,6,5,7,3313,0,0,0,NA,0,3R24,CENTRAL AVE,STATE HWY 91 EB ONRAMP (E),0,N,-,A,-,Y,NA,NA,NA,NA,NA,NA,NA,NA,NA,Y,4,0,5,4,A,-,01,23152,A,N,D,C,A,A,H,-,C,A,0,NA,NA,NA,NA,Y,Y,A,07,0,0,5,0,0,0,0,0,0,-,-,NA,NA,RIVERSIDE,RIVERSIDE,NA,NA
84835840,2025,2025-09-08,3313,2025-07-01,1130,1389,NA,2,5,7,3313,0,0,0,NA,0,T53,MISSION INN AVE,PINE ST,0,N,-,A,-,N,NA,NA,NA,NA,NA,NA,NA,NA,NA,N,3,0,1,2,A,-,09,21801,A,N,D,C,A,A,H,-,A,A,0,NA,NA,NA,NA,Y,NA,A,01,0,1,0,0,0,0,0,0,0,-,-,NA,NA,RIVERSIDE,RIVERSIDE,-117.38194274902344,33.986717224121094
84835923,2025,2025-09-08,3313,2025-07-12,231,2292,NA,6,5,7,3313,0,0,0,NA,0,1R19,CHICAGO AVE,COLUMBIA AVE,622,S,-,A,-,N,NA,NA,NA,NA,NA,NA,NA,NA,NA,Y,4,0,1,1,A,-,08,22107,NA,N,E,I,A,A,H,-,C,A,0,NA,NA,NA,NA,Y,NA,A,01,0,0,1,0,0,0,0,0,0,-,-,NA,NA,RIVERSIDE,RIVERSIDE,-117.34860229492188,33.999542236328125
84835928,2025,2025-09-08,3313,2025-07-13,936,2152,NA,7,5,7,3313,0,0,0,NA,0,2R43,VAN BUREN BLVD,JURUPA AVE,420,N,-,A,-,N,NA,NA,NA,NA,NA,NA,NA,NA,NA,Y,4,0,2,2,A,-,03,22350,NA,N,C,C,A,A,H,-,A,A,0,NA,NA,NA,NA,Y,NA,A,01,0,0,2,0,0,0,0,0,0,-,-,NA,NA,RIVERSIDE,RIVERSIDE,-117.46270751953124,33.959468841552734
84836004,2025,2025-09-08,3313,2025-07-21,1615,1830,NA,1,5,7,3313,0,0,0,NA,0,M10,VAN BUREN BLVD,CALIFORNIA AVE,482,S,-,A,-,N,NA,NA,NA,NA,NA,NA,NA,NA,NA,Y,3,0,3,2,A,-,08,22107,NA,N,D,C,A,A,H,-,A,D,0,NA,NA,NA,NA,Y,NA,A,01,0,1,2,0,0,0,0,0,0,-,-,NA,NA,RIVERSIDE,RIVERSIDE,-117.45079040527344,33.9255256652832
84836041,2025,2025-09-08,3313,2025-07-26,420,2286,NA,6,5,7,3313,0,0,0,NA,0,1R55,JONES AVE,HEDRICK AVE,0,N,-,A,-,N,NA,NA,NA,NA,NA,NA,NA,NA,NA,N,4,0,1,3,A,-,01,23152,A,N,B,E,A,A,H,-,C,D,0,NA,NA,NA,NA,Y,Y,A,01,0,0,1,0,0,0,0,0,0,-,-,NA,NA,RIVERSIDE,RIVERSIDE,-117.47835540771484,33.9290657043457
84836047,2025,2025-09-08,3313,2025-07-28,947,1026,NA,1,5,7,3313,0,0,0,NA,0,T52,BUENA VISTA AVE,INDIAN HILL RD,175,W,-,A,-,N,NA,NA,NA,NA,NA,NA,NA,NA,NA,N,3,0,3,3,A,-,01,23152,A,F,D,C,A,A,H,-,A,A,0,NA,NA,NA,NA,Y,Y,A,01,0,3,0,0,0,0,0,0,0,-,-,NA,NA,RIVERSIDE,RIVERSIDE,NA,NA
84836057,2025,2025-09-08,3313,2025-07-29,530,2176,NA,2,5,7,3313,0,0,0,NA,0,NA,PIERCE ST,STERLING AVE,109,S,-,A,-,N,NA,NA,NA,NA,NA,NA,NA,NA,NA,N,4,0,1,2,A,-,11,21954,A,M,G,B,D,A,H,-,B,D,0,Y,NA,NA,NA,Y,NA,N,60,0,0,1,0,1,0,0,0,0,-,-,NA,NA,RIVERSIDE,RIVERSIDE,-117.48984527587892,33.8935546875
84836065,2025,2025-09-08,3313,2025-07-29,1742,2267,NA,2,5,7,3313,0,0,0,NA,0,T70,CENTRAL AVE,PHOENIX AVE,0,N,-,A,-,N,NA,NA,NA,NA,NA,NA,NA,NA,NA,N,3,0,1,2,A,-,09,21801,A,N,D,C,A,A,H,-,A,A,0,NA,NA,NA,NA,Y,NA,A,08,0,1,0,0,0,0,0,0,0,-,-,NA,NA,RIVERSIDE,RIVERSIDE,-117.42523193359376,33.95329284667969
84836203,2025,2025-09-08,3313,2025-08-19,1957,2029,NA,2,5,7,3313,0,0,0,NA,0,M12,CALIFORNIA AVE,VAN BUREN BLVD,110,W,-,A,-,N,NA,NA,NA,NA,NA,NA,NA,NA,NA,N,3,0,1,2,A,-,11,21954,A,N,G,B,D,A,H,-,C,D,0,Y,NA,NA,NA,Y,NA,N,60,0,1,0,0,1,0,0,0,0,-,-,NA,NA,RIVERSIDE,RIVERSIDE,-117.45204925537108,33.9264030456543
84836659,2025,2025-09-09,3315,2025-08-13,1754,004274,NA,3,5,6,3315,0,0,0,NA,0,002,SIXTH ST,RAMONA AV,179,W,N,A,-,N,NA,NA,NA,NA,NA,NA,NA,NA,NA,N,3,0,1,2,D,-,00,NA,NA,N,A,C,A,A,H,-,A,D,0,NA,NA,NA,NA,Y,NA,-,-,0,1,0,0,0,0,0,0,0,-,-,33.87533187866211,-117.56517028808594,RIVERSIDE,CORONA,-117.56575775146484,33.875328063964844
8483721,2017,2017-11-07,3301,2017-06-10,1431,U453,30,6,5,4,3301,0,0,0,NA,0,002,SUNSET ST,NICOLET ST,0,NA,Y,A,-,N,NA,NA,NA,NA,NA,NA,NA,NA,NA,N,4,0,1,2,A,-,09,21802,A,N,D,C,A,A,H,-,A,D,0,NA,NA,NA,NA,Y,NA,A,01,0,0,1,0,0,0,0,0,0,-,-,33.92929,-116.91206,RIVERSIDE,BANNING,-116.91179008,33.9290201
84838107,2025,2025-09-10,3300,2025-08-26,750,4867,NA,2,5,6,3394,0,0,0,NA,0,MV16,IRONWOOD AVE,TUSCOLA ST,0,NA,Y,A,-,N,NA,NA,NA,NA,NA,NA,NA,NA,NA,Y,3,0,3,2,A,-,09,21801,A,N,D,C,A,A,H,-,A,D,0,NA,NA,NA,NA,Y,NA,A,07,0,2,1,0,0,0,0,0,0,-,-,33.946449279785156,-117.21517944335938,RIVERSIDE,MORENO VALLEY,-117.21549224853516,33.946685791015625
84841651,2025,2025-09-12,3300,2025-09-10,850,6211,NA,3,5,6,3394,0,0,0,NA,0,MV42,NINEBARK ST,HACKBERRY LN (N),527,N,N,A,-,N,NA,NA,NA,NA,NA,NA,NA,NA,NA,N,4,0,1,2,A,-,21,22106,NA,N,G,B,E,A,H,-,A,D,0,Y,NA,NA,NA,Y,NA,A,01,0,0,1,0,1,0,0,0,0,-,-,33.93843078613281,-117.20964813232422,RIVERSIDE,MORENO VALLEY,-117.21068572998048,33.93779373168945
8484223,2017,2017-11-15,3306,2017-08-14,0830,137,3306,1,5,3,3306,0,0,0,NA,0,NA,PALM DR,ACOMA AV,0,NA,Y,A,-,N,NA,NA,NA,NA,NA,NA,NA,NA,NA,Y,4,0,1,2,A,-,09,21801,A,N,D,C,A,A,H,-,A,-,0,NA,NA,NA,NA,Y,NA,A,01,0,0,1,0,0,0,0,0,0,-,-,NA,NA,RIVERSIDE,DESERT HOT SPRINGS,-116.50132,33.960480079999996
84843258,2025,2025-09-15,3300,2025-09-11,1626,N7551,NA,4,5,4,3318,0,0,0,NA,0,T34,EDINBOROUGH ST,SUSSEX ST,7,E,N,A,-,N,NA,NA,NA,NA,NA,NA,NA,NA,NA,Y,4,0,1,2,A,-,08,22103,NA,N,D,C,A,A,H,-,A,D,0,NA,NA,NA,NA,Y,NA,D,22,0,0,1,0,0,0,0,0,0,-,-,33.73851013183594,-116.31009674072266,RIVERSIDE,PALM DESERT,-116.31008911132813,33.73855972290039
84843631,2025,2025-09-15,3308,2025-08-22,752,10877,NA,5,5,5,3308,0,0,0,NA,0,NORTH,SOBOBA ST,BERKLEY AVE,0,NA,Y,A,-,N,NA,NA,NA,NA,NA,NA,NA,NA,NA,Y,3,0,2,2,A,-,09,21802,A,N,D,C,A,A,H,-,A,A,0,NA,NA,NA,NA,Y,NA,A,07,0,2,0,0,0,0,0,0,0,-,-,NA,NA,RIVERSIDE,HEMET,-116.91952514648438,33.75864028930664
84845492,2025,2025-09-16,3300,2025-09-12,1050,4867,NA,5,5,6,3394,0,0,0,NA,0,MV32,BLUEBRIAR ST,CASTLEBROOK AVE,77,N,N,A,-,N,NA,NA,NA,NA,NA,NA,NA,NA,NA,N,4,0,1,2,A,-,08,22107,NA,N,B,C,A,A,H,-,A,D,0,NA,NA,NA,NA,Y,NA,A,01,0,0,1,0,0,0,0,0,0,-,-,33.93313980102539,-117.2274932861328,RIVERSIDE,MORENO VALLEY,-117.2272491455078,33.9034309387207
84847398,2025,2025-09-17,3300,2025-08-28,1449,5568,NA,4,5,3,3305,0,0,0,NA,0,Y86,INDUSTRIAL WY,52 AVENUE,533,S,N,B,C,N,NA,NA,NA,NA,NA,NA,NA,NA,NA,Y,3,0,1,1,A,-,03,22350,NA,N,E,I,A,B,H,-,A,D,0,NA,NA,NA,NA,Y,NA,A,01,0,1,0,0,0,0,0,0,0,-,-,NA,NA,RIVERSIDE,COACHELLA,-116.16239166259766,33.66990661621094
8484843,2017,2017-12-19,3300,2017-10-24,2106,3552,916A,2,5,4,3312,0,0,0,NA,0,031,INDIAN AV,MORGAN ST,0,NA,Y,A,-,N,NA,NA,NA,NA,NA,NA,NA,NA,NA,N,3,0,1,2,A,-,12,21453,A,N,D,C,A,A,H,-,C,A,0,NA,NA,NA,NA,Y,NA,-,-,0,1,0,0,0,0,0,0,0,-,-,NA,NA,RIVERSIDE,PERRIS,-117.23478003,33.83754001
84848988,2025,2025-09-18,3300,2025-09-03,1257,6605,NA,3,5,4,3318,0,0,0,NA,0,T32,HWY 74,SHADOW MOUNTAIN DR,0,NA,Y,A,-,Y,NA,NA,NA,NA,NA,NA,NA,NA,NA,Y,3,0,1,2,A,-,12,21453,A,N,D,C,A,A,H,-,A,A,0,NA,NA,NA,NA,Y,NA,A,01,0,1,0,0,0,0,0,0,0,-,-,33.71141052246094,-116.3940887451172,RIVERSIDE,PALM DESERT,-116.3939971923828,33.71135330200195
84853323,2025,2025-09-22,3300,2025-09-04,1459,6347,NA,4,5,2,3336,0,0,0,NA,0,020,COUNTY LINE RD,4TH ST,200,E,N,A,-,N,NA,NA,NA,NA,NA,NA,NA,NA,NA,Y,4,0,3,2,A,-,03,22350,NA,N,C,C,A,A,H,-,A,D,0,NA,NA,NA,NA,Y,NA,A,01,0,0,3,0,0,0,0,0,0,-,-,34.00410842895508,-117.05184173583984,RIVERSIDE,CALIMESA,-117.05193328857422,34.00410461425781
84853387,2025,2025-09-22,3313,2025-08-21,1331,1949,NA,4,5,7,3313,0,0,0,NA,0,T44,CHICAGO AVE,LINDEN ST,290,S,-,A,-,N,NA,NA,NA,NA,NA,NA,NA,NA,NA,Y,4,0,1,3,A,-,08,22107,NA,F,C,E,A,A,H,-,A,D,0,NA,NA,NA,NA,Y,NA,A,07,0,0,1,0,0,0,0,0,0,-,-,NA,NA,RIVERSIDE,RIVERSIDE,-117.34848785400392,33.978553771972656
84853915,2025,2025-09-22,3313,2025-08-24,17,2262,NA,7,5,7,3313,0,0,0,NA,0,1R13,CENTRAL AVE,BROCKTON AVE,0,W,-,A,-,N,NA,NA,NA,NA,NA,NA,NA,NA,NA,Y,4,0,1,1,A,-,01,23152,B,N,E,I,A,A,H,-,C,A,0,NA,NA,NA,NA,Y,Y,A,01,0,0,1,0,0,0,0,0,0,-,-,NA,NA,RIVERSIDE,RIVERSIDE,-117.39678955078124,33.95350646972656
84855791,2025,2025-09-23,3313,2025-09-02,944,2090,NA,2,5,7,3313,0,0,0,NA,0,M27,ADAMS ST,DIANA AVE,85,N,-,B,-,N,NA,NA,NA,NA,NA,NA,NA,NA,NA,N,4,0,3,2,A,-,03,22350,NA,N,C,C,A,A,H,-,A,A,0,NA,NA,NA,NA,Y,NA,D,22,0,0,3,0,0,0,0,0,0,-,-,NA,NA,RIVERSIDE,RIVERSIDE,-117.42031860351563,33.928123474121094
84857127,2025,2025-09-24,3300,2025-04-07,1138,N7320,NA,1,5,4,3307,0,0,0,NA,0,NA,GRAND AVE,SOUTH CURB LINE,43,N,N,A,-,N,NA,NA,NA,NA,NA,NA,NA,NA,NA,Y,4,0,2,2,A,-,12,21453,A,N,D,C,A,A,H,-,A,A,0,NA,NA,NA,NA,Y,NA,A,01,0,0,2,0,0,0,0,0,0,-,-,33.62200927734375,-117.31719207763672,RIVERSIDE,LAKE ELSINORE,-121.51592254638672,36.567901611328125
84860655,2025,2025-09-26,3300,2025-08-10,444,4439,NA,7,5,6,3345,0,0,0,NA,0,020,GALENA ST,LONE TRL,313,W,N,A,-,N,NA,NA,NA,NA,NA,NA,NA,NA,NA,Y,3,0,1,1,A,-,08,22107,NA,N,E,I,A,A,H,-,C,D,0,NA,NA,NA,NA,Y,NA,A,01,0,1,0,0,0,0,0,0,0,-,-,34.00457000732422,-117.4656982421875,RIVERSIDE,JURUPA VALLEY,-117.46662902832033,34.004512786865234
84860663,2025,2025-09-26,3300,2025-09-15,1819,N7114,NA,1,5,6,3345,0,0,0,NA,0,014,VALLEY WAY,MISSION BLVD,232,S,N,A,-,N,NA,NA,NA,NA,NA,NA,NA,NA,NA,Y,4,0,2,2,A,-,09,21804,A,N,D,C,A,A,A,-,C,A,0,NA,NA,NA,NA,Y,NA,A,01,0,0,2,0,0,0,0,0,0,-,-,34.01095962524414,-117.43482208251952,RIVERSIDE,JURUPA VALLEY,-117.4355239868164,34.01082992553711
8486141,2017,2018-01-06,3315,2017-10-28,0205,003224,16F,6,5,6,3315,0,0,0,NA,0,003,TEMESCAL CANYON RD,CALICO RD,0,NA,Y,A,-,N,NA,NA,NA,NA,NA,NA,NA,NA,NA,Y,4,0,1,2,A,-,03,22350,NA,N,D,C,A,A,-,-,E,B,0,NA,NA,NA,NA,Y,NA,-,NA,0,0,1,0,0,0,0,0,0,-,-,NA,NA,RIVERSIDE,CORONA,NA,NA
8486247,2017,2018-07-06,3311,2017-09-08,0748,15911,3311,5,5,4,3311,0,0,0,NA,0,NA,VISTA CHINO,VIA MIRALESTE,0,NA,Y,A,-,Y,RIV,8,111,-,T,53.627,I,5,S,Y,4,0,1,2,A,-,09,21802,A,N,D,C,A,A,H,-,A,D,0,NA,NA,NA,NA,Y,NA,A,07,0,0,1,0,0,0,0,0,0,-,-,NA,NA,RIVERSIDE,PALM SPRINGS,-116.54126088,33.84491393
84862661,2025,2025-09-29,3313,2025-08-28,757,1389,NA,4,5,7,3313,0,0,0,NA,0,T53,VAN BUREN BLVD,TRAUTWEIN RD,318,E,-,A,-,N,NA,NA,NA,NA,NA,NA,NA,NA,NA,N,3,0,1,2,A,-,05,21650,1,N,G,G,A,A,H,-,A,A,0,NA,Y,NA,NA,Y,NA,L,04,0,1,0,0,0,0,1,0,0,-,-,NA,NA,RIVERSIDE,RIVERSIDE,-117.32322692871094,33.88870620727539
8486527,2017,2017-11-22,3308,2017-09-11,1053,10610,297,1,5,5,3308,0,0,0,NA,0,NORTH,STATE ST,FRUITVALE AV,716,N,N,A,-,N,NA,NA,NA,NA,NA,NA,NA,NA,NA,Y,4,0,1,2,A,-,03,22350,NA,N,C,C,A,A,H,-,A,A,0,NA,NA,NA,NA,Y,NA,A,01,0,0,1,0,0,0,0,0,0,-,-,33.76204,-116.9717,RIVERSIDE,HEMET,-116.97182811,33.76399075
8487016,2017,2017-12-04,3313,2017-10-03,1705,1874,2,2,5,7,3313,0,0,0,NA,0,4R20,3RD ST,ANDERSON AV,360,W,N,A,-,N,NA,NA,NA,NA,NA,NA,NA,NA,NA,Y,4,0,1,2,A,-,08,22100,B,N,C,C,A,A,H,-,A,D,0,NA,NA,NA,NA,Y,NA,A,01,0,0,1,0,0,0,0,0,0,-,-,NA,NA,RIVERSIDE,RIVERSIDE,-117.35231397,33.98299674
84872374,2025,2025-10-06,3309,2025-09-16,1507,W2113,NA,2,5,4,3309,0,0,0,NA,0,003,AVENUE 50,VISTA MONTANA CT,180,E,N,A,-,N,NA,NA,NA,NA,NA,NA,NA,NA,NA,Y,2,0,1,2,A,-,03,22350,NA,N,C,C,A,A,H,-,A,A,0,NA,NA,NA,NA,Y,NA,D,22,1,0,0,0,0,0,0,0,0,-,-,33.68547058105469,-116.2197723388672,RIVERSIDE,INDIO,-116.25291442871094,33.68534851074219
84875251,2025,2025-10-07,3300,2025-10-04,109,5486,NA,6,5,6,3394,0,0,0,NA,0,MV28,PERRIS BLVD,EUCALYPTUS AVE,0,NA,Y,A,-,N,NA,NA,NA,NA,NA,NA,NA,NA,NA,N,4,0,3,2,A,-,09,21453,C,N,A,C,A,A,H,-,C,A,0,NA,NA,NA,NA,Y,NA,A,01,0,0,3,0,0,0,0,0,0,-,-,33.93165969848633,-117.2261199951172,RIVERSIDE,MORENO VALLEY,-117.22628784179688,33.93178176879883
84875296,2025,2025-10-07,3308,2025-09-02,1054,11128,NA,2,5,5,3308,0,0,0,NA,0,NORTH,STATE ST,FRUITVALE AVE,1299,N,N,B,C,N,NA,NA,NA,NA,NA,NA,NA,NA,NA,Y,4,0,1,1,A,-,08,22107,NA,N,E,I,A,B,H,-,A,D,0,NA,NA,NA,NA,Y,NA,A,07,0,0,1,0,0,0,0,0,0,-,-,33.76203918457031,-116.97183227539063,RIVERSIDE,HEMET,-116.97183990478516,33.765586853027344
84875496,2025,2025-10-07,3300,2025-09-24,2045,N8326,NA,3,5,3,3305,0,0,0,NA,0,Y85,TYLER ST,50TH AV (W),667,S,N,A,-,N,NA,NA,NA,NA,NA,NA,NA,NA,NA,N,4,0,1,2,A,-,08,22107,NA,N,D,C,A,A,H,-,D,D,0,NA,NA,NA,NA,Y,NA,A,01,0,0,1,0,0,0,0,0,0,-,-,33.68585968017578,-116.16708374023438,RIVERSIDE,COACHELLA,-116.16558074951172,33.68449401855469
8487833,2017,2017-11-20,3315,2017-10-12,1257,002089,7C,4,5,6,3315,0,0,0,NA,0,004,6TH ST,SHOPPING CENTER,51,W,N,A,-,N,NA,NA,NA,NA,NA,NA,NA,NA,NA,Y,3,0,3,4,A,-,03,22350,NA,N,C,C,A,A,H,-,A,A,0,NA,NA,NA,NA,Y,NA,D,22,0,2,1,0,0,0,0,0,0,-,-,NA,NA,RIVERSIDE,CORONA,-117.58556,33.877438
84880890,2025,2025-10-10,3313,2025-09-26,439,2097,NA,5,5,7,3313,0,0,0,NA,0,1R45,VAN BUREN BLVD,INDIANA AVE,0,NA,-,A,-,N,NA,NA,NA,NA,NA,NA,NA,NA,NA,N,3,0,1,2,A,-,11,21950,B,N,G,B,B,A,H,-,C,A,0,Y,NA,NA,NA,Y,NA,N,60,0,1,0,0,1,0,0,0,0,-,-,NA,NA,RIVERSIDE,RIVERSIDE,-117.44149780273438,33.9140625
84882217,2025,2025-10-13,3300,2025-09-26,1909,6283,NA,5,5,2,3336,0,0,0,NA,0,020,5TH ST,COUNTY LINE RD,0,NA,Y,A,-,N,NA,NA,NA,NA,NA,NA,NA,NA,NA,N,4,0,1,2,A,-,09,21800,A,N,D,C,A,A,H,-,B,A,0,NA,NA,Y,NA,Y,NA,A,01,0,0,1,0,0,0,0,0,1,-,-,34.00402069091797,-117.05621337890624,RIVERSIDE,CALIMESA,-117.05628204345705,34.00464630126953