CASE_ID,ACCIDENT_YEAR,PROC_DATE,JURIS,COLLISION_DATE,COLLISION_TIME,OFFICER_ID,REPORTING_DISTRICT,DAY_OF_WEEK,CHP_SHIFT,POPULATION,CNTY_CITY_LOC,SPECIAL_COND,BEAT_TYPE,CHP_BEAT_TYPE,CITY_DIVISION_LAPD,CHP_BEAT_CLASS,BEAT_NUMBER,PRIMARY_RD,SECONDARY_RD,DISTANCE,DIRECTION,INTERSECTION,WEATHER_1,WEATHER_2,STATE_HWY_IND,CALTRANS_COUNTY,CALTRANS_DISTRICT,STATE_ROUTE,ROUTE_SUFFIX,POSTMILE_PREFIX,POSTMILE,LOCATION_TYPE,RAMP_INTERSECTION,SIDE_OF_HWY,TOW_AWAY,COLLISION_SEVERITY,NUMBER_KILLED,NUMBER_INJURED,PARTY_COUNT,PRIMARY_COLL_FACTOR,PCF_CODE_OF_VIOL,PCF_VIOL_CATEGORY,PCF_VIOLATION,PCF_VIOL_SUBSECTION,HIT_AND_RUN,TYPE_OF_COLLISION,MVIW,PED_ACTION,ROAD_SURFACE,ROAD_COND_1,ROAD_COND_2,LIGHTING,CONTROL_DEVICE,CHP_ROAD_TYPE,PEDESTRIAN_ACCIDENT,BICYCLE_ACCIDENT,MOTORCYCLE_ACCIDENT,TRUCK_ACCIDENT,NOT_PRIVATE_PROPERTY,ALCOHOL_INVOLVED,STWD_VEHTYPE_AT_FAULT,CHP_VEHTYPE_AT_FAULT,COUNT_SEVERE_INJ,COUNT_VISIBLE_INJ,COUNT_COMPLAINT_PAIN,COUNT_PED_KILLED,COUNT_PED_INJURED,COUNT_BICYCLIST_KILLED,COUNT_BICYCLIST_INJURED,COUNT_MC_KILLED,COUNT_MC_INJURED,PRIMARY_RAMP,SECONDARY_RAMP,LATITUDE,LONGITUDE,COUNTY,CITY,POINT_X,POINT_Y
9064345,2019,2020-03-17,3325,2019-10-20,0723,538,DESER,7,5,4,3325,0,0,0,NA,0,001,EAST PAL CANYON DR,ALLEN AV,0,NA,Y,A,-,N,NA,NA,NA,NA,NA,NA,NA,NA,NA,N,2,0,1,2,A,-,12,21453,A,N,H,G,A,A,H,-,A,A,0,NA,Y,NA,NA,Y,NA,A,07,1,0,0,0,0,0,1,0,0,-,-,NA,NA,RIVERSIDE,CATHEDRAL CITY,-116.460303,33.77871
90644223,2018,2018-01-22,9630,2018-01-02,0640,018111,NA,2,1,9,3300,0,2,S,NA,2,404,DILLON ROAD,WESTERN AVENUE,4900,W,N,A,-,N,NA,NA,NA,NA,NA,NA,NA,NA,NA,Y,3,0,1,3,A,-,05,21460,A,N,E,I,A,A,H,-,C,D,0,NA,NA,NA,NA,Y,NA,D,22,0,1,0,0,0,0,0,0,0,-,-,33.865089416503906,-116.27989959716795,RIVERSIDE,UNINCORPORATED,-116.2796630859375,33.86488723754883
90645352,2018,2018-01-23,9840,2018-01-14,0441,020262,NA,7,3,7,3313,0,1,1,NA,2,023,I-215 S/B,FAIR ISLE DR,2640,S,N,A,-,Y,NA,NA,215,NA,NA,NA,NA,NA,S,Y,4,0,1,2,A,-,03,22350,NA,N,C,C,A,A,H,-,D,D,0,NA,NA,NA,NA,Y,NA,A,01,0,0,1,0,0,0,0,0,0,-,-,33.94438171386719,-117.29444885253906,RIVERSIDE,RIVERSIDE,-117.29447174072266,33.9443359375
90645935,2018,2018-01-23,9655,2018-01-12,2244,019234,NA,5,3,9,3300,0,3,5,NA,2,003,DOMENIGONI PKY,SR-79,200,E,N,A,-,N,NA,NA,NA,NA,NA,NA,NA,NA,NA,Y,4,0,1,2,A,-,01,23152,A,M,C,E,A,A,H,-,C,D,0,NA,NA,NA,NA,Y,Y,A,07,0,0,1,0,0,0,0,0,0,-,-,33.69602966308594,-117.0838623046875,RIVERSIDE,UNINCORPORATED,-117.0841827392578,33.69628143310547
90646625,2018,2018-01-24,9685,2018-01-15,0710,016113,NA,1,1,5,3341,0,1,1,NA,2,020,I-215 SOUTHBOUND,SCOTT ROAD O/C,4300,N,N,B,-,Y,NA,NA,215,NA,NA,NA,NA,NA,S,Y,3,0,1,1,A,-,08,22107,NA,N,E,I,A,A,H,-,A,D,0,NA,NA,NA,NA,Y,NA,A,01,0,1,0,0,0,0,0,0,0,-,-,33.65235900878906,-117.17140197753906,RIVERSIDE,MENIFEE,-117.17130279541016,33.65235900878906
90646847,2018,2018-01-24,9840,2018-01-17,1505,015444,NA,3,2,9,3300,0,2,4,NA,2,045,CAJALCO EXPY,HARVILL AVENUE,0,NA,Y,A,-,N,NA,NA,NA,NA,NA,NA,NA,NA,NA,Y,4,0,2,3,A,-,09,21453,C,N,A,C,A,A,H,-,A,D,0,NA,NA,NA,Y,Y,NA,A,01,0,0,2,0,0,0,0,0,0,-,-,33.841529846191406,-117.25554656982422,RIVERSIDE,UNINCORPORATED,-117.25553894042967,33.84144973754883
90649439,2018,2018-01-26,9840,2018-01-18,0805,017802,NA,4,1,7,3313,0,1,3,NA,2,021,SR-91 E/B FROM VAN BUREN BLVD.,VAN BUREN BLVD,200,W,N,A,-,Y,NA,NA,91,NA,NA,NA,R,NA,E,Y,3,0,1,1,A,-,08,22107,NA,N,E,I,A,A,H,-,A,A,0,NA,NA,NA,NA,Y,NA,A,01,0,1,0,0,0,0,0,0,0,-,-,33.9139404296875,-117.44252014160156,RIVERSIDE,RIVERSIDE,-117.44252014160156,33.9139404296875
90649836,2018,2018-01-29,9840,2018-01-01,1510,014497,NA,1,2,9,3300,0,2,4,NA,2,042,VAN BUREN BLVD,FIRETHORN AVE,0,NA,Y,A,-,N,NA,NA,NA,NA,NA,NA,NA,NA,NA,Y,3,0,2,2,A,-,09,21802,A,N,D,C,A,A,H,-,A,A,0,NA,NA,NA,NA,Y,NA,D,22,0,2,0,0,0,0,0,0,0,-,-,33.885948181152344,-117.40762329101563,RIVERSIDE,UNINCORPORATED,-117.40762329101563,33.88594055175781
9065137,2019,2020-05-12,3342,2019-10-25,1841,1098,461,5,5,4,3342,0,0,0,NA,0,00A,JEFFERSON AV,FIG ST,500,N,N,A,-,N,NA,NA,NA,NA,NA,NA,NA,NA,NA,Y,4,0,2,2,A,-,04,21703,NA,N,C,C,A,A,H,-,C,A,0,NA,NA,NA,NA,Y,NA,A,01,0,0,2,0,0,0,0,0,0,-,-,33.54035949707031,-117.18643188476563,RIVERSIDE,MURRIETA,-117.18780517578124,33.54115676879883
90651424,2018,2018-01-30,9630,2018-01-18,0726,021908,NA,4,1,9,3300,0,1,3,NA,2,086,STATE ROUTE 86 NORTHBOUND,76TH AVENUE,0,NA,Y,A,-,Y,NA,NA,86,NA,NA,NA,NA,NA,N,Y,4,0,1,2,A,-,09,21802,A,N,D,C,A,A,H,-,A,A,0,NA,NA,NA,NA,Y,NA,D,22,0,0,1,0,0,0,0,0,0,-,-,33.49876022338867,-116.09123229980467,RIVERSIDE,UNINCORPORATED,-116.09124755859376,33.49876022338867
90651562,2018,2018-03-27,9655,2018-01-20,0553,020054,NA,6,3,3,3302,0,1,1,NA,2,202,I-10 W/B,OAK VALLEY PARKWAY,4118,W,N,C,F,Y,NA,NA,10,NA,NA,NA,NA,NA,W,Y,4,0,2,2,A,-,03,22350,NA,N,E,I,A,B,H,-,C,D,0,NA,NA,NA,NA,Y,NA,A,08,0,0,2,0,0,0,0,0,0,-,-,33.95328903198242,-117.01204681396484,RIVERSIDE,BEAUMONT,-117.0124053955078,33.95279312133789
90651626,2018,2018-01-30,9685,2018-01-23,2305,016502,NA,2,3,9,3300,0,1,3,NA,2,011,SR-74,SAN JUAN LOOP TRAILHEAD PARKING LOT,1500,W,N,A,-,Y,NA,NA,NA,NA,NA,NA,NA,NA,NA,Y,3,0,1,1,A,-,08,22107,NA,N,E,I,A,A,H,-,D,D,0,NA,NA,NA,NA,Y,NA,A,01,0,1,0,0,0,0,0,0,0,-,-,33.362701416015625,-117.25509643554688,RIVERSIDE,UNINCORPORATED,NA,NA
90652234,2018,2018-01-31,9655,2018-01-21,1325,015892,NA,7,1,9,3300,0,1,3,NA,1,119,STATE ROUTE 371,ANZA ROAD,45,W,N,A,-,Y,NA,NA,371,NA,NA,NA,NA,NA,NA,N,4,0,1,2,A,-,09,21804,A,N,D,C,A,A,H,-,A,D,0,NA,NA,NA,NA,Y,NA,A,01,0,0,1,0,0,0,0,0,0,-,-,33.555030822753906,-116.6728973388672,RIVERSIDE,UNINCORPORATED,-116.6728973388672,33.55513000488281
90652304,2018,2018-01-31,9840,2018-01-29,1655,014571,NA,1,2,9,3300,0,1,1,NA,2,023,I-215 N/B,FAIR ISLE DR.,1584,S,N,A,-,Y,NA,NA,NA,NA,NA,NA,NA,NA,NA,Y,4,0,2,2,A,-,03,22350,NA,N,C,C,A,A,H,-,B,D,0,NA,NA,NA,NA,Y,NA,A,01,0,0,2,0,0,0,0,0,0,-,-,33.94459915161133,-117.29360198974608,RIVERSIDE,UNINCORPORATED,NA,NA
90652684,2018,2018-02-01,9655,2018-01-16,0845,014743,NA,2,1,9,3300,0,1,3,NA,2,212,SR-60,JACK RABBIT TRAIL,5808,W,N,A,-,Y,NA,NA,60,NA,NA,NA,NA,NA,NA,Y,2,0,2,2,A,-,07,21658,A,F,F,A,A,A,H,-,A,D,0,NA,NA,NA,NA,Y,NA,A,07,1,1,0,0,0,0,0,0,0,-,-,33.94274139404297,-117.05130004882813,RIVERSIDE,UNINCORPORATED,-117.05132293701172,33.94269561767578
9065351,2020,2020-05-19,3313,2020-02-21,2353,1949,4,5,5,7,3313,0,0,0,NA,0,1R41,LINCOLN AV,JACKSON ST,5,E,N,A,-,N,NA,NA,NA,NA,NA,NA,NA,NA,NA,N,3,0,1,1,A,-,08,22107,NA,N,E,J,A,A,H,-,C,A,0,NA,NA,NA,NA,Y,NA,D,22,0,1,0,0,0,0,0,0,0,-,-,33.912109375,-117.42874908447266,RIVERSIDE,RIVERSIDE,-117.42894744873048,33.91211700439453
90654813,2018,2018-02-05,9840,2018-01-25,1445,021613,NA,4,2,9,3300,0,3,5,NA,2,004,OLEANDER AVE,CARROLL ST,0,NA,Y,A,-,N,NA,NA,NA,NA,NA,NA,NA,NA,NA,N,4,0,1,3,A,-,09,21802,A,N,D,C,A,A,H,-,A,A,0,NA,NA,NA,NA,Y,NA,D,22,0,0,1,0,0,0,0,0,0,-,-,33.85871124267578,-117.28323364257813,RIVERSIDE,UNINCORPORATED,-117.28321838378906,33.85868835449219
90656440,2018,2018-02-07,9840,2018-01-31,1855,017546,NA,3,2,9,3300,0,2,4,NA,2,045,SEATON AVENUE,CAJALCO ROAD,0,NA,Y,A,-,N,NA,NA,NA,NA,NA,NA,NA,NA,NA,Y,4,0,2,2,A,-,12,22450,A,N,D,C,A,A,H,-,C,A,0,NA,NA,NA,NA,Y,NA,A,01,0,0,2,0,0,0,0,0,0,-,-,33.83729934692383,-117.2615966796875,RIVERSIDE,UNINCORPORATED,-117.26158905029295,33.837371826171875
90656956,2018,2018-02-07,9840,2018-01-18,1205,018892,NA,4,1,9,3300,0,3,5,NA,2,003,ONTARIO AVE,EL CERRITO RD,0,NA,Y,A,-,N,NA,NA,NA,NA,NA,NA,NA,NA,NA,Y,2,0,1,2,A,-,01,23152,A,N,D,C,A,A,H,-,A,A,0,NA,NA,NA,NA,Y,Y,A,01,1,0,0,0,0,0,0,0,0,-,-,33.83600997924805,-117.52301025390624,RIVERSIDE,UNINCORPORATED,-117.52291870117188,33.83605194091797
90656958,2018,2018-02-07,9840,2018-01-26,1745,018892,NA,5,2,9,3300,0,2,4,NA,2,045,CAJALCO RD,EL SOBRANTE RD,70,W,N,A,-,N,NA,NA,NA,NA,NA,NA,NA,NA,NA,N,4,0,2,3,A,-,01,23152,A,N,C,C,A,A,H,-,D,A,0,NA,NA,NA,NA,Y,Y,A,01,0,0,2,0,0,0,0,0,0,-,-,33.83366012573242,-117.36456298828124,RIVERSIDE,UNINCORPORATED,-117.36820220947266,33.833595275878906
90657597,2018,2018-02-08,9685,2018-01-30,0755,015295,NA,2,1,3,3343,0,1,1,NA,2,010,INTERSTATE 15 SOUTHBOUND,CLINTON KEITH ROAD,1430,N,N,A,-,Y,NA,NA,15,NA,NA,NA,NA,NA,S,Y,3,0,1,2,A,-,03,22350,NA,N,C,C,A,A,H,-,A,D,0,NA,NA,NA,NA,Y,NA,A,01,0,1,0,0,0,0,0,0,0,-,-,33.59925842285156,-117.2482681274414,RIVERSIDE,WILDOMAR,-117.2483139038086,33.59921646118164
9065768,2020,2020-11-19,3300,2020-05-24,1423,5734,910O,7,5,5,3335,0,0,0,NA,0,064,ALCOBA DR,VALENCE CT,0,NA,Y,A,-,N,NA,NA,NA,NA,NA,NA,NA,NA,NA,NA,4,0,1,2,A,-,08,22107,NA,N,B,C,A,A,H,-,A,D,0,NA,NA,Y,NA,Y,NA,A,01,0,0,1,0,0,0,0,0,1,-,-,33.491729736328125,-117.08203125,RIVERSIDE,TEMECULA,-117.08206176757813,33.49169158935547
90657877,2018,2018-02-08,9685,2018-01-30,1720,016113,NA,2,2,9,3300,0,1,3,NA,1,045,SR-371 N/B,WILSON VALLEY ROAD,1000,N,N,A,-,Y,NA,NA,NA,NA,NA,NA,NA,NA,NA,Y,4,0,1,1,A,-,08,22107,NA,N,E,I,A,A,H,-,B,D,0,NA,NA,NA,NA,Y,NA,A,08,0,0,1,0,0,0,0,0,0,-,-,33.48637008666992,-117.83123016357422,RIVERSIDE,UNINCORPORATED,-116.83243560791016,33.48572540283203
90658401,2018,2018-02-09,9685,2018-01-30,0031,017013,NA,2,3,5,3335,0,1,1,NA,2,030,I-15 NORTHBOUND,TEMECULA PARKWAY,5280,S,N,A,-,Y,NA,NA,15,NA,NA,NA,NA,NA,N,Y,4,0,1,2,C,-,18,NA,NA,N,D,C,A,A,H,-,D,D,0,NA,NA,NA,NA,Y,NA,-,-,0,0,1,0,0,0,0,0,0,-,-,33.4644889831543,-117.1362075805664,RIVERSIDE,TEMECULA,-117.1361846923828,33.4644889831543
90658747,2018,2018-02-12,9840,2018-02-01,0323,018072,NA,4,3,6,3315,0,1,3,NA,2,031,SR-91 W/B,I-15,800,E,N,A,-,Y,NA,NA,91,NA,NA,NA,NA,NA,W,Y,3,0,1,2,A,-,08,22107,NA,N,B,C,A,A,H,-,C,D,0,NA,NA,NA,Y,Y,NA,F,26,0,1,0,0,0,0,0,0,0,-,-,33.88343811035156,-117.54060363769533,RIVERSIDE,CORONA,-117.54058837890624,33.88334655761719
90658859,2018,2018-02-12,9840,2018-02-05,1628,021042,NA,1,2,7,3313,0,1,3,NA,2,010,SR-60 E/B,VALLEY WAY,1615,W,N,A,-,Y,NA,NA,NA,NA,NA,NA,NA,NA,NA,Y,4,0,1,4,A,-,03,22350,NA,N,C,C,A,A,H,-,A,D,0,NA,NA,NA,NA,Y,NA,A,07,0,0,1,0,0,0,0,0,0,-,-,34.01308059692383,-117.4407196044922,RIVERSIDE,RIVERSIDE,-117.43907928466795,34.01273727416992
9066057,2019,2020-08-03,3300,2019-12-12,2049,5911,NA,4,5,6,3394,0,0,0,NA,0,NA,IRONWOOD AV,LASELLE ST,175,E,N,A,-,N,NA,NA,NA,NA,NA,NA,NA,NA,NA,Y,4,0,1,1,A,-,03,22350,NA,N,E,I,A,A,H,-,C,A,0,NA,NA,NA,NA,Y,NA,A,01,0,0,1,0,0,0,0,0,0,-,-,33.946800231933594,-117.20897674560548,RIVERSIDE,MORENO VALLEY,-117.20838165283205,33.946678161621094
90660689,2018,2018-02-13,9685,2018-02-06,0900,015757,NA,2,1,5,3335,0,1,1,NA,2,030,I-15 S/B (TEMECULA VALLEY FWY),RANCHO CALIFORNIA RD,2112,S,N,A,-,Y,NA,NA,15,NA,NA,NA,NA,NA,S,N,4,0,1,3,A,-,07,21658,A,F,B,C,A,A,H,-,A,D,0,NA,NA,NA,NA,Y,NA,A,01,0,0,1,0,0,0,0,0,0,-,-,33.494808197021484,-117.14685821533205,RIVERSIDE,TEMECULA,-117.14680480957033,33.49486541748047
90661160,2018,2018-02-14,9840,2018-02-10,2015,019042,NA,6,2,6,3345,0,1,3,NA,2,010,SR-60 E/B,PYRITE ST,1900,W,N,A,-,Y,NA,NA,60,NA,NA,NA,NA,NA,E,Y,4,0,1,2,A,-,07,21658,A,N,B,C,A,A,H,-,D,D,0,NA,NA,NA,NA,Y,NA,A,01,0,0,1,0,0,0,0,0,0,-,-,34.017269134521484,-117.46939849853516,RIVERSIDE,JURUPA VALLEY,-117.46940612792967,34.01721954345703
90661215,2018,2018-02-14,9840,2018-02-08,0740,015705,NA,4,1,6,3394,0,1,3,NA,2,025,SR-60 W/B,HEACOCK ST,350,E,N,A,-,Y,NA,NA,60,NA,NA,NA,NA,NA,W,Y,4,0,1,2,A,-,03,22350,NA,N,C,C,A,A,H,-,A,D,0,NA,NA,NA,NA,Y,NA,A,01,0,0,1,0,0,0,0,0,0,-,-,33.94118881225586,-117.24147033691406,RIVERSIDE,MORENO VALLEY,-117.24147033691406,33.941192626953125
9066192,2020,2020-07-15,3300,2020-03-21,1128,4765,36Q3,6,5,4,3318,0,0,0,NA,0,MO875,FRED WARING DR,SAN PABLO AV,0,NA,Y,A,-,N,NA,NA,NA,NA,NA,NA,NA,NA,NA,NA,4,0,2,2,A,-,12,21453,A,N,D,C,A,A,C,-,A,A,0,NA,NA,NA,NA,Y,NA,A,01,0,0,2,0,0,0,0,0,0,-,-,33.72882080078125,-116.38250732421876,RIVERSIDE,PALM DESERT,-116.38253021240234,33.7288818359375
90662644,2018,2018-02-15,9630,2018-02-06,2020,016635,NA,2,2,9,3300,0,3,5,NA,2,001,N.INDIAN CANYON DRIVE,WORSLEY RD,0,NA,Y,A,-,N,NA,NA,NA,NA,NA,NA,NA,NA,NA,Y,4,0,1,2,A,-,09,21801,A,N,D,C,A,A,H,-,D,D,0,NA,NA,NA,NA,Y,NA,D,22,0,0,1,0,0,0,0,0,0,-,-,34.01380157470703,-116.34291839599608,RIVERSIDE,UNINCORPORATED,-116.57508850097656,34.00379180908203
9066323,2020,2020-09-02,3300,2020-04-29,0710,3290,916A,3,5,4,3312,0,0,0,NA,0,031,RIDER ST,OLD EVANS RD,0,NA,Y,A,-,N,NA,NA,NA,NA,NA,NA,NA,NA,NA,N,4,0,1,2,A,-,09,21802,A,F,D,G,A,A,H,-,A,A,0,NA,Y,NA,NA,Y,NA,A,01,0,0,1,0,0,0,1,0,0,-,-,33.83021926879883,-117.19979858398438,RIVERSIDE,PERRIS,-117.19995880126952,33.83021926879883
90664308,2018,2018-02-20,9840,2018-02-09,1910,019844,NA,5,2,7,3313,0,1,1,NA,2,024,I-215 N/B,ALESSANDRO BLVD,500,N,N,A,-,Y,NA,NA,215,NA,NA,NA,NA,NA,N,Y,3,0,1,4,A,-,03,22350,NA,N,C,C,A,A,H,-,D,D,0,NA,NA,NA,NA,Y,NA,D,22,0,1,0,0,0,0,0,0,0,-,-,33.91838073730469,-117.28826904296876,RIVERSIDE,RIVERSIDE,-117.28797912597656,33.91845703125
9066588,2020,2020-11-16,3300,2020-05-04,1108,4468,906C,1,5,4,3307,0,0,0,NA,0,090,HILLSIDE DR,CANYON RIM RD,86,S,N,A,-,N,NA,NA,NA,NA,NA,NA,NA,NA,NA,Y,3,0,1,1,A,-,07,21658,A,N,E,I,A,A,H,-,A,D,0,NA,NA,NA,NA,Y,NA,A,07,0,1,0,0,0,0,0,0,0,-,-,33.66389846801758,-117.243896484375,RIVERSIDE,LAKE ELSINORE,-117.24402618408205,33.663963317871094
90668469,2018,2018-02-23,9840,2018-02-16,1945,019017,NA,5,2,6,3315,0,1,3,NA,2,031,SR-91 E/B,MAIN ST,1900,W,N,A,-,Y,NA,NA,91,NA,NA,NA,NA,NA,E,Y,4,0,1,4,A,-,03,22350,NA,N,C,C,A,A,H,-,C,C,0,NA,NA,NA,NA,Y,NA,A,01,0,0,1,0,0,0,0,0,0,-,-,33.88051986694336,-117.5721435546875,RIVERSIDE,CORONA,-117.57212066650392,33.88066864013672
90668530,2018,2018-02-23,9840,2018-02-17,1630,017893,NA,6,2,7,3313,0,1,3,NA,2,020,SR-91 E/B,PIERCE ST,100,W,N,A,-,Y,NA,NA,91,NA,NA,NA,NA,NA,E,N,4,0,2,2,A,-,03,22350,NA,N,C,C,A,A,H,-,A,D,0,NA,NA,NA,NA,Y,NA,D,22,0,0,2,0,0,0,0,0,0,-,-,33.897300720214844,-117.4927978515625,RIVERSIDE,RIVERSIDE,-117.49279022216795,33.89725112915039
9066979,2020,2020-05-22,3315,2020-02-25,1412,1119,3H,2,5,6,3315,0,0,0,NA,0,002,6TH ST,GRAND BL S(E),22,W,N,A,G,N,NA,NA,NA,NA,NA,NA,NA,NA,NA,Y,4,0,1,1,C,-,18,NA,NA,N,F,A,A,A,A,-,A,D,0,NA,NA,Y,NA,Y,NA,-,-,0,0,1,0,0,0,0,0,1,-,-,33.87350082397461,-117.55883026123048,RIVERSIDE,CORONA,-117.57407379150392,33.876216888427734
90670218,2018,2018-02-27,9840,2018-02-16,0648,020360,NA,5,1,9,3300,0,3,5,NA,2,004,CACTUS AVE,OLD 215 FRONTAGE RD,0,NA,Y,A,-,N,NA,NA,NA,NA,NA,NA,NA,NA,NA,Y,3,0,1,4,A,-,01,23152,A,N,D,C,A,A,H,-,A,A,0,NA,NA,NA,NA,Y,Y,A,01,0,1,0,0,0,0,0,0,0,-,-,33.90938186645508,-117.27825164794922,RIVERSIDE,UNINCORPORATED,-117.27823638916016,33.909420013427734
90670413,2018,2018-02-27,9655,2018-02-18,1325,020054,NA,7,1,9,3300,0,1,3,NA,1,312,SR-74,CALVERT AVENUE,0,NA,Y,A,-,Y,NA,NA,74,NA,NA,NA,NA,NA,NA,Y,4,0,1,3,A,-,09,21800,A,N,D,C,A,A,H,-,A,A,0,NA,NA,NA,NA,Y,NA,A,01,0,0,1,0,0,0,0,0,0,-,-,33.740169525146484,-117.0679931640625,RIVERSIDE,UNINCORPORATED,-117.06798553466795,33.74014663696289
90670689,2018,2018-02-27,9655,2018-02-19,1928,019462,NA,1,2,3,3302,0,1,3,NA,2,212,SR-60 EASTBOUND,WESTERN KNOLLS AVE,0,NA,Y,B,-,Y,NA,NA,60,NA,NA,NA,NA,NA,E,Y,4,0,1,2,A,-,09,21801,A,N,C,C,A,B,H,-,D,D,0,NA,NA,NA,NA,Y,NA,A,07,0,0,1,0,0,0,0,0,0,-,-,33.93326950073242,-116.99883270263672,RIVERSIDE,BEAUMONT,-116.99883270263672,33.93329620361328
9067163,2020,2020-03-16,3315,2020-01-26,2011,003547,1F,7,5,6,3315,0,0,0,NA,0,001,BAYFIELD DR,BLOSSOM HILL DR,35,E,N,A,-,N,NA,NA,NA,NA,NA,NA,NA,NA,NA,Y,4,0,1,2,A,-,08,22107,NA,N,B,E,A,A,H,-,C,D,0,NA,NA,NA,NA,Y,NA,A,01,0,0,1,0,0,0,0,0,0,-,-,33.89733123779297,-117.57581329345705,RIVERSIDE,CORONA,-117.5760498046875,33.89813995361328
90673035,2018,2018-03-01,9630,2018-02-20,1800,015710,NA,2,2,9,3300,0,1,3,NA,2,086,S.R. 86 (NORTHBOUND),62ND AVE.,0,NA,Y,A,-,Y,NA,NA,NA,NA,NA,NA,NA,NA,NA,Y,3,0,1,2,A,-,12,21453,A,N,D,C,A,A,H,-,C,A,0,NA,NA,NA,NA,Y,NA,D,22,0,1,0,0,0,0,0,0,0,-,-,33.56930160522461,-116.09230041503906,RIVERSIDE,UNINCORPORATED,NA,NA
9067305,2020,2020-03-24,3311,2020-02-13,1419,16168,NA,4,5,4,3311,0,0,0,NA,0,004,SUNRISE WY,TAHQUITZ CANYON WY,177,N,N,A,-,N,NA,NA,NA,NA,NA,NA,NA,NA,NA,Y,3,0,1,2,A,-,09,21804,A,N,D,C,A,A,H,-,A,D,0,NA,NA,NA,NA,Y,NA,A,07,0,1,0,0,0,0,0,0,0,-,-,33.82316970825195,-116.52838897705078,RIVERSIDE,PALM SPRINGS,-116.52823638916016,33.823665618896484
90673753,2018,2018-03-02,9840,2018-02-24,1740,018221,NA,6,2,9,3300,0,3,5,NA,2,003,KNABE DR.,BEDFORD MOTOR WAY,381,N,N,A,-,N,NA,NA,NA,NA,NA,NA,NA,NA,NA,Y,3,0,1,1,A,-,08,22107,NA,N,E,I,A,A,H,-,C,D,0,NA,NA,NA,NA,Y,NA,A,01,0,1,0,0,0,0,0,0,0,-,-,33.80118179321289,-117.50462341308594,RIVERSIDE,UNINCORPORATED,-117.5045166015625,33.8008918762207
90674011,2018,2018-03-02,9630,2018-02-20,1835,019228,NA,2,2,9,3300,0,2,S,NA,2,405,WASHINGTON ST,AVENUE 42,15,S,N,A,-,N,NA,NA,NA,NA,NA,NA,NA,NA,NA,N,3,0,1,2,A,-,10,21950,A,N,G,B,B,A,H,-,C,A,0,Y,NA,NA,NA,Y,NA,A,07,0,1,0,0,1,0,0,0,0,-,-,33.743438720703125,-116.30365753173828,RIVERSIDE,UNINCORPORATED,-116.3039321899414,33.743560791015625
90674334,2018,2018-03-05,9655,2018-02-23,1210,019871,NA,5,1,9,3300,0,3,5,NA,2,002,TAMARACK ROAD,HAUGEN-LEHMANN WAY,420,E,N,A,-,N,NA,NA,NA,NA,NA,NA,NA,NA,NA,Y,2,0,1,1,A,-,08,22107,NA,N,F,A,A,A,A,B,A,D,0,NA,NA,NA,NA,Y,NA,A,01,1,0,0,0,0,0,0,0,0,-,-,33.92525100708008,-116.68904876708984,RIVERSIDE,UNINCORPORATED,-116.68775939941406,33.925254821777344
90675375,2018,2018-03-06,9840,2018-02-23,1633,012208,NA,5,2,6,3315,0,1,S,NA,2,310,SR-91 E/B {CA 91 EXPRESS {TOLL ROAD},MAIN ST,819,E,N,B,-,Y,NA,NA,91,NA,NA,NA,NA,NA,E,Y,4,0,1,4,A,-,03,22350,NA,N,C,C,A,A,H,-,A,D,0,NA,NA,NA,NA,Y,NA,A,07,0,0,1,0,0,0,0,0,0,-,-,33.88029098510742,-117.56854248046876,RIVERSIDE,CORONA,-117.56854248046876,33.88028335571289
90675669,2018,2018-03-06,9655,2018-02-25,2100,018677,NA,7,2,9,3300,0,1,3,NA,1,314,SR-74,RAMONA EXPY,300,W,N,A,-,Y,NA,NA,74,NA,NA,NA,NA,NA,NA,Y,2,0,1,2,A,-,09,21804,A,N,A,C,A,A,H,-,C,D,0,NA,NA,Y,NA,Y,NA,A,01,1,0,0,0,0,0,0,0,1,-,-,33.747840881347656,-116.90190887451172,RIVERSIDE,UNINCORPORATED,-116.90190887451172,33.74782180786133
90675781,2018,2018-03-06,9840,2018-02-18,1808,018983,NA,7,2,9,3300,0,3,5,NA,2,003,CAJALCO ROAD,TEMESCAL CANYON ROAD,6864,E,N,A,-,N,NA,NA,NA,NA,NA,NA,NA,NA,NA,Y,2,0,2,2,A,-,01,23152,A,N,B,C,A,A,H,-,D,D,0,NA,NA,Y,NA,Y,Y,C,02,1,1,0,0,0,0,0,0,2,-,-,33.82815170288086,-117.48905181884766,RIVERSIDE,UNINCORPORATED,-117.5184326171875,33.82096862792969