CASE_ID,ACCIDENT_YEAR,PROC_DATE,JURIS,COLLISION_DATE,COLLISION_TIME,OFFICER_ID,REPORTING_DISTRICT,DAY_OF_WEEK,CHP_SHIFT,POPULATION,CNTY_CITY_LOC,SPECIAL_COND,BEAT_TYPE,CHP_BEAT_TYPE,CITY_DIVISION_LAPD,CHP_BEAT_CLASS,BEAT_NUMBER,PRIMARY_RD,SECONDARY_RD,DISTANCE,DIRECTION,INTERSECTION,WEATHER_1,WEATHER_2,STATE_HWY_IND,CALTRANS_COUNTY,CALTRANS_DISTRICT,STATE_ROUTE,ROUTE_SUFFIX,POSTMILE_PREFIX,POSTMILE,LOCATION_TYPE,RAMP_INTERSECTION,SIDE_OF_HWY,TOW_AWAY,COLLISION_SEVERITY,NUMBER_KILLED,NUMBER_INJURED,PARTY_COUNT,PRIMARY_COLL_FACTOR,PCF_CODE_OF_VIOL,PCF_VIOL_CATEGORY,PCF_VIOLATION,PCF_VIOL_SUBSECTION,HIT_AND_RUN,TYPE_OF_COLLISION,MVIW,PED_ACTION,ROAD_SURFACE,ROAD_COND_1,ROAD_COND_2,LIGHTING,CONTROL_DEVICE,CHP_ROAD_TYPE,PEDESTRIAN_ACCIDENT,BICYCLE_ACCIDENT,MOTORCYCLE_ACCIDENT,TRUCK_ACCIDENT,NOT_PRIVATE_PROPERTY,ALCOHOL_INVOLVED,STWD_VEHTYPE_AT_FAULT,CHP_VEHTYPE_AT_FAULT,COUNT_SEVERE_INJ,COUNT_VISIBLE_INJ,COUNT_COMPLAINT_PAIN,COUNT_PED_KILLED,COUNT_PED_INJURED,COUNT_BICYCLIST_KILLED,COUNT_BICYCLIST_INJURED,COUNT_MC_KILLED,COUNT_MC_INJURED,PRIMARY_RAMP,SECONDARY_RAMP,LATITUDE,LONGITUDE,COUNTY,CITY,POINT_X,POINT_Y
90676954,2018,2018-03-07,9840,2018-02-23,1610,019361,NA,5,2,9,3300,0,3,5,NA,2,004,FIRETHORN AVENUE,VAN BUREN BOULEVARD,150,N,N,A,-,N,NA,NA,NA,NA,NA,NA,NA,NA,NA,N,3,0,3,2,A,-,08,22107,NA,N,B,C,A,A,H,-,A,D,0,NA,NA,NA,NA,Y,NA,A,01,0,1,2,0,0,0,0,0,0,-,-,33.88618087768555,-117.40747833251952,RIVERSIDE,UNINCORPORATED,-117.40735626220705,33.88628005981445
90677489,2018,2018-03-08,9840,2018-02-22,1845,018949,NA,4,2,6,3315,0,1,3,NA,2,030,SR-91 E/B,MAPLE ST,1500,E,N,C,-,Y,NA,NA,91,NA,NA,NA,NA,NA,E,Y,4,0,1,2,A,-,03,22350,NA,N,C,C,A,B,H,-,C,D,0,NA,NA,NA,NA,Y,NA,A,01,0,0,1,0,0,0,0,0,0,-,-,33.88087844848633,-117.59864044189452,RIVERSIDE,CORONA,-117.59864807128906,33.880916595458984
90677797,2018,2018-03-08,9685,2018-02-26,0205,017399,NA,1,3,9,3300,0,2,4,NA,2,016,GRAND AVENUE,PERRET BLVD,300,S,N,A,-,N,NA,NA,NA,NA,NA,NA,NA,NA,NA,Y,3,0,1,1,A,-,08,22107,NA,N,E,I,A,A,H,-,D,D,0,NA,NA,NA,NA,Y,NA,A,01,0,1,0,0,0,0,0,0,0,-,-,33.63922882080078,-117.34478759765624,RIVERSIDE,UNINCORPORATED,-117.34458923339844,33.638954162597656
90679613,2018,2018-03-12,9840,2018-03-05,1715,014335,NA,1,2,7,3313,0,1,3,NA,2,020,SR-91 WESTBOUND,VAN BUREN BLVD,2325,W,N,A,-,Y,NA,NA,91,NA,NA,NA,NA,NA,W,Y,4,0,1,2,A,-,07,21658,A,N,B,C,A,A,H,-,A,D,0,NA,NA,NA,NA,Y,NA,A,01,0,0,1,0,0,0,0,0,0,-,-,33.910980224609375,-117.4487075805664,RIVERSIDE,RIVERSIDE,-117.44873809814452,33.91102981567383
90679665,2018,2018-03-12,9655,2018-03-04,0715,020054,NA,7,1,9,3300,0,1,3,NA,1,314,SR-74,BEE CANYON TRUCK TRAIL,1593,E,N,A,-,Y,NA,NA,74,NA,NA,NA,NA,NA,NA,Y,3,0,1,1,A,-,08,22107,NA,N,E,I,A,B,H,-,A,D,0,NA,NA,NA,NA,Y,NA,A,01,0,1,0,0,0,0,0,0,0,-,-,33.73625183105469,-116.81903839111328,RIVERSIDE,UNINCORPORATED,-116.81903839111328,33.73627471923828
9068397,2020,2020-12-15,3300,2020-05-05,1520,3613,505F,2,5,5,3341,0,0,0,NA,0,055,MENIFEE RD,HERITAGE LAKE DR,0,NA,Y,A,-,N,NA,NA,NA,NA,NA,NA,NA,NA,NA,N,3,0,1,2,-,-,-,NA,NA,N,D,C,A,A,H,-,A,A,0,NA,NA,NA,NA,Y,NA,-,-,0,1,0,0,0,0,0,0,0,-,-,33.72489929199219,-117.15415954589844,RIVERSIDE,MENIFEE,-117.1540069580078,33.72500991821289
90684620,2018,2018-03-19,9685,2018-03-08,2140,14338,NA,4,2,5,3335,0,1,1,NA,2,030,I-15 S/B,SANTIAGO ROAD,700,N,N,A,-,Y,NA,NA,NA,NA,NA,NA,NA,NA,NA,Y,3,0,1,2,A,-,01,23152,A,N,C,C,A,A,H,-,D,D,0,NA,NA,NA,NA,Y,Y,A,01,0,1,0,0,0,0,0,0,0,-,-,33.29317092895508,-117.08425903320313,RIVERSIDE,TEMECULA,-117.14508819580078,33.492183685302734
90684802,2018,2018-03-19,9685,2018-03-08,1750,016185,NA,4,2,9,3300,0,1,3,NA,1,012,SR-74,HAMMACK AVENUE,0,NA,Y,A,-,Y,NA,NA,74,NA,NA,NA,NA,NA,NA,Y,3,0,3,2,A,-,09,21801,A,N,D,C,A,A,H,-,B,D,0,NA,NA,NA,NA,Y,NA,D,22,0,3,0,0,0,0,0,0,0,-,-,33.71500015258789,-117.3040008544922,RIVERSIDE,UNINCORPORATED,-117.30397033691406,33.71491622924805
90686568,2018,2018-03-21,9840,2018-01-12,0935,020945,NA,5,1,9,3300,0,1,1,NA,2,041,I-215 N/B,PLACENTIA AVE.,2478,N,N,A,-,Y,NA,NA,215,NA,NA,NA,NA,NA,N,Y,1,1,1,1,A,-,00,22017,NA,N,F,A,A,A,H,-,A,D,0,NA,NA,NA,NA,Y,NA,A,07,0,0,1,0,0,0,0,0,0,-,-,33.831241607666016,-117.24591827392578,RIVERSIDE,UNINCORPORATED,-117.24588775634766,33.83125686645508
90687607,2018,2018-03-22,9840,2018-03-09,1500,020945,NA,5,2,9,3300,0,2,4,NA,2,042,VAN BUREN BLVD.,WASHINGTON ST.,520,E,N,A,-,N,NA,NA,NA,NA,NA,NA,NA,NA,NA,N,4,0,1,2,A,-,05,21650,NA,N,D,G,A,A,H,-,A,D,0,NA,Y,NA,NA,Y,NA,L,04,0,0,1,0,0,0,1,0,0,-,-,33.88243103027344,-117.36395263671876,RIVERSIDE,UNINCORPORATED,-117.3644790649414,33.88230895996094
90688973,2018,2018-03-23,9655,2018-03-18,1700,019267,NA,7,2,9,3300,0,1,1,NA,2,206,I-10 W/B,HAUGEN-LEHMANN WAY,11616,W,N,A,-,Y,NA,NA,10,NA,NA,NA,NA,NA,W,Y,4,0,3,2,A,-,03,22350,NA,N,C,C,A,A,H,-,A,D,0,NA,NA,NA,NA,Y,NA,A,01,0,0,3,0,0,0,0,0,0,-,-,33.923641204833984,-116.7279815673828,RIVERSIDE,UNINCORPORATED,-116.72797393798828,33.92368698120117
90690340,2018,2018-03-27,9840,2018-03-10,2020,020018,NA,6,2,4,3344,0,1,1,NA,2,011,I-15 S/B TO SR-60 E/B,I-15 N/B,1200,S,N,C,-,Y,NA,NA,NA,NA,NA,NA,NA,NA,NA,Y,4,0,1,1,A,-,08,22107,NA,N,E,I,A,B,H,-,C,D,0,NA,NA,NA,NA,Y,NA,A,01,0,0,1,0,0,0,0,0,0,-,-,34.01987075805664,-117.54586791992188,RIVERSIDE,EASTVALE,NA,NA
90692484,2018,2018-03-29,9840,2018-03-08,1255,020360,NA,4,1,7,3313,0,1,1,NA,2,024,I-215 N/B,EUCALYPTUS AVE,870,S,N,A,-,Y,NA,NA,215,NA,NA,NA,NA,NA,N,Y,3,0,1,4,A,-,03,22350,NA,N,C,C,A,A,H,-,A,D,0,NA,NA,NA,NA,Y,NA,A,01,0,1,0,0,0,0,0,0,0,-,-,33.9288215637207,-117.28865051269533,RIVERSIDE,RIVERSIDE,-117.28861236572266,33.9288215637207
9069260,2020,2020-07-21,3300,2020-03-16,2240,3455,601D3,1,5,6,3394,0,0,0,NA,0,MV14,PARKLAND AV,ROCK BLUFF AV,164,E,N,B,C,N,NA,NA,NA,NA,NA,NA,NA,NA,NA,N,4,0,1,7,A,-,03,22350,NA,N,G,B,F,B,H,-,C,D,0,Y,NA,NA,NA,Y,NA,A,01,0,0,1,0,1,0,0,0,0,-,-,33.960670471191406,-117.251953125,RIVERSIDE,MORENO VALLEY,NA,NA
90697357,2018,2018-04-03,9840,2018-03-17,1822,021198,NA,6,2,7,3313,0,1,3,NA,2,020,SR-91 W/B,VAN BUREN BLVD,65,E,N,A,-,Y,NA,NA,91,NA,NA,NA,NA,NA,W,Y,3,0,1,2,A,-,07,21658,A,N,B,C,A,A,H,-,A,D,0,NA,NA,NA,NA,Y,NA,A,01,0,1,0,0,0,0,0,0,0,-,-,33.91753005981445,-117.4373016357422,RIVERSIDE,RIVERSIDE,-117.43731689453124,33.917564392089844
90699746,2018,2018-04-05,9840,2018-03-21,1120,012208,NA,3,1,9,3300,0,3,5,NA,2,002,LA SIERRA AVENUE {S/B},LAKE CREST DRIVE,0,NA,Y,B,-,N,NA,NA,NA,NA,NA,NA,NA,NA,NA,Y,4,0,1,2,A,-,12,21453,A,N,D,C,A,A,H,-,A,A,0,NA,NA,NA,NA,Y,NA,A,01,0,0,1,0,0,0,0,0,0,-,-,33.86442947387695,-117.45391082763672,RIVERSIDE,UNINCORPORATED,-117.453847,33.864714
90701112,2018,2018-04-09,9840,2018-03-23,1302,020945,NA,5,1,9,3300,0,2,4,NA,2,042,VAN BUREN BLVD.,MERIDIAN PARKWAY,0,NA,Y,A,-,Y,NA,NA,NA,NA,NA,NA,NA,NA,NA,Y,4,0,1,2,A,-,12,21453,A,N,A,C,A,A,H,-,A,A,0,NA,NA,NA,NA,Y,NA,-,-,0,0,1,0,0,0,0,0,0,-,-,33.88795852661133,-117.280029296875,RIVERSIDE,UNINCORPORATED,-117.27995300292967,33.88779830932617
90704643,2018,2018-04-12,9840,2018-03-06,0840,017162,NA,2,1,9,3300,0,1,3,NA,1,038,SR-71 S/B,SR-91 W/B,5280,N,N,A,-,Y,NA,NA,71,NA,NA,NA,NA,NA,S,N,4,0,1,2,A,-,03,22350,NA,N,C,C,A,A,H,-,A,D,0,NA,NA,Y,NA,Y,NA,C,02,0,0,1,0,0,0,0,0,1,-,-,33.88948059082031,-117.64627838134766,RIVERSIDE,UNINCORPORATED,-117.64623260498048,33.889495849609375
90707944,2018,2018-04-18,9685,2018-04-07,0225,017013,NA,6,3,5,3335,0,1,1,NA,2,030,I-15 NORTHBOUND,RAINBOW VALLEY BOULEVARD,12144,N,N,A,-,Y,NA,NA,15,NA,NA,NA,NA,NA,N,Y,3,0,3,1,A,-,01,23152,A,N,F,A,A,A,H,-,D,D,0,NA,NA,NA,NA,Y,Y,A,01,0,3,0,0,0,0,0,0,0,-,-,33.463600158691406,-117.1362762451172,RIVERSIDE,TEMECULA,-117.13624572753906,33.46359634399414
90708690,2018,2018-04-19,9840,2018-04-13,2310,019527,NA,5,3,7,3313,0,1,1,NA,2,023,I-215 N/B,BLAINE ST,1000,N,N,A,-,Y,NA,NA,215,NA,NA,NA,NA,NA,N,Y,4,0,1,2,A,-,03,22350,NA,N,C,C,A,A,H,-,C,D,0,NA,NA,NA,NA,Y,Y,A,01,0,0,1,0,0,0,0,0,0,-,-,33.98522186279297,-117.34490966796876,RIVERSIDE,RIVERSIDE,-117.34490966796876,33.98522186279297
9070982,2020,2020-05-15,3300,2020-02-02,1945,5650,910P,7,5,5,3335,0,0,0,NA,0,069,TEMECULA PKWY,BEDFORD CT,296,W,N,A,-,N,NA,NA,NA,NA,NA,NA,NA,NA,NA,NA,4,0,1,2,A,-,03,22350,NA,F,C,C,A,A,H,-,C,D,0,NA,NA,NA,NA,Y,NA,A,01,0,0,1,0,0,0,0,0,0,-,-,33.479339599609375,-117.13768768310548,RIVERSIDE,TEMECULA,NA,NA
90711734,2018,2018-04-24,9685,2018-04-12,1815,014519,NA,4,2,9,3300,0,1,3,NA,1,040,STATE ROUTE 79,WRANGLER ROAD,528,E,N,A,-,Y,NA,NA,79,NA,NA,NA,NA,NA,NA,Y,2,0,1,1,A,-,08,22107,NA,N,E,I,A,A,H,-,A,D,0,NA,NA,NA,NA,Y,Y,D,22,1,0,0,0,0,0,0,0,0,-,-,33.437801361083984,-116.85048675537108,RIVERSIDE,UNINCORPORATED,-116.85028839111328,33.43800354003906
90712613,2018,2018-04-25,9685,2018-04-14,1150,015295,NA,6,1,9,3300,0,3,5,NA,2,003,BENTON ROAD,POURROY ROAD,0,NA,Y,A,-,N,NA,NA,NA,NA,NA,NA,NA,NA,NA,Y,3,0,1,1,A,-,03,22350,NA,N,E,I,A,A,H,-,A,A,0,NA,NA,NA,NA,Y,NA,A,01,0,1,0,0,0,0,0,0,0,-,-,33.591129302978516,-117.10105895996094,RIVERSIDE,UNINCORPORATED,-117.1010513305664,33.59090042114258
90712911,2018,2018-04-25,9655,2018-04-17,1620,015795,NA,2,2,9,3300,0,1,3,NA,2,315,SR-79 S/B,NEWPORT ROAD,50,N,N,A,-,Y,NA,NA,79,NA,NA,NA,NA,NA,S,N,4,0,1,2,A,-,03,22350,NA,N,C,C,A,A,H,-,A,D,0,NA,NA,NA,NA,Y,NA,A,01,0,0,1,0,0,0,0,0,0,-,-,33.684791564941406,-117.08455657958984,RIVERSIDE,UNINCORPORATED,-117.08422088623048,33.684818267822266
90713069,2018,2018-04-25,9685,2018-04-18,1805,016113,NA,3,2,9,3300,0,1,3,NA,1,026,SR-74 WESTBOUND,JUNIPER FLATS RD.,450,W,N,A,-,Y,NA,NA,74,NA,NA,NA,NA,NA,W,N,4,0,1,2,A,-,09,21801,A,N,D,C,A,A,H,-,A,D,0,NA,NA,NA,NA,Y,NA,A,01,0,0,1,0,0,0,0,0,0,-,-,33.74325180053711,-117.1164779663086,RIVERSIDE,UNINCORPORATED,-117.1164779663086,33.74330520629883
90715492,2018,2018-04-27,9840,2018-04-19,0707,018221,NA,4,1,9,3300,0,3,5,NA,2,003,ONTARIO AVE.,GROVEWOOD DR,460,E,N,A,-,Y,NA,NA,NA,NA,NA,NA,NA,NA,NA,Y,3,0,2,4,A,-,03,22350,NA,N,C,C,A,A,H,-,A,D,0,NA,NA,NA,NA,Y,NA,A,07,0,2,0,0,0,0,0,0,0,-,-,33.84014892578125,-117.52969360351563,RIVERSIDE,UNINCORPORATED,-117.52980041503906,33.84005355834961
90716114,2018,2018-04-30,9840,2018-03-30,0440,021641,NA,5,3,9,3300,0,3,5,NA,2,004,MARKHAM ST,SEATON AVE,35,W,N,A,-,N,NA,NA,NA,NA,NA,NA,NA,NA,NA,Y,3,0,1,1,A,-,08,22107,NA,M,E,I,A,A,H,-,D,A,0,NA,NA,NA,NA,Y,NA,A,07,0,1,0,0,0,0,0,0,0,-,-,33.85169982910156,-117.2615966796875,RIVERSIDE,UNINCORPORATED,-117.26153564453124,33.85182189941406
90716127,2018,2018-04-30,9655,2018-04-15,1840,021008,NA,7,2,9,3300,0,1,3,NA,1,314,STATE ROUTE 74,DARTMOUTH STREET,54,E,N,A,-,N,NA,NA,74,NA,NA,NA,NA,NA,NA,Y,4,0,1,1,A,-,01,23152,F,N,E,I,A,A,H,-,B,D,0,NA,NA,NA,NA,Y,NA,A,01,0,0,1,0,0,0,0,0,0,-,-,33.747459411621094,-116.93685150146484,RIVERSIDE,UNINCORPORATED,-116.93685150146484,33.74771499633789
90718208,2018,2018-05-02,9655,2018-04-22,2050,019440,NA,7,2,2,3336,0,1,1,NA,2,202,I-10 E/B,SANDLEWOOD DR,2640,E,N,A,-,Y,NA,NA,10,NA,NA,NA,NA,NA,E,Y,4,0,1,1,A,-,01,23152,A,N,E,I,A,A,H,-,D,D,0,NA,NA,NA,NA,Y,Y,D,22,0,0,1,0,0,0,0,0,0,-,-,33.98752975463867,-117.05461883544922,RIVERSIDE,CALIMESA,-117.0547332763672,33.987464904785156
90718595,2018,2018-05-02,9840,2018-04-29,1125,020058,NA,7,1,6,3315,0,1,1,NA,2,034,I-15 N/B,DOS LAGOS DR.,1500,S,N,B,-,Y,NA,NA,NA,NA,NA,NA,NA,NA,NA,N,4,0,1,2,A,-,03,22350,NA,N,C,C,A,A,H,-,A,D,0,NA,NA,NA,NA,Y,NA,D,22,0,0,1,0,0,0,0,0,0,-,-,33.806671142578125,-117.50602722167967,RIVERSIDE,CORONA,-117.50530242919922,33.80329895019531
90720340,2018,2018-05-04,9655,2018-04-28,2236,020054,NA,6,3,9,3300,0,1,3,NA,2,315,SR-79 N/B,DOMENIGONI PKY,0,NA,Y,A,-,Y,NA,NA,79,NA,NA,NA,NA,NA,N,Y,3,0,3,2,A,-,09,21453,C,N,D,C,A,A,H,-,C,A,0,NA,NA,NA,NA,Y,NA,A,08,0,2,1,0,0,0,0,0,0,-,-,33.69626998901367,-117.0848388671875,RIVERSIDE,UNINCORPORATED,-117.08486938476563,33.69626998901367
90721130,2018,2018-05-07,9840,2018-05-02,1437,019576,NA,3,2,7,3313,0,1,1,NA,2,023,I-215 N/B,MARTIN LUTHER KING BLVD,1000,S,N,A,-,Y,NA,NA,215,NA,NA,NA,NA,NA,N,Y,4,0,1,2,A,-,03,22350,NA,N,C,C,A,A,H,-,A,D,0,NA,NA,NA,NA,Y,NA,A,01,0,0,1,0,0,0,0,0,0,-,-,33.96397018432617,-117.32498931884766,RIVERSIDE,RIVERSIDE,-117.32500457763672,33.96395492553711
90721755,2018,2018-05-08,9840,2018-04-24,1610,012208,NA,2,2,6,3315,0,1,1,NA,2,034,I-15 S/B {CORONA MALL FREEWAY},HIDDEN VALLEY PARKWAY,1039,N,N,B,-,Y,NA,NA,NA,NA,NA,NA,NA,NA,NA,Y,4,0,1,3,D,-,00,NA,NA,N,B,C,A,A,H,-,A,D,0,NA,NA,NA,NA,Y,NA,-,-,0,0,1,0,0,0,0,0,0,-,-,33.90176010131836,-117.56043243408205,RIVERSIDE,CORONA,NA,NA
90722424,2018,2018-06-20,9655,2018-05-01,0545,018336,NA,2,3,9,3300,0,1,1,NA,2,206,I-10 W/B,SR-111,0,NA,Y,A,G,Y,NA,NA,10,NA,NA,NA,NA,NA,W,Y,2,0,1,1,A,-,01,23152,F,N,E,I,A,A,H,-,B,D,0,NA,NA,NA,Y,Y,NA,G,27,1,0,0,0,0,0,0,0,0,-,-,33.922691345214844,-116.6786880493164,RIVERSIDE,UNINCORPORATED,-116.6786880493164,33.922645568847656
90723911,2018,2018-05-10,9840,2018-05-05,1600,021261,NA,6,2,7,3313,0,1,3,NA,2,021,SR-91 W/B,14TH ST,1190,W,N,A,-,Y,NA,NA,91,NA,NA,NA,NA,NA,W,Y,3,0,2,2,A,-,01,23152,A,N,B,C,A,A,H,-,A,D,0,NA,NA,NA,NA,Y,Y,A,01,0,1,1,0,0,0,0,0,0,-,-,33.97085189819336,-117.37541198730467,RIVERSIDE,RIVERSIDE,-117.37529754638672,33.97077941894531
90725429,2018,2018-05-14,9655,2018-05-05,2309,020054,NA,6,3,9,3300,0,1,1,NA,2,206,I-10 E/B,TIPTON RD,4488,W,N,A,-,Y,NA,NA,NA,NA,NA,NA,NA,NA,NA,Y,4,0,3,2,A,-,03,22350,NA,N,C,C,A,A,H,-,D,D,0,NA,NA,NA,NA,Y,NA,A,07,0,0,3,0,0,0,0,0,0,-,-,33.9921989440918,-116.6610107421875,RIVERSIDE,UNINCORPORATED,NA,NA
90726691,2018,2018-05-15,9840,2018-05-01,1010,018281,NA,2,1,9,3300,0,3,5,NA,2,003,TEMESCAL CANYON RD,I-15,500,N,N,B,-,N,NA,NA,NA,NA,NA,NA,NA,NA,NA,Y,4,0,2,2,A,-,09,21804,A,N,D,C,A,A,H,-,A,D,0,NA,NA,NA,NA,Y,NA,D,22,0,0,2,0,0,0,0,0,0,-,-,33.77817916870117,-117.48631286621094,RIVERSIDE,UNINCORPORATED,-117.48719024658205,33.77690124511719
90726926,2018,2018-05-15,9685,2018-05-12,1500,016381,NA,6,2,9,3300,0,1,3,NA,2,011,SR-74 E/B (ORTEGA HWY),EL CARISO RD,10,W,N,A,-,Y,NA,NA,74,NA,NA,NA,NA,NA,E,Y,4,0,2,2,A,-,03,22350,NA,N,C,C,A,A,H,-,A,D,0,NA,NA,NA,NA,Y,NA,A,01,0,0,2,0,0,0,0,0,0,-,-,33.64591979980469,-117.41828918457033,RIVERSIDE,UNINCORPORATED,-117.41831970214844,33.645957946777344
90727897,2018,2018-05-16,9655,2018-05-07,1540,015795,NA,1,2,9,3300,0,3,5,NA,2,003,DOMENIGONI PARKWAY,WARREN ROAD,195,W,N,A,-,N,NA,NA,NA,NA,NA,NA,NA,NA,NA,Y,2,0,2,4,A,-,03,22350,NA,N,C,C,A,A,H,-,A,A,0,NA,NA,NA,NA,Y,NA,A,01,1,0,1,0,0,0,0,0,0,-,-,33.70376968383789,-117.0343017578125,RIVERSIDE,UNINCORPORATED,-117.03435516357422,33.70392608642578
90729339,2018,2018-05-18,9685,2018-05-13,0500,016113,NA,7,3,9,3300,0,1,3,NA,1,012,SR-74 EASTBOUND,MEADOWBROOK AVENUE,1000,W,N,B,-,Y,NA,NA,74,NA,NA,NA,NA,NA,E,Y,3,0,1,1,A,-,01,23152,A,N,E,I,A,A,H,-,D,D,0,NA,NA,NA,NA,Y,NA,D,22,0,1,0,0,0,0,0,0,0,-,-,33.72230911254883,-117.29386138916016,RIVERSIDE,UNINCORPORATED,-117.29398345947266,33.722381591796875
90729486,2018,2018-09-14,9685,2018-05-17,1536,017285,NA,4,2,5,3335,0,1,1,NA,2,030,I-15 S/B,OVERLAND DRIVE,1350,S,N,A,-,Y,NA,NA,15,NA,NA,NA,NA,NA,S,Y,4,0,1,3,A,-,03,22350,NA,N,C,C,A,A,H,-,A,D,0,NA,NA,NA,NA,Y,NA,A,01,0,0,1,0,0,0,0,0,0,-,-,33.512821197509766,-117.15718841552734,RIVERSIDE,TEMECULA,-117.15709686279295,33.51286315917969
9073025,2020,2020-05-18,3300,2020-01-08,2215,4859,002U,3,5,6,3345,0,0,0,NA,0,024,LIMONITE AV,BAKER ST,50,E,N,A,-,N,NA,NA,NA,NA,NA,NA,NA,NA,NA,NA,3,0,1,2,A,-,11,21955,NA,N,G,B,D,A,H,-,C,D,0,Y,NA,NA,NA,Y,NA,N,60,0,1,0,0,1,0,0,0,0,-,-,33.9758415222168,-117.48204803466795,RIVERSIDE,JURUPA VALLEY,-117.48184204101563,33.97553253173828
90731196,2018,2018-05-22,9655,2018-05-13,1650,019484,NA,7,2,9,3300,0,1,1,NA,2,206,I-10 W/B,HAUGEN-LEHMANN WAY,528,W,N,A,-,Y,NA,NA,10,NA,NA,NA,NA,NA,W,Y,4,0,5,2,A,-,03,22350,NA,N,C,C,A,A,H,-,A,D,0,NA,NA,NA,NA,Y,NA,A,07,0,0,5,0,0,0,0,0,0,-,-,33.924171447753906,-116.6913604736328,RIVERSIDE,UNINCORPORATED,-116.69132995605467,33.92432403564453
90731996,2018,2018-05-23,9840,2018-05-20,1910,017546,NA,7,2,4,3344,0,1,1,NA,2,011,I-15 S/B TO LIMONITE AVENUE,LIMONITE AVE,20,N,N,A,-,Y,NA,NA,15,NA,NA,NA,R,NA,S,N,4,0,1,2,A,-,01,23152,A,N,C,C,A,A,H,-,B,A,0,NA,NA,NA,NA,Y,Y,A,01,0,0,1,0,0,0,0,0,0,-,-,33.975399017333984,-117.54989624023438,RIVERSIDE,EASTVALE,-117.54989624023438,33.975399017333984
90736683,2018,2018-06-13,9840,2018-05-19,2335,019527,NA,6,3,4,3310,0,1,1,NA,2,011,I-15 N/B,2ND ST,500,N,N,A,-,Y,NA,NA,15,NA,NA,NA,NA,NA,N,Y,3,0,1,1,C,-,18,NA,NA,N,H,H,A,A,H,-,D,D,0,NA,NA,NA,NA,Y,NA,-,-,0,1,0,0,0,0,0,0,0,-,-,33.911251068115234,-117.55812072753906,RIVERSIDE,NORCO,-117.55811309814452,33.91124725341797
9073676,2020,2020-11-14,3300,2020-04-23,1757,4940,920A,4,5,4,3314,0,0,0,NA,0,070,SANDERSON AV,RAMONA EXPWY,0,NA,Y,A,-,Y,RIV,8,79,-,M,32.269,I,5,S,NA,4,0,1,2,A,-,08,22107,NA,N,B,C,A,A,H,-,A,A,0,NA,NA,NA,NA,Y,NA,A,07,0,0,1,0,0,0,0,0,0,-,-,33.823699951171875,-117.00328063964844,RIVERSIDE,SAN JACINTO,-117.00359344482422,33.823551177978516
90737862,2018,2018-05-31,9655,2018-05-18,2335,019796,NA,5,3,9,3300,0,1,3,NA,2,213,SR-79 S/B,COUNTY LANDFILL ROAD,5280,N,N,A,-,Y,NA,NA,79,NA,NA,NA,NA,NA,S,Y,2,0,2,1,A,-,08,22107,NA,N,F,A,A,A,H,-,D,D,0,NA,NA,NA,NA,Y,NA,A,01,1,0,1,0,0,0,0,0,0,-,-,33.899349212646484,-116.98722839355467,RIVERSIDE,UNINCORPORATED,-116.98713684082033,33.89926528930664
90738538,2018,2018-07-09,9685,2018-05-22,1530,012190,NA,2,2,9,3300,0,1,3,NA,1,031,SR-79 NORTHBOUND,THOMPSON RD,210,S,N,A,-,Y,NA,NA,79,NA,NA,NA,NA,NA,N,N,2,0,1,2,A,-,08,22107,NA,N,A,G,A,A,H,-,A,D,0,NA,Y,NA,NA,Y,NA,A,01,1,0,0,0,0,0,1,0,0,-,-,33.597450256347656,-117.11885833740234,RIVERSIDE,UNINCORPORATED,-117.11893463134766,33.59751510620117
90738585,2018,2018-05-31,9840,2018-05-26,0050,019844,NA,6,3,9,3300,0,1,1,NA,2,040,I-215 S/B,VAN BUREN BLVD,2500,N,N,A,-,Y,NA,NA,215,NA,NA,NA,NA,NA,S,Y,4,0,4,2,A,-,03,22350,NA,N,C,A,A,A,H,-,D,D,0,NA,NA,NA,NA,Y,NA,A,01,0,0,4,0,0,0,0,0,0,-,-,33.896541595458984,-117.27448272705078,RIVERSIDE,UNINCORPORATED,-117.2746124267578,33.896480560302734
90739444,2018,2018-06-01,9655,2018-05-30,0035,020669,NA,3,3,9,3300,0,1,3,NA,1,119,SR-371 W/B,THOMAS MOUNTAIN TRUCK TRAIL,4224,E,N,A,-,Y,NA,NA,371,NA,NA,NA,NA,NA,W,Y,4,0,1,1,A,-,08,22107,NA,N,E,I,A,A,H,-,D,D,0,NA,NA,NA,NA,Y,NA,A,01,0,0,1,0,0,0,0,0,0,-,-,33.55773162841797,-116.61685943603516,RIVERSIDE,UNINCORPORATED,-116.61687469482422,33.55770492553711
9074247,2020,2020-07-24,3300,2020-03-22,1834,4859,002T2,7,5,6,3345,0,0,0,NA,0,024,LIMONITE AV,EL PALOMINO DR,0,NA,Y,A,-,N,NA,NA,NA,NA,NA,NA,NA,NA,NA,Y,4,0,1,2,A,-,12,21453,A,N,D,C,A,A,H,-,A,A,0,NA,NA,NA,NA,Y,NA,A,07,0,0,1,0,0,0,0,0,0,-,-,33.97677993774414,-117.45797729492188,RIVERSIDE,JURUPA VALLEY,-117.45857238769533,33.978389739990234