CASE_ID,ACCIDENT_YEAR,PROC_DATE,JURIS,COLLISION_DATE,COLLISION_TIME,OFFICER_ID,REPORTING_DISTRICT,DAY_OF_WEEK,CHP_SHIFT,POPULATION,CNTY_CITY_LOC,SPECIAL_COND,BEAT_TYPE,CHP_BEAT_TYPE,CITY_DIVISION_LAPD,CHP_BEAT_CLASS,BEAT_NUMBER,PRIMARY_RD,SECONDARY_RD,DISTANCE,DIRECTION,INTERSECTION,WEATHER_1,WEATHER_2,STATE_HWY_IND,CALTRANS_COUNTY,CALTRANS_DISTRICT,STATE_ROUTE,ROUTE_SUFFIX,POSTMILE_PREFIX,POSTMILE,LOCATION_TYPE,RAMP_INTERSECTION,SIDE_OF_HWY,TOW_AWAY,COLLISION_SEVERITY,NUMBER_KILLED,NUMBER_INJURED,PARTY_COUNT,PRIMARY_COLL_FACTOR,PCF_CODE_OF_VIOL,PCF_VIOL_CATEGORY,PCF_VIOLATION,PCF_VIOL_SUBSECTION,HIT_AND_RUN,TYPE_OF_COLLISION,MVIW,PED_ACTION,ROAD_SURFACE,ROAD_COND_1,ROAD_COND_2,LIGHTING,CONTROL_DEVICE,CHP_ROAD_TYPE,PEDESTRIAN_ACCIDENT,BICYCLE_ACCIDENT,MOTORCYCLE_ACCIDENT,TRUCK_ACCIDENT,NOT_PRIVATE_PROPERTY,ALCOHOL_INVOLVED,STWD_VEHTYPE_AT_FAULT,CHP_VEHTYPE_AT_FAULT,COUNT_SEVERE_INJ,COUNT_VISIBLE_INJ,COUNT_COMPLAINT_PAIN,COUNT_PED_KILLED,COUNT_PED_INJURED,COUNT_BICYCLIST_KILLED,COUNT_BICYCLIST_INJURED,COUNT_MC_KILLED,COUNT_MC_INJURED,PRIMARY_RAMP,SECONDARY_RAMP,LATITUDE,LONGITUDE,COUNTY,CITY,POINT_X,POINT_Y
9074289,2020,2020-10-16,3313,2020-03-21,2057,1994,2,6,5,7,3313,0,0,0,NA,0,3R26,3RD ST,RT 60,0,NA,Y,A,-,Y,RIV,8,215,-,-,42.066,R,4,S,N,4,0,1,2,A,-,12,21453,A,F,D,C,A,A,H,-,C,A,0,NA,NA,NA,NA,Y,NA,A,01,0,0,1,0,0,0,0,0,0,-,EO,NA,NA,RIVERSIDE,RIVERSIDE,-117.34185791015624,33.98187255859375
90742911,2018,2018-06-07,9655,2018-05-28,1855,019440,NA,1,2,9,3300,0,1,1,NA,2,206,RAILROAD WAY,HAUGEN-LEHMANN WAY,0,NA,Y,A,-,N,NA,NA,NA,NA,NA,NA,NA,NA,NA,Y,4,0,2,1,A,-,03,22350,NA,N,E,I,A,A,H,-,A,D,0,NA,NA,NA,NA,Y,NA,A,01,0,0,2,0,0,0,0,0,0,-,-,33.92287826538086,-116.68891143798828,RIVERSIDE,UNINCORPORATED,-116.68975067138672,33.922828674316406
90743046,2018,2018-06-07,9840,2018-05-31,1655,018221,NA,4,2,6,3315,0,1,1,NA,2,034,I-15 N/B,PARKRIDGE AVE.,1400,N,N,A,-,Y,NA,NA,15,NA,NA,NA,NA,NA,N,Y,4,0,1,3,A,-,03,22350,NA,M,C,C,A,A,H,-,A,D,0,NA,NA,NA,NA,Y,NA,A,01,0,0,1,0,0,0,0,0,0,-,-,33.88916015625,-117.55316162109376,RIVERSIDE,CORONA,-117.5530014038086,33.88930130004883
90743058,2018,2018-06-07,9630,2018-05-31,1700,019943,NA,4,2,9,3300,0,2,S,NA,2,405,WASHINGTON ST N/B,41ST AVENUE,0,NA,Y,A,-,N,NA,NA,NA,NA,NA,NA,NA,NA,NA,Y,3,0,2,2,A,-,12,21453,A,N,D,C,A,A,H,-,A,A,0,NA,NA,NA,NA,Y,NA,A,01,0,2,0,0,0,0,0,0,0,-,-,33.75080108642578,-116.30370330810548,RIVERSIDE,UNINCORPORATED,-116.30390167236328,33.75090026855469
9074365,2020,2020-07-08,3300,2020-03-01,2236,5420,920C,7,5,4,3314,0,0,0,NA,0,070,SANDERSON AV,FARM MEADOWS DR,0,NA,Y,A,-,N,NA,NA,NA,NA,NA,NA,NA,NA,NA,NA,4,0,1,2,A,-,08,22107,NA,M,B,C,A,A,H,-,C,D,0,NA,NA,NA,NA,Y,NA,A,01,0,0,1,0,0,0,0,0,0,-,-,33.77632141113281,-117.00685119628906,RIVERSIDE,SAN JACINTO,-117.00669860839844,33.7763786315918
90743677,2018,2018-06-07,9685,2018-05-26,1546,017285,NA,6,2,5,3335,0,1,1,NA,2,030,I-15 N/B TEMECULA PARKWAY OFF-RAMP,TEMECULA PARKWAY,300,S,N,A,-,Y,NA,NA,15,NA,NA,NA,NA,NA,N,Y,4,0,2,3,A,-,03,22350,NA,N,C,C,A,A,H,-,A,D,0,NA,NA,NA,NA,Y,NA,A,01,0,0,2,0,0,0,0,0,0,-,-,33.479270935058594,-117.1394500732422,RIVERSIDE,TEMECULA,-117.13994598388672,33.479087829589844
90744427,2018,2018-06-08,9685,2018-06-04,0900,015360,NA,1,1,9,3300,0,3,5,NA,2,003,POURROY RD.,SANTORO WAY,0,NA,Y,A,-,N,NA,NA,NA,NA,NA,NA,NA,NA,NA,Y,4,0,1,2,A,-,09,21802,A,N,D,C,A,A,H,-,A,A,0,NA,NA,NA,NA,Y,NA,A,01,0,0,1,0,0,0,0,0,0,-,-,33.58557891845703,-117.0986099243164,RIVERSIDE,UNINCORPORATED,-117.0985870361328,33.5855712890625
90744621,2018,2018-06-11,9840,2018-06-02,0830,017893,NA,6,1,9,3300,0,1,3,NA,2,030,SR-91 W/B,SERFAS CLUB DR,1190,W,N,A,-,Y,NA,NA,91,NA,NA,NA,NA,NA,W,Y,4,0,1,2,A,-,03,22350,NA,N,C,C,A,A,H,-,A,D,0,NA,NA,NA,NA,Y,NA,A,07,0,0,1,0,0,0,0,0,0,-,-,33.88140106201172,-117.61740112304688,RIVERSIDE,UNINCORPORATED,-117.61740112304688,33.88138961791992
90745566,2018,2018-06-11,9655,2018-06-07,1215,020669,NA,4,1,9,3300,0,3,5,NA,2,003,DOMENIGONI PKWY W/B,RICE ROAD,600,E,N,A,-,N,NA,NA,NA,NA,NA,NA,NA,NA,NA,Y,4,0,2,3,A,-,03,22350,NA,N,C,C,A,A,H,-,A,A,0,NA,NA,NA,NA,Y,NA,A,01,0,0,2,0,0,0,0,0,0,-,-,33.695030212402344,-117.09127807617188,RIVERSIDE,UNINCORPORATED,-117.09125518798828,33.69498062133789
90746018,2018,2018-06-12,9685,2018-06-05,1945,013925,NA,2,2,5,3335,0,1,1,NA,2,030,INTERSTATE 15 NORTHBOUND,SANTIAGO ROAD,1305,S,N,A,-,Y,NA,NA,15,NA,NA,NA,NA,NA,N,Y,3,0,2,2,A,-,07,21658,A,N,B,C,A,A,H,-,A,D,0,NA,NA,NA,NA,Y,NA,A,07,0,1,1,0,0,0,0,0,0,-,-,33.48571014404297,-117.14230346679688,RIVERSIDE,TEMECULA,-117.14234924316406,33.48569107055664
9074633,2020,2020-08-13,3313,2020-04-22,1903,1977,5,3,5,7,3313,0,0,0,NA,0,T49,PHILBIN AV,HAROLD ST,67,E,N,A,-,N,NA,NA,NA,NA,NA,NA,NA,NA,NA,Y,4,0,2,2,A,-,21,22106,NA,N,C,C,A,A,H,-,B,D,0,NA,NA,NA,NA,Y,Y,A,07,0,0,2,0,0,0,0,0,0,-,-,33.93912124633789,-117.4565200805664,RIVERSIDE,RIVERSIDE,-117.45642852783205,33.93898010253906
90746543,2018,2018-06-12,9685,2018-06-10,1000,015360,NA,7,1,5,3335,0,1,1,NA,2,030,I-15 SOUTHBOUND,MURRIETA HOT SPRINGS,2640,S,N,A,-,Y,NA,NA,NA,NA,NA,NA,NA,NA,NA,Y,4,0,1,1,A,-,08,22107,NA,N,E,I,A,A,H,-,A,D,0,NA,NA,NA,NA,Y,NA,A,01,0,0,1,0,0,0,0,0,0,-,-,33.226348876953125,-117.66744995117188,RIVERSIDE,TEMECULA,-117.19228363037108,33.554630279541016
90746689,2018,2018-06-12,9685,2018-06-11,0508,016838,NA,1,3,5,3335,0,1,1,NA,2,030,I-15 S/B,OVERLAND DRIVE,1100,S,N,A,-,Y,NA,NA,15,NA,NA,NA,NA,NA,S,Y,4,0,1,3,A,-,03,22350,NA,N,C,C,A,A,H,-,B,D,0,NA,NA,NA,NA,Y,NA,A,01,0,0,1,0,0,0,0,0,0,-,-,33.514591217041016,-117.15804290771484,RIVERSIDE,TEMECULA,-117.15798950195313,33.51462173461914
90749994,2018,2018-06-18,9840,2018-06-09,1719,017504,NA,6,2,6,3315,0,1,3,NA,2,031,SR-91 E/B,MAIN ST,2149,W,N,A,-,Y,NA,NA,91,NA,NA,NA,NA,NA,E,Y,2,0,2,3,A,-,03,22350,NA,N,C,C,A,A,H,-,A,D,0,NA,NA,NA,NA,Y,NA,D,22,1,1,0,0,0,0,0,0,0,-,-,33.88058853149414,-117.57524871826172,RIVERSIDE,CORONA,-117.57521057128906,33.8809928894043
90750228,2018,2018-06-18,9840,2018-06-11,2305,020220,NA,1,3,9,3300,0,2,4,NA,2,045,SEATON AVE,CAJALCO EXPY,0,NA,Y,A,-,N,NA,NA,NA,NA,NA,NA,NA,NA,NA,Y,4,0,1,2,A,-,12,22450,A,N,D,C,A,A,H,-,C,A,0,NA,NA,NA,NA,Y,NA,A,01,0,0,1,0,0,0,0,0,0,-,-,33.837371826171875,-117.26158905029295,RIVERSIDE,UNINCORPORATED,-117.26158905029295,33.837371826171875
90751460,2018,2018-06-19,9630,2018-06-12,1952,019843,NA,2,2,9,3300,0,2,S,NA,2,404,VARNER RD,BADGER ST,2112,W,N,A,-,N,NA,NA,NA,NA,NA,NA,NA,NA,NA,Y,3,0,1,1,A,-,01,23152,G,N,F,A,A,A,H,-,B,D,0,NA,NA,NA,NA,Y,Y,A,01,0,1,0,0,0,0,0,0,0,-,-,33.76448059082031,-116.31571197509766,RIVERSIDE,UNINCORPORATED,-116.31510925292967,33.76430130004883
90751624,2018,2018-06-20,9840,2018-06-08,1648,015705,NA,5,2,7,3313,0,1,3,NA,2,010,SR-60 E/B,MAIN ST.,1056,W,N,A,-,Y,NA,NA,60,NA,NA,NA,NA,NA,E,N,3,0,1,2,A,-,03,22350,NA,F,C,C,A,A,H,-,A,D,0,NA,NA,NA,NA,Y,NA,A,01,0,1,0,0,0,0,0,0,0,-,-,33.99795913696289,-117.36878967285156,RIVERSIDE,RIVERSIDE,-117.3687744140625,33.99799728393555
90752718,2018,2018-06-21,9630,2018-06-09,1934,021570,NA,6,2,9,3300,0,1,1,NA,2,301,I-10 E/B,FRONTAGE RD,3168,W,N,A,-,Y,NA,NA,10,NA,NA,NA,NA,NA,E,Y,3,0,1,1,A,-,08,22107,NA,N,F,A,A,A,H,-,A,D,0,NA,NA,NA,Y,Y,NA,G,27,0,1,0,0,0,0,0,0,0,-,-,33.67210006713867,-115.92710113525392,RIVERSIDE,UNINCORPORATED,-115.92713928222656,33.67185974121094
9075715,2020,2020-05-16,3315,2020-02-21,0747,001804,12C,5,5,6,3315,0,0,0,NA,0,004,LINCOLN AV,HIGHGROVE ST,0,NA,Y,A,-,N,NA,NA,NA,NA,NA,NA,NA,NA,NA,Y,4,0,2,2,A,-,12,21453,A,N,D,C,A,A,H,-,A,A,0,NA,NA,NA,NA,Y,NA,A,01,0,0,2,0,0,0,0,0,0,-,-,33.85123825073242,-117.58670043945313,RIVERSIDE,CORONA,-117.58672332763672,33.85131072998047
9075809,2020,2020-06-25,3315,2020-03-05,0025,001509,5A,4,5,6,3315,0,0,0,NA,0,004,6TH ST,AVENIDA DEL VISTA,40,W,N,A,-,N,NA,NA,NA,NA,NA,NA,NA,NA,NA,NA,4,0,1,2,A,-,09,21801,A,N,D,C,A,A,H,-,A,D,0,NA,NA,NA,NA,Y,NA,A,01,0,0,1,0,0,0,0,0,0,-,-,NA,NA,RIVERSIDE,CORONA,-117.59683227539063,33.878631591796875
90758134,2018,2018-06-28,9840,2018-06-22,1500,020058,NA,5,2,6,3315,0,1,1,NA,2,034,I-15 S/B,EAST 6TH ST.,100,N,N,A,-,Y,NA,NA,15,NA,NA,NA,NA,NA,S,Y,3,0,1,5,A,-,08,22107,NA,N,E,I,A,A,H,-,A,D,0,NA,NA,NA,NA,Y,NA,A,01,0,1,0,0,0,0,0,0,0,-,-,33.87411117553711,-117.54544067382813,RIVERSIDE,CORONA,-117.54544067382813,33.87411117553711
90760305,2018,2018-09-04,9630,2018-06-24,0020,020996,NA,7,3,9,3300,0,1,1,NA,2,021,I-10 E/B,COOK STREET,5280,E,N,A,-,Y,NA,NA,10,NA,NA,NA,NA,NA,E,Y,4,0,1,2,A,-,03,22350,NA,M,C,C,A,A,H,-,A,B,0,NA,NA,NA,NA,Y,NA,A,01,0,0,1,0,0,0,0,0,0,-,-,33.77745056152344,-116.34049987792967,RIVERSIDE,UNINCORPORATED,-116.34049224853516,33.777462005615234
90760308,2018,2018-07-02,9840,2018-06-21,2303,019017,NA,4,3,6,3315,0,1,S,NA,2,300,STATE ROUTE 91 E/B,GREEN RIVER RD,1585,E,N,A,-,Y,NA,NA,91,NA,NA,NA,NA,NA,E,Y,4,0,2,2,A,-,08,22107,NA,N,B,C,A,A,H,-,C,D,0,NA,NA,NA,NA,Y,NA,A,07,0,0,2,0,0,0,0,0,0,-,-,33.88039016723633,-117.65245819091795,RIVERSIDE,CORONA,-117.65250396728516,33.880550384521484
9076388,2019,2020-03-26,3306,2019-11-11,2110,087,3306,1,5,3,3306,0,0,0,NA,0,NA,CALLE DE VECINOS,SANTA CRUZ RD,130,W,N,A,-,N,NA,NA,NA,NA,NA,NA,NA,NA,NA,Y,3,0,1,1,A,-,08,22107,NA,M,E,I,A,A,H,-,D,D,0,NA,NA,NA,NA,Y,NA,A,01,0,1,0,0,0,0,0,0,0,-,-,NA,NA,RIVERSIDE,DESERT HOT SPRINGS,-116.50255584716795,33.980796813964844
90764340,2018,2018-07-06,9840,2018-07-04,1940,020535,NA,3,2,7,3313,0,1,3,NA,2,021,SR-91 E/B,CENTRAL ST,250,E,N,A,-,Y,NA,NA,91,NA,NA,NA,NA,NA,E,Y,3,0,1,1,A,-,01,23152,A,N,E,I,A,A,H,-,A,D,0,NA,NA,NA,NA,Y,Y,A,01,0,1,0,0,0,0,0,0,0,-,-,33.95473098754883,-117.38184356689452,RIVERSIDE,RIVERSIDE,-117.38204956054688,33.95500946044922
90764586,2018,2018-07-06,9685,2018-06-26,1740,015050,NA,2,2,9,3300,0,3,5,NA,2,001,TENAJA RD.,AVENIDA LA CRESTA,40,N,N,A,-,N,NA,NA,NA,NA,NA,NA,NA,NA,NA,Y,4,0,1,1,A,-,03,22350,NA,N,E,I,A,A,H,-,A,A,0,NA,NA,NA,NA,Y,NA,A,01,0,0,1,0,0,0,0,0,0,-,-,33.519290924072266,-117.30841064453124,RIVERSIDE,UNINCORPORATED,-117.3084716796875,33.51919937133789
90765111,2018,2018-07-09,9840,2018-06-21,1800,021298,NA,4,2,7,3313,0,1,3,NA,2,021,SR-91 W/B,MADISON ST,150,W,N,A,-,Y,NA,NA,91,NA,NA,NA,NA,NA,W,Y,4,0,1,3,A,-,03,22350,NA,N,C,C,A,A,H,-,A,D,0,NA,NA,NA,NA,Y,NA,A,01,0,0,1,0,0,0,0,0,0,-,-,33.93429946899414,-117.40760040283205,RIVERSIDE,RIVERSIDE,-117.40765380859376,33.93439865112305
90766200,2018,2018-07-10,9840,2018-07-07,1748,020058,NA,6,2,6,3315,0,1,3,NA,2,030,SR-91 E/B,GREEN RIVER ROAD,4600,W,N,A,-,Y,NA,NA,91,NA,NA,NA,NA,NA,E,Y,4,0,2,4,A,-,03,22350,NA,N,C,C,A,A,H,-,A,D,0,NA,NA,NA,NA,Y,NA,D,22,0,0,2,0,0,0,0,0,0,-,-,33.87041091918945,-117.66944885253906,RIVERSIDE,CORONA,-117.66943359375,33.8703727722168
90766664,2018,2018-07-11,9840,2018-06-27,1000,021096,NA,3,1,9,3300,0,3,5,NA,2,002,GILMAN SPRINGS RD.,SR-60,500,S,N,A,-,N,NA,NA,NA,NA,NA,NA,NA,NA,NA,Y,2,0,1,2,A,-,08,22107,NA,N,D,C,A,A,H,-,A,D,0,NA,NA,Y,NA,Y,NA,A,01,1,0,0,0,0,0,0,0,1,-,-,33.93600082397461,-117.12580108642578,RIVERSIDE,UNINCORPORATED,-117.12581634521484,33.93599319458008
90766715,2018,2018-07-11,9840,2018-07-03,1255,016356,NA,2,1,6,3315,0,1,3,NA,2,030,SR-91 E/B,GREEN RIVER DR,2000,W,N,A,-,Y,NA,NA,91,NA,NA,NA,NA,NA,E,Y,4,0,2,4,A,-,03,22350,NA,F,C,C,A,A,H,-,A,D,0,NA,NA,NA,NA,Y,NA,A,07,0,0,2,0,0,0,0,0,0,-,-,33.87160873413086,-117.66583251953124,RIVERSIDE,CORONA,-117.66590118408205,33.87174987792969
90766818,2018,2018-07-11,9840,2018-06-26,1430,015789,NA,2,2,4,3344,0,1,3,NA,2,010,SR-60 E/B TO I-15,MILLIKEN AVE.,1090,E,N,A,-,Y,NA,NA,60,NA,NA,NA,R,NA,E,Y,4,0,1,2,A,-,07,21658,A,N,C,C,A,A,H,-,A,D,0,NA,NA,Y,NA,Y,NA,A,01,0,0,1,0,0,0,0,0,1,-,-,34.022300720214844,-117.55461883544922,RIVERSIDE,EASTVALE,-117.55461883544922,34.022300720214844
90767677,2018,2018-07-12,9840,2018-06-29,0215,018949,NA,5,3,9,3300,0,3,5,NA,2,003,BEDFORD CANYON RD,EL CERRITO RD,100,S,N,A,-,N,NA,NA,NA,NA,NA,NA,NA,NA,NA,Y,3,0,1,1,A,-,01,23152,A,N,E,I,A,A,H,-,C,A,0,NA,NA,NA,NA,Y,Y,A,01,0,1,0,0,0,0,0,0,0,-,-,33.83115005493164,-117.53067779541016,RIVERSIDE,UNINCORPORATED,-117.53092956542967,33.83115768432617
90768890,2018,2018-07-13,9630,2018-07-07,2307,021882,NA,6,3,9,3300,0,1,1,NA,2,302,I-10 W/B,SR-177,3168,W,N,A,-,Y,NA,NA,NA,NA,NA,NA,NA,NA,NA,Y,2,0,1,1,A,-,08,22107,NA,N,F,I,A,A,H,-,D,D,0,NA,NA,Y,NA,Y,NA,C,02,1,0,0,0,0,0,0,0,1,-,-,33.707550048828125,-115.43316650390624,RIVERSIDE,UNINCORPORATED,-115.41063690185548,33.7105598449707
9076951,2020,2020-06-10,3313,2020-02-20,0937,1686,5,4,5,7,3313,0,0,0,NA,0,T58,VICTORIA AV,STEWART ST,0,NA,Y,A,-,N,NA,NA,NA,NA,NA,NA,NA,NA,NA,Y,3,0,1,2,A,-,09,21800,A,N,D,C,A,A,H,-,A,A,0,NA,NA,NA,NA,Y,NA,A,07,0,1,0,0,0,0,0,0,0,-,-,33.893619537353516,-117.45319366455078,RIVERSIDE,RIVERSIDE,-117.45240783691406,33.89426040649414
9077000,2020,2020-06-29,3300,2020-02-19,1627,N6012,916A,3,5,4,3312,0,0,0,NA,0,031,ORANGE AV,PERRIS BL,387,W,N,A,-,N,NA,NA,NA,NA,NA,NA,NA,NA,NA,NA,4,0,1,2,A,-,09,21804,A,N,H,J,A,A,G,-,A,A,0,NA,NA,Y,Y,Y,NA,F,26,0,0,1,0,0,0,0,0,1,-,-,33.81565856933594,-117.22599029541016,RIVERSIDE,PERRIS,-117.2261199951172,33.81560134887695
9077012,2020,2020-07-09,3313,2020-03-20,2145,1475,3,5,5,7,3313,0,0,0,NA,0,M19,ALESSANDRO BL,ALEXANDER ST,570,E,N,B,-,N,NA,NA,NA,NA,NA,NA,NA,NA,NA,NA,2,0,1,2,A,-,11,21956,A,N,G,B,E,A,H,-,D,A,0,Y,NA,NA,NA,Y,NA,N,60,1,0,0,0,1,0,0,0,0,-,-,33.91669845581055,-117.30500030517578,RIVERSIDE,RIVERSIDE,-117.30313873291016,33.91671371459961
90771517,2018,2018-07-18,9840,2018-07-17,1435,015802,NA,2,2,9,3300,0,3,5,NA,2,004,SPAATZ CIR,RYAN ST,265,E,N,A,-,N,NA,NA,NA,NA,NA,NA,NA,NA,NA,N,3,0,1,1,A,-,08,22107,NA,N,E,I,A,A,H,-,A,D,0,NA,NA,NA,NA,Y,NA,A,01,0,1,0,0,0,0,0,0,0,-,-,33.87356185913086,-117.29490661621094,RIVERSIDE,UNINCORPORATED,-117.29483795166016,33.87356185913086
90771578,2018,2018-07-23,9685,2018-07-06,1245,015360,NA,5,1,9,3300,0,3,5,NA,2,003,SANDIA CREEK DR.,VIA VAQUERO,75,W,N,A,-,N,NA,NA,NA,NA,NA,NA,NA,NA,NA,Y,4,0,1,3,A,-,03,22350,NA,N,C,C,A,A,H,-,A,D,0,NA,NA,Y,NA,Y,NA,A,01,0,0,1,0,0,0,0,0,1,-,-,33.47734069824219,-117.216552734375,RIVERSIDE,UNINCORPORATED,-117.21663665771484,33.47732925415039
90771661,2018,2018-07-23,9685,2018-07-06,2320,016765,NA,5,3,9,3300,0,1,3,NA,1,045,SR-371 N/B,ROCA VISTA DR,528,N,N,A,-,Y,NA,NA,NA,NA,NA,NA,NA,NA,NA,Y,3,0,1,1,A,-,08,22107,NA,N,F,I,A,A,H,-,D,D,0,NA,NA,NA,NA,Y,NA,A,07,0,1,0,0,0,0,0,0,0,-,-,33.45989990234375,-116.85929870605467,RIVERSIDE,UNINCORPORATED,-116.85980987548828,33.45734786987305
9077297,2020,2020-06-10,3300,2020-02-23,1231,4151,30H1,7,5,4,3318,0,0,0,NA,0,030,HIGHWAY 111,LARKSPUR,50,E,N,A,-,N,NA,NA,NA,NA,NA,NA,NA,NA,NA,Y,4,0,1,3,A,-,03,22350,NA,N,C,C,A,A,H,-,A,A,0,NA,NA,NA,NA,Y,NA,A,01,0,0,1,0,0,0,0,0,0,-,-,NA,NA,RIVERSIDE,PALM DESERT,-116.38016510009766,33.72124099731445
90773452,2018,2018-07-20,9655,2018-07-15,2014,020054,NA,7,2,9,3300,0,3,5,NA,2,003,ACACIA AVE,GIRARD ST,0,NA,Y,A,-,N,NA,NA,NA,NA,NA,NA,NA,NA,NA,Y,3,0,1,2,A,-,09,21801,A,N,A,C,A,A,H,-,E,D,0,NA,NA,NA,NA,Y,NA,A,01,0,1,0,0,0,0,0,0,0,-,-,33.7440185546875,-116.95426177978516,RIVERSIDE,UNINCORPORATED,-116.95424652099608,33.743980407714844
90773711,2018,2018-07-20,9685,2018-07-10,1517,016502,NA,2,2,9,3300,0,1,3,NA,1,031,STATE ROUTE 79 N/B,WINCHESTER SQUARE DR.,150,S,N,A,-,Y,NA,NA,79,NA,NA,NA,NA,NA,N,N,4,0,2,2,A,-,03,22350,NA,N,C,C,A,A,H,-,A,A,0,NA,NA,NA,NA,Y,NA,A,01,0,0,2,0,0,0,0,0,0,-,-,33.549400329589844,-117.14129638671876,RIVERSIDE,UNINCORPORATED,-117.14142608642578,33.549461364746094
90774833,2018,2018-07-23,9685,2018-07-13,1730,015957,NA,5,2,9,3300,0,3,5,NA,2,003,WASHINGTON ST,FIELDS DR.,350,S,N,A,-,N,NA,NA,NA,NA,NA,NA,NA,NA,NA,Y,3,0,1,1,A,-,01,23152,A,N,E,I,A,A,H,-,A,D,0,NA,NA,NA,NA,Y,Y,A,07,0,1,0,0,0,0,0,0,0,-,-,33.62076187133789,-117.08750152587892,RIVERSIDE,UNINCORPORATED,-117.08747863769533,33.62087631225586
90774975,2018,2018-07-23,9655,2018-07-14,1732,020054,NA,6,2,9,3300,0,2,4,NA,2,322,STANFORD ST,STETSON AVE,0,NA,Y,A,-,N,NA,NA,NA,NA,NA,NA,NA,NA,NA,Y,3,0,3,2,A,-,01,23152,A,N,D,C,A,A,H,-,A,A,0,NA,NA,NA,NA,Y,Y,A,01,0,1,2,0,0,0,0,0,0,-,-,33.72956085205078,-116.9234619140625,RIVERSIDE,UNINCORPORATED,-116.93244934082033,33.72959899902344
90775322,2018,2018-07-24,9840,2018-07-17,1405,019893,NA,2,2,6,3315,0,1,3,NA,2,031,SR-91 W/B,E. GRAND BLVD,584,W,N,A,-,Y,NA,NA,91,NA,NA,NA,NA,NA,W,Y,4,0,1,3,A,-,03,22350,NA,N,C,C,A,A,H,-,A,D,0,NA,NA,NA,NA,Y,NA,A,07,0,0,1,0,0,0,0,0,0,-,-,33.87976837158203,-117.5615692138672,RIVERSIDE,CORONA,-117.56157684326172,33.87971496582031
90775946,2018,2018-07-25,9840,2018-07-15,0832,018221,NA,7,1,6,3315,0,1,3,NA,2,031,SR-91 W/B,MAIN ST.,2100,E,N,A,-,Y,NA,NA,91,NA,NA,NA,NA,NA,W,Y,3,0,2,3,A,-,08,22107,NA,N,B,C,A,A,H,-,A,D,0,NA,NA,NA,NA,Y,NA,A,01,0,2,0,0,0,0,0,0,0,-,-,33.879520416259766,-117.55760192871094,RIVERSIDE,CORONA,-117.5575942993164,33.8794059753418
90776199,2018,2018-07-25,9840,2018-07-04,0018,018949,NA,3,3,9,3300,0,3,5,NA,2,003,HORSETHIEF CANYON RD,MOUNTAIN RD,0,NA,Y,A,-,Y,NA,NA,NA,NA,NA,NA,NA,NA,NA,Y,3,0,1,1,A,-,01,23152,A,N,E,I,A,A,H,-,C,A,0,NA,NA,NA,NA,Y,Y,A,01,0,1,0,0,0,0,0,0,0,-,-,33.718841552734375,-117.43138122558594,RIVERSIDE,UNINCORPORATED,-117.43132019042967,33.718910217285156
90777481,2018,2018-07-26,9685,2018-07-18,1710,016185,NA,3,2,9,3300,0,3,5,NA,2,003,AVENIDA BRAVURA,CHAPARRAL DRIVE,0,NA,Y,A,-,N,NA,NA,NA,NA,NA,NA,NA,NA,NA,Y,3,0,1,2,A,-,12,22450,A,N,D,C,A,A,H,-,A,A,0,NA,NA,NA,NA,Y,NA,D,22,0,1,0,0,0,0,0,0,0,-,-,33.53580093383789,-117.01090240478516,RIVERSIDE,UNINCORPORATED,-117.01081085205078,33.535888671875
9077853,2019,2020-09-11,3308,2019-12-09,0755,10610,507,1,5,5,3308,0,0,0,NA,0,NORTH,SAN JACINTO ST,OAKLAND AV,168,N,N,A,-,Y,RIV,8,79,-,-,26.18,H,-,N,Y,3,0,2,2,A,-,09,21804,A,N,D,C,A,A,H,-,A,A,0,NA,NA,NA,NA,Y,NA,A,01,0,1,1,0,0,0,0,0,0,-,-,33.7547492980957,-116.95877075195313,RIVERSIDE,HEMET,-116.95870208740234,33.755306243896484
9077854,2019,2020-09-10,3342,2019-12-16,1152,419,603,1,5,4,3342,0,0,0,NA,0,006,WINCHESTER RD,VIA MIRA MOSA,61,N,N,A,-,Y,RIV,8,79,-,-,6.95,H,-,S,NA,4,0,1,2,A,-,03,22350,NA,N,C,C,A,A,H,-,A,A,0,NA,NA,NA,NA,Y,NA,A,01,0,0,1,0,0,0,0,0,0,-,-,33.58238983154297,-117.13279724121094,RIVERSIDE,MURRIETA,-116.93073272705078,33.467464447021484