CASE_ID,ACCIDENT_YEAR,PROC_DATE,JURIS,COLLISION_DATE,COLLISION_TIME,OFFICER_ID,REPORTING_DISTRICT,DAY_OF_WEEK,CHP_SHIFT,POPULATION,CNTY_CITY_LOC,SPECIAL_COND,BEAT_TYPE,CHP_BEAT_TYPE,CITY_DIVISION_LAPD,CHP_BEAT_CLASS,BEAT_NUMBER,PRIMARY_RD,SECONDARY_RD,DISTANCE,DIRECTION,INTERSECTION,WEATHER_1,WEATHER_2,STATE_HWY_IND,CALTRANS_COUNTY,CALTRANS_DISTRICT,STATE_ROUTE,ROUTE_SUFFIX,POSTMILE_PREFIX,POSTMILE,LOCATION_TYPE,RAMP_INTERSECTION,SIDE_OF_HWY,TOW_AWAY,COLLISION_SEVERITY,NUMBER_KILLED,NUMBER_INJURED,PARTY_COUNT,PRIMARY_COLL_FACTOR,PCF_CODE_OF_VIOL,PCF_VIOL_CATEGORY,PCF_VIOLATION,PCF_VIOL_SUBSECTION,HIT_AND_RUN,TYPE_OF_COLLISION,MVIW,PED_ACTION,ROAD_SURFACE,ROAD_COND_1,ROAD_COND_2,LIGHTING,CONTROL_DEVICE,CHP_ROAD_TYPE,PEDESTRIAN_ACCIDENT,BICYCLE_ACCIDENT,MOTORCYCLE_ACCIDENT,TRUCK_ACCIDENT,NOT_PRIVATE_PROPERTY,ALCOHOL_INVOLVED,STWD_VEHTYPE_AT_FAULT,CHP_VEHTYPE_AT_FAULT,COUNT_SEVERE_INJ,COUNT_VISIBLE_INJ,COUNT_COMPLAINT_PAIN,COUNT_PED_KILLED,COUNT_PED_INJURED,COUNT_BICYCLIST_KILLED,COUNT_BICYCLIST_INJURED,COUNT_MC_KILLED,COUNT_MC_INJURED,PRIMARY_RAMP,SECONDARY_RAMP,LATITUDE,LONGITUDE,COUNTY,CITY,POINT_X,POINT_Y
9121054,2020,2020-08-11,3325,2020-05-19,1100,2715,DESER,2,5,4,3325,0,0,0,NA,0,003,DATE PALM DR,ADELINA RD,0,NA,Y,A,-,N,NA,NA,NA,NA,NA,NA,NA,NA,NA,Y,4,0,3,2,A,-,09,21801,A,N,D,C,A,A,H,-,A,D,0,NA,NA,NA,NA,Y,NA,A,01,0,0,3,0,0,0,0,0,0,-,-,NA,NA,RIVERSIDE,CATHEDRAL CITY,-116.45848846435548,33.84375
91211509,2020,2020-03-19,9840,2020-03-07,1502,017504,NA,6,2,9,3300,0,3,5,NA,2,004,HARVILL AVE.,ORANGE AVE.,0,NA,Y,B,-,N,NA,NA,NA,NA,NA,NA,NA,NA,NA,Y,4,0,2,2,A,-,09,21802,A,N,D,C,A,A,H,-,A,A,0,NA,NA,NA,NA,Y,NA,A,07,0,0,2,0,0,0,0,0,0,-,-,33.815818786621094,-117.24314880371094,RIVERSIDE,UNINCORPORATED,-117.24308776855467,33.81578826904297
9121206,2020,2020-09-14,3313,2020-06-18,0841,2019,1,4,5,7,3313,0,0,0,NA,0,T75,INTERCHANGE ST,LA CADENA DR,70,W,N,A,B,N,NA,NA,NA,NA,NA,NA,NA,NA,NA,NA,4,0,1,2,A,-,09,21804,A,N,D,C,A,A,H,-,A,D,0,NA,NA,NA,NA,Y,NA,A,07,0,0,1,0,0,0,0,0,0,-,-,34.00114822387695,-117.35117340087892,RIVERSIDE,RIVERSIDE,-117.35208129882813,34.00275802612305
9121218,2020,2020-09-09,3308,2020-06-17,0937,10752,525,3,5,5,3308,0,0,0,NA,0,SOUTH,LYON AV,ACACIA,0,NA,Y,B,-,N,NA,NA,NA,NA,NA,NA,NA,NA,NA,Y,3,0,2,3,A,-,12,21453,A,N,D,C,A,A,H,-,A,A,0,NA,NA,NA,NA,Y,NA,A,08,0,1,1,0,0,0,0,0,0,-,-,33.74386978149414,-116.98918914794922,RIVERSIDE,HEMET,-116.98908996582033,33.743778228759766
9121246,2020,2020-09-24,3313,2020-07-03,1400,1489,5,5,5,7,3313,0,0,0,NA,0,T44,PHILBIN AV,CHALLEN AV,12,E,N,A,-,N,NA,NA,NA,NA,NA,NA,NA,NA,NA,NA,4,0,1,2,A,-,01,23152,A,N,C,C,A,A,H,-,A,D,0,NA,NA,NA,NA,Y,Y,A,01,0,0,1,0,0,0,0,0,0,-,-,33.938819885253906,-117.46582794189452,RIVERSIDE,RIVERSIDE,-117.4657974243164,33.939048767089844
91212747,2020,2020-03-20,9630,2020-03-16,0110,020645,NA,1,3,9,3300,0,3,5,NA,2,501,51ST AVE,CALHOUN ST,1056,E,N,A,-,N,NA,NA,NA,NA,NA,NA,NA,NA,NA,Y,4,0,1,1,C,-,18,NA,NA,N,E,J,A,A,H,-,D,D,0,NA,NA,NA,NA,Y,NA,-,-,0,0,1,0,0,0,0,0,0,-,-,33.678138732910156,-116.20487213134766,RIVERSIDE,UNINCORPORATED,-116.20431518554688,33.678138732910156
91214293,2020,2020-03-23,9840,2020-03-21,0255,019844,NA,6,3,7,3313,0,1,1,NA,2,023,I-215 S/B,UNIVERSITY AVE,180,N,N,A,-,Y,NA,NA,215,NA,NA,NA,NA,NA,S,Y,4,0,2,1,A,-,08,22107,NA,N,E,I,A,A,H,-,D,D,0,NA,NA,NA,NA,Y,NA,A,07,0,0,2,0,0,0,0,0,0,-,-,33.97611999511719,-117.33609771728516,RIVERSIDE,RIVERSIDE,-117.33604431152344,33.97617721557617
91214480,2020,2020-03-24,9630,2020-03-16,0125,021652,NA,1,3,9,3300,0,3,5,NA,2,501,51ST AVE,CALHOUN ST,1056,E,N,A,-,N,NA,NA,NA,NA,NA,NA,NA,NA,NA,Y,4,0,1,1,A,-,01,23152,A,N,E,J,A,A,C,-,D,D,0,NA,NA,NA,NA,Y,Y,A,01,0,0,1,0,0,0,0,0,0,-,-,33.678138732910156,-116.20487213134766,RIVERSIDE,UNINCORPORATED,-116.20431518554688,33.678138732910156
91214708,2020,2020-03-24,9630,2020-03-18,0120,021897,NA,3,3,9,3300,0,1,1,NA,2,301,I-10 E/B,BOX CANYON RD,7920,W,N,B,-,Y,NA,NA,10,NA,NA,NA,NA,NA,E,Y,4,0,1,1,A,-,08,22107,NA,N,E,I,A,A,H,-,D,D,0,NA,NA,NA,NA,Y,NA,A,07,0,0,1,0,0,0,0,0,0,-,-,33.662071228027344,-115.83973693847656,RIVERSIDE,UNINCORPORATED,-115.83974456787108,33.66197967529297
91216144,2020,2020-03-26,9685,2020-03-19,1325,015295,NA,4,1,4,3342,0,1,1,NA,2,030,INTERSTATE 15 NORTHBOUND,SB I-215 OVERCROSSING,680,S,N,B,C,Y,NA,NA,15,NA,NA,NA,NA,NA,N,Y,4,0,1,1,A,-,03,22350,NA,N,E,I,A,B,H,-,A,D,0,NA,NA,NA,NA,Y,NA,A,01,0,0,1,0,0,0,0,0,0,-,-,33.5482292175293,-117.18047332763672,RIVERSIDE,MURRIETA,-117.18043518066406,33.54826736450195
9121672,2020,2020-09-14,3301,2020-06-03,1406,U489,42,3,5,4,3301,0,0,0,NA,0,003,HIGHLAND SPRINGS RD,WILSON ST,193,S,N,A,-,N,NA,NA,NA,NA,NA,NA,NA,NA,NA,N,4,0,1,4,A,-,03,22350,NA,N,C,C,A,A,H,-,A,A,0,NA,NA,NA,NA,Y,NA,A,01,0,0,1,0,0,0,0,0,0,-,-,33.9317512512207,-116.94595336914063,RIVERSIDE,BANNING,-116.94691467285156,33.93229293823242
9121821,2020,2020-07-23,3342,2020-03-30,0940,1195,575,1,5,4,3342,0,0,0,NA,0,005,JAYLENE ST,MIRIAM WY,340,N,N,A,-,N,NA,NA,NA,NA,NA,NA,NA,NA,NA,Y,3,0,1,1,A,-,03,22350,NA,N,E,I,A,A,H,-,A,A,0,NA,NA,Y,NA,Y,NA,C,02,0,1,0,0,0,0,0,0,1,-,-,33.55353927612305,-117.17281341552734,RIVERSIDE,MURRIETA,-117.17162322998048,33.55478286743164
91218523,2020,2020-03-30,9840,2020-03-27,1640,016619,NA,5,2,7,3313,0,1,3,NA,2,010,SR-60 E/B,MARKET ST,528,W,N,A,-,Y,NA,NA,60,NA,NA,NA,NA,NA,E,Y,4,0,1,3,A,-,03,22350,NA,N,C,C,A,A,H,-,A,D,0,NA,NA,NA,NA,Y,NA,D,22,0,0,1,0,0,0,0,0,0,-,-,34.00170135498047,-117.37760162353516,RIVERSIDE,RIVERSIDE,-117.37759399414063,34.001708984375
91218707,2020,2020-03-30,9655,2020-03-26,1320,015795,NA,4,1,9,3300,0,1,3,NA,2,212,SR-60 W/B,GILMAN SPRINGS ROAD,5808,E,N,B,-,Y,NA,NA,60,NA,NA,NA,NA,NA,W,Y,3,0,1,1,A,-,08,22107,NA,N,E,I,A,A,D,-,A,D,0,NA,NA,NA,NA,Y,NA,A,01,0,1,0,0,0,0,0,0,0,-,-,33.93545150756836,-117.1081314086914,RIVERSIDE,UNINCORPORATED,-117.10813903808594,33.93548583984375
91219039,2020,2020-03-31,9840,2020-03-29,2059,021311,NA,7,2,6,3315,0,1,3,NA,2,030,SR-91 E/B,GREEN RIVER RD,3168,W,N,A,-,Y,NA,NA,91,NA,NA,NA,NA,NA,E,Y,4,0,1,1,A,-,08,22107,NA,N,E,I,A,A,H,-,D,D,0,NA,NA,NA,NA,Y,NA,A,01,0,0,1,0,0,0,0,0,0,-,-,33.870849609375,-117.66744995117188,RIVERSIDE,CORONA,-117.66751861572266,33.87103271484375
91219315,2020,2020-04-01,9840,2020-03-27,2318,019893,NA,5,3,9,3300,0,1,1,NA,2,037,I-15 NORTHBOUND,LAKE ST.,56,N,N,A,-,Y,NA,NA,NA,NA,NA,NA,NA,NA,NA,Y,3,0,1,1,A,-,08,22107,NA,N,E,I,A,A,H,-,D,D,0,NA,NA,NA,NA,Y,NA,A,01,0,1,0,0,0,0,0,0,0,-,-,33.730098724365234,-117.393798828125,RIVERSIDE,UNINCORPORATED,-117.39356994628906,33.73017883300781
91219399,2020,2020-04-01,9840,2020-03-25,0542,014868,NA,3,3,9,3300,0,3,5,NA,2,002,SPRING ST.,IOWA AVE,0,NA,Y,B,-,N,NA,NA,NA,NA,NA,NA,NA,NA,NA,Y,4,0,1,2,A,-,09,21802,A,N,D,C,A,A,H,-,E,A,0,NA,NA,NA,NA,Y,NA,D,22,0,0,1,0,0,0,0,0,0,-,-,34.01213073730469,-117.339599609375,RIVERSIDE,UNINCORPORATED,-117.3398895263672,34.012020111083984
9122094,2020,2020-09-24,3300,2020-06-25,1802,5178,908,4,5,3,3337,0,0,0,NA,0,039,CANYON LAKE DR S,GOETZ DR,0,NA,Y,A,-,N,NA,NA,NA,NA,NA,NA,NA,NA,NA,Y,4,0,1,2,A,-,03,22350,NA,N,C,C,A,A,H,-,B,A,0,NA,NA,NA,NA,Y,NA,A,01,0,0,1,0,0,0,0,0,0,-,-,NA,NA,RIVERSIDE,CANYON LAKE,-117.2349090576172,33.680809020996094
91222682,2020,2020-04-07,9840,2020-04-04,1600,021096,NA,6,2,9,3300,0,3,5,NA,2,004,WASHINGTON ST.,GOLDEN STAR AVE,0,NA,Y,A,-,N,NA,NA,NA,NA,NA,NA,NA,NA,NA,Y,4,0,2,2,A,-,08,22107,NA,N,D,C,A,A,H,-,A,D,0,NA,NA,NA,NA,Y,NA,A,08,0,0,2,0,0,0,0,0,0,-,-,33.88956832885742,-117.36929321289063,RIVERSIDE,UNINCORPORATED,-117.36930847167967,33.889530181884766
91223082,2020,2020-04-08,9655,2020-04-07,1552,018320,NA,2,2,3,3302,0,1,3,NA,2,212,SR-60 E/B,WESTERN KNOLLS AVE,70,E,N,B,C,Y,NA,NA,60,NA,NA,NA,NA,NA,E,Y,3,0,1,1,A,-,03,22350,NA,N,F,A,A,B,H,-,A,D,0,NA,NA,NA,NA,Y,NA,A,01,0,1,0,0,0,0,0,0,0,-,-,33.93326950073242,-116.99813079833984,RIVERSIDE,BEAUMONT,-116.99813079833984,33.93326950073242
9122359,2020,2020-09-08,3300,2020-02-05,0422,4510,920F,3,5,4,3314,0,0,0,NA,0,072,RAMONA EXPWY,LAKE PARK DR,3392,N,N,A,-,N,NA,NA,NA,NA,NA,NA,NA,NA,NA,Y,4,0,1,1,A,-,07,21658,A,N,E,I,A,A,H,-,D,D,0,NA,NA,NA,NA,Y,NA,A,01,0,0,1,0,0,0,0,0,0,-,-,33.78438949584961,-116.93733978271484,RIVERSIDE,SAN JACINTO,-116.94084167480467,33.793052673339844
91224717,2020,2020-04-13,9685,2020-04-06,2025,017399,NA,1,2,9,3300,0,1,3,NA,2,011,SR-74 E/B (ORTEGA HWY),TENEJA TRUCK TRAIL,4500,E,N,B,C,Y,NA,NA,74,NA,NA,NA,NA,NA,E,Y,2,0,3,2,A,-,05,21460,A,N,A,C,A,B,H,-,D,D,0,NA,NA,NA,NA,Y,NA,D,22,1,2,0,0,0,0,0,0,0,-,-,33.619598388671875,-117.42656707763672,RIVERSIDE,UNINCORPORATED,-117.42665863037108,33.619712829589844
91225570,2020,2020-04-14,9840,2020-04-10,0820,014335,NA,5,1,9,3300,0,1,1,NA,2,034,I-15 NORTHBOUND,TEMESCAL CANYON ROAD,3400,N,N,C,-,Y,NA,NA,15,NA,NA,NA,NA,NA,N,Y,3,0,1,2,A,-,03,22350,NA,N,B,C,A,B,D,H,A,D,0,NA,NA,NA,NA,Y,NA,A,01,0,1,0,0,0,0,0,0,0,-,-,33.78770065307617,-117.49430084228516,RIVERSIDE,UNINCORPORATED,-117.49434661865234,33.78766632080078
91229136,2020,2020-04-24,9685,2020-04-11,1455,017833,NA,6,2,9,3300,0,2,4,NA,2,016,30150 ACKLEY ST.,GILLETTE ST.,387,N,N,A,-,N,NA,NA,NA,NA,NA,NA,NA,NA,NA,Y,4,0,1,1,A,-,03,22350,NA,N,E,I,A,A,H,-,A,D,0,NA,NA,NA,NA,Y,NA,A,01,0,0,1,0,0,0,0,0,0,-,-,33.64118957519531,-117.35707855224608,RIVERSIDE,UNINCORPORATED,NA,NA
91229221,2020,2020-04-24,9685,2020-04-18,1647,016502,NA,6,2,9,3300,0,3,5,NA,2,003,PALA RD.,LOS ENCINOS RD.,300,S,N,A,-,N,NA,NA,NA,NA,NA,NA,NA,NA,NA,Y,2,0,1,2,A,-,03,22350,NA,N,C,C,A,A,H,-,A,D,0,NA,NA,Y,NA,Y,NA,C,02,1,0,0,0,0,0,0,0,1,-,-,33.438201904296875,-117.08989715576172,RIVERSIDE,UNINCORPORATED,-117.09004974365234,33.438385009765625
91230921,2020,2020-04-29,9840,2020-03-30,0610,016285,NA,1,1,9,3300,0,3,5,NA,2,004,WASHINGTON STREET,VAN BUREN BOULEVARD,930,N,N,A,-,N,NA,NA,NA,NA,NA,NA,NA,NA,NA,N,1,1,0,2,A,-,11,21954,A,N,G,B,D,A,H,-,D,D,0,Y,NA,NA,NA,Y,Y,N,60,0,0,0,1,0,0,0,0,0,-,-,33.88479995727539,-117.36609649658205,RIVERSIDE,UNINCORPORATED,-117.36615753173828,33.884918212890625
9123215,2020,2020-09-01,3300,2020-06-17,1433,N5767,901B,3,5,4,3310,0,0,0,NA,0,050,HAMNER AV,CITRUS ST,0,NA,Y,A,-,N,NA,NA,NA,NA,NA,NA,NA,NA,NA,NA,4,0,1,2,A,-,04,21703,NA,N,C,C,A,A,H,-,A,A,0,NA,NA,NA,NA,Y,NA,A,01,0,0,1,0,0,0,0,0,0,-,-,33.951690673828125,-117.55845642089844,RIVERSIDE,NORCO,-117.5583267211914,33.951820373535156
91233712,2020,2020-05-05,9840,2020-05-02,1520,021950,NA,6,2,7,3313,0,3,5,NA,2,004,CARROL ST.,BAILEY ST.,200,N,N,A,-,N,NA,NA,NA,NA,NA,NA,NA,NA,NA,Y,4,0,1,1,A,-,08,22107,NA,N,E,I,A,A,H,-,A,A,0,NA,NA,NA,NA,Y,NA,A,01,0,0,1,0,0,0,0,0,0,-,-,33.85417938232422,-117.28334808349608,RIVERSIDE,RIVERSIDE,-117.28325653076172,33.854408264160156
91234097,2020,2020-05-05,9655,2020-05-02,2049,019796,NA,6,2,9,3300,0,3,5,NA,2,003,DOMENIGONI PARKWAY E/B,SR-79 N/B,0,NA,Y,A,-,N,NA,NA,NA,NA,NA,NA,NA,NA,NA,Y,3,0,1,2,A,-,12,21453,A,N,A,C,A,A,H,-,C,A,0,NA,NA,NA,NA,Y,NA,A,08,0,1,0,0,0,0,0,0,0,-,-,33.696128845214844,-117.08486938476563,RIVERSIDE,UNINCORPORATED,-117.084853,33.696122
91234923,2020,2020-05-07,9655,2020-04-30,1300,019267,NA,4,1,9,3300,0,3,5,NA,2,002,CHERRY VALLEY BLVD,UNION AVE,0,NA,Y,A,-,N,NA,NA,NA,NA,NA,NA,NA,NA,NA,Y,3,0,2,2,A,-,09,21802,A,N,D,C,A,A,H,-,A,A,0,NA,NA,NA,NA,Y,NA,A,01,0,1,1,0,0,0,0,0,0,-,-,33.96873092651367,-117.0009536743164,RIVERSIDE,UNINCORPORATED,-117.00089263916016,33.9687385559082
91236815,2020,2020-05-22,9840,2020-04-05,2155,019576,NA,7,2,7,3313,0,1,3,NA,2,010,STATE ROUTE 60 WESTBOUND,MARKET STREET,992,W,N,A,-,Y,NA,NA,60,NA,NA,NA,NA,NA,W,N,1,1,0,2,A,-,11,21954,A,F,G,B,E,A,H,-,C,D,0,Y,NA,NA,NA,Y,Y,N,60,0,0,0,1,0,0,0,0,0,-,-,34.002201080322266,-117.3784637451172,RIVERSIDE,RIVERSIDE,-117.37842559814452,34.002288818359375
91237961,2020,2020-05-14,9840,2020-05-08,1635,021831,NA,5,2,6,3315,0,1,1,NA,2,034,I-15 S/B,ONTARIO AVE,300,S,N,A,-,Y,NA,NA,15,NA,NA,NA,NA,NA,S,Y,3,0,2,3,C,-,18,NA,NA,N,C,C,A,A,H,-,A,D,0,NA,NA,NA,NA,Y,NA,-,-,0,1,1,0,0,0,0,0,0,-,-,33.84272003173828,-117.53497314453124,RIVERSIDE,CORONA,-117.53507232666016,33.84270477294922
91238959,2020,2020-05-18,9630,2020-05-09,0505,021908,NA,6,3,9,3300,0,1,1,NA,2,020,I-10 E/B,DATE PALM DR,5280,E,N,A,-,Y,NA,NA,NA,NA,NA,NA,NA,NA,NA,Y,3,0,1,2,A,-,03,22350,NA,N,C,C,A,A,H,-,D,D,0,NA,NA,NA,NA,Y,NA,A,01,0,1,0,0,0,0,0,0,0,-,-,33.84270095825195,-116.44719696044922,RIVERSIDE,UNINCORPORATED,-116.45826721191406,33.84912872314453
91239248,2020,2020-05-18,9655,2020-05-17,1811,019796,NA,7,2,9,3300,0,1,3,NA,2,213,SR-79 S/B,COUNTY LANDFILL RD.,5808,N,N,A,-,Y,NA,NA,79,NA,NA,NA,NA,NA,S,Y,3,0,1,1,A,-,08,22107,NA,N,E,I,A,A,H,-,A,D,0,NA,NA,NA,NA,Y,NA,A,01,0,1,0,0,0,0,0,0,0,-,-,33.89817810058594,-116.98792266845705,RIVERSIDE,UNINCORPORATED,-116.9877471923828,33.89813232421875
91239778,2020,2020-05-19,9655,2020-04-15,1457,020350,NA,3,2,9,3300,0,1,3,NA,1,119,STATE ROUTE-371,STATE ROUTE-74,1056,W,N,A,-,Y,NA,NA,371,NA,NA,NA,NA,NA,NA,Y,1,1,0,1,A,-,08,22107,NA,N,F,A,A,A,H,-,A,D,0,NA,NA,Y,NA,Y,NA,C,02,0,0,0,0,0,0,0,1,0,-,-,33.55928039550781,-116.60746002197266,RIVERSIDE,UNINCORPORATED,-116.60748291015624,33.5593376159668
91242963,2020,2020-06-12,9840,2020-05-24,1345,021481,NA,7,1,7,3313,0,1,3,NA,2,021,SR-91 E/B,SPRUCE ST,115,W,N,A,-,Y,NA,NA,91,NA,NA,NA,NA,NA,E,Y,4,0,1,4,A,-,08,22107,NA,N,B,C,A,A,H,-,A,D,0,NA,NA,NA,Y,Y,NA,A,01,0,0,1,0,0,0,0,0,0,-,-,33.99034118652344,-117.35901641845705,RIVERSIDE,RIVERSIDE,-117.35911560058594,33.99040985107422
91245478,2020,2020-06-01,9655,2020-05-23,1520,019630,NA,6,2,9,3300,0,3,5,NA,2,003,ACACIA AVE,CORNELL ST,0,NA,Y,A,-,N,NA,NA,NA,NA,NA,NA,NA,NA,NA,Y,4,0,1,3,A,-,12,22450,A,N,A,C,A,A,H,-,A,D,0,NA,NA,NA,NA,Y,NA,D,22,0,0,1,0,0,0,0,0,0,-,-,33.74406051635742,-116.94126892089844,RIVERSIDE,UNINCORPORATED,-116.94123077392578,33.7440299987793
91248476,2020,2020-06-08,9840,2020-05-31,1845,015705,NA,7,2,6,3394,0,1,3,NA,2,025,SR-60 E/B,NASON ST,1700,W,N,A,-,Y,NA,NA,60,NA,NA,NA,NA,NA,E,Y,3,0,1,1,A,-,08,22107,NA,N,E,I,A,A,H,-,A,D,0,NA,NA,NA,NA,Y,NA,A,08,0,1,0,0,0,0,0,0,0,-,-,33.93912124633789,-117.20063018798828,RIVERSIDE,MORENO VALLEY,-117.20063018798828,33.93915939331055
91248548,2020,2020-06-08,9630,2020-06-01,0055,020996,NA,1,3,4,3309,0,1,1,NA,2,021,I-10 E/B,JEFFERSON STREET,150,W,N,A,-,Y,NA,NA,10,NA,NA,NA,NA,NA,E,Y,4,0,1,1,A,-,08,22107,NA,N,E,I,A,A,H,-,D,D,0,NA,NA,NA,NA,Y,NA,A,07,0,0,1,0,0,0,0,0,0,-,-,33.749610900878906,-116.26943969726563,RIVERSIDE,INDIO,-116.26945495605467,33.74955368041992
91248917,2020,2020-06-08,9685,2020-06-03,1745,015757,NA,3,2,5,3335,0,1,1,NA,2,030,I-15 N/B (TEMECULA VALLEY FWY),WINCHESTER RD,3960,N,N,A,-,Y,NA,NA,15,NA,NA,NA,NA,NA,N,Y,3,0,3,2,A,-,03,22350,NA,N,C,C,A,A,H,-,A,D,0,NA,NA,NA,NA,Y,NA,A,01,0,2,1,0,0,0,0,0,0,-,-,33.53133010864258,-117.1685791015625,RIVERSIDE,TEMECULA,-117.16861724853516,33.531307220458984
9125083,2020,2020-10-20,3300,2020-06-06,0154,5059,603C2,6,5,6,3394,0,0,0,NA,0,MV36,CACTUS AV,PERRIS BL,0,NA,Y,A,-,N,NA,NA,NA,NA,NA,NA,NA,NA,NA,Y,3,0,2,1,A,-,03,22350,NA,N,E,I,A,A,H,-,C,A,0,NA,NA,NA,NA,Y,NA,A,01,0,1,1,0,0,0,0,0,0,-,-,33.909889221191406,-117.22640228271484,RIVERSIDE,MORENO VALLEY,-117.22633361816406,33.91004943847656
91251696,2020,2020-06-15,9630,2020-06-03,2028,021128,NA,3,2,4,3325,0,1,1,NA,2,020,I-10 E/B,DATE PALM DR,6864,E,N,A,-,Y,NA,NA,10,NA,NA,NA,NA,NA,E,Y,2,0,1,1,A,-,01,23152,A,N,E,I,A,A,H,-,B,D,0,NA,NA,NA,NA,Y,Y,A,01,1,0,0,0,0,0,0,0,0,-,-,33.834720611572266,-116.43347930908205,RIVERSIDE,CATHEDRAL CITY,-116.43357849121094,33.83454895019531
91251910,2020,2020-06-15,9840,2020-06-11,0250,021261,NA,4,3,7,3313,0,1,3,NA,2,021,SR-91 W/B,JEFFERSON ST,200,E,N,A,-,Y,NA,NA,91,NA,NA,NA,NA,NA,W,Y,4,0,1,2,A,-,03,22350,NA,N,C,C,A,A,H,-,C,D,0,NA,NA,NA,NA,Y,NA,A,01,0,0,1,0,0,0,0,0,0,-,-,33.93204116821289,-117.41181182861328,RIVERSIDE,RIVERSIDE,-117.41182708740234,33.932064056396484
91252967,2020,2020-06-17,9840,2020-06-06,1233,019719,NA,6,1,9,3300,0,3,5,NA,2,004,GRANDE VISTA AVE,LAKE MATHEWS DR,1351,E,N,A,-,N,NA,NA,NA,NA,NA,NA,NA,NA,NA,N,2,0,1,1,A,-,03,22350,NA,N,F,A,A,A,H,-,A,D,0,NA,NA,Y,NA,Y,NA,C,06,1,0,0,0,0,0,0,0,1,-,-,33.820980072021484,-117.41031646728516,RIVERSIDE,UNINCORPORATED,-117.41040802001952,33.82086181640625
91255884,2020,2020-06-23,9630,2020-06-12,1415,021416,NA,5,2,9,3300,0,1,1,NA,2,021,I-10 E/B TO WASHINGTON ST,WASHINGTON ST,356,E,N,A,-,Y,NA,NA,10,NA,NA,NA,R,NA,E,Y,2,0,1,1,A,-,08,22107,NA,N,E,I,A,A,H,-,A,D,0,NA,NA,Y,NA,Y,NA,C,02,1,0,0,0,0,0,0,0,1,-,-,33.76049041748047,-116.30281829833984,RIVERSIDE,UNINCORPORATED,-116.30281829833984,33.76049041748047
91256411,2020,2020-06-23,9655,2020-06-17,1830,018383,NA,3,2,9,3300,0,1,3,NA,2,213,SR-79 S/B,CALIFORNIA AVE,3960,S,N,A,-,Y,NA,NA,79,NA,NA,NA,NA,NA,S,Y,3,0,1,1,A,-,08,22107,NA,N,F,A,A,A,H,-,A,D,0,NA,NA,NA,NA,Y,NA,A,01,0,1,0,0,0,0,0,0,0,-,-,33.89936065673828,-116.9871063232422,RIVERSIDE,UNINCORPORATED,-116.98707580566406,33.899330139160156
91257348,2020,2020-06-25,9685,2020-06-12,0125,017013,NA,5,3,9,3300,0,1,1,NA,2,010,I-15 S/B,OLIVE STREET,3901,N,N,A,-,Y,NA,NA,NA,NA,NA,NA,NA,NA,NA,Y,2,0,1,1,A,-,08,22107,NA,N,F,A,A,A,H,-,D,D,0,NA,NA,NA,Y,Y,NA,F,27,1,0,0,0,0,0,0,0,0,-,-,33.651371002197266,-117.29007720947266,RIVERSIDE,UNINCORPORATED,NA,NA
91257720,2020,2020-06-25,9685,2020-06-19,2100,016185,NA,5,2,5,3341,0,1,1,NA,2,020,I-215 N/B,SCOTT ROAD,3168,N,N,A,-,Y,NA,NA,215,NA,NA,NA,NA,NA,N,Y,2,0,1,1,A,-,08,22107,NA,N,E,I,A,A,H,-,D,B,0,NA,NA,NA,NA,Y,NA,A,01,1,0,0,0,0,0,0,0,0,-,-,33.65129852294922,-117.17099761962892,RIVERSIDE,MENIFEE,-117.17108154296876,33.65129852294922
91259006,2020,2020-06-26,9840,2020-06-24,2045,014571,NA,3,2,9,3300,0,3,5,NA,2,004,WASHINGTON ST.,WAGON WHEEL DR.,792,S,N,A,-,N,NA,NA,NA,NA,NA,NA,NA,NA,NA,Y,4,0,3,3,A,-,03,22350,NA,N,C,C,A,A,H,-,D,D,0,NA,NA,NA,NA,Y,NA,A,01,0,0,3,0,0,0,0,0,0,-,-,33.891700744628906,-117.37529754638672,RIVERSIDE,UNINCORPORATED,-117.37369537353516,33.89154052734375
91259219,2020,2020-06-26,9685,2020-06-19,1530,016096,NA,5,2,4,3307,0,1,1,NA,2,010,I-15 NORTHBOUND,RAILRAOD CANYON ROAD,1000,S,N,A,-,Y,NA,NA,15,NA,NA,NA,NA,NA,N,Y,4,0,1,2,A,-,03,22350,NA,N,C,C,A,A,D,H,A,A,0,NA,NA,NA,NA,Y,NA,A,01,0,0,1,0,0,0,0,0,0,-,-,33.65922927856445,-117.29550170898438,RIVERSIDE,LAKE ELSINORE,-117.29549407958984,33.65923309326172
91261354,2020,2020-07-01,9840,2020-06-29,2230,020220,NA,1,3,9,3300,0,1,1,NA,2,040,I-215 N/B TO RAMONA EXPRESSWAY,RAMONA EXPRESSWAY,50,N,N,A,-,Y,NA,NA,215,NA,NA,NA,R,NA,N,Y,4,0,2,4,A,-,03,22350,NA,N,C,C,A,A,H,-,C,A,0,NA,NA,NA,NA,Y,NA,A,01,0,0,2,0,0,0,0,0,0,-,-,33.84397888183594,-117.2515869140625,RIVERSIDE,UNINCORPORATED,-117.2515869140625,33.84397888183594