CASE_ID,ACCIDENT_YEAR,PROC_DATE,JURIS,COLLISION_DATE,COLLISION_TIME,OFFICER_ID,REPORTING_DISTRICT,DAY_OF_WEEK,CHP_SHIFT,POPULATION,CNTY_CITY_LOC,SPECIAL_COND,BEAT_TYPE,CHP_BEAT_TYPE,CITY_DIVISION_LAPD,CHP_BEAT_CLASS,BEAT_NUMBER,PRIMARY_RD,SECONDARY_RD,DISTANCE,DIRECTION,INTERSECTION,WEATHER_1,WEATHER_2,STATE_HWY_IND,CALTRANS_COUNTY,CALTRANS_DISTRICT,STATE_ROUTE,ROUTE_SUFFIX,POSTMILE_PREFIX,POSTMILE,LOCATION_TYPE,RAMP_INTERSECTION,SIDE_OF_HWY,TOW_AWAY,COLLISION_SEVERITY,NUMBER_KILLED,NUMBER_INJURED,PARTY_COUNT,PRIMARY_COLL_FACTOR,PCF_CODE_OF_VIOL,PCF_VIOL_CATEGORY,PCF_VIOLATION,PCF_VIOL_SUBSECTION,HIT_AND_RUN,TYPE_OF_COLLISION,MVIW,PED_ACTION,ROAD_SURFACE,ROAD_COND_1,ROAD_COND_2,LIGHTING,CONTROL_DEVICE,CHP_ROAD_TYPE,PEDESTRIAN_ACCIDENT,BICYCLE_ACCIDENT,MOTORCYCLE_ACCIDENT,TRUCK_ACCIDENT,NOT_PRIVATE_PROPERTY,ALCOHOL_INVOLVED,STWD_VEHTYPE_AT_FAULT,CHP_VEHTYPE_AT_FAULT,COUNT_SEVERE_INJ,COUNT_VISIBLE_INJ,COUNT_COMPLAINT_PAIN,COUNT_PED_KILLED,COUNT_PED_INJURED,COUNT_BICYCLIST_KILLED,COUNT_BICYCLIST_INJURED,COUNT_MC_KILLED,COUNT_MC_INJURED,PRIMARY_RAMP,SECONDARY_RAMP,LATITUDE,LONGITUDE,COUNTY,CITY,POINT_X,POINT_Y
91583879,2021,2021-09-30,9840,2021-09-30,0555,019527,NA,4,3,7,3313,0,1,1,NA,2,023,I-215 N/B,UNIVERSITY AVE,400,S,N,A,-,Y,NA,NA,215,NA,NA,NA,NA,NA,N,Y,3,0,1,2,A,-,03,22350,NA,N,C,C,A,A,H,-,C,D,0,NA,NA,NA,NA,Y,NA,A,01,0,1,0,0,0,0,0,0,0,-,-,33.9747200012207,-117.33421325683594,RIVERSIDE,RIVERSIDE,-117.33416748046876,33.97476577758789
91583881,2021,2021-09-30,9685,2021-09-15,1428,017903,NA,3,2,4,3342,0,1,1,NA,2,034,CHERRY POINTE LANE,BOW BRIDGE DRIVE,231,N,N,A,-,N,NA,NA,NA,NA,NA,NA,NA,NA,NA,N,3,0,1,2,A,-,21,22106,NA,N,D,C,A,A,H,-,A,A,0,NA,NA,NA,NA,Y,NA,A,01,0,1,0,0,0,0,0,0,0,-,-,33.554168701171875,-117.12283325195313,RIVERSIDE,MURRIETA,-117.1228485107422,33.5541877746582
91588439,2021,2021-10-05,9840,2021-09-29,1358,022028,NA,3,1,7,3313,0,1,3,NA,2,021,SR-91 W/B TO CENTRAL OFFRAMP,CENTRAL AVE,1056,E,N,A,-,Y,NA,NA,91,NA,NA,NA,R,NA,W,N,4,0,1,2,A,-,07,21658,A,M,B,C,A,A,H,-,A,D,0,NA,NA,NA,NA,Y,NA,A,01,0,0,1,0,0,0,0,0,0,-,-,33.95555877685547,-117.3818130493164,RIVERSIDE,RIVERSIDE,-117.3818130493164,33.95555877685547
91589071,2021,2021-10-06,9840,2021-09-29,1015,014335,NA,3,1,9,3300,0,1,1,NA,2,037,I-15 NB,HORSETHIEF CANYON RD,400,S,N,A,-,Y,NA,NA,15,NA,NA,NA,NA,NA,N,N,4,0,1,2,A,-,07,21658,A,N,C,C,A,A,H,-,A,D,0,NA,NA,Y,NA,Y,NA,A,01,0,0,1,0,0,0,0,0,1,-,-,33.73965835571289,-117.42823791503906,RIVERSIDE,UNINCORPORATED,-117.42833709716795,33.73955535888672
91589662,2021,2021-10-06,9685,2021-09-30,0029,015880,NA,4,3,9,3300,0,1,1,NA,2,030,INTERSTATE 15 N/B,RAINBOW VALLEY BOULEVARD,2790,N,N,A,-,Y,NA,NA,15,NA,NA,NA,NA,NA,N,Y,2,0,2,5,A,-,03,22350,NA,N,C,C,A,A,D,-,D,D,0,NA,NA,NA,NA,Y,NA,A,01,1,0,1,0,0,0,0,0,0,-,-,33.436710357666016,-117.14000701904295,RIVERSIDE,UNINCORPORATED,-117.14000701904295,33.436710357666016
91591557,2021,2021-10-08,9840,2021-09-30,0815,017162,NA,4,1,6,3315,0,1,3,NA,2,030,SR-91 W/B,LINCOLN AVENUE,900,W,N,A,-,Y,NA,NA,91,NA,NA,NA,NA,NA,W,N,4,0,1,2,A,-,03,22350,NA,N,B,C,A,A,H,-,A,D,0,NA,NA,NA,NA,Y,NA,A,01,0,0,1,0,0,0,0,0,0,-,-,33.88225173950195,-117.59217834472656,RIVERSIDE,CORONA,-117.59215545654295,33.882110595703125
91591888,2021,2021-10-08,9630,2021-10-01,1415,021409,NA,5,2,9,3300,0,1,1,NA,2,021,I-10 W/B,WASHINGTON ST,4752,W,N,A,-,Y,NA,NA,10,NA,NA,NA,NA,NA,W,Y,4,0,1,3,A,-,03,22350,NA,N,C,C,A,A,H,-,A,D,0,NA,NA,NA,NA,Y,NA,A,01,0,0,1,0,0,0,0,0,0,-,-,33.7648811340332,-116.31755065917967,RIVERSIDE,UNINCORPORATED,-116.31754302978516,33.764888763427734
9159344,2020,2020-12-03,3311,2020-09-25,1140,15690,NA,5,5,4,3311,0,0,0,NA,0,004,GENE AUTRY TRL,VIA ESCUELA,73,N,N,A,-,N,NA,NA,NA,NA,NA,NA,NA,NA,NA,Y,4,0,3,2,A,-,03,22350,NA,N,C,C,A,A,H,-,A,A,0,NA,NA,NA,NA,Y,NA,A,01,0,0,3,0,0,0,0,0,0,-,-,33.848358154296875,-116.50579071044922,RIVERSIDE,PALM SPRINGS,-116.50587463378906,33.84870910644531
91593849,2021,2021-10-12,9840,2021-09-29,1450,022457,NA,3,2,9,3300,0,1,1,NA,2,041,I-215 N/B TO CAJALCO EXPY,CAJALCO EXPY,50,S,N,A,-,Y,NA,NA,215,NA,NA,NA,R,NA,N,Y,3,0,1,3,A,-,21,22106,NA,N,C,C,A,A,H,-,A,D,0,NA,NA,NA,Y,Y,NA,F,26,0,1,0,0,0,0,0,0,0,-,-,33.843719482421875,-117.25003051757813,RIVERSIDE,UNINCORPORATED,-117.25003051757813,33.843719482421875
91594958,2021,2021-10-13,9840,2021-08-17,1200,017802,NA,2,1,7,3313,0,1,3,NA,2,020,SR-91 E/B,PIERCE ST.,1500,W,N,A,-,Y,NA,NA,91,NA,NA,NA,NA,NA,E,N,3,0,1,2,A,-,03,22350,NA,N,C,C,A,A,H,-,A,D,0,NA,NA,NA,NA,Y,NA,A,01,0,1,0,0,0,0,0,0,0,-,-,33.89548110961914,-117.49822235107422,RIVERSIDE,RIVERSIDE,-117.49822998046876,33.89550018310547
91595007,2021,2021-10-13,9685,2021-10-02,0630,015757,NA,6,1,9,3300,0,3,5,NA,2,003,POURROY RD,BROWNING ST,72,S,N,A,-,N,NA,NA,NA,NA,NA,NA,NA,NA,NA,Y,4,0,2,1,C,-,18,NA,NA,N,E,I,A,A,H,-,A,A,0,NA,NA,NA,NA,Y,NA,-,-,0,0,2,0,0,0,0,0,0,-,-,33.562339782714844,-117.10800170898438,RIVERSIDE,UNINCORPORATED,-117.10801696777344,33.562408447265625
91595504,2021,2021-10-13,9840,2021-09-30,2120,022028,NA,4,2,7,3313,0,1,3,NA,2,021,SR-91 E/B,MADISON ST,1214,W,N,A,-,Y,NA,NA,91,NA,NA,NA,NA,NA,E,N,4,0,2,3,A,-,01,23152,A,N,E,I,A,A,H,-,C,D,0,NA,NA,NA,NA,Y,Y,A,01,0,0,2,0,0,0,0,0,0,-,-,33.933380126953125,-117.408203125,RIVERSIDE,RIVERSIDE,-117.4084243774414,33.933773040771484
91596369,2021,2021-10-14,9840,2021-10-13,1455,016619,NA,3,2,6,3315,0,1,3,NA,2,031,SR-91 E/B,MCKINLEY ST,1584,E,N,A,-,Y,NA,NA,91,NA,NA,NA,NA,NA,E,Y,4,0,1,3,A,-,03,22350,NA,N,C,C,A,A,H,-,A,D,0,NA,NA,NA,Y,Y,NA,A,07,0,0,1,0,0,0,0,0,0,-,-,33.888851165771484,-117.51201629638672,RIVERSIDE,CORONA,-117.51204681396484,33.88890838623047
9159735,2020,2020-10-26,3313,2020-08-24,1710,1736,4,1,5,7,3313,0,0,0,NA,0,T49,CENTRAL AV,STREETER AV,12,W,N,A,-,N,NA,NA,NA,NA,NA,NA,NA,NA,NA,NA,4,0,1,2,A,-,03,22350,NA,M,C,C,A,A,H,-,A,A,0,NA,NA,NA,NA,Y,NA,-,99,0,0,1,0,0,0,0,0,0,-,-,33.95307922363281,-117.41871643066406,RIVERSIDE,RIVERSIDE,-117.4186782836914,33.953369140625
91598387,2021,2021-10-18,9655,2021-10-11,1904,017263,NA,1,2,9,3300,0,3,5,NA,2,002,CHERRY VALLEY BLVD,ROBERTS ST,230,E,N,A,G,N,NA,NA,NA,NA,NA,NA,NA,NA,NA,Y,3,0,2,2,A,-,05,21650,NA,N,A,C,A,A,H,-,D,D,0,NA,NA,NA,NA,Y,NA,A,01,0,1,1,0,0,0,0,0,0,-,-,33.9686393737793,-117.02745056152344,RIVERSIDE,UNINCORPORATED,-117.0273208618164,33.9686164855957
91599580,2021,2021-10-18,9655,2021-10-07,0516,019449,NA,4,3,9,3300,0,3,5,NA,2,003,STATE ST,SOBOBA RD,562,S,N,C,-,N,NA,NA,NA,NA,NA,NA,NA,NA,NA,Y,4,0,1,2,A,-,03,22350,NA,N,C,C,A,B,H,-,B,D,0,NA,NA,NA,NA,Y,NA,D,22,0,0,1,0,0,0,0,0,0,-,-,33.82154083251953,-116.97428894042967,RIVERSIDE,UNINCORPORATED,-116.97437286376952,33.82174301147461
91600676,2021,2021-10-19,9840,2021-10-04,1532,014868,NA,1,2,6,3345,0,1,3,NA,2,101,SR-60 E/B,PEDLEY RD,2640,W,N,A,-,Y,NA,NA,60,NA,NA,NA,NA,NA,E,N,4,0,3,2,A,-,03,22350,NA,N,C,C,A,A,H,-,A,D,0,NA,NA,NA,NA,Y,NA,A,07,0,0,3,0,0,0,0,0,0,-,-,34.018150329589844,-117.47511291503906,RIVERSIDE,JURUPA VALLEY,-117.47510528564452,34.01816940307617
91605412,2021,2021-10-25,9685,2021-10-22,2035,016185,NA,5,2,5,3335,0,1,1,NA,2,030,I-15 NORTHBOUND,OVERLAND DRIVE,2112,S,N,A,-,Y,NA,NA,15,NA,NA,NA,NA,NA,N,Y,3,0,1,2,A,-,03,22350,NA,N,C,C,A,A,H,-,D,A,0,NA,NA,NA,NA,Y,NA,A,07,0,1,0,0,0,0,0,0,0,-,-,33.51264953613281,-117.15666198730467,RIVERSIDE,TEMECULA,-117.15659332275392,33.51268005371094
91605455,2021,2021-10-25,9840,2021-10-19,0823,019527,NA,2,1,7,3313,0,1,3,NA,2,021,SR-91 E/B,MADISON ST,1210,E,N,A,-,Y,NA,NA,91,NA,NA,NA,NA,NA,E,Y,4,0,2,3,A,-,03,22350,NA,N,C,C,A,A,H,-,A,D,0,NA,NA,NA,NA,Y,NA,D,22,0,0,2,0,0,0,0,0,0,-,-,33.93769073486328,-117.40142822265624,RIVERSIDE,RIVERSIDE,-117.40145111083984,33.93772506713867
91605801,2021,2021-10-25,9840,2021-10-24,1349,020058,NA,7,1,6,3315,0,1,S,NA,2,401,SB 15,SR-91,20,S,N,A,-,Y,NA,NA,NA,NA,NA,NA,NA,NA,NA,Y,4,0,1,1,A,-,08,22107,NA,N,E,I,A,A,D,-,A,D,0,NA,NA,NA,NA,Y,NA,A,07,0,0,1,0,0,0,0,0,0,-,-,33.88188934326172,-117.54766082763672,RIVERSIDE,CORONA,-117.54754638671876,33.881980895996094
91607380,2021,2021-10-27,9630,2021-10-20,2333,021515,NA,3,3,9,3300,0,1,3,NA,1,074,SR-74 (EASTBOUND),PALOWET DR.,8976,W,N,A,-,Y,NA,NA,74,NA,NA,NA,NA,NA,NA,Y,2,0,1,1,A,-,01,23152,A,N,E,I,A,A,H,-,D,D,0,NA,NA,NA,NA,Y,Y,A,01,1,0,0,0,0,0,0,0,0,-,-,33.65407943725586,-116.39804077148438,RIVERSIDE,UNINCORPORATED,-116.39802551269533,33.65418243408203
91607520,2021,2021-10-27,9685,2021-10-23,1130,013925,NA,6,1,9,3300,0,1,3,NA,1,012,STATE ROUITE 74,MAPES ROAD,0,NA,Y,B,-,N,NA,NA,NA,NA,NA,NA,NA,NA,NA,N,4,0,1,2,A,-,09,21802,A,N,D,C,A,A,H,-,A,A,0,NA,NA,NA,NA,Y,NA,D,22,0,0,1,0,0,0,0,0,0,-,-,33.75788116455078,-117.27201080322266,RIVERSIDE,UNINCORPORATED,-117.271897,33.757537
91610689,2021,2021-10-29,9685,2021-10-23,0935,018539,NA,6,1,4,3342,0,1,1,NA,2,030,I-15 S/B,FRENCH VALLEY PARKWAY,680,N,N,B,-,Y,NA,NA,15,NA,NA,NA,NA,NA,S,Y,4,0,1,5,A,-,03,22350,NA,N,B,C,A,A,H,-,A,D,0,NA,NA,Y,NA,Y,NA,C,02,0,0,1,0,0,0,0,0,1,-,-,33.53181076049805,-117.16938018798828,RIVERSIDE,MURRIETA,-117.16940307617188,33.531795501708984
91614562,2021,2021-11-03,9685,2021-06-18,0115,014338,NA,5,3,3,3343,0,1,1,NA,2,010,I-15 NORTHBOUND,OLIVE STREET,7,N,N,B,-,Y,NA,NA,15,NA,NA,NA,NA,NA,N,Y,1,1,0,2,A,-,01,23152,A,N,C,C,A,A,D,-,D,D,0,NA,NA,NA,Y,Y,Y,A,07,0,0,0,0,0,0,0,0,0,-,-,33.64223861694336,-117.28334045410156,RIVERSIDE,WILDOMAR,-117.2834243774414,33.642181396484375
91614573,2021,2021-11-03,9840,2021-10-29,0819,018221,NA,5,1,7,3313,0,1,1,NA,2,023,I 215 S/B,LINDEN ST.,100,S,N,A,-,Y,NA,NA,215,NA,NA,NA,NA,NA,S,N,4,0,2,2,A,-,08,22107,NA,F,B,2,A,A,H,-,A,D,0,NA,NA,NA,NA,Y,NA,A,01,0,0,2,0,0,0,0,0,0,-,-,33.9788703918457,-117.33856964111328,RIVERSIDE,RIVERSIDE,-117.33865356445313,33.97878646850586
91615098,2021,2021-11-03,9840,2021-11-01,1507,015663,NA,1,2,6,3315,0,1,1,NA,2,034,I-15 S/B,E. PARKRIDGE AVE.,600,N,N,A,-,Y,NA,NA,15,NA,NA,NA,NA,NA,S,Y,4,0,2,3,A,-,03,22350,NA,N,C,C,A,A,H,-,A,D,0,NA,NA,NA,NA,Y,NA,D,22,0,0,2,0,0,0,0,0,0,-,-,33.88727951049805,-117.5515594482422,RIVERSIDE,CORONA,-117.55165100097656,33.887203216552734
91616439,2021,2021-12-16,9840,2021-10-28,0805,017882,NA,4,1,7,3313,0,1,3,NA,2,021,SR-91 E/B,SPRUCE ST,900,N,N,A,-,Y,NA,NA,91,NA,NA,NA,NA,NA,E,Y,4,0,2,4,A,-,03,22350,NA,F,C,C,A,A,H,-,A,D,0,NA,NA,NA,NA,Y,NA,A,01,0,0,2,0,0,0,0,0,0,-,-,33.99317932128906,-117.35730743408205,RIVERSIDE,RIVERSIDE,-117.3572998046875,33.99317169189453
91617965,2021,2021-11-08,9655,2021-10-30,2144,020704,NA,6,2,9,3300,0,1,3,NA,2,315,DOMENIGONI PARKWAY,LEON ROAD,2640,W,N,A,-,N,NA,NA,NA,NA,NA,NA,NA,NA,NA,Y,3,0,2,4,A,-,03,22350,NA,N,B,C,A,A,H,-,C,D,0,NA,NA,NA,NA,Y,NA,A,01,0,1,1,0,0,0,0,0,0,-,-,33.69364929199219,-117.1303482055664,RIVERSIDE,UNINCORPORATED,-117.1282196044922,33.692535400390625
91618482,2021,2022-04-14,9840,2021-10-17,0449,022180,NA,7,3,7,3313,0,1,3,NA,2,021,SR-91 W/B,MONROE ST,15,W,N,A,-,Y,NA,NA,91,NA,NA,NA,NA,NA,W,Y,2,0,5,3,C,-,18,NA,NA,N,C,2,A,A,H,-,D,D,0,NA,NA,NA,NA,Y,NA,-,-,1,0,4,0,0,0,0,0,0,-,-,33.92319869995117,-117.42716217041016,RIVERSIDE,RIVERSIDE,-117.42721557617188,33.92329788208008
91619904,2021,2021-11-09,9685,2021-11-03,0130,014338,NA,3,3,9,3300,0,2,4,NA,2,016,GRAND AVENUE,BUENA VISTA STREET,100,N,N,A,-,N,NA,NA,NA,NA,NA,NA,NA,NA,NA,Y,3,0,1,1,A,-,08,22107,NA,N,E,I,A,A,H,-,D,D,0,NA,NA,NA,NA,Y,NA,A,01,0,1,0,0,0,0,0,0,0,-,-,33.64693069458008,-117.35730743408205,RIVERSIDE,UNINCORPORATED,-117.35733795166016,33.64686584472656
91621847,2021,2021-11-10,9685,2021-10-24,1135,017013,NA,7,1,9,3300,0,1,1,NA,2,030,I-15 S/B,MURRIETA HOT SPRINGS ROAD,1584,S,N,A,-,Y,NA,NA,NA,NA,NA,NA,NA,NA,NA,N,4,0,1,5,A,-,03,22350,NA,N,C,C,A,A,H,-,A,D,0,NA,NA,NA,NA,Y,NA,D,22,0,0,1,0,0,0,0,0,0,-,-,33.551998138427734,-117.18724822998048,RIVERSIDE,UNINCORPORATED,-117.18805694580078,33.55244827270508
91622432,2021,2021-11-11,9840,2021-11-10,1420,016619,NA,3,2,7,3313,0,1,1,NA,2,024,I-215 N/B,EUCALYPTUS AVE,1584,S,N,A,-,Y,NA,NA,215,NA,NA,NA,NA,NA,N,Y,4,0,1,2,A,-,03,22350,NA,N,C,C,A,A,H,-,A,D,0,NA,NA,NA,NA,Y,NA,A,01,0,0,1,0,0,0,0,0,0,-,-,33.92565155029297,-117.28849792480467,RIVERSIDE,RIVERSIDE,-117.28853607177734,33.9256477355957
9162259,2020,2020-11-06,3302,2020-08-26,1445,698,3302,3,5,3,3302,0,0,0,NA,0,003,BEAUMONT AV,9TH ST,0,NA,Y,A,-,N,NA,NA,NA,NA,NA,NA,NA,NA,NA,Y,4,0,3,2,A,-,03,22350,NA,N,C,C,A,A,H,-,A,A,0,NA,NA,NA,NA,Y,NA,A,01,0,0,3,0,0,0,0,0,0,-,-,33.93402099609375,-116.97718048095705,RIVERSIDE,BEAUMONT,-116.9771728515625,33.93400192260742
9162288,2020,2020-11-05,3313,2020-08-15,0240,1907,1,6,5,7,3313,0,0,0,NA,0,1R19,TEQUESQUITE AV,SAN ANDREAS AV,0,NA,Y,A,-,N,NA,NA,NA,NA,NA,NA,NA,NA,NA,Y,4,0,1,1,-,-,-,NA,A,N,E,I,A,A,H,-,C,D,0,NA,NA,NA,NA,Y,NA,A,07,0,0,1,0,0,0,0,0,0,-,-,33.976898193359375,-117.3935089111328,RIVERSIDE,RIVERSIDE,-117.39349365234376,33.976898193359375
91622973,2021,2021-11-12,9840,2021-11-03,0335,020766,NA,3,3,9,3300,0,3,5,NA,2,004,SANTA ROSA MINE RD,POST RD,2112,W,N,A,-,N,NA,NA,NA,NA,NA,NA,NA,NA,NA,Y,3,0,1,2,A,-,05,21460,A,N,D,C,A,A,H,-,D,D,0,NA,NA,NA,NA,Y,NA,A,01,0,1,0,0,0,0,0,0,0,-,-,33.78041076660156,-117.30325317382813,RIVERSIDE,UNINCORPORATED,-117.30253,33.779569
91623444,2021,2021-11-12,9630,2021-11-05,2208,021513,NA,5,3,9,3300,0,3,5,NA,2,001,N INDAN CANYON,DILLON ROAD,0,NA,Y,A,-,N,NA,NA,NA,NA,NA,NA,NA,NA,NA,Y,4,0,1,2,A,-,09,21800,A,N,D,C,A,A,D,-,C,A,0,NA,NA,NA,NA,Y,NA,A,01,0,0,1,0,0,0,0,0,0,-,-,33.92496871948242,-116.5455322265625,RIVERSIDE,UNINCORPORATED,-116.54528045654295,33.924842834472656
91624286,2021,2022-04-14,9840,2021-11-07,0700,017162,NA,7,1,6,3315,0,1,3,NA,2,030,SR-91 E/B,GREEN RIVER ROAD,1000,E,N,A,-,Y,NA,NA,91,NA,NA,NA,NA,NA,E,N,4,0,1,2,A,-,08,22107,NA,N,B,C,A,A,H,-,A,D,0,NA,NA,NA,NA,Y,NA,A,01,0,0,1,0,0,0,0,0,0,-,-,33.88050079345703,-117.6521224975586,RIVERSIDE,CORONA,-117.65215301513672,33.88064193725586
91624594,2021,2021-11-15,9840,2021-11-11,1810,019566,NA,4,2,7,3313,0,1,3,NA,2,021,SR-91 E/B,ADAMS ST,1500,E,N,A,-,Y,NA,NA,91,NA,NA,NA,NA,NA,E,N,4,0,2,2,A,-,03,22350,NA,N,C,C,A,A,H,-,C,D,0,NA,NA,NA,NA,Y,NA,A,01,0,0,2,0,0,0,0,0,0,-,-,33.92974853515625,-117.41539764404295,RIVERSIDE,RIVERSIDE,-117.41542816162108,33.929805755615234
91627058,2021,2021-11-17,9660,2021-11-07,0535,022580,NA,7,3,3,3303,0,1,1,NA,2,032,I-10 E/B,INTAKE BLVD,6336,E,N,A,-,Y,NA,NA,10,NA,NA,NA,NA,NA,E,Y,3,0,1,2,A,-,08,22107,NA,N,B,C,A,A,H,-,B,D,0,NA,NA,NA,Y,Y,NA,A,01,0,1,0,0,0,0,0,0,0,-,-,33.60770034790039,-114.55084228515624,RIVERSIDE,BLYTHE,-114.55084228515624,33.60767364501953
91628627,2021,2021-11-18,9685,2021-11-07,1559,017285,NA,7,2,9,3300,0,1,3,NA,2,011,SR-74 (ORTEGA HWY),DECKER CANYON ROAD,2112,W,N,A,-,Y,NA,NA,NA,NA,NA,NA,NA,NA,NA,Y,3,0,1,2,A,-,08,22107,NA,N,A,C,A,A,H,-,A,D,0,NA,NA,Y,NA,Y,NA,C,02,0,1,0,0,0,0,0,0,1,-,-,33.377201080322266,-117.2552490234375,RIVERSIDE,UNINCORPORATED,-117.42433166503906,33.63433074951172
91630753,2021,2021-11-19,9630,2021-11-10,0920,015165,NA,3,1,9,3300,0,1,1,NA,2,010,I-10 E/B,N. INDIAN CANYON DRIVE,2640,W,N,A,-,Y,NA,NA,NA,NA,NA,NA,NA,NA,NA,Y,3,0,1,1,A,-,08,22107,NA,N,E,I,A,A,H,-,A,D,0,NA,NA,NA,NA,Y,NA,A,01,0,1,0,0,0,0,0,0,0,-,-,33.9050407409668,-116.55320739746094,RIVERSIDE,UNINCORPORATED,-116.55413818359376,33.90473175048828
9163107,2020,2020-11-23,3313,2020-09-22,1321,1641,5,2,5,7,3313,0,0,0,NA,0,T55,HOLE AV,BONITA AV,100,W,N,A,-,N,NA,NA,NA,NA,NA,NA,NA,NA,NA,Y,4,0,1,2,A,-,21,22106,NA,N,D,C,A,A,H,-,A,D,0,NA,NA,NA,NA,Y,NA,D,22,0,0,1,0,0,0,0,0,0,-,-,33.915550231933594,-117.46826171875,RIVERSIDE,RIVERSIDE,-117.46857452392578,33.91594696044922
91633059,2021,2021-11-23,9840,2021-11-19,1644,021047,NA,5,2,7,3313,0,1,3,NA,2,010,SR-60 W/B,ORANGE ST.,110,W,N,A,-,Y,NA,NA,60,NA,NA,NA,NA,NA,W,N,3,0,2,2,A,-,07,21658,A,N,B,C,A,A,H,-,C,D,0,NA,NA,NA,Y,Y,NA,G,25,0,1,1,0,0,0,0,0,0,-,-,33.99578857421875,-117.36300659179688,RIVERSIDE,RIVERSIDE,-117.36297607421876,33.99586868286133
91633489,2021,2021-11-23,9840,2021-11-22,1550,014571,NA,1,2,9,3300,0,2,4,NA,2,045,HARLEY JOHN RD,CAJALCO RD,0,NA,Y,A,-,N,NA,NA,NA,NA,NA,NA,NA,NA,NA,Y,3,0,1,2,A,-,09,21801,A,F,A,C,A,A,H,-,A,A,0,NA,NA,NA,NA,Y,NA,A,01,0,1,0,0,0,0,0,0,0,-,-,33.83388900756836,-117.35353088378906,RIVERSIDE,UNINCORPORATED,-117.35372161865234,33.83436584472656
91634480,2021,2021-11-24,9685,2021-11-11,1845,015295,NA,4,2,9,3300,0,3,5,NA,2,003,DEPORTOLA ROAD,AVE BRAVURA,0,NA,Y,A,-,N,NA,NA,NA,NA,NA,NA,NA,NA,NA,Y,3,0,1,2,A,-,09,21802,A,N,D,C,A,A,H,-,D,A,0,NA,NA,NA,NA,Y,NA,A,01,0,1,0,0,0,0,0,0,0,-,-,33.53670120239258,-117.01233673095705,RIVERSIDE,UNINCORPORATED,-117.01238250732422,33.53664779663086
91634568,2021,2021-11-24,9630,2021-11-17,1814,021416,NA,3,2,9,3300,0,3,5,NA,2,405,COUNTRY CLUB DR,ADAMS ST,4488,E,N,A,-,N,NA,NA,NA,NA,NA,NA,NA,NA,NA,Y,4,0,2,2,A,-,09,21801,A,N,A,C,A,A,H,-,D,D,0,NA,NA,NA,NA,Y,NA,A,01,0,0,2,0,0,0,0,0,0,-,-,33.74882125854492,-116.27288818359376,RIVERSIDE,UNINCORPORATED,-116.27313995361328,33.74896240234375
91635569,2021,2021-11-26,9685,2021-11-22,1709,017285,NA,1,2,9,3300,0,2,4,NA,2,016,GRAND AVENUE,MORRISON PLACE,25,S,N,A,-,N,NA,NA,NA,NA,NA,NA,NA,NA,NA,Y,3,0,2,2,A,-,03,22350,NA,N,C,C,A,A,H,-,D,D,0,NA,NA,NA,NA,Y,NA,A,01,0,1,1,0,0,0,0,0,0,-,-,33.37520980834961,-117.19345855712892,RIVERSIDE,UNINCORPORATED,-117.32223510742188,33.625118255615234
91636849,2021,2021-11-29,9630,2021-11-18,1830,016635,NA,4,2,9,3300,0,1,3,NA,2,015,SR-62 E/B,PAINTED HILLS RD,0,NA,Y,A,-,Y,NA,NA,NA,NA,NA,NA,NA,NA,NA,Y,3,0,3,2,A,-,09,21802,A,N,D,D,A,A,H,-,C,A,0,NA,NA,NA,NA,Y,NA,A,01,0,2,1,0,0,0,0,0,0,-,-,33.5637092590332,-116.35459899902344,RIVERSIDE,UNINCORPORATED,-116.59615325927734,33.94099807739258
9164011,2020,2020-11-23,3315,2020-09-10,0523,10819,6E,4,5,6,3315,0,0,0,NA,0,001,LINCOLN AV,POMONA RD,0,NA,Y,A,-,N,NA,NA,NA,NA,NA,NA,NA,NA,NA,Y,4,0,1,2,A,-,12,21453,A,N,D,C,A,A,A,H,C,-,0,NA,NA,NA,NA,Y,NA,A,01,0,0,1,0,0,0,0,0,0,-,-,33.88370895385742,-117.58223724365234,RIVERSIDE,CORONA,-117.5822525024414,33.88370895385742
91640551,2021,2021-12-02,9630,2021-11-17,2147,022321,NA,3,2,9,3300,0,3,5,NA,2,001,DILLON RD,LONG CANYON RD,0,NA,Y,A,-,N,NA,NA,NA,NA,NA,NA,NA,NA,NA,Y,3,0,1,2,A,-,01,23152,A,N,C,C,A,A,H,-,C,A,0,NA,NA,NA,NA,Y,Y,A,01,0,1,0,0,0,0,0,0,0,-,-,33.925270080566406,-116.45816040039063,RIVERSIDE,UNINCORPORATED,-116.45814514160156,33.92528533935547