CASE_ID,ACCIDENT_YEAR,PROC_DATE,JURIS,COLLISION_DATE,COLLISION_TIME,OFFICER_ID,REPORTING_DISTRICT,DAY_OF_WEEK,CHP_SHIFT,POPULATION,CNTY_CITY_LOC,SPECIAL_COND,BEAT_TYPE,CHP_BEAT_TYPE,CITY_DIVISION_LAPD,CHP_BEAT_CLASS,BEAT_NUMBER,PRIMARY_RD,SECONDARY_RD,DISTANCE,DIRECTION,INTERSECTION,WEATHER_1,WEATHER_2,STATE_HWY_IND,CALTRANS_COUNTY,CALTRANS_DISTRICT,STATE_ROUTE,ROUTE_SUFFIX,POSTMILE_PREFIX,POSTMILE,LOCATION_TYPE,RAMP_INTERSECTION,SIDE_OF_HWY,TOW_AWAY,COLLISION_SEVERITY,NUMBER_KILLED,NUMBER_INJURED,PARTY_COUNT,PRIMARY_COLL_FACTOR,PCF_CODE_OF_VIOL,PCF_VIOL_CATEGORY,PCF_VIOLATION,PCF_VIOL_SUBSECTION,HIT_AND_RUN,TYPE_OF_COLLISION,MVIW,PED_ACTION,ROAD_SURFACE,ROAD_COND_1,ROAD_COND_2,LIGHTING,CONTROL_DEVICE,CHP_ROAD_TYPE,PEDESTRIAN_ACCIDENT,BICYCLE_ACCIDENT,MOTORCYCLE_ACCIDENT,TRUCK_ACCIDENT,NOT_PRIVATE_PROPERTY,ALCOHOL_INVOLVED,STWD_VEHTYPE_AT_FAULT,CHP_VEHTYPE_AT_FAULT,COUNT_SEVERE_INJ,COUNT_VISIBLE_INJ,COUNT_COMPLAINT_PAIN,COUNT_PED_KILLED,COUNT_PED_INJURED,COUNT_BICYCLIST_KILLED,COUNT_BICYCLIST_INJURED,COUNT_MC_KILLED,COUNT_MC_INJURED,PRIMARY_RAMP,SECONDARY_RAMP,LATITUDE,LONGITUDE,COUNTY,CITY,POINT_X,POINT_Y
91900252,2022,2022-10-26,9630,2022-10-18,1010,017467,NA,2,1,9,3300,0,3,5,NA,2,404,RAMON RD,WILLIS PALMS LANE,0,NA,Y,A,-,N,NA,NA,NA,NA,NA,NA,NA,NA,NA,Y,4,0,1,2,A,-,05,21460,A,N,D,C,A,A,H,-,A,D,0,NA,NA,NA,NA,Y,NA,A,07,0,0,1,0,0,0,0,0,0,-,-,33.816688537597656,-116.33528900146484,RIVERSIDE,UNINCORPORATED,-116.33531188964844,33.816680908203125
91900902,2022,2022-10-27,9840,2022-10-21,2052,021194,NA,5,2,9,3300,0,1,1,NA,2,023,I-215 S/B,FAIR ISLE DRIVE,2112,N,N,A,-,Y,NA,NA,NA,NA,NA,NA,NA,NA,NA,Y,3,0,3,3,A,-,07,21658,A,N,B,C,A,A,H,-,D,D,0,NA,NA,NA,Y,Y,NA,A,01,0,2,1,0,0,0,0,0,0,-,-,33.9539909362793,-117.30529022216795,RIVERSIDE,UNINCORPORATED,-117.30496215820313,33.95425033569336
9190293,2020,2021-01-29,3300,2020-11-09,1713,4516,Y83,1,5,3,3305,0,0,0,NA,0,Y83,CESAR CHAVEZ ST,1ST ST,104,S,N,A,-,N,NA,NA,NA,NA,NA,NA,NA,NA,NA,Y,4,0,1,2,A,-,03,22350,NA,N,C,C,A,A,H,-,B,A,0,NA,NA,NA,NA,Y,NA,A,01,0,0,1,0,0,0,0,0,0,-,-,33.68185043334961,-116.18154907226563,RIVERSIDE,COACHELLA,-116.18152618408205,33.68149948120117
91905970,2022,2022-10-31,9660,2022-10-22,1341,022942,NA,6,1,9,3300,0,1,3,NA,1,034,SR-78,S/OF 35TH AVE,1056,S,N,A,-,Y,RIV,NA,78,NA,NA,0.311,H,NA,R,Y,2,0,1,3,A,-,08,22107,NA,N,A,C,A,A,H,-,A,D,0,NA,NA,NA,Y,Y,NA,A,01,1,0,0,0,0,0,0,0,0,-,-,33.438228607177734,-114.7327117919922,RIVERSIDE,UNINCORPORATED,-114.73270416259766,33.438228607177734
91906134,2022,2022-11-01,9685,2022-10-25,1840,017919,NA,2,2,9,3300,0,3,5,NA,2,003,RANCHO CALIFORNIA RD.,ANZA RD.,55,E,N,A,-,N,NA,NA,NA,NA,NA,NA,NA,NA,NA,Y,4,0,1,3,C,-,18,NA,NA,N,E,I,A,A,H,-,C,D,0,NA,NA,NA,NA,Y,NA,-,-,0,0,1,0,0,0,0,0,0,-,-,33.53382873535156,-117.05609130859376,RIVERSIDE,UNINCORPORATED,-117.05559539794922,33.53410720825195
91906776,2022,2022-11-01,9840,2022-10-24,0943,019219,NA,1,1,7,3313,0,1,1,NA,2,023,I-215 NB,CENTRAL AVENUE,1500,S,N,A,-,Y,RIV,NA,215,NA,NA,39.197,H,NA,R,N,4,0,3,2,A,-,03,22350,NA,N,C,C,A,A,H,-,A,D,0,NA,NA,NA,NA,Y,NA,A,01,0,0,3,0,0,0,0,0,0,-,-,33.95587158203125,-117.30580139160156,RIVERSIDE,RIVERSIDE,-117.30590057373048,33.955814361572266
91907356,2022,2022-11-02,9840,2022-10-13,1645,013968,NA,4,2,6,3315,0,1,3,NA,2,030,SR-91 W/B,LINCOLN AVE,382,W,N,A,-,Y,RIV,NA,91,NA,NA,5.303,H,NA,L,Y,4,0,1,3,A,-,08,22107,NA,F,C,C,A,A,H,-,A,D,0,NA,NA,NA,NA,Y,NA,-,99,0,0,1,0,0,0,0,0,0,-,-,33.882171630859375,-117.58386993408205,RIVERSIDE,CORONA,-117.58387756347656,33.882102966308594
91909630,2022,2022-11-04,9840,2022-10-26,0525,021297,NA,3,3,6,3315,0,1,3,NA,2,031,SR-91 W/B,MCKINLEY ST,1145,W,N,A,-,Y,RIV,NA,91,NA,NA,8.962,H,NA,L,N,4,0,1,3,A,-,03,22350,NA,N,C,C,A,A,H,-,C,D,0,NA,NA,NA,NA,Y,NA,D,22,0,0,1,0,0,0,0,0,0,-,-,33.884891510009766,-117.52137756347656,RIVERSIDE,CORONA,-117.52140045166016,33.88493347167969
91910810,2022,2022-11-07,9685,2022-11-02,0850,015360,NA,3,1,5,3335,0,1,1,NA,2,030,I-15 SOUTHBOUND,CALIFORNIA OAKS ROAD,1056,N,N,B,C,Y,RIV,NA,15,NA,NA,11.202,H,NA,L,N,3,0,1,2,A,-,03,22350,NA,N,C,C,A,B,H,-,A,D,0,NA,NA,NA,NA,Y,NA,A,01,0,1,0,0,0,0,0,0,0,-,-,33.5711784362793,-117.21478271484376,RIVERSIDE,TEMECULA,-117.21478271484376,33.5711784362793
91912634,2022,2022-11-08,9655,2022-10-31,2055,018708,NA,1,2,9,3300,0,3,5,NA,2,003,SIMPSON ROAD,CALIFORNIA AVE,2640,W,N,A,-,N,NA,NA,NA,NA,NA,NA,NA,NA,NA,N,2,0,1,2,A,-,05,21650,NA,N,A,C,A,A,H,-,D,D,0,NA,NA,Y,NA,Y,NA,-,-,1,0,0,0,0,0,0,0,1,-,-,33.707401275634766,-117.05886840820313,RIVERSIDE,UNINCORPORATED,-117.05870056152344,33.70740509033203
91912667,2022,2022-11-08,9685,2022-11-02,1715,016502,NA,3,2,5,3335,0,1,1,NA,2,030,I-15 N/B,WINCHESTER RD.,420,S,N,A,-,Y,RIV,NA,15,NA,NA,6.527,H,NA,R,Y,4,0,2,3,A,-,03,22350,NA,N,C,C,A,A,H,-,A,D,0,NA,NA,NA,NA,Y,NA,A,08,0,0,2,0,0,0,0,0,0,-,-,33.52145004272461,-117.1619873046875,RIVERSIDE,TEMECULA,-117.16202545166016,33.52143096923828
91913862,2022,2022-11-09,9685,2022-10-27,2300,015800,NA,4,3,9,3300,0,1,1,NA,2,020,INTERSTATE 215,MCCALL BOULEVARD,1950,S,N,A,-,Y,RIV,NA,215,NA,R,20.418,H,NA,R,Y,3,0,1,2,A,-,01,23152,A,N,C,C,A,A,H,-,C,D,0,NA,NA,NA,NA,Y,Y,A,01,0,1,0,0,0,0,0,0,0,-,-,33.709129333496094,-117.1872329711914,RIVERSIDE,UNINCORPORATED,-117.18697357177734,33.7092399597168
91914251,2022,2022-11-10,9685,2022-11-08,2000,015727,NA,2,2,5,3335,0,1,1,NA,2,030,I-15 SOUTHBOUND,TEMECULA PARKWAY,6336,N,N,B,C,Y,RIV,NA,15,NA,R,2.165,H,NA,L,Y,4,0,1,2,A,-,03,22350,NA,N,C,C,A,B,G,-,D,D,0,NA,NA,NA,NA,Y,NA,A,01,0,0,1,0,0,0,0,0,0,-,-,33.46261978149414,-117.13629913330078,RIVERSIDE,TEMECULA,-117.1365966796875,33.46261215209961
91916755,2022,2022-11-14,9840,2022-11-01,1937,021047,NA,2,2,7,3313,0,1,1,NA,2,023,I-215 S/B,UNIVERSITY AVE.,1340,S,N,A,-,Y,RIV,NA,215,NA,NA,41.791,H,NA,L,N,4,0,1,2,A,-,08,22107,NA,N,B,C,A,A,H,-,C,D,0,NA,NA,Y,NA,Y,NA,C,02,0,0,1,0,0,0,0,0,1,-,-,33.97880935668945,-117.33876800537108,RIVERSIDE,RIVERSIDE,-117.33871459960938,33.97884750366211
91917543,2022,2022-11-14,9840,2022-11-03,0540,016358,NA,4,3,7,3313,0,1,3,NA,2,020,SR-91 W/B,LA SIERRA AVE.,2817,E,N,A,-,Y,RIV,NA,91,NA,NA,12.494,H,NA,L,Y,3,0,1,4,A,-,03,22350,NA,N,C,C,A,A,H,-,C,D,0,NA,NA,NA,NA,Y,NA,D,22,0,1,0,0,0,0,0,0,0,-,-,33.90235137939453,-117.46514892578124,RIVERSIDE,RIVERSIDE,-117.46516418457033,33.90237808227539
9191807,2020,2021-02-03,3313,2020-11-20,1434,1489,3,5,5,7,3313,0,0,0,NA,0,T44,BARTON ST,MARIPOSA AV,33,N,N,A,-,N,NA,NA,NA,NA,NA,NA,NA,NA,NA,NA,4,0,1,2,A,-,03,22350,NA,M,C,C,A,A,H,-,A,D,0,NA,NA,NA,NA,Y,NA,A,01,0,0,1,0,0,0,0,0,0,-,-,33.87276840209961,-117.31397247314452,RIVERSIDE,RIVERSIDE,-117.31387329101563,33.87303161621094
91919127,2022,2022-11-16,9840,2022-11-16,0512,021872,NA,3,3,7,3313,0,1,3,NA,2,020,SR-91 W/B,LA SIERRA AVE,200,E,N,A,-,Y,RIV,NA,91,NA,NA,12.077,H,NA,L,N,3,0,1,2,A,-,07,21658,A,N,B,C,A,A,H,-,D,D,0,NA,NA,Y,NA,Y,NA,D,22,0,1,0,0,0,0,0,0,1,-,-,33.90055847167969,-117.47202301025392,RIVERSIDE,RIVERSIDE,-117.47203063964844,33.90058135986328
9191915,2020,2021-01-04,3313,2020-10-27,1512,1755,5,2,5,7,3313,0,0,0,NA,0,3R52,LA SIERRA AV,CLARKSDALE DR,0,NA,Y,A,-,N,NA,NA,NA,NA,NA,NA,NA,NA,NA,Y,3,0,1,2,A,-,09,21804,A,N,D,C,A,A,H,-,A,A,0,NA,NA,NA,NA,Y,NA,A,01,0,1,0,0,0,0,0,0,0,-,-,33.91358184814453,-117.48465728759766,RIVERSIDE,RIVERSIDE,-117.48465728759766,33.91368103027344
91919389,2022,2022-11-16,9840,2022-11-04,1415,021873,NA,5,2,7,3313,0,1,3,NA,2,020,SR-91 W/B,LA SIERRA AVE.,350,E,N,A,-,Y,RIV,NA,91,NA,NA,12.155,H,NA,L,N,3,0,1,2,A,-,03,22350,NA,N,C,C,A,A,H,-,A,D,0,NA,NA,NA,NA,Y,NA,A,01,0,1,0,0,0,0,0,0,0,-,-,33.90085983276367,-117.47073364257813,RIVERSIDE,RIVERSIDE,-117.47074127197266,33.90089797973633
91919541,2022,2022-11-16,9630,2022-11-08,1506,016635,NA,2,2,9,3300,0,3,5,NA,2,404,DEL NORTE WAY,ARBOL REAL,0,NA,Y,B,-,N,NA,NA,NA,NA,NA,NA,NA,NA,NA,Y,4,0,1,2,A,-,12,22450,A,N,D,D,A,A,H,-,A,A,0,NA,NA,NA,NA,Y,NA,A,01,0,0,1,0,0,0,0,0,0,-,-,33.82741928100586,-116.39019012451172,RIVERSIDE,UNINCORPORATED,-116.39026641845705,33.827301025390625
91920704,2022,2022-11-17,9630,2022-11-06,0128,022321,NA,7,3,9,3300,0,1,1,NA,2,021,I-10 W/B,COOK ST,3696,E,N,A,-,Y,RIV,NA,10,NA,NA,47.62,H,NA,L,Y,4,0,1,3,A,-,01,23152,A,N,B,C,A,A,H,-,D,D,0,NA,NA,NA,NA,Y,Y,A,01,0,0,1,0,0,0,0,0,0,-,-,33.77988815307617,-116.34441375732422,RIVERSIDE,UNINCORPORATED,-116.34429931640624,33.78002166748047
9192121,2020,2020-12-30,3308,2020-10-20,1103,10664,573,2,5,5,3308,0,0,0,NA,0,SOUTH,DOMENIGONI PKWY,ALAMAR MESA DR,710,E,N,A,-,N,NA,NA,NA,NA,NA,NA,NA,NA,NA,N,4,0,1,2,A,-,08,22107,NA,M,B,G,A,A,H,-,A,A,0,NA,Y,NA,NA,Y,NA,A,07,0,0,1,0,0,0,1,0,0,-,-,33.71342849731445,-117.00604248046876,RIVERSIDE,HEMET,-117.01863861083984,33.709068298339844
91921609,2022,2022-11-18,9840,2022-01-22,2040,021862,NA,6,2,9,3300,0,3,5,NA,2,004,MARKHAM STREET,MOCKINGBIRD CANYON ROAD,287,E,N,A,-,N,NA,NA,NA,NA,NA,NA,NA,NA,NA,Y,1,1,0,1,A,-,01,23152,A,N,E,I,A,A,H,-,D,D,0,NA,NA,NA,NA,Y,Y,A,01,0,0,0,0,0,0,0,0,0,-,-,33.858638763427734,-117.37779235839844,RIVERSIDE,UNINCORPORATED,-117.37774658203124,33.858585357666016
91924005,2022,2022-11-22,9840,2022-11-08,0704,018248,NA,2,1,6,3315,0,1,3,NA,2,031,SR-91 E/B,MCKINLEY ST,1795,W,N,B,C,Y,RIV,NA,91,NA,NA,8.834,H,NA,R,Y,4,0,1,5,A,-,08,22107,NA,N,B,C,E,B,H,-,A,D,0,Y,NA,NA,NA,Y,NA,A,01,0,0,1,0,1,0,0,0,0,-,-,33.88418960571289,-117.5233917236328,RIVERSIDE,CORONA,-117.52339935302734,33.88422775268555
91925430,2022,2022-11-23,9840,2022-11-12,1956,020659,NA,6,2,6,3394,0,1,3,NA,2,025,SR-60 E/B,DAY ST.,1385,E,N,A,-,Y,RIV,NA,60,NA,NA,13.584,H,NA,R,Y,3,0,3,2,A,-,07,21658,A,N,B,C,A,A,H,-,D,D,0,NA,NA,NA,NA,Y,NA,A,01,0,1,2,0,0,0,0,0,0,-,-,33.941650390625,-117.27445220947266,RIVERSIDE,MORENO VALLEY,-117.27442932128906,33.941741943359375
91925505,2022,2022-11-23,9840,2022-11-13,0213,019893,NA,7,3,6,3345,0,1,3,NA,2,010,SR-60 W/B,MISSION BOULEVARD,1970,W,N,A,-,Y,RIV,NA,60,NA,R,1.477,H,NA,L,Y,3,0,1,1,A,-,01,23152,A,N,E,J,A,A,H,-,C,D,0,NA,NA,NA,NA,Y,Y,A,01,0,1,0,0,0,0,0,0,0,-,-,34.018218994140625,-117.53382110595705,RIVERSIDE,JURUPA VALLEY,-117.53382873535156,34.01807403564453
91925563,2022,2022-11-23,9840,2022-11-13,1654,020659,NA,7,2,6,3394,0,1,3,NA,2,025,SR-60 E/B,NASON ST.,3290,W,N,A,-,Y,RIV,NA,60,NA,NA,17.731,H,NA,R,Y,4,0,1,1,A,-,08,22107,NA,N,E,8,A,A,H,-,B,D,0,NA,NA,NA,NA,Y,NA,A,01,0,0,1,0,0,0,0,0,0,-,-,33.93906021118164,-117.20262908935548,RIVERSIDE,MORENO VALLEY,-117.20262908935548,33.939151763916016
91925791,2022,2022-11-23,9655,2022-11-17,1230,018168,NA,4,1,3,3302,0,1,1,NA,2,202,I-10 EB FROM BEAUMONT AVE,BEAUMONT AVENUE,385,E,N,A,-,Y,RIV,NA,10,NA,NA,7.652,H,NA,R,Y,2,0,1,2,A,-,03,22350,NA,N,C,C,A,A,H,-,A,D,0,NA,NA,NA,NA,Y,NA,A,01,1,0,0,0,0,0,0,0,0,-,-,33.92670822143555,-116.97576904296876,RIVERSIDE,BEAUMONT,-116.97577667236328,33.926918029785156
91929686,2022,2022-11-30,9840,2022-11-29,1642,017504,NA,2,2,7,3313,0,1,1,NA,2,040,I-215 N/B,ALESSANDRO BLVD,2070,S,N,A,-,Y,NA,NA,NA,NA,NA,NA,NA,NA,NA,N,4,0,1,2,A,-,03,22350,NA,N,C,C,A,A,H,-,C,A,0,NA,NA,NA,NA,Y,NA,A,08,0,0,1,0,0,0,0,0,0,-,-,NA,NA,RIVERSIDE,RIVERSIDE,-117.28383636474608,33.9120979309082
91932565,2022,2022-12-02,9840,2022-11-26,1125,017882,NA,6,1,9,3300,0,2,4,NA,2,043,RAMONA EXPRESSWAY,LAKEVIEW AVE,75,E,N,A,-,N,NA,NA,NA,NA,NA,NA,NA,NA,NA,Y,3,0,1,2,A,-,08,22107,NA,N,A,C,A,A,H,-,A,A,0,NA,NA,NA,NA,Y,NA,A,08,0,1,0,0,0,0,0,0,0,-,-,33.83769989013672,-117.12325286865234,RIVERSIDE,UNINCORPORATED,-117.12350463867188,33.837703704833984
91934936,2022,2022-12-06,9685,2022-10-31,1922,017285,NA,1,2,9,3300,0,2,4,NA,2,016,GRAND AVENUE,MAIDEN LANE,6,N,N,A,-,N,NA,NA,NA,NA,NA,NA,NA,NA,NA,N,1,1,0,2,A,-,11,21954,A,N,G,B,D,A,H,-,D,D,0,Y,NA,NA,NA,Y,NA,N,60,0,0,0,1,0,0,0,0,0,-,-,33.64146041870117,-117.3486785888672,RIVERSIDE,UNINCORPORATED,-117.3485870361328,33.64142990112305
91937456,2022,2022-12-08,9655,2022-11-30,0524,020664,NA,3,3,9,3300,0,1,3,NA,2,213,SR-79 S/B,CALIFORNIA AVE,0,NA,Y,A,-,N,NA,NA,NA,NA,NA,NA,NA,NA,NA,Y,4,0,2,2,A,-,08,22107,NA,N,D,C,A,A,H,-,C,A,0,NA,NA,NA,NA,Y,NA,A,01,0,0,2,0,0,0,0,0,0,-,-,33.911048889160156,-116.9807586669922,RIVERSIDE,UNINCORPORATED,-117.05013275146484,33.74382781982422
91939620,2022,2022-12-12,9840,2022-12-02,1520,017504,NA,5,2,9,3300,0,1,1,NA,2,040,I-215 N/B,HARLEY KNOX BLVD.,74,N,N,B,-,Y,RIV,NA,215,NA,R,32.477,H,NA,R,N,4,0,1,2,D,-,00,NA,NA,N,C,C,A,A,H,-,A,A,0,NA,NA,NA,Y,Y,NA,-,-,0,0,1,0,0,0,0,0,0,-,-,33.864681243896484,-117.26024627685548,RIVERSIDE,UNINCORPORATED,-117.26039886474608,33.8646354675293
91941949,2022,2022-12-14,9840,2022-11-26,0114,021505,NA,6,3,7,3313,0,1,3,NA,2,021,SR-91 E/B,JEFFERSON ST,50,W,N,A,-,Y,RIV,NA,91,NA,NA,16.128,H,NA,R,N,4,0,1,4,C,-,18,NA,NA,N,D,C,E,A,H,-,D,D,0,Y,NA,NA,NA,Y,NA,-,-,0,0,1,0,1,0,0,0,0,-,-,33.93143844604492,-117.4123992919922,RIVERSIDE,RIVERSIDE,-117.41245269775392,33.93150329589844
91942687,2022,2022-12-15,9840,2022-12-06,0032,021873,NA,2,3,7,3313,0,1,3,NA,2,021,SR-91 W/B,SR-91,141,W,N,B,-,Y,RIV,NA,91,NA,NA,19.962,H,NA,L,Y,3,0,1,2,C,-,18,NA,NA,N,D,C,A,A,H,-,D,A,0,NA,NA,NA,NA,Y,NA,-,-,0,1,0,0,0,0,0,0,0,-,-,33.97338104248047,-117.37357330322266,RIVERSIDE,RIVERSIDE,-117.37358856201172,33.973388671875
91944544,2022,2022-12-16,9840,2022-07-11,2015,021481,NA,1,2,9,3300,0,3,5,NA,2,004,RESERVOIR AVENUE (BLOCK 30900),LAKEVIEW AVENUE,347,E,N,A,-,N,NA,NA,NA,NA,NA,NA,NA,NA,NA,N,1,1,0,1,A,-,03,22350,NA,N,H,A,A,A,H,-,B,D,0,NA,NA,Y,NA,Y,NA,C,06,0,0,0,0,0,0,0,1,0,-,-,33.83723068237305,-117.12242889404295,RIVERSIDE,UNINCORPORATED,-117.12250518798828,33.837188720703125
91947123,2022,2022-12-20,9630,2022-10-01,2300,022441,NA,6,3,9,3300,0,3,5,NA,2,504,GRANT STREET,65TH AVENUE,225,N,N,A,-,N,NA,NA,NA,NA,NA,NA,NA,NA,NA,Y,1,2,0,1,A,-,01,23152,A,N,E,J,A,A,H,-,D,D,0,NA,NA,NA,NA,Y,Y,D,22,0,0,0,0,0,0,0,0,0,-,-,33.57752990722656,-116.0439682006836,RIVERSIDE,UNINCORPORATED,-116.04388427734376,33.57728958129883
91948199,2022,2022-12-21,9685,2022-12-18,0445,015295,NA,7,3,5,3335,0,1,1,NA,2,030,INTERSTATE 15 NORTHBOUND,SANTA GERTRUDIS CREEK BRIDGE,40,S,N,A,-,Y,RIV,NA,15,NA,NA,6.721,H,NA,R,Y,3,0,1,1,A,-,08,22107,NA,N,E,I,A,A,H,-,D,D,0,NA,NA,NA,NA,Y,NA,A,07,0,1,0,0,0,0,0,0,0,-,-,33.523948669433594,-117.16354370117188,RIVERSIDE,TEMECULA,-117.16366577148438,33.52389144897461
91952821,2022,2022-12-27,9685,2022-12-23,1630,017833,NA,5,2,9,3300,0,3,5,NA,2,003,RAINBOW VALLEY BLVD,OLD HWY 395,42,E,N,A,-,N,NA,NA,NA,NA,NA,NA,NA,NA,NA,Y,3,0,1,1,A,-,03,22350,NA,N,E,I,A,A,H,-,A,D,0,NA,NA,NA,NA,Y,NA,A,01,0,1,0,0,0,0,0,0,0,-,-,33.43349075317383,-117.13981628417967,RIVERSIDE,UNINCORPORATED,-117.13985443115234,33.433773040771484
91953027,2022,2022-12-27,9655,2022-12-10,1830,020669,NA,6,2,9,3300,0,1,3,NA,1,119,SR-371,ANZA TRL W,0,NA,Y,A,-,Y,RIV,NA,371,NA,NA,68.524,H,NA,R,Y,4,0,1,2,A,-,03,22350,NA,M,C,C,A,A,H,-,D,D,0,NA,NA,NA,NA,Y,NA,A,01,0,0,1,0,0,0,0,0,0,-,-,33.547691345214844,-116.72149658203124,RIVERSIDE,UNINCORPORATED,-116.72148895263672,33.547672271728516
91954443,2022,2022-12-28,9660,2022-11-19,1856,021146,NA,6,2,9,3300,0,1,2,NA,2,038,US HWY 95 NB,HIDDEN VALLEY RD,500,N,N,G,-,Y,RIV,NA,95,NA,NA,27.592,H,NA,R,Y,1,1,0,2,A,-,08,22107,NA,N,A,C,A,A,H,-,D,D,0,NA,NA,NA,Y,Y,NA,A,01,0,0,0,0,0,0,0,0,0,-,-,33.96649932861328,-114.51854705810548,RIVERSIDE,UNINCORPORATED,-114.5185546875,33.96650314331055
91954824,2022,2022-12-28,9840,2022-12-13,1730,013968,NA,2,2,6,3315,0,1,1,NA,2,011,I-15 S/B,PARKRIDGE AVE,1000,N,N,A,-,Y,RIV,NA,15,NA,NA,41.978,H,NA,L,N,4,0,1,2,A,-,03,22350,NA,N,C,C,A,A,D,-,C,D,0,NA,NA,NA,Y,Y,NA,F,27,0,0,1,0,0,0,0,0,0,-,-,33.88751983642578,-117.55191040039063,RIVERSIDE,CORONA,-117.55191802978516,33.88751220703125
91955117,2022,2022-12-29,9655,2022-12-20,1700,020051,NA,2,2,9,3300,0,1,3,NA,2,315,SR-79 N/B,PATTON AVE,770,S,N,A,-,Y,RIV,NA,79,NA,R,15.486,H,NA,R,N,4,0,1,4,A,-,03,22350,NA,N,C,C,A,A,H,-,B,D,0,NA,NA,NA,NA,Y,NA,D,22,0,0,1,0,0,0,0,0,0,-,-,33.69029998779297,-117.0846710205078,RIVERSIDE,UNINCORPORATED,-117.08465576171876,33.69029998779297
91957846,2023,2023-01-02,9685,2023-01-01,315,015880,NA,7,3,5,3335,0,1,1,NA,2,030,INTERSTATE 15 N/B,TEMECULA PARKWAY,3120,S,N,B,-,Y,RIV,NA,15,NA,R,2.831,H,NA,R,Y,4,0,1,1,A,-,03,22350,NA,N,E,I,A,B,H,-,D,D,0,NA,NA,NA,NA,Y,NA,A,01,0,0,1,0,0,0,0,0,0,-,-,33.472190856933594,-117.13764190673828,RIVERSIDE,TEMECULA,-117.13753509521484,33.47221755981445
91958224,2022,2023-01-03,9840,2022-12-19,0050,022028,NA,1,3,9,3300,0,2,4,NA,2,045,CAJALCO RD,LA SIERRA AVE,7392,E,N,A,-,N,NA,NA,NA,NA,NA,NA,NA,NA,NA,Y,3,0,1,1,A,-,08,22107,NA,N,E,I,A,A,H,-,C,D,0,NA,NA,NA,NA,Y,NA,D,22,0,1,0,0,0,0,0,0,0,-,-,33.82524871826172,-117.43479919433594,RIVERSIDE,UNINCORPORATED,-117.43744659423828,33.8261833190918
91958355,2022,2023-01-03,9840,2022-12-16,1724,021080,NA,5,2,7,3313,0,1,3,NA,2,021,SR-91 EB,ADAMS ST.,5280,W,N,A,-,Y,RIV,NA,91,NA,NA,14.579,H,NA,R,Y,4,0,1,3,A,-,03,22350,NA,N,C,C,A,A,H,-,C,D,0,NA,NA,NA,NA,Y,NA,A,07,0,0,1,0,0,0,0,0,0,-,-,33.91876983642578,-117.4346923828125,RIVERSIDE,RIVERSIDE,-117.43473815917967,33.918827056884766
91958376,2022,2023-01-03,9840,2022-12-20,0947,018248,NA,2,1,9,3300,0,1,1,NA,2,037,I-15 N/B,TEMESCAL CANYON RD,3379,S,N,A,-,Y,RIV,NA,15,NA,NA,32.621,H,NA,R,N,4,0,1,2,A,-,03,22350,NA,N,C,C,A,A,H,-,A,D,0,NA,NA,NA,NA,Y,NA,A,01,0,0,1,0,0,0,0,0,0,-,-,33.76940155029297,-117.48081970214844,RIVERSIDE,UNINCORPORATED,-117.48081970214844,33.76940155029297
91958767,2022,2023-01-03,9840,2022-12-21,1344,019219,NA,3,1,7,3313,0,1,3,NA,2,020,SR-91 WESTBOUND,LA SIERRA AVENUE,3168,W,N,A,-,Y,RIV,NA,91,NA,NA,12.625,H,NA,L,Y,4,0,1,2,A,-,03,22350,NA,N,C,C,A,A,H,-,A,D,0,NA,NA,NA,NA,Y,NA,A,01,0,0,1,0,0,0,0,0,0,-,-,33.90309143066406,-117.46305084228516,RIVERSIDE,RIVERSIDE,-117.46308135986328,33.903141021728516
91959671,2022,2023-01-04,9840,2022-12-23,1701,018611,NA,5,2,6,3315,0,1,3,NA,2,031,SR-91 E/B,I-15 N/B,1200,E,N,A,-,Y,RIV,NA,91,NA,NA,7.6,H,NA,R,Y,4,0,2,3,A,-,03,22350,NA,N,C,C,A,A,D,-,C,D,0,NA,NA,NA,Y,Y,NA,A,07,0,0,2,0,0,0,0,0,0,-,-,33.88243103027344,-117.54470825195313,RIVERSIDE,CORONA,-117.54473114013672,33.88248062133789
9196003,2020,2021-02-04,3300,2020-11-03,1915,5228,910H,2,5,5,3335,0,0,0,NA,0,063,MARGARITA RD,LA SERENA WY,850,N,N,A,-,N,NA,NA,NA,NA,NA,NA,NA,NA,NA,Y,2,0,1,2,A,-,01,23152,B,N,C,C,A,A,H,-,C,D,0,NA,NA,Y,NA,Y,Y,C,02,1,0,0,0,0,0,0,0,1,-,-,33.513519287109375,-117.12403869628906,RIVERSIDE,TEMECULA,-117.12579345703124,33.515480041503906