CASE_ID,ACCIDENT_YEAR,PROC_DATE,JURIS,COLLISION_DATE,COLLISION_TIME,OFFICER_ID,REPORTING_DISTRICT,DAY_OF_WEEK,CHP_SHIFT,POPULATION,CNTY_CITY_LOC,SPECIAL_COND,BEAT_TYPE,CHP_BEAT_TYPE,CITY_DIVISION_LAPD,CHP_BEAT_CLASS,BEAT_NUMBER,PRIMARY_RD,SECONDARY_RD,DISTANCE,DIRECTION,INTERSECTION,WEATHER_1,WEATHER_2,STATE_HWY_IND,CALTRANS_COUNTY,CALTRANS_DISTRICT,STATE_ROUTE,ROUTE_SUFFIX,POSTMILE_PREFIX,POSTMILE,LOCATION_TYPE,RAMP_INTERSECTION,SIDE_OF_HWY,TOW_AWAY,COLLISION_SEVERITY,NUMBER_KILLED,NUMBER_INJURED,PARTY_COUNT,PRIMARY_COLL_FACTOR,PCF_CODE_OF_VIOL,PCF_VIOL_CATEGORY,PCF_VIOLATION,PCF_VIOL_SUBSECTION,HIT_AND_RUN,TYPE_OF_COLLISION,MVIW,PED_ACTION,ROAD_SURFACE,ROAD_COND_1,ROAD_COND_2,LIGHTING,CONTROL_DEVICE,CHP_ROAD_TYPE,PEDESTRIAN_ACCIDENT,BICYCLE_ACCIDENT,MOTORCYCLE_ACCIDENT,TRUCK_ACCIDENT,NOT_PRIVATE_PROPERTY,ALCOHOL_INVOLVED,STWD_VEHTYPE_AT_FAULT,CHP_VEHTYPE_AT_FAULT,COUNT_SEVERE_INJ,COUNT_VISIBLE_INJ,COUNT_COMPLAINT_PAIN,COUNT_PED_KILLED,COUNT_PED_INJURED,COUNT_BICYCLIST_KILLED,COUNT_BICYCLIST_INJURED,COUNT_MC_KILLED,COUNT_MC_INJURED,PRIMARY_RAMP,SECONDARY_RAMP,LATITUDE,LONGITUDE,COUNTY,CITY,POINT_X,POINT_Y
94993852,2025,2025-12-31,9685,2025-11-25,913,015906,NA,2,1,4,3342,0,1,1,NA,2,030,I-15 NORTHBOUND,NUTMEG STREET OVERCROSSING,528,S,N,A,-,Y,RIV,NA,15,NA,NA,11.756,H,NA,R,Y,3,0,1,3,A,-,07,21658,A,F,B,A,A,A,H,-,A,D,0,NA,NA,NA,Y,Y,NA,G,25,0,1,0,0,0,0,0,0,0,-,-,33.57685852050781,-117.22171020507813,RIVERSIDE,MURRIETA,-117.2216567993164,33.576908111572266
94993938,2025,2025-12-31,9840,2025-12-17,1446,020659,NA,3,2,6,3394,0,1,3,NA,2,025,SR-60 W/B,GILMAN SPRINGS RD,465,W,N,A,-,Y,RIV,NA,60,NA,NA,22.006,H,NA,L,Y,4,0,1,2,A,-,03,22350,NA,N,C,C,A,A,H,-,A,D,0,NA,NA,NA,NA,Y,NA,A,01,0,0,1,0,0,0,0,0,0,-,-,33.93819046020508,-117.12844848632813,RIVERSIDE,MORENO VALLEY,-117.12844848632813,33.938228607177734
94997841,2025,2026-01-05,9685,2025-12-20,1338,020867,NA,6,1,9,3300,0,2,4,NA,2,023,SCOTT RD. E/B,WINCHESTER RD.,15,W,N,A,-,N,NA,NA,NA,NA,NA,NA,NA,NA,NA,N,4,0,1,2,A,-,03,22350,NA,N,C,C,A,A,H,-,A,A,0,NA,NA,NA,Y,Y,NA,F,26,0,0,1,0,0,0,0,0,0,-,-,33.640079498291016,-117.08528900146484,RIVERSIDE,UNINCORPORATED,-117.08494567871094,33.640052795410156
94998527,2025,2026-01-05,9840,2025-10-19,1210,022497,NA,7,1,7,3313,0,1,3,NA,2,021,SR-91 W/B (RIVERSIDE FREEWAY),MISSION INN BLVD,40,E,N,A,-,Y,NA,NA,NA,NA,NA,NA,NA,NA,NA,Y,4,0,2,3,A,-,01,23152,A,M,C,C,A,A,H,-,A,A,0,NA,NA,NA,NA,Y,Y,A,01,0,0,2,0,0,0,0,0,0,-,-,33.981109619140625,-117.36947631835938,RIVERSIDE,RIVERSIDE,-117.36921691894533,33.98090744018555
94998534,2025,2026-01-05,9655,2025-12-23,1250,019630,NA,2,1,9,3300,0,1,3,NA,1,116,STATE ROUTE 74,MCGAUGH ROAD,5280,W,N,C,-,Y,RIV,NA,74,NA,NA,57.158,H,NA,R,Y,4,0,1,2,A,-,05,21460,A,N,A,C,A,B,H,-,A,D,0,NA,NA,NA,NA,Y,NA,A,01,0,0,1,0,0,0,0,0,0,-,-,33.6993408203125,-116.75322723388672,RIVERSIDE,UNINCORPORATED,-116.75328063964844,33.699337005615234
94998803,2025,2026-01-05,9840,2025-11-29,1440,023643,NA,6,2,6,3345,0,1,1,NA,2,011,I-15 N/B,LIMONITE AVE,2640,S,N,A,-,Y,RIV,NA,15,NA,NA,47.708,H,NA,R,Y,4,0,1,3,A,-,03,22350,NA,N,C,C,A,A,H,-,A,D,0,NA,NA,NA,NA,Y,NA,A,07,0,0,1,0,0,0,0,0,0,-,-,33.96723937988281,-117.54872894287108,RIVERSIDE,JURUPA VALLEY,-117.54868316650392,33.96723937988281
94998959,2025,2026-01-05,9655,2025-12-23,430,021908,NA,2,3,9,3300,0,1,3,NA,1,215,SR-243,MOUNT EDNA RD,13200,N,N,A,-,Y,RIV,NA,243,NA,NA,25.588,H,NA,R,Y,3,0,1,1,A,-,08,22107,NA,M,E,I,A,A,H,-,D,D,0,NA,NA,NA,NA,Y,Y,A,01,0,1,0,0,0,0,0,0,0,-,-,33.902801513671875,-116.86799621582033,RIVERSIDE,UNINCORPORATED,-116.86798095703124,33.902748107910156
94999305,2025,2026-01-05,9840,2025-12-21,1340,023689,NA,7,1,7,3313,0,1,1,NA,2,023,I-215 SB,MARTIN LUTHER KING BLVD,400,S,N,A,-,Y,RIV,NA,215,NA,NA,41.416,H,NA,L,N,4,0,1,2,A,-,03,22350,NA,N,C,C,A,A,H,-,A,D,0,NA,NA,Y,NA,Y,NA,C,02,0,0,1,0,0,0,0,0,1,-,-,33.97481155395508,-117.33453369140624,RIVERSIDE,RIVERSIDE,-117.33456420898438,33.97478485107422
95000595,2025,2026-01-06,9655,2025-12-31,1155,023306,NA,3,1,9,3300,0,1,3,NA,1,215,SR-243,WESLEY STREET,14784,S,N,C,-,Y,RIV,NA,243,NA,NA,25.5,H,NA,R,N,3,0,1,1,A,-,03,22350,NA,N,E,I,A,B,H,-,A,D,0,NA,NA,NA,NA,Y,NA,A,01,0,1,0,0,0,0,0,0,0,-,-,33.90174865722656,-116.86888122558594,RIVERSIDE,UNINCORPORATED,-116.86891174316406,33.90177536010742
95001285,2025,2026-01-06,9685,2025-12-27,240,021528,NA,6,3,5,3335,0,1,1,NA,2,030,I-15 N/B,TEMECULA PKWY,1958,N,N,B,C,Y,RIV,NA,15,NA,NA,3.817,H,NA,R,Y,3,0,1,2,A,-,03,22350,NA,N,D,C,A,B,H,-,C,D,0,NA,NA,NA,NA,Y,NA,A,01,0,1,0,0,0,0,0,0,0,-,-,33.48583984375,-117.14238739013672,RIVERSIDE,TEMECULA,-117.14240264892578,33.485836029052734
9500141,2022,2022-10-03,3313,2022-06-28,0728,1641,5,2,5,7,3313,0,0,0,NA,0,T55,COCHRAN AV,LA SIERRA AV,30,E,N,A,-,N,NA,NA,NA,NA,NA,NA,NA,NA,NA,Y,4,0,1,2,A,-,12,21453,A,N,D,C,A,A,H,-,A,A,0,NA,NA,NA,NA,Y,NA,A,01,0,0,1,0,0,0,0,0,0,-,-,33.90660095214844,-117.479736328125,RIVERSIDE,RIVERSIDE,-117.47901916503906,33.90690612792969
9500525,2022,2022-10-06,3313,2022-08-19,2114,2041,1,5,5,7,3313,0,0,0,NA,0,3R10,MAIN ST,RUSSELL ST,250,N,N,A,-,N,NA,NA,NA,NA,NA,NA,NA,NA,NA,N,4,0,2,2,A,-,01,23152,A,N,C,C,A,A,H,-,C,D,0,NA,NA,NA,NA,Y,Y,A,01,0,0,2,0,0,0,0,0,0,-,-,33.99372100830078,-117.36506652832033,RIVERSIDE,RIVERSIDE,-117.36526489257813,33.99568557739258
95006860,2025,2026-01-09,9840,2025-12-31,1155,017802,NA,3,1,4,3344,0,1,3,NA,2,010,SR-60 E/B TO I-15,S MILLIKEN AVE,750,E,N,C,-,Y,NA,NA,NA,NA,NA,NA,NA,NA,NA,N,3,0,1,2,A,-,03,22350,NA,N,C,C,A,B,H,-,A,D,0,NA,NA,NA,NA,Y,NA,A,01,0,1,0,0,0,0,0,0,0,-,-,34.02289962768555,-117.555908203125,RIVERSIDE,EASTVALE,-117.55596160888672,34.02322769165039
95009654,2025,2026-01-12,9840,2025-12-17,900,024787,NA,3,1,9,3300,0,3,5,NA,2,004,RIDER STREET,CLARK STREET,0,NA,Y,A,-,N,NA,NA,NA,NA,NA,NA,NA,NA,NA,Y,4,0,1,2,A,-,12,21453,A,N,D,C,A,A,H,-,A,A,0,NA,NA,NA,NA,Y,NA,-,-,0,0,1,0,0,0,0,0,0,-,-,33.82999038696289,-117.28711700439452,RIVERSIDE,UNINCORPORATED,-117.28765106201172,33.82994842529297
95012062,2025,2026-01-13,9840,2025-12-16,1150,019042,NA,2,1,4,3312,0,1,1,NA,2,041,I-215 N/B,D STREET,2000,N,N,A,-,Y,RIV,NA,215,NA,NA,27.497,H,NA,R,N,4,0,1,2,A,-,08,22107,NA,N,B,C,A,A,H,-,A,D,0,NA,NA,NA,Y,Y,NA,-,-,0,0,1,0,0,0,0,0,0,-,-,33.79560852050781,-117.23053741455078,RIVERSIDE,PERRIS,-117.23057556152344,33.79560089111328
95012107,2025,2026-01-13,9840,2025-12-21,1455,021080,NA,7,2,7,3313,0,1,3,NA,2,020,SR-91 W/B,TYLER ST,739,E,N,A,-,Y,RIV,NA,91,NA,NA,13.197,H,NA,L,Y,3,0,8,7,A,-,08,22107,NA,N,B,C,A,A,H,-,A,D,0,NA,NA,NA,NA,Y,NA,A,01,0,2,6,0,0,0,0,0,0,-,-,33.907630920410156,-117.45474243164063,RIVERSIDE,RIVERSIDE,-117.45473480224608,33.90762710571289
95013952,2025,2026-01-14,9840,2025-12-15,1700,024787,NA,1,2,7,3313,0,3,5,NA,2,004,ORANGE AVENUE,LEE STREET,300,W,N,A,-,N,NA,NA,NA,NA,NA,NA,NA,NA,NA,Y,2,0,1,1,A,-,08,22107,NA,N,E,I,A,A,H,-,A,D,0,NA,NA,Y,NA,Y,NA,C,02,1,0,0,0,0,0,0,0,1,-,-,33.8154296875,-117.29400634765624,RIVERSIDE,RIVERSIDE,-117.29390716552734,33.81538772583008
95017227,2025,2026-01-16,9840,2025-12-20,1900,022745,NA,6,2,6,3345,0,1,1,NA,2,011,I-15 N/B,CANTU GALLEANO RANCH RD,900,N,N,A,-,Y,RIV,NA,15,NA,NA,50.321,H,NA,L,Y,2,0,4,4,A,-,03,22350,NA,F,C,C,A,A,H,-,C,D,0,NA,NA,NA,Y,Y,NA,F,25,2,0,2,0,0,0,0,0,0,-,-,34.00497817993164,-117.55050659179688,RIVERSIDE,JURUPA VALLEY,-117.55052185058594,34.00497817993164
9502137,2022,2022-10-27,3300,2022-10-07,1445,5632,916A,5,5,4,3312,0,0,0,NA,0,031,LILAC RIDGE DR,PROVINCE WY,0,NA,Y,A,-,N,NA,NA,NA,NA,NA,NA,NA,NA,NA,Y,4,0,1,2,A,-,08,22107,NA,N,D,C,A,A,H,-,A,D,0,NA,NA,NA,NA,Y,NA,A,08,0,0,1,0,0,0,0,0,0,-,-,33.838829040527344,-117.19905853271484,RIVERSIDE,PERRIS,-117.19905090332033,33.839027404785156
95022926,2025,2026-01-21,9840,2025-12-28,1655,023689,NA,7,2,7,3313,0,1,3,NA,2,021,SR-91 EB,CENTRAL AVE,2000,E,N,A,-,Y,RIV,NA,91,NA,NA,18.844,H,NA,R,Y,4,0,1,1,A,-,08,22107,NA,N,E,8,A,A,H,-,C,A,0,NA,NA,NA,NA,Y,NA,A,01,0,0,1,0,0,0,0,0,0,-,-,33.95790100097656,-117.37844848632813,RIVERSIDE,RIVERSIDE,-117.37860870361328,33.95796585083008
9502540,2022,2022-09-19,3313,2022-08-30,1830,1911,5,2,5,7,3313,0,0,0,NA,0,M21,VAN BUREN BL,ANDREW ST,906,S,N,A,-,N,NA,NA,NA,NA,NA,NA,NA,NA,NA,Y,3,0,4,2,A,-,12,21453,A,N,D,C,A,A,H,-,A,A,0,NA,NA,NA,NA,Y,NA,A,01,0,3,1,0,0,0,0,0,0,-,-,33.91712951660156,-117.44409942626952,RIVERSIDE,RIVERSIDE,-117.44204711914063,33.91517639160156
9505130,2022,2022-10-10,3313,2022-06-02,1547,1537,5,4,5,7,3313,0,0,0,NA,0,00M,VAN BUREN BL,WELLS AV,400,N,N,A,-,N,NA,NA,NA,NA,NA,NA,NA,NA,NA,N,3,0,1,2,A,-,07,21658,A,M,C,C,A,A,H,-,A,A,0,NA,NA,NA,NA,Y,NA,A,01,0,1,0,0,0,0,0,0,0,-,-,33.93375015258789,-117.4543228149414,RIVERSIDE,RIVERSIDE,-117.4541015625,33.9354248046875
9507081,2022,2022-10-19,3325,2022-09-14,2234,20213,3325,3,5,4,3325,0,0,0,NA,0,002,CROSSLEY RD,RAMON RD,5,N,N,A,-,N,NA,NA,NA,NA,NA,NA,NA,NA,NA,N,3,0,1,2,A,-,12,21453,A,F,D,G,A,A,-,-,C,A,0,NA,Y,NA,NA,Y,NA,A,01,0,1,0,0,0,0,1,0,0,-,-,NA,NA,RIVERSIDE,CATHEDRAL CITY,-116.48426818847656,33.81587219238281
9510096,2022,2022-12-08,3302,2022-10-13,1739,1260,3302,4,5,3,3302,0,0,0,NA,0,005,PROSPERITY WY,DRIVEWAY,21,N,N,A,-,N,NA,NA,NA,NA,NA,NA,NA,NA,NA,N,4,0,1,2,A,-,09,21804,A,N,D,C,A,A,H,-,A,D,0,NA,NA,NA,NA,Y,NA,A,01,0,0,1,0,0,0,0,0,0,-,-,NA,NA,RIVERSIDE,BEAUMONT,NA,NA
9516849,2022,2023-01-10,3301,2022-07-21,1704,U518,39,4,5,4,3301,0,0,0,NA,0,003,N HIGHLAND SPRINGS AV,ATWELL DR,0,NA,Y,A,-,N,NA,NA,NA,NA,NA,NA,NA,NA,NA,Y,2,0,1,2,A,-,12,21453,A,F,D,C,A,A,H,-,A,A,0,NA,NA,NA,NA,Y,NA,D,22,1,0,0,0,0,0,0,0,0,-,-,33.93701171875,-116.9468994140625,RIVERSIDE,BANNING,-116.9469757080078,33.93701934814453
9523886,2022,2022-11-22,3301,2022-09-12,1209,U517,1,1,5,4,3301,0,0,0,NA,0,001,E RAMSEY ST,MARTIN ST,0,E,N,A,-,N,NA,NA,NA,NA,NA,NA,NA,NA,NA,Y,4,0,1,3,A,-,03,22350,NA,N,C,C,A,A,H,-,A,D,0,NA,NA,NA,NA,Y,NA,D,22,0,0,1,0,0,0,0,0,0,-,-,33.925418853759766,-116.87238311767578,RIVERSIDE,BANNING,-116.8735809326172,33.925437927246094
9525286,2022,2023-06-05,3309,2022-10-28,0019,2102,3309,5,5,4,3309,0,0,0,NA,0,004,RT 111,MADISON ST,340,W,N,A,-,N,NA,NA,NA,NA,NA,NA,NA,NA,NA,Y,2,0,1,3,A,-,05,21650,NA,F,A,C,A,A,H,-,C,D,0,NA,NA,NA,NA,Y,Y,A,07,1,0,0,0,0,0,0,0,0,-,-,NA,NA,RIVERSIDE,INDIO,-116.25247192382813,33.707420349121094
9526380,2023,2023-03-04,3325,2023-01-19,726,20206,NA,4,5,4,3325,0,0,0,NA,0,002,DINAH SHORE DR,PLUMLEY RD,660,W,N,A,-,N,NA,NA,NA,NA,NA,NA,NA,NA,NA,N,4,0,1,2,A,-,09,21804,NA,N,D,G,A,A,H,-,A,A,0,NA,Y,NA,NA,Y,NA,L,04,0,0,1,0,0,0,1,0,0,-,-,NA,NA,RIVERSIDE,CATHEDRAL CITY,-116.45149230957033,33.80152130126953
9527934,2023,2023-02-28,3325,2023-01-14,14,NA,3325,6,5,4,3325,0,0,0,NA,0,003,VARNER RD,DATE PALM DR,0,NA,Y,A,-,N,NA,NA,NA,NA,NA,NA,NA,NA,NA,Y,2,0,2,2,A,-,12,22450,A,N,D,C,A,A,H,-,C,A,0,NA,NA,NA,NA,Y,NA,D,22,2,0,0,0,0,0,0,0,0,-,-,NA,NA,RIVERSIDE,CATHEDRAL CITY,-116.45540618896484,33.86113357543945
9528129,2022,2022-12-07,3302,2022-10-11,0416,1187,3302,2,5,3,3302,0,0,0,NA,0,NA,HIGHLAND SPRINGS AV,8TH ST,0,NA,Y,A,-,N,NA,NA,NA,NA,NA,NA,NA,NA,NA,Y,4,0,2,2,A,-,12,21453,A,N,D,C,A,A,H,-,C,A,0,NA,NA,NA,Y,Y,NA,A,01,0,0,2,0,0,0,0,0,0,-,-,33.93278884887695,-116.94690704345705,RIVERSIDE,BEAUMONT,-116.94691467285156,33.93281555175781
9546722,2022,2023-02-21,3301,2022-12-15,0555,U495,NA,4,5,4,3301,0,0,0,NA,0,NA,N HIGHLAND SPRINGS AV,COUGAR WY,456,S,N,A,-,N,NA,NA,NA,NA,NA,NA,NA,NA,NA,Y,4,0,1,1,A,-,08,22107,NA,N,F,I,A,A,H,-,C,D,0,NA,NA,NA,NA,Y,NA,A,01,0,0,1,0,0,0,0,0,0,-,-,33.90726089477539,-116.94644165039063,RIVERSIDE,BANNING,-116.94687652587892,33.95457077026367
9554208,2023,2023-04-03,3300,2023-02-15,1840,6269,012F,3,5,4,3344,0,0,0,NA,0,064,ARCHIBALD AV,FIELDMASTER ST,77,W,N,A,-,N,NA,NA,NA,NA,NA,NA,NA,NA,NA,N,3,0,1,2,A,-,10,21950,A,N,G,B,B,A,H,-,C,A,0,Y,NA,NA,NA,Y,NA,A,01,0,1,0,0,1,0,0,0,0,-,-,33.9426383972168,-117.59307098388672,RIVERSIDE,EASTVALE,-117.59317016601563,33.942710876464844
9555602,2022,2023-03-10,3309,2022-12-05,1749,2211S,3309,1,5,4,3309,0,0,0,NA,0,004,MADISON ST,RT 111,315,N,N,A,-,N,NA,NA,NA,NA,NA,NA,NA,NA,NA,N,3,0,1,3,A,-,09,21801,A,N,D,C,A,A,H,-,C,A,0,NA,NA,Y,NA,Y,NA,A,01,0,1,0,0,0,0,0,0,1,-,-,NA,NA,RIVERSIDE,INDIO,-116.25138092041016,33.70820999145508
9561927,2023,2023-05-06,3300,2023-03-04,2122,5947,916A,6,5,4,3312,0,0,0,NA,0,034,SAN JACINTO AV,NAVAJO RD,38,S,N,A,-,N,NA,NA,NA,NA,NA,NA,NA,NA,NA,NA,4,0,1,2,A,-,01,23152,A,N,A,C,A,A,H,-,C,A,0,NA,NA,NA,NA,Y,Y,A,01,0,0,1,0,0,0,0,0,0,-,-,33.78662872314453,-117.25283050537108,RIVERSIDE,PERRIS,-117.25335693359376,33.78657913208008
9562125,2023,2023-04-19,3302,2023-03-03,826,1186,NA,5,5,3,3302,0,0,0,NA,0,002,OAK VALLEY PKWY,BEAUMONT AV,0,NA,Y,A,-,N,NA,NA,NA,NA,NA,NA,NA,NA,NA,N,4,0,1,2,A,-,10,21950,A,N,G,B,B,A,H,-,A,A,0,Y,NA,NA,NA,Y,NA,A,01,0,0,1,0,1,0,0,0,0,-,-,33.9470100402832,-116.97722625732422,RIVERSIDE,BEAUMONT,-116.97721862792967,33.94700241088867
9563664,2023,2023-04-27,3309,2023-03-15,848,2113,3309,3,5,4,3309,0,0,0,NA,0,005,JEFFERSON ST,FRED WARING DR,0,NA,Y,A,-,N,NA,NA,NA,NA,NA,NA,NA,NA,NA,N,4,0,1,2,A,-,09,21453,C,N,D,C,A,A,H,-,A,A,0,NA,NA,NA,NA,Y,NA,A,08,0,0,1,0,0,0,0,0,0,-,-,NA,NA,RIVERSIDE,INDIO,-116.26893615722656,33.72930908203125
9567044,2023,2023-04-27,3301,2023-03-23,859,U489,23,4,5,4,3301,0,0,0,NA,0,002,N 16TH,W NICOLET,0,NA,Y,B,-,N,NA,NA,NA,NA,NA,NA,NA,NA,NA,Y,3,0,6,2,A,-,12,22450,NA,N,D,C,A,A,H,-,A,A,0,NA,NA,NA,NA,Y,NA,A,07,0,6,0,0,0,0,0,0,0,-,-,33.92890167236328,-116.89436340332033,RIVERSIDE,BANNING,-116.8943328857422,33.92886734008789
9569256,2023,2023-06-21,3309,2023-04-30,1849,2301,3309,7,5,4,3309,0,0,0,NA,0,003,RT 111,RT 111 80956,49,NA,N,A,-,N,NA,NA,NA,NA,NA,NA,NA,NA,NA,Y,4,0,1,1,A,-,01,23152,A,N,E,J,A,A,H,-,A,D,0,NA,NA,Y,NA,Y,Y,C,02,0,0,1,0,0,0,0,0,1,-,-,NA,NA,RIVERSIDE,INDIO,-116.20711517333984,33.71506118774414
9577098,2023,2023-05-24,3309,2023-04-13,1643,2301,3309,4,5,4,3309,0,0,0,NA,0,003,INDIO BL,RT 111,107,E,N,A,-,N,NA,NA,NA,NA,NA,NA,NA,NA,NA,N,3,0,1,2,A,-,03,22350,NA,N,C,C,A,A,H,-,A,A,0,NA,NA,NA,NA,Y,NA,A,01,0,1,0,0,0,0,0,0,0,-,-,NA,NA,RIVERSIDE,INDIO,-116.20674896240234,33.71501159667969
9581297,2023,2023-06-19,3302,2023-05-19,740,764,NA,5,5,3,3302,0,0,0,NA,0,003,COUGAR WY,CHERRY AV,240,W,N,A,-,N,NA,NA,NA,NA,NA,NA,NA,NA,NA,N,3,0,1,2,A,-,-,NA,NA,N,D,G,A,A,H,-,A,D,0,NA,Y,NA,NA,Y,NA,L,04,0,1,0,0,0,0,1,0,0,-,-,33.95429992675781,-116.96434783935548,RIVERSIDE,BEAUMONT,-116.9650650024414,33.954254150390625
9585003,2023,2023-05-27,3300,2023-05-04,1309,6225,001K,4,5,6,3345,0,0,0,NA,0,016,RUBIDOUX BL,34TH ST,0,NA,Y,B,-,N,NA,NA,NA,NA,NA,NA,NA,NA,NA,Y,4,0,3,2,A,-,12,21453,A,N,D,I,A,A,H,-,A,A,0,NA,NA,NA,NA,Y,NA,A,01,0,0,3,0,0,0,0,0,0,-,-,34.00075912475586,-117.4040985107422,RIVERSIDE,JURUPA VALLEY,-117.40392303466795,34.00083923339844
9593117,2023,2023-08-22,3309,2023-06-07,1034,2211,3309,3,5,4,3309,0,0,0,NA,0,001,OASIS ST,PLAZA AV,0,NA,Y,A,-,N,NA,NA,NA,NA,NA,NA,NA,NA,NA,N,4,0,1,2,A,-,10,21950,A,N,G,B,B,A,H,-,A,A,0,Y,NA,NA,NA,Y,NA,A,07,0,0,1,0,1,0,0,0,0,-,-,NA,NA,RIVERSIDE,INDIO,-116.22088623046876,33.71310043334961
9596577,2023,2023-08-15,3309,2023-07-03,959,2303,3309,1,5,4,3309,0,0,0,NA,0,003,ARABIA ST,POLE #903709D,77,N,N,A,-,N,NA,NA,NA,NA,NA,NA,NA,NA,NA,N,3,0,2,2,A,-,09,21804,A,N,D,C,A,A,H,-,A,A,0,NA,NA,NA,NA,Y,NA,A,07,0,2,0,0,0,0,0,0,0,-,-,NA,NA,RIVERSIDE,INDIO,NA,NA
9599408,2023,2023-07-28,3325,2023-06-01,1232,20206,NA,4,5,4,3325,0,0,0,NA,0,001,DINAH SHORE DR,CATHEDRAL CANYON DR,64,E,N,A,-,N,NA,NA,NA,NA,NA,NA,NA,NA,NA,Y,4,0,1,2,A,-,03,22350,NA,N,F,C,A,A,H,-,A,A,0,NA,NA,NA,NA,Y,NA,A,01,0,0,1,0,0,0,0,0,0,-,-,NA,NA,RIVERSIDE,CATHEDRAL CITY,-116.46656036376952,33.80133056640625
9600340,2023,2023-08-07,3302,2023-06-27,1041,764,NA,2,5,3,3302,0,0,0,NA,0,002,4TH ST,DISTRIBUTION WY,0,NA,Y,A,-,N,NA,NA,NA,NA,NA,NA,NA,NA,NA,Y,4,0,1,2,A,-,12,21453,A,N,C,C,A,A,H,-,A,A,0,NA,NA,NA,NA,Y,NA,D,22,0,0,1,0,0,0,0,0,0,-,-,33.92654037475586,-116.99954986572266,RIVERSIDE,BEAUMONT,-116.99958801269533,33.92641830444336
9602780,2023,2023-08-29,3325,2023-08-04,1426,20206,NA,5,5,4,3325,0,0,0,NA,0,003,VARNER RD,MOUNTAIN VIEW AV,1900,E,N,A,-,N,NA,NA,NA,NA,NA,NA,NA,NA,NA,Y,4,0,1,2,A,-,03,22350,NA,N,C,C,A,A,H,-,A,D,0,NA,NA,NA,NA,Y,NA,D,22,0,0,1,0,0,0,0,0,0,-,-,NA,NA,RIVERSIDE,CATHEDRAL CITY,-116.46996307373048,33.88418197631836
9607879,2023,2023-09-21,3325,2023-08-26,131,20223,NA,6,5,4,3325,0,0,0,NA,0,002,DATE PALM DR,ORTEGA RD,33,S,N,A,-,N,NA,NA,NA,NA,NA,NA,NA,NA,NA,Y,4,0,1,1,A,-,01,23152,NA,N,F,I,A,A,H,-,C,A,0,NA,NA,NA,NA,Y,Y,A,08,0,0,1,0,0,0,0,0,0,-,-,NA,NA,RIVERSIDE,CATHEDRAL CITY,-116.45806121826172,33.80495834350586
9618625,2023,2024-02-08,3309,2023-10-05,1205,2211,3309,4,5,4,3309,0,0,0,NA,0,001,JACKSON ST,DOCTOR CARREON BL,0,NA,Y,A,-,N,NA,NA,NA,NA,NA,NA,NA,NA,NA,Y,4,0,4,2,A,-,09,21801,NA,N,A,C,A,A,H,-,A,A,0,NA,NA,NA,NA,Y,NA,A,01,0,0,4,0,0,0,0,0,0,-,-,NA,NA,RIVERSIDE,INDIO,-116.2164306640625,33.70771026611328
9622040,2023,2023-10-30,3325,2023-09-08,2101,1908,DESER,5,5,4,3325,0,0,0,NA,0,002,DINAH SHORE DR,DAVALL DR,9,E,N,A,-,N,NA,NA,NA,NA,NA,NA,NA,NA,NA,Y,2,0,1,2,A,-,12,21453,A,N,D,C,A,A,H,-,C,A,0,NA,NA,Y,NA,Y,NA,O,05,1,0,0,0,0,0,0,0,1,-,-,NA,NA,RIVERSIDE,CATHEDRAL CITY,-116.44058990478516,33.801551818847656
9629750,2023,2023-10-31,3302,2023-09-23,744,1260,3302,6,5,3,3302,0,0,0,NA,0,002,HIGHLAND SPRINGS AV,8TH ST,0,NA,Y,A,-,N,NA,NA,NA,NA,NA,NA,NA,NA,NA,Y,3,0,1,2,A,-,12,21453,A,N,D,C,A,A,H,-,A,A,0,NA,NA,NA,NA,Y,NA,A,01,0,1,0,0,0,0,0,0,0,-,-,33.93278884887695,-116.94690704345705,RIVERSIDE,BEAUMONT,-116.94691467285156,33.93281555175781
9632551,2023,2023-11-29,3325,2023-10-11,1716,2632,3325,3,5,4,3325,0,0,0,NA,0,002,DATE PALM DR,DINAH SHORE DR,0,NA,Y,A,-,N,NA,NA,NA,NA,NA,NA,NA,NA,NA,N,1,1,0,2,A,-,11,21456,A,N,G,B,B,A,H,-,A,A,0,Y,NA,NA,NA,Y,NA,D,22,0,0,0,1,0,0,0,0,0,-,-,NA,NA,RIVERSIDE,CATHEDRAL CITY,-116.45814514160156,33.801353454589844
9635741,2023,2023-12-30,3325,2023-10-17,711,2702,3325,2,5,4,3325,0,0,0,NA,0,NA,DATE PALM DR,BARISTO RD,0,NA,Y,A,-,N,NA,NA,NA,NA,NA,NA,NA,NA,NA,Y,4,0,1,2,A,-,12,21453,A,M,D,C,A,A,H,-,A,-,0,NA,NA,NA,NA,Y,NA,A,07,0,0,1,0,0,0,0,0,0,-,-,NA,NA,RIVERSIDE,CATHEDRAL CITY,-116.4582748413086,33.819541931152344
9638709,2023,2023-11-21,3325,2023-09-27,1349,1708,3325,3,5,4,3325,0,0,0,NA,0,001,EAST PALM CANYON DR,VAN FLEET AV,231,E,N,B,-,N,NA,NA,NA,NA,NA,NA,NA,NA,NA,Y,3,0,1,1,A,-,08,22107,NA,N,E,I,A,A,H,-,A,D,0,NA,NA,NA,NA,Y,NA,A,01,0,1,0,0,0,0,0,0,0,-,-,NA,NA,RIVERSIDE,CATHEDRAL CITY,-116.46174621582033,33.77904510498047