CASE_ID,ACCIDENT_YEAR,PROC_DATE,JURIS,COLLISION_DATE,COLLISION_TIME,OFFICER_ID,REPORTING_DISTRICT,DAY_OF_WEEK,CHP_SHIFT,POPULATION,CNTY_CITY_LOC,SPECIAL_COND,BEAT_TYPE,CHP_BEAT_TYPE,CITY_DIVISION_LAPD,CHP_BEAT_CLASS,BEAT_NUMBER,PRIMARY_RD,SECONDARY_RD,DISTANCE,DIRECTION,INTERSECTION,WEATHER_1,WEATHER_2,STATE_HWY_IND,CALTRANS_COUNTY,CALTRANS_DISTRICT,STATE_ROUTE,ROUTE_SUFFIX,POSTMILE_PREFIX,POSTMILE,LOCATION_TYPE,RAMP_INTERSECTION,SIDE_OF_HWY,TOW_AWAY,COLLISION_SEVERITY,NUMBER_KILLED,NUMBER_INJURED,PARTY_COUNT,PRIMARY_COLL_FACTOR,PCF_CODE_OF_VIOL,PCF_VIOL_CATEGORY,PCF_VIOLATION,PCF_VIOL_SUBSECTION,HIT_AND_RUN,TYPE_OF_COLLISION,MVIW,PED_ACTION,ROAD_SURFACE,ROAD_COND_1,ROAD_COND_2,LIGHTING,CONTROL_DEVICE,CHP_ROAD_TYPE,PEDESTRIAN_ACCIDENT,BICYCLE_ACCIDENT,MOTORCYCLE_ACCIDENT,TRUCK_ACCIDENT,NOT_PRIVATE_PROPERTY,ALCOHOL_INVOLVED,STWD_VEHTYPE_AT_FAULT,CHP_VEHTYPE_AT_FAULT,COUNT_SEVERE_INJ,COUNT_VISIBLE_INJ,COUNT_COMPLAINT_PAIN,COUNT_PED_KILLED,COUNT_PED_INJURED,COUNT_BICYCLIST_KILLED,COUNT_BICYCLIST_INJURED,COUNT_MC_KILLED,COUNT_MC_INJURED,PRIMARY_RAMP,SECONDARY_RAMP,LATITUDE,LONGITUDE,COUNTY,CITY,POINT_X,POINT_Y
6417233,2014,2016-03-11,9840,2014-03-08,0945,18611,NA,6,1,6,3315,0,1,3,NA,2,301,RT 91,WEST 6TH ST,300,E,N,A,-,Y,RIV,8,91,-,-,4.22,H,-,W,Y,4,0,1,3,A,-,03,22350,NA,N,C,C,A,A,H,-,A,D,1,NA,NA,NA,NA,Y,NA,A,07,0,0,1,0,0,0,0,0,0,-,-,33.88081,-117.60276,RIVERSIDE,CORONA,-117.6025423,33.88039536
6418588,2014,2016-02-23,3308,2014-02-18,1602,10513,516,2,5,5,3308,0,0,0,NA,0,SOUTH,RT 74,ELK ST,382,W,N,A,-,Y,RIV,8,74,-,-,39.73,H,-,W,Y,3,0,2,2,A,-,08,22107,NA,N,B,C,A,A,H,-,A,A,0,NA,NA,NA,NA,Y,NA,A,01,0,1,1,0,0,0,0,0,0,-,-,NA,NA,RIVERSIDE,HEMET,-116.98666212,33.74751778
6420630,2014,2014-06-07,3300,2014-02-06,1207,3839,602E3,4,5,6,3394,0,0,0,NA,0,028,KITCHING ST,ALESSANDRO BL,70,S,N,B,-,N,NA,NA,NA,NA,NA,NA,NA,NA,NA,N,4,0,1,2,A,-,21,22106,NA,M,C,C,A,A,H,-,A,A,0,NA,NA,NA,NA,Y,NA,A,01,0,0,1,0,0,0,0,0,0,-,-,NA,NA,RIVERSIDE,MORENO VALLEY,-117.21761639,33.91713832
6420762,2014,2016-03-16,9655,2014-02-28,1125,17605,NA,5,1,9,3300,0,1,1,NA,2,206,RT 10,HAUGEN LEHMANN WY,6336,W,N,C,-,Y,RIV,8,10,-,R,23.35,H,-,E,Y,4,0,3,2,A,-,03,22350,NA,N,E,I,A,B,F,-,A,D,1,NA,NA,NA,NA,Y,NA,A,01,0,0,3,0,0,0,0,0,0,-,-,33.92077,-116.71261,RIVERSIDE,UNINCORPORATED,-116.70963606,33.92097732
6420917,2014,2014-08-11,3311,2014-03-10,1839,15480,NA,1,5,4,3311,0,0,0,NA,0,006,PALM CANYON DR,ARABY DR,0,NA,Y,A,-,N,NA,NA,NA,NA,NA,NA,NA,NA,NA,Y,4,0,1,2,A,-,12,21453,A,N,D,C,A,A,H,-,C,A,0,NA,NA,NA,NA,Y,NA,A,07,0,0,1,0,0,0,0,0,0,-,-,NA,NA,RIVERSIDE,PALM SPRINGS,-116.51501,33.80104008
6421187,2014,2016-03-11,9840,2014-03-16,2307,020210,NA,7,3,9,3300,0,1,3,NA,2,010,RT 60,COUNTRY VILLAGE RD,2500,W,N,A,-,Y,RIV,8,60,-,R,2.56,H,-,E,Y,4,0,2,3,A,-,03,22350,NA,N,D,C,A,A,H,-,D,D,1,NA,NA,NA,NA,Y,NA,A,01,0,0,2,0,0,0,0,0,0,-,-,34.01866,-117.51453,RIVERSIDE,UNINCORPORATED,-117.5148831,34.0184282
6422600,2014,2014-05-08,3313,2014-04-02,2153,1702,NORTH,3,5,7,3313,0,0,0,NA,0,C110,OLIVEWOOD AV,BANDINI AV,370,S,N,A,-,N,NA,NA,NA,NA,NA,NA,NA,NA,NA,Y,4,0,3,2,A,-,09,21801,A,N,B,C,A,A,H,-,C,D,0,NA,NA,NA,NA,Y,NA,A,01,0,0,3,0,0,0,0,0,0,-,-,NA,NA,RIVERSIDE,RIVERSIDE,-117.38342214,33.96272527
6423505,2014,2014-06-20,3300,2014-03-06,1603,3839,603D5,4,5,6,3394,0,0,0,NA,0,038,CAMINO ROSADA,CAMINO SONRISA,157,E,N,A,-,N,NA,NA,NA,NA,NA,NA,NA,NA,NA,N,4,0,1,2,A,-,08,22100,A,N,D,D,A,A,H,-,A,D,0,NA,NA,NA,NA,Y,NA,A,01,0,0,1,0,0,0,0,0,0,-,-,NA,NA,RIVERSIDE,MORENO VALLEY,NA,NA
6423671,2014,2014-06-30,3313,2014-03-25,1111,127,NORTH,2,5,7,3313,0,0,0,NA,0,T53,MAGNOLIA AV,CENTRAL AV,53,S,N,B,-,N,NA,NA,NA,NA,NA,NA,NA,NA,NA,Y,4,0,2,3,A,-,03,22350,NA,N,C,C,A,A,H,-,A,A,0,NA,NA,NA,NA,Y,NA,A,01,0,0,2,0,0,0,0,0,0,-,-,NA,NA,RIVERSIDE,RIVERSIDE,-117.39653619,33.9533894
6423793,2014,2016-03-17,9630,2014-03-25,1125,13270,NA,2,1,9,3300,0,1,1,NA,2,021,RT 10,COOK ST,6336,W,N,A,-,Y,RIV,8,10,-,-,45.69,H,-,W,Y,4,0,1,2,A,-,03,22350,NA,N,C,C,A,A,H,-,A,D,1,NA,NA,NA,NA,Y,NA,D,22,0,0,1,0,0,0,0,0,0,-,-,33.79569,-116.37104,RIVERSIDE,UNINCORPORATED,-116.37104349,33.79590937
6423829,2014,2014-06-25,3300,2014-03-07,2008,5055,36Q2,5,5,4,3318,0,0,0,NA,0,036,MONTEREY AV,FRED WARING DR,450,S,N,A,-,N,NA,NA,NA,NA,NA,NA,NA,NA,NA,N,3,0,1,2,A,-,08,22107,NA,F,B,C,A,A,H,-,C,D,0,NA,NA,Y,NA,Y,NA,D,22,0,1,0,0,0,0,0,0,1,-,-,NA,NA,RIVERSIDE,PALM DESERT,-116.39125,33.72739862
6425086,2014,2014-06-25,3300,2014-02-16,1823,4883,83A3,7,5,3,3305,0,0,0,NA,0,483,HARRISON ST,BAGDAD AV,151,N,N,A,-,N,NA,NA,NA,NA,NA,NA,NA,NA,NA,Y,4,0,2,4,A,-,04,21703,NA,F,C,C,A,A,H,-,C,A,0,NA,NA,NA,NA,Y,NA,A,07,0,0,2,0,0,0,0,0,0,-,-,NA,NA,RIVERSIDE,COACHELLA,-116.18167,33.67511308
6428379,2014,2016-03-11,9840,2014-03-06,1925,15800,NA,4,2,7,3313,0,1,3,NA,2,020,RT 91,VAN BUREN BL,1200,W,N,A,-,Y,RIV,8,91,-,-,13.85,H,-,E,Y,4,0,1,2,A,-,03,22350,NA,N,C,C,A,A,H,-,C,D,1,NA,NA,NA,NA,Y,NA,A,08,0,0,1,0,0,0,0,0,0,-,-,33.90098,-117.45043,RIVERSIDE,RIVERSIDE,-117.4451597,33.91287702
6429477,2014,2014-06-20,3300,2014-02-13,1447,4490,910L,4,5,5,3335,0,0,0,NA,0,064,MARGARITA RD,RANCHO VISTA RD,480,S,N,A,-,N,NA,NA,NA,NA,NA,NA,NA,NA,NA,N,3,0,1,2,A,-,11,21955,NA,N,G,B,D,A,H,-,A,D,0,Y,NA,NA,NA,Y,NA,N,60,0,1,0,0,1,0,0,0,0,-,-,NA,NA,RIVERSIDE,TEMECULA,-117.11921916,33.50081892
6429639,2014,2014-07-30,3300,2014-01-20,0800,4338,920A,1,5,4,3314,0,0,0,NA,0,070,RAMONA EXPWY,WARREN RD,3802,W,N,A,-,N,NA,NA,NA,NA,NA,NA,NA,NA,NA,Y,4,0,1,2,A,-,03,22350,NA,N,D,C,A,A,H,-,A,D,0,NA,NA,NA,NA,Y,NA,A,01,0,0,1,0,0,0,0,0,0,-,-,33.82351,-117.04597,RIVERSIDE,SAN JACINTO,-117.04417942,33.82886098
6430961,2014,2014-07-09,3300,2014-02-24,1537,N3937,T3603,1,5,4,3318,0,0,0,NA,0,T374,MONTEREY AV,FRED WARING DR,27,S,N,A,-,N,NA,NA,NA,NA,NA,NA,NA,NA,NA,Y,4,0,1,3,A,-,21,22106,NA,N,-,C,A,A,H,-,A,A,0,NA,NA,NA,NA,Y,NA,A,01,0,0,1,0,0,0,0,0,0,-,-,NA,NA,RIVERSIDE,PALM DESERT,-116.39125,33.72855612
6431129,2014,2014-07-03,3313,2014-03-21,1325,0922,RIVER,5,5,7,3313,0,0,0,NA,0,UNET,LINDEN ST,RUSTIN AV,259,W,N,A,-,N,NA,NA,NA,NA,NA,NA,NA,NA,NA,N,3,0,1,2,A,-,06,21754,NA,N,B,C,A,A,H,-,A,A,0,NA,NA,Y,NA,Y,NA,C,02,0,1,0,0,0,0,0,0,1,-,-,NA,NA,RIVERSIDE,RIVERSIDE,-117.33635175,33.97932091
6437074,2014,2014-06-27,3300,2014-02-15,1134,N3626,001C,6,5,6,3345,0,0,0,NA,0,010,RUBIDOUX BL,30TH ST,77,S,N,A,-,N,NA,NA,NA,NA,NA,NA,NA,NA,NA,N,4,0,1,2,A,-,03,22350,NA,N,C,C,A,A,H,-,A,A,0,NA,NA,NA,NA,Y,NA,A,01,0,0,1,0,0,0,0,0,0,-,-,NA,NA,RIVERSIDE,JURUPA VALLEY,-117.4009459,34.00399371
6437422,2014,2015-02-04,3300,2014-02-12,0605,2492,910R1,3,5,5,3335,0,0,0,NA,0,TE62,WINCHESTER RD,MARGARITA MEADOWS,0,NA,Y,A,-,Y,NA,NA,NA,NA,NA,NA,NA,NA,NA,Y,4,0,1,2,A,-,12,21453,A,N,D,C,A,A,H,-,B,A,0,NA,NA,NA,NA,Y,NA,-,NA,0,0,1,0,0,0,0,0,0,-,-,NA,NA,RIVERSIDE,TEMECULA,-117.15447003,33.52910001
6437853,2014,2015-02-02,9685,2014-02-16,1305,13006,NA,7,1,9,3300,0,2,4,NA,2,016,GRAND AV,BLACKWELL BL,30,S,N,A,-,N,NA,NA,NA,NA,NA,NA,NA,NA,NA,Y,4,0,1,2,A,-,08,22107,NA,N,F,A,A,A,B,-,A,A,0,NA,NA,Y,NA,Y,NA,C,02,0,0,1,0,0,0,0,0,1,-,-,NA,NA,RIVERSIDE,UNINCORPORATED,-117.34595128,33.6398008
6438106,2014,2014-07-07,9685,2014-02-17,1545,15050,NA,1,2,9,3300,0,3,5,NA,2,003,LEON RD,MAX GILLIS BL,82,S,N,A,-,N,NA,NA,NA,NA,NA,NA,NA,NA,NA,Y,4,0,2,3,A,-,03,22350,NA,N,C,C,A,A,H,-,A,A,0,NA,NA,NA,NA,Y,NA,A,01,0,0,2,0,0,0,0,0,0,-,-,33.3677,-117.726,RIVERSIDE,UNINCORPORATED,-117.12412346,33.60220608
6438114,2014,2014-07-02,9685,2014-02-10,0035,17013,NA,1,3,5,3335,0,3,5,NA,2,003,RANCHO CALIFORNIA RD,BUTTERFIELD STAGE RD,10560,E,N,A,-,N,NA,NA,NA,NA,NA,NA,NA,NA,NA,Y,3,0,1,3,A,-,01,23152,A,N,B,E,A,A,H,-,D,D,0,NA,NA,NA,NA,Y,Y,A,01,0,1,0,0,0,0,0,0,0,-,-,33.52123,-117.08953,RIVERSIDE,TEMECULA,-117.06233519,33.52951797
6440243,2014,2014-07-01,9655,2014-03-01,1953,19112,NA,6,2,9,3300,0,3,5,NA,2,003,ACACIA AV,GIRARD ST,75,W,N,B,-,N,NA,NA,NA,NA,NA,NA,NA,NA,NA,Y,3,0,1,1,A,-,01,23152,A,N,E,I,A,B,H,-,C,D,0,NA,NA,NA,NA,Y,Y,A,01,0,1,0,0,0,0,0,0,0,-,-,33.74399,-116.95614,RIVERSIDE,UNINCORPORATED,-116.95449585,33.74397902
6442136,2014,2015-03-02,3313,2014-03-29,0924,1773,N,6,5,7,3313,0,0,0,NA,0,B137,MISSION INN AV,PINE ST,15,W,N,A,-,N,NA,NA,NA,NA,NA,NA,NA,NA,NA,Y,4,0,1,2,A,-,03,22350,NA,N,C,C,A,A,H,-,A,A,0,NA,NA,NA,NA,Y,NA,D,22,0,0,1,0,0,0,0,0,0,-,-,NA,NA,RIVERSIDE,RIVERSIDE,-117.38198303,33.98674011
6442537,2014,2016-03-17,9685,2014-03-24,1640,012453,NA,1,2,4,3307,0,1,1,NA,2,010,RT 15,RAILROAD CANYON RD,255,S,N,A,-,Y,RIV,8,15,-,-,6.2,H,-,N,N,4,0,1,2,A,-,03,22350,NA,N,C,C,A,A,H,-,A,A,1,NA,NA,NA,NA,Y,NA,A,01,0,0,1,0,0,0,0,0,0,-,-,33.66257,-117.29765,RIVERSIDE,LAKE ELSINORE,-117.15937109,33.51734178
6443555,2014,2016-04-16,9660,2014-04-06,1410,20512,NA,7,2,9,3300,0,1,1,NA,2,031,RT 10,WILEY WELL RD,7392,W,N,A,-,Y,RIV,8,10,-,R,133.65,H,-,W,Y,3,0,2,1,A,-,08,22107,NA,N,E,I,A,A,H,-,A,A,1,NA,NA,NA,NA,Y,NA,A,01,0,2,0,0,0,0,0,0,0,-,-,33.60629,-114.92693,RIVERSIDE,UNINCORPORATED,-114.92582109,33.60621122
6443582,2014,2014-07-18,3300,2014-04-04,2025,4575,002V,5,5,6,3345,0,0,0,NA,0,026,LIMONITE AV,BAIN ST,1584,E,N,A,-,N,NA,NA,NA,NA,NA,NA,NA,NA,NA,N,4,0,1,2,A,-,03,22350,NA,N,C,C,A,A,D,-,D,A,0,NA,NA,NA,NA,Y,NA,-,NA,0,0,1,0,0,0,0,0,0,-,-,NA,NA,RIVERSIDE,JURUPA VALLEY,-117.50068857,33.97558141
6443646,2014,2014-07-02,3300,2014-03-31,0720,4338,920G,1,5,4,3314,0,0,0,NA,0,072,SAN JACINTO AV,7TH ST,45,N,N,A,-,N,NA,NA,NA,NA,NA,NA,NA,NA,NA,Y,4,0,1,2,A,-,03,22350,NA,N,C,C,A,A,H,-,A,D,0,NA,NA,NA,NA,Y,NA,A,01,0,0,1,0,0,0,0,0,0,-,-,NA,NA,RIVERSIDE,SAN JACINTO,-116.95886,33.78038323
6445840,2014,2014-07-02,3308,2014-02-11,1026,10217,600,2,5,5,3308,0,0,0,NA,0,NORTH,MOUNTAIN AV,SOBOBA ST,0,NA,Y,A,-,N,NA,NA,NA,NA,NA,NA,NA,NA,NA,Y,4,0,1,2,A,-,03,22350,NA,N,C,C,A,A,H,-,A,A,0,NA,NA,Y,NA,Y,NA,C,02,0,0,1,0,0,0,0,0,1,-,-,NA,NA,RIVERSIDE,HEMET,-116.91923002,33.76249002
6446128,2014,2014-07-03,9630,2014-03-31,1650,17467,NA,1,2,9,3300,0,3,5,NA,2,005,48TH AV,VAN BUREN ST,400,E,N,A,-,N,NA,NA,NA,NA,NA,NA,NA,NA,NA,N,4,0,1,2,A,-,03,22350,NA,N,C,C,A,A,H,-,A,D,0,NA,NA,NA,NA,Y,NA,A,01,0,0,1,0,0,0,0,0,0,-,-,33.70043,-116.19745,RIVERSIDE,UNINCORPORATED,-116.19771098,33.70037328
6446271,2014,2014-07-02,3300,2014-03-25,1645,2764,20B4,2,5,3,3317,0,0,0,NA,0,MO828,BOB HOPE DR,HOPE SQUARE,1232,N,N,A,-,N,NA,NA,NA,NA,NA,NA,NA,NA,NA,N,3,0,1,2,A,-,10,21950,A,N,G,B,B,A,H,-,A,A,0,Y,NA,NA,NA,Y,NA,A,08,0,1,0,0,1,0,0,0,0,-,-,NA,NA,RIVERSIDE,RANCHO MIRAGE,-116.40824,33.76309124
6446760,2014,2016-03-17,9840,2014-03-08,1629,017765,NA,6,2,4,3344,0,1,1,NA,2,011,RT 15,LIMONITE AV,235,N,N,A,-,Y,RIV,8,15,-,-,48.434,R,1,S,Y,4,0,1,2,A,-,03,22350,NA,N,B,C,A,A,H,-,A,A,1,NA,NA,Y,NA,Y,NA,C,02,0,0,1,0,0,0,0,0,1,TO,-,33.97647,-117.54946,RIVERSIDE,EASTVALE,-117.54904252,33.97770854
6446951,2014,2016-03-16,9685,2014-03-12,1630,12453,NA,3,2,9,3300,0,1,3,NA,2,011,RT 74,EL CARISO RD,204,E,N,A,-,Y,RIV,8,74,-,-,5.33,H,-,E,Y,4,0,1,2,A,-,03,22350,NA,N,C,C,A,A,H,-,-,D,0,NA,NA,NA,NA,Y,NA,A,01,0,0,1,0,0,0,0,0,0,-,-,33.64588,-117.41836,RIVERSIDE,UNINCORPORATED,-117.42194713,33.63825325
6448102,2014,2014-07-22,9685,2014-04-14,1730,12466,NA,1,2,9,3300,0,2,4,NA,2,016,GRAND AV,GREGORY PL,150,N,N,A,-,N,NA,NA,NA,NA,NA,NA,NA,NA,NA,Y,4,0,1,2,A,-,03,22350,NA,N,C,C,A,A,H,-,A,A,0,NA,NA,NA,NA,Y,NA,A,01,0,0,1,0,0,0,0,0,0,-,-,NA,NA,RIVERSIDE,UNINCORPORATED,-117.32444408,33.62649537
6448150,2014,2016-04-16,9685,2014-04-04,1255,12187,NA,5,1,4,3342,0,1,1,NA,2,030,RT 15,WINCHESTER RD,3696,N,N,B,-,Y,RIV,8,15,-,-,7.32,H,-,S,Y,4,0,1,2,A,-,03,22350,NA,N,C,C,A,A,H,-,A,D,1,NA,NA,NA,NA,Y,NA,A,01,0,0,1,0,0,0,0,0,0,-,-,33.529,-117.1678,RIVERSIDE,MURRIETA,-117.16905726,33.53127456
6451762,2014,2015-03-28,3308,2014-04-12,1940,NA,NA,6,5,5,3308,0,0,0,NA,0,NA,RT 74,LAKE ST,23,W,N,A,-,Y,RIV,8,74,-,-,43.74,H,-,W,Y,4,0,1,2,A,-,09,21801,A,N,D,C,A,A,H,-,C,D,0,NA,NA,NA,NA,Y,Y,A,01,0,0,1,0,0,0,0,0,0,-,-,33.74781,-116.91474,RIVERSIDE,HEMET,-116.91676067,33.74777483
6452091,2014,2016-03-21,9685,2014-02-21,0214,012207,NA,5,3,4,3307,0,1,1,NA,2,010,RT 15,FRANKLIN ST,110,S,N,A,-,Y,RIV,8,15,-,-,19.83,H,-,S,Y,3,0,3,2,A,-,01,23152,A,N,C,C,A,A,H,-,D,D,1,NA,NA,NA,NA,Y,Y,A,01,0,1,2,0,0,0,0,0,0,-,-,33.66824,-117.30672,RIVERSIDE,LAKE ELSINORE,-117.30745761,33.6688253
6452155,2014,2014-07-05,9685,2014-02-27,0710,015750,NA,4,1,9,3300,0,3,5,NA,2,003,MESA RD,DE PORTOLA RD,2112,S,N,C,-,N,NA,NA,NA,NA,NA,NA,NA,NA,NA,Y,4,0,1,2,A,-,03,22350,NA,N,C,C,A,B,H,-,A,D,0,NA,NA,NA,NA,Y,NA,A,01,0,0,1,0,0,0,0,0,0,-,-,33.57264,-116.98764,RIVERSIDE,UNINCORPORATED,-116.98548116,33.57192749
6453662,2014,2014-07-22,3311,2014-04-22,0807,15484,NA,2,5,4,3311,0,0,0,NA,0,002,NORTH INDIAN CANYON DR,RACQUET CLUB RD,0,NA,Y,A,-,N,NA,NA,NA,NA,NA,NA,NA,NA,NA,Y,4,0,2,3,A,-,09,21801,A,N,D,C,A,A,H,-,A,A,0,NA,NA,NA,NA,Y,NA,A,01,0,0,2,0,0,0,0,0,0,-,-,NA,NA,RIVERSIDE,PALM SPRINGS,-116.54556004,33.85211006
6454645,2014,2015-03-13,3300,2014-04-03,0153,3536,602D1,4,5,6,3394,0,0,0,NA,0,026,SUNNYMEAD BL,24630 SUNNYMEAD BL,0,NA,Y,B,-,N,NA,NA,NA,NA,NA,NA,NA,NA,NA,Y,3,0,1,1,A,-,01,23152,A,N,E,I,A,B,H,-,-,D,0,NA,NA,NA,NA,Y,Y,A,01,0,1,0,0,0,0,0,0,0,-,-,NA,NA,RIVERSIDE,MORENO VALLEY,-117.232527,33.939079
6455976,2014,2016-04-16,9840,2014-04-12,1223,016497,NA,6,1,7,3313,0,1,3,NA,2,021,RT 91,ADAMS ST,100,E,N,A,-,Y,RIV,8,91,-,-,15.65,H,-,E,N,3,0,3,2,A,-,03,22350,NA,N,C,C,A,A,H,-,A,D,1,NA,NA,NA,NA,Y,NA,D,22,0,1,2,0,0,0,0,0,0,-,-,33.92813,-117.41813,RIVERSIDE,RIVERSIDE,-117.41935637,33.92755307
6459522,2014,2016-04-18,9840,2014-05-02,1855,018498,NA,5,2,7,3313,0,1,3,NA,2,021,RT 91,CENTRAL AV,30,E,N,A,-,Y,RIV,8,91,-,-,18.598,R,1,W,N,4,0,1,2,A,-,21,22106,NA,N,C,C,A,A,H,-,A,A,1,NA,NA,NA,NA,Y,NA,A,07,0,0,1,0,0,0,0,0,0,TO,-,33.95366,-117.38446,RIVERSIDE,RIVERSIDE,-117.38174296,33.95541227
6459824,2014,2016-04-19,9840,2014-05-14,1702,12608,NA,3,2,6,3345,0,1,3,NA,2,010,RT 60,LA RUE ST,600,E,N,A,-,Y,RIV,8,60,-,-,8.92,H,-,E,Y,4,0,1,3,A,-,07,21658,A,N,B,C,A,A,H,-,A,D,1,NA,NA,NA,NA,Y,NA,A,01,0,0,1,0,0,0,0,0,0,-,-,34.00707,-117.41872,RIVERSIDE,JURUPA VALLEY,-117.41139479,34.00478193
6460778,2014,2015-06-29,3300,2014-04-18,1518,4490,NA,5,5,5,3335,0,0,0,NA,0,NA,MARGARITA RD,DE PORTOLA RD,6,S,N,A,-,N,NA,NA,NA,NA,NA,NA,NA,NA,NA,N,2,0,1,2,A,-,12,21453,A,N,D,G,A,A,H,-,A,A,0,NA,Y,NA,NA,Y,NA,L,04,1,0,0,0,0,0,1,0,0,-,-,NA,NA,RIVERSIDE,TEMECULA,-117.10299357,33.48408447
6461351,2014,2014-08-01,3313,2014-05-02,1644,0648,CENTE,5,5,7,3313,0,0,0,NA,0,AID92,TRAUTWEIN RD,ORANGE TERRACE PKWY,0,NA,Y,A,-,N,NA,NA,NA,NA,NA,NA,NA,NA,NA,Y,4,0,2,2,A,-,12,21453,A,N,D,C,A,A,H,-,A,A,0,NA,NA,NA,NA,Y,NA,-,-,0,0,2,0,0,0,0,0,0,-,-,NA,NA,RIVERSIDE,RIVERSIDE,-117.32498001,33.89478011
6461383,2014,2014-07-08,3313,2014-03-26,0626,1488,W,3,5,7,3313,0,0,0,NA,0,M20,VAN BUREN BL,CENTRAL AV,205,S,N,C,-,N,NA,NA,NA,NA,NA,NA,NA,NA,NA,Y,4,0,1,2,A,-,03,22350,NA,N,C,C,A,B,H,-,A,A,0,NA,NA,NA,NA,Y,NA,D,22,0,0,1,0,0,0,0,0,0,-,-,NA,NA,RIVERSIDE,RIVERSIDE,-117.4567,33.95522
6464235,2014,2014-07-09,9840,2014-03-19,1610,13500,NA,3,2,9,3300,0,3,5,NA,2,002,CENTER ST,STEPHENS AV,400,E,N,A,-,N,NA,NA,NA,NA,NA,NA,NA,NA,NA,Y,3,0,2,2,A,-,05,21650,NA,N,B,C,A,A,H,-,A,D,0,NA,NA,NA,NA,Y,NA,A,01,0,1,1,0,0,0,0,0,0,-,-,34.01559,-117.34284,RIVERSIDE,UNINCORPORATED,-117.34294056,34.01559265
6465268,2014,2014-07-18,9840,2014-04-01,1305,12191,NA,2,1,9,3300,0,3,5,NA,2,004,GAVILAN RD,ELDRIDGE DR,700,S,N,A,-,N,NA,NA,NA,NA,NA,NA,NA,NA,NA,Y,4,0,1,1,A,-,08,22107,NA,N,F,A,A,A,H,-,A,D,0,NA,NA,NA,NA,Y,NA,D,22,0,0,1,0,0,0,0,0,0,-,-,NA,NA,RIVERSIDE,UNINCORPORATED,-117.36216848,33.82609113
6465279,2014,2016-04-19,9840,2014-04-07,0730,013059,NA,1,1,6,3345,0,1,3,NA,2,010,RT 60,PACIFIC AV,528,W,N,A,-,Y,RIV,8,60,-,-,8.29,H,-,W,Y,4,0,1,4,A,-,03,22350,NA,F,B,C,A,A,H,-,A,D,1,NA,NA,NA,NA,Y,NA,-,99,0,0,1,0,0,0,0,0,0,-,-,34.00816,-117.42157,RIVERSIDE,JURUPA VALLEY,-117.42155472,34.00808852
6465413,2014,2016-04-16,9840,2014-04-11,2327,19165,NA,5,3,7,3313,0,1,3,NA,2,030,RT 91,SERFAS CLUB DR,3700,W,N,A,-,Y,RIV,8,91,-,R,3.01,H,-,W,Y,3,0,1,2,A,-,01,23152,A,M,B,C,A,A,H,-,C,D,1,NA,NA,NA,NA,Y,Y,A,08,0,1,0,0,0,0,0,0,0,-,-,33.88251,-117.62341,RIVERSIDE,RIVERSIDE,-117.62493935,33.8829502
6465437,2014,2016-04-16,9840,2014-04-01,1205,14868,NA,2,1,7,3313,0,1,3,NA,2,021,RT 91,14TH ST,100,W,N,A,-,Y,RIV,8,91,-,-,19.98,H,-,W,Y,4,0,2,3,A,-,03,22350,NA,F,C,C,A,A,D,-,A,D,1,NA,NA,NA,NA,Y,NA,A,07,0,0,2,0,0,0,0,0,0,-,-,33.97335,-117.37359,RIVERSIDE,RIVERSIDE,-117.37348783,33.97353082
6465460,2014,2016-04-16,9840,2014-04-08,1650,013059,NA,2,2,6,3315,0,1,1,NA,2,034,RT 15,CAJALCO RD,2112,N,N,A,-,Y,RIV,8,15,-,-,37.21,H,-,S,Y,3,0,1,2,A,-,07,21658,A,N,C,C,A,A,H,-,A,D,1,NA,NA,Y,NA,Y,NA,C,02,0,1,0,0,0,0,0,0,1,-,-,33.81688,-117.51301,RIVERSIDE,CORONA,-117.52346078,33.82504557
6467404,2014,2014-07-21,3313,2014-04-08,1111,127,CENTE,2,5,7,3313,0,0,0,NA,0,T53,VICTORIA AV,WASHINGTON ST,279,E,N,A,-,N,NA,NA,NA,NA,NA,NA,NA,NA,NA,Y,3,0,1,1,A,-,08,22107,NA,N,E,I,A,A,H,-,A,D,0,NA,NA,NA,NA,Y,NA,A,07,0,1,0,0,0,0,0,0,0,-,-,NA,NA,RIVERSIDE,RIVERSIDE,-117.38857267,33.93054107
6467408,2014,2014-07-21,3313,2014-04-10,0838,102,NPC,4,5,7,3313,0,0,0,NA,0,M38,OLIVEWOOD AV,BOXWOOD PL,45,S,N,A,-,N,NA,NA,NA,NA,NA,NA,NA,NA,NA,N,4,0,1,2,A,-,09,21804,A,N,D,C,A,A,H,-,A,D,0,NA,NA,NA,NA,Y,NA,A,01,0,0,1,0,0,0,0,0,0,-,-,NA,NA,RIVERSIDE,RIVERSIDE,-117.37920932,33.96671107
6467440,2014,2016-04-16,9630,2014-04-11,1455,019860,NA,5,2,9,3300,0,1,1,NA,2,302,RT 10,BOX CANYON RD,5808,E,N,A,-,Y,RIV,8,10,-,R,82.65,H,-,E,Y,2,0,2,1,A,-,08,22107,NA,N,F,A,A,A,H,-,A,D,1,NA,NA,NA,NA,Y,NA,A,07,1,0,1,0,0,0,0,0,0,-,-,33.65993,-115.78271,RIVERSIDE,UNINCORPORATED,-115.78305916,33.65996098
6468924,2014,2014-07-18,3313,2014-04-06,1428,1680,E,7,5,7,3313,0,0,0,NA,0,B237,VAN BUREN BL,TRAUTWEIN RD,175,W,N,A,-,N,NA,NA,NA,NA,NA,NA,NA,NA,NA,Y,4,0,1,2,A,-,04,21703,NA,N,C,C,A,A,H,-,A,A,0,NA,NA,NA,NA,Y,NA,D,22,0,0,1,0,0,0,0,0,0,-,-,NA,NA,RIVERSIDE,RIVERSIDE,-117.32480904,33.88840819
6469519,2014,2014-07-09,3300,2014-03-16,2010,4741,507B,7,5,5,3341,0,0,0,NA,0,057,NEWPORT RD,ANTELOPE RD,0,NA,Y,A,-,N,NA,NA,NA,NA,NA,NA,NA,NA,NA,N,3,0,1,2,A,-,11,21950,B,N,G,B,A,A,H,-,C,A,0,NA,Y,NA,NA,Y,NA,L,04,0,1,0,0,0,0,1,0,0,-,-,NA,NA,RIVERSIDE,MENIFEE,-117.16723006,33.68509003
6469579,2014,2014-07-24,3300,2014-04-07,1507,4831,24C4,1,5,3,3317,0,0,0,NA,0,024,MONTEREY AV,MARKET PL,223,S,N,A,-,N,NA,NA,NA,NA,NA,NA,NA,NA,NA,Y,4,0,2,3,A,-,03,22350,NA,N,C,C,A,A,H,-,A,A,0,NA,NA,NA,NA,Y,NA,A,01,0,0,2,0,0,0,0,0,0,-,-,NA,NA,RIVERSIDE,RANCHO MIRAGE,-116.388068,33.798559