CASE_ID,ACCIDENT_YEAR,PROC_DATE,JURIS,COLLISION_DATE,COLLISION_TIME,OFFICER_ID,REPORTING_DISTRICT,DAY_OF_WEEK,CHP_SHIFT,POPULATION,CNTY_CITY_LOC,SPECIAL_COND,BEAT_TYPE,CHP_BEAT_TYPE,CITY_DIVISION_LAPD,CHP_BEAT_CLASS,BEAT_NUMBER,PRIMARY_RD,SECONDARY_RD,DISTANCE,DIRECTION,INTERSECTION,WEATHER_1,WEATHER_2,STATE_HWY_IND,CALTRANS_COUNTY,CALTRANS_DISTRICT,STATE_ROUTE,ROUTE_SUFFIX,POSTMILE_PREFIX,POSTMILE,LOCATION_TYPE,RAMP_INTERSECTION,SIDE_OF_HWY,TOW_AWAY,COLLISION_SEVERITY,NUMBER_KILLED,NUMBER_INJURED,PARTY_COUNT,PRIMARY_COLL_FACTOR,PCF_CODE_OF_VIOL,PCF_VIOL_CATEGORY,PCF_VIOLATION,PCF_VIOL_SUBSECTION,HIT_AND_RUN,TYPE_OF_COLLISION,MVIW,PED_ACTION,ROAD_SURFACE,ROAD_COND_1,ROAD_COND_2,LIGHTING,CONTROL_DEVICE,CHP_ROAD_TYPE,PEDESTRIAN_ACCIDENT,BICYCLE_ACCIDENT,MOTORCYCLE_ACCIDENT,TRUCK_ACCIDENT,NOT_PRIVATE_PROPERTY,ALCOHOL_INVOLVED,STWD_VEHTYPE_AT_FAULT,CHP_VEHTYPE_AT_FAULT,COUNT_SEVERE_INJ,COUNT_VISIBLE_INJ,COUNT_COMPLAINT_PAIN,COUNT_PED_KILLED,COUNT_PED_INJURED,COUNT_BICYCLIST_KILLED,COUNT_BICYCLIST_INJURED,COUNT_MC_KILLED,COUNT_MC_INJURED,PRIMARY_RAMP,SECONDARY_RAMP,LATITUDE,LONGITUDE,COUNTY,CITY,POINT_X,POINT_Y
6996100,2015,2015-08-04,3308,2015-07-08,2139,10514,547,3,5,5,3308,0,0,0,NA,0,SOUTH,STETSON AV,BUENA VISTA ST,286,W,N,A,-,N,NA,NA,NA,NA,NA,NA,NA,NA,NA,Y,4,0,2,2,A,-,01,23152,A,N,C,C,A,A,H,-,C,D,0,NA,NA,NA,NA,Y,Y,A,01,0,0,2,0,0,0,0,0,0,-,-,NA,NA,RIVERSIDE,HEMET,-116.96813727,33.72941198
6997061,2015,2015-08-10,3308,2015-06-23,1022,10530,296,2,5,5,3308,0,0,0,NA,0,NORTH,STATE ST,FRUITVALE AV,722,N,N,A,-,N,NA,NA,NA,NA,NA,NA,NA,NA,NA,Y,3,0,2,3,A,-,09,21804,A,N,D,C,A,A,H,-,A,D,0,NA,NA,NA,NA,Y,NA,A,01,0,1,1,0,0,0,0,0,0,-,-,NA,NA,RIVERSIDE,HEMET,-116.97182832,33.76400718
6997083,2015,2015-08-04,3300,2015-03-06,1316,N4224,603B5,5,5,6,3394,0,0,0,NA,0,034,PERRIS BL,NORTHERN DANCER DR,0,NA,Y,A,-,N,NA,NA,NA,NA,NA,NA,NA,NA,NA,Y,4,0,1,3,A,-,03,22350,NA,M,C,C,A,A,H,-,A,A,0,NA,NA,NA,NA,Y,NA,A,01,0,0,1,0,0,0,0,0,0,-,-,NA,NA,RIVERSIDE,MORENO VALLEY,-117.22617008,33.87788009
6997876,2015,2015-08-29,9840,2015-07-15,0745,14916,NA,3,1,9,3300,0,2,4,NA,2,045,CAJALCO RD,ALEXANDER ST,200,E,N,A,-,N,NA,NA,NA,NA,NA,NA,NA,NA,NA,N,4,0,5,4,A,-,03,22350,NA,N,C,C,A,A,H,-,A,D,0,NA,NA,NA,NA,Y,NA,A,07,0,0,5,0,0,0,0,0,0,-,-,33.83703,-117.30381,RIVERSIDE,UNINCORPORATED,-117.30444351,33.83705021
6999153,2015,2017-01-03,9685,2015-07-07,1630,013376,NA,2,2,4,3307,0,1,1,NA,2,010,RT 15,DIAMOND DR,881,S,N,B,-,Y,RIV,8,15,-,-,18.937,R,1,N,Y,4,0,1,2,A,-,03,22350,NA,N,C,C,A,A,H,-,A,D,1,NA,NA,NA,NA,Y,NA,A,01,0,0,1,0,0,0,0,0,0,-,-,NA,NA,RIVERSIDE,LAKE ELSINORE,-117.29613418,33.65993997
7004772,2015,2015-08-18,9655,2015-07-26,0355,020669,NA,7,3,9,3300,0,3,5,NA,2,003,MAYBERRY AV,DARTMOUTH ST,132,E,N,A,-,N,NA,NA,NA,NA,NA,NA,NA,NA,NA,Y,4,0,1,1,A,-,08,22107,NA,F,E,I,A,A,H,-,C,D,0,NA,NA,NA,NA,Y,NA,A,01,0,0,1,0,0,0,0,0,0,-,-,33.7404,-116.93641,RIVERSIDE,UNINCORPORATED,-116.93642738,33.74044564
7004796,2015,2017-01-14,9655,2015-07-27,0910,015892,NA,1,1,9,3300,0,1,3,NA,1,118,RT 74,PALM CANYON RD,4752,W,N,A,-,Y,RIV,8,74,-,-,78.85,H,-,W,Y,4,0,1,1,A,-,08,22107,NA,N,E,I,A,A,H,-,A,D,0,NA,NA,NA,NA,Y,NA,A,07,0,0,1,0,0,0,0,0,0,-,-,33.57694,-116.48258,RIVERSIDE,UNINCORPORATED,-116.4824256,33.5773347
7004806,2015,2016-06-14,9685,2015-06-14,1955,16113,NA,7,2,9,3300,0,3,5,NA,2,003,SAGE RD,EAST BENTON RD,4752,S,N,A,-,N,NA,NA,NA,NA,NA,NA,NA,NA,NA,Y,3,0,1,1,A,-,08,22107,NA,N,F,I,A,A,H,-,B,D,0,NA,NA,NA,NA,Y,NA,A,07,0,1,0,0,0,0,0,0,0,-,-,33.57283,-117.92246,RIVERSIDE,UNINCORPORATED,-116.92371151,33.5722765
7005342,2015,2016-11-28,9840,2015-06-30,1220,013950,NA,2,1,6,3315,0,1,3,NA,2,311,RT 91,PROMENADE AV,120,W,N,A,-,Y,RIV,8,91,-,-,8.05,H,-,W,Y,3,0,1,1,A,-,03,22350,NA,N,F,A,A,A,D,-,A,D,1,NA,NA,Y,NA,Y,NA,C,02,0,1,0,0,0,0,0,0,1,-,-,NA,NA,RIVERSIDE,CORONA,-117.53716865,33.8835305
7005881,2015,2015-07-25,3302,2015-06-17,2500,727,3302,3,5,3,3302,0,0,0,NA,0,002,HIGHLAND SPRINGS AV,STARLIGHT AV,14,S,N,A,-,N,NA,NA,NA,NA,NA,NA,NA,NA,NA,N,4,0,2,1,A,-,03,22350,NA,N,A,I,A,A,H,-,A,A,0,NA,NA,NA,NA,Y,NA,A,01,0,0,2,0,0,0,0,0,0,-,-,NA,NA,RIVERSIDE,BEAUMONT,-116.94697,33.93698166
7006107,2015,2015-08-26,9655,2015-07-14,1010,15795,NA,2,1,9,3300,0,3,5,NA,2,002,SAN TIMOTEO CANYON RD,PALMER AV,5280,N,N,A,-,N,NA,NA,NA,NA,NA,NA,NA,NA,NA,Y,1,1,0,1,A,-,08,22107,NA,N,E,I,A,A,H,-,A,D,0,NA,NA,NA,NA,Y,Y,D,22,0,0,0,0,0,0,0,0,0,-,-,33.96462,-117.07096,RIVERSIDE,UNINCORPORATED,NA,NA
7006371,2015,2015-12-23,9840,2015-04-17,0940,13500,RSC,5,1,6,3345,0,1,1,NA,2,011,RT 15,RT 60,428,S,N,A,-,Y,RIV,8,15,-,-,51.37,H,-,N,Y,1,1,1,3,A,-,03,22350,NA,N,C,C,A,A,H,-,A,D,1,NA,NA,NA,NA,Y,NA,A,07,0,1,0,0,0,0,0,0,0,-,-,34.02063,-117.55011,RIVERSIDE,JURUPA VALLEY,-117.55007075,34.02037775
7006448,2015,2016-01-15,3300,2015-12-06,0415,3481,920H,7,5,4,3314,0,0,0,NA,0,074,ESPLANADE AV,VILLINES AV,335,E,N,A,-,N,NA,NA,NA,NA,NA,NA,NA,NA,NA,Y,1,1,0,1,A,-,08,22107,NA,N,E,I,A,A,H,-,C,D,0,NA,NA,NA,NA,Y,NA,A,07,0,0,0,0,0,0,0,0,0,-,-,33.7694,-116.93611,RIVERSIDE,SAN JACINTO,-116.93496173,33.76940135
7006530,2015,2017-03-20,3311,2015-10-17,0152,15484,NA,6,5,4,3311,0,0,0,NA,0,003,TAHQUITZ CANYON WY,SUNRISE WY,0,NA,Y,C,-,N,NA,NA,NA,NA,NA,NA,NA,NA,NA,Y,1,1,2,2,A,-,12,21453,A,N,D,C,A,B,H,-,C,A,0,NA,NA,NA,NA,Y,NA,-,-,1,1,0,0,0,0,0,0,0,-,-,NA,NA,RIVERSIDE,PALM SPRINGS,-116.52824005,33.82318009
7008244,2015,2015-08-19,3300,2015-07-21,1530,3613,507C,2,5,5,3341,0,0,0,NA,0,057,NEWPORT RD,MENIFEE RD,158,E,N,A,-,N,NA,NA,NA,NA,NA,NA,NA,NA,NA,Y,3,0,3,2,A,-,03,22350,NA,N,C,C,A,A,H,-,A,A,0,NA,NA,NA,NA,Y,NA,A,01,0,1,2,0,0,0,0,0,0,-,-,NA,NA,RIVERSIDE,MENIFEE,-117.1532923,33.68511
7010596,2015,2017-01-10,9840,2015-07-07,1610,16285,NA,2,2,6,3345,0,1,3,NA,2,010,RT 60,LA RUE ST,2000,W,N,A,-,Y,RIV,8,60,-,-,8.43,H,-,E,N,4,0,1,3,A,-,04,21703,NA,N,C,C,A,A,H,-,A,D,1,NA,NA,NA,NA,Y,NA,A,01,0,0,1,0,0,0,0,0,0,-,-,NA,NA,RIVERSIDE,JURUPA VALLEY,-117.41938685,34.0072102
7010702,2015,2017-01-14,3300,2015-07-10,1036,N4575,505A,5,5,5,3341,0,0,0,NA,0,055,RT 74,MENIFEE RD,79,E,N,B,-,Y,RIV,8,74,-,-,29.83,H,-,W,Y,3,0,3,4,A,-,03,22350,NA,N,C,C,A,A,H,-,A,A,0,NA,NA,NA,NA,Y,NA,A,07,0,1,2,0,0,0,0,0,0,-,-,NA,NA,RIVERSIDE,MENIFEE,-117.15356191,33.74316984
7010826,2015,2015-08-05,3300,2015-06-03,1355,N5539,905D,3,5,4,3307,0,0,0,NA,0,091,AUTO CENTER DR,SAN JACINTO RIVER RD,0,NA,Y,A,-,N,NA,NA,NA,NA,NA,NA,NA,NA,NA,N,4,0,1,2,A,-,09,21804,A,N,D,C,A,A,H,-,A,D,0,NA,NA,NA,NA,Y,NA,A,01,0,0,1,0,0,0,0,0,0,-,-,NA,NA,RIVERSIDE,LAKE ELSINORE,-117.30048013,33.66123008
7011032,2015,2015-08-10,3313,2015-07-17,1935,1762,N,5,5,7,3313,0,0,0,NA,0,T44,OLIVEWOOD AV,PANORAMA RD,0,NA,Y,A,-,N,NA,NA,NA,NA,NA,NA,NA,NA,NA,Y,3,0,1,1,A,-,03,22350,NA,N,E,I,A,A,H,-,A,A,0,NA,NA,NA,NA,Y,NA,A,01,0,1,0,0,0,0,0,0,0,-,-,NA,NA,RIVERSIDE,RIVERSIDE,-117.38152002,33.96473005
7011776,2015,2017-01-14,9655,2015-07-25,1510,15892,NA,6,2,9,3300,0,1,3,NA,1,116,RT 74,MCCALL PARK RD,4752,W,N,A,-,Y,RIV,8,74,-,-,57.98,H,-,W,Y,4,0,1,1,A,-,08,22107,NA,N,E,I,A,A,H,-,A,D,0,NA,NA,Y,NA,Y,NA,C,02,0,0,1,0,0,0,0,0,1,-,-,33.70143,-116.74304,RIVERSIDE,UNINCORPORATED,-116.74296073,33.70131121
7011851,2015,2017-01-14,3311,2015-07-23,0911,15093,NA,4,5,4,3311,0,0,0,NA,0,004,FARRELL DR,RT 111,0,NA,Y,A,-,Y,RIV,8,111,-,T,52.371,I,6,S,N,4,0,2,2,A,-,03,22350,NA,N,B,C,A,A,H,-,A,A,0,NA,NA,NA,NA,Y,NA,A,01,0,0,2,0,0,0,0,0,0,-,-,NA,NA,RIVERSIDE,PALM SPRINGS,-116.51941387,33.84489193
7012171,2015,2015-08-08,3300,2015-06-18,1803,4050,011D,4,5,4,3344,0,0,0,NA,0,060,HAMNER AV,RIVERSIDE DR,1262,S,N,A,-,N,NA,NA,NA,NA,NA,NA,NA,NA,NA,Y,4,0,1,2,A,-,01,23152,A,N,D,C,A,A,H,-,A,D,0,NA,NA,NA,NA,Y,Y,A,01,0,0,1,0,0,0,0,0,0,-,-,NA,NA,RIVERSIDE,EASTVALE,-117.55828443,34.0154316
7012251,2015,2017-01-20,9840,2015-07-11,0300,019844,NA,6,3,6,3315,0,1,1,NA,2,034,RT 15,ONTARIO AV,750,S,N,A,-,Y,RIV,8,15,-,-,38.55,H,-,N,Y,4,0,1,1,A,-,01,23152,A,N,E,I,A,A,D,-,D,D,1,NA,NA,NA,NA,Y,Y,A,01,0,0,1,0,0,0,0,0,0,-,-,33.84118,-117.53428,RIVERSIDE,CORONA,-117.53453828,33.8416137
7014798,2015,2017-01-10,9840,2015-07-27,1500,016619,NA,1,2,9,3300,0,1,1,NA,2,231,RT 215,CENTRAL AV,1056,S,N,A,-,Y,RIV,8,215,-,-,39.28,H,-,N,Y,4,0,2,2,A,-,08,22107,NA,N,B,C,A,A,H,-,A,D,1,NA,NA,NA,NA,Y,NA,D,22,0,0,2,0,0,0,0,0,0,-,-,33.95621,-117.3063,RIVERSIDE,UNINCORPORATED,-117.30677817,33.95692201
7015865,2015,2015-08-25,3311,2015-07-29,1131,15648,NA,3,5,4,3311,0,0,0,NA,0,004,GENE AUTRY TRL,VIA ESCUELA,1140,N,N,A,-,N,NA,NA,NA,NA,NA,NA,NA,NA,NA,Y,4,0,1,1,C,-,18,NA,NA,N,F,J,A,A,H,-,A,D,0,NA,NA,NA,NA,Y,NA,-,-,0,0,1,0,0,0,0,0,0,-,-,NA,NA,RIVERSIDE,PALM SPRINGS,-116.50585815,33.85162991
7018293,2015,2015-09-10,3306,2015-05-04,0722,124,3306,1,5,3,3306,0,0,0,NA,0,NA,PALM DR,CAMINO AVENTURA,231,N,N,A,-,N,NA,NA,NA,NA,NA,NA,NA,NA,NA,Y,4,0,1,2,A,-,09,21801,A,N,B,C,A,A,H,-,A,A,0,NA,NA,NA,NA,Y,NA,D,22,0,0,1,0,0,0,0,0,0,-,-,NA,NA,RIVERSIDE,DESERT HOT SPRINGS,-116.50169726,33.93280202
7022002,2015,2017-01-14,9840,2015-07-21,0645,018611,NA,2,1,6,3315,0,1,3,NA,2,311,RT 91,W GRAND AV,335,W,N,B,-,Y,RIV,8,91,-,-,5.96,H,-,W,Y,3,0,1,2,A,-,07,21658,A,N,B,C,A,A,D,-,A,D,1,NA,NA,Y,NA,Y,NA,C,02,0,1,0,0,0,0,0,0,1,-,-,33.88055,-117.57342,RIVERSIDE,CORONA,-117.57258374,33.88085206
7022021,2015,2017-01-14,9840,2015-07-25,2340,019242,NA,6,3,9,3300,0,1,3,NA,2,030,RT 91,RT 71,300,W,N,A,-,Y,RIV,8,91,-,R,2.03,H,-,E,Y,3,0,1,2,A,-,07,21658,A,N,B,C,A,A,D,-,D,D,1,NA,NA,Y,NA,Y,NA,A,01,0,1,0,0,0,0,0,0,1,-,-,33.88137,-117.61895,RIVERSIDE,UNINCORPORATED,-117.64125788,33.88324694
7023300,2015,2015-08-15,3300,2015-06-22,1035,4629,901B,1,5,4,3310,0,0,0,NA,0,050,HAMNER AV,CITRUS ST,1785,S,N,A,-,N,NA,NA,NA,NA,NA,NA,NA,NA,NA,Y,4,0,1,2,A,-,03,22350,NA,N,C,C,A,A,H,-,A,D,0,NA,NA,NA,NA,Y,NA,A,01,0,0,1,0,0,0,0,0,0,-,-,NA,NA,RIVERSIDE,NORCO,-117.55831,33.94692842
7023910,2015,2015-08-25,3300,2015-07-04,0156,5035,82C8,6,5,3,3305,0,0,0,NA,0,082,TYLER ST,TYLER LN,430,N,N,A,-,N,NA,NA,NA,NA,NA,NA,NA,NA,NA,Y,3,0,2,3,A,-,01,23152,NA,N,C,E,A,A,H,-,D,D,0,NA,NA,NA,NA,Y,Y,A,01,0,1,1,0,0,0,0,0,0,-,-,NA,NA,RIVERSIDE,COACHELLA,-116.1642,33.66070624
7024389,2015,2015-08-20,3300,2015-08-04,0611,4767,916D,2,5,4,3312,0,0,0,NA,0,035,SAN JACINTO AV,MURRIETA RD,2500,E,N,A,-,N,NA,NA,NA,NA,NA,NA,NA,NA,NA,Y,4,0,1,1,A,-,03,22350,NA,N,A,I,A,A,H,-,A,D,0,NA,NA,NA,NA,Y,NA,A,01,0,0,1,0,0,0,0,0,0,-,-,NA,NA,RIVERSIDE,PERRIS,-117.200459,33.786636
7024825,2015,2016-07-26,3300,2015-07-30,2020,N6168,87F1,4,5,2,3316,0,0,0,NA,0,087,RT 111,MILES AV,1133,E,N,C,-,N,NA,NA,NA,NA,NA,NA,NA,NA,NA,N,4,0,2,1,A,-,03,22350,NA,N,E,J,A,B,C,-,C,A,0,NA,NA,NA,NA,Y,NA,I,19,0,0,2,0,0,0,0,0,0,-,-,NA,NA,RIVERSIDE,INDIAN WELLS,-116.31397438,33.720593
7028923,2015,2015-09-14,3313,2015-08-04,1400,0634,RIVER,2,5,7,3313,0,0,0,NA,0,M14,MAGNOLIA AV,CORTEZ ST,0,NA,Y,A,-,N,NA,NA,NA,NA,NA,NA,NA,NA,NA,N,4,0,1,2,A,-,12,21453,A,N,D,C,A,A,H,-,A,A,0,NA,NA,NA,NA,Y,NA,-,NA,0,0,1,0,0,0,0,0,0,-,-,NA,NA,RIVERSIDE,RIVERSIDE,-117.41245005,33.93981008
7030573,2015,2017-01-14,3308,2015-08-03,0829,6955,517,1,5,5,3308,0,0,0,NA,0,NORTH,FLORIDA AV,STATE ST,0,NA,Y,A,-,Y,RIV,8,74,-,-,40.588,I,5,W,Y,4,0,2,3,A,-,08,22107,NA,N,B,C,A,A,H,-,A,A,0,NA,NA,NA,NA,Y,NA,A,01,0,0,2,0,0,0,0,0,0,-,-,NA,NA,RIVERSIDE,HEMET,-116.97169369,33.74760844
7031089,2015,2015-09-01,3300,2015-07-31,0830,3216,011F,5,5,4,3344,0,0,0,NA,0,060,LIMONITE AV,MULAN ST,10,W,N,A,-,N,NA,NA,NA,NA,NA,NA,NA,NA,NA,N,4,0,1,2,A,-,03,22350,NA,N,C,C,A,A,H,-,A,A,0,NA,NA,NA,NA,Y,NA,A,01,0,0,1,0,0,0,0,0,0,-,-,NA,NA,RIVERSIDE,EASTVALE,-117.57123289,33.97531
7031949,2015,2017-01-14,9655,2015-08-17,1100,15795,NA,1,1,9,3300,0,1,3,NA,2,213,RT 79,GILMAN SPRINGS RD,6330,N,N,A,-,Y,RIV,8,79,-,R,35.07,H,-,N,Y,3,0,1,2,A,-,08,22107,NA,N,C,C,A,A,H,-,A,D,0,NA,NA,NA,Y,Y,NA,A,01,0,1,0,0,0,0,0,0,0,-,-,33.86273,-117.00782,RIVERSIDE,UNINCORPORATED,-117.00793517,33.86263757
7033032,2015,2017-01-10,9840,2015-07-30,1715,11368,NA,4,2,6,3394,0,1,3,NA,2,025,RT 60,FREDERICK ST,500,E,N,B,-,Y,RIV,8,60,-,-,14.44,H,-,E,N,4,0,1,2,A,-,03,22350,NA,N,C,C,A,A,H,-,A,D,1,NA,NA,NA,NA,Y,NA,A,01,0,0,1,0,0,0,0,0,0,-,-,33.94072,-117.258,RIVERSIDE,MORENO VALLEY,-117.25963902,33.9407544
7033065,2015,2017-01-10,9840,2015-08-03,1745,019874,NA,1,2,6,3394,0,1,3,NA,2,025,RT 60,DAY ST,200,E,N,A,-,Y,RIV,8,60,-,-,13.36,H,-,W,Y,3,0,2,4,A,-,07,21658,A,N,B,C,A,A,H,-,A,D,1,NA,NA,NA,NA,Y,NA,A,08,0,1,1,0,0,0,0,0,0,-,-,33.943,-117.28019,RIVERSIDE,MORENO VALLEY,-117.27829471,33.94261938
7033112,2015,2017-01-14,9840,2015-08-08,2230,019874,NA,6,3,7,3313,0,1,3,NA,2,020,RT 91,PIERCE ST,115,W,N,A,-,Y,RIV,8,91,-,-,10.606,R,1,E,Y,4,0,2,2,A,-,03,22350,NA,N,C,C,A,A,H,-,C,D,1,NA,NA,NA,NA,Y,NA,A,01,0,0,2,0,0,0,0,0,0,TO,-,33.89676,-117.49294,RIVERSIDE,RIVERSIDE,-117.49629501,33.8963906
7033223,2015,2017-01-10,9840,2015-07-31,1353,18248,NA,5,1,9,3300,0,1,1,NA,2,040,RT 215,CACTUS AV,528,N,N,B,-,Y,RIV,8,215,-,R,35.96,H,-,N,N,4,0,1,2,A,-,03,22350,NA,N,C,C,A,A,H,-,A,D,1,NA,NA,NA,NA,Y,NA,A,07,0,0,1,0,0,0,0,0,0,-,-,33.91099,-117.2828,RIVERSIDE,UNINCORPORATED,-117.28293048,33.9112548
7036764,2015,2015-08-28,9630,2015-07-22,1740,019153,NA,3,2,9,3300,0,3,5,NA,2,002,42ND AV,HERMITAGE DR,0,NA,Y,A,-,N,NA,NA,NA,NA,NA,NA,NA,NA,NA,Y,4,0,3,2,A,-,09,21801,A,N,D,C,A,A,C,-,A,C,0,NA,NA,NA,NA,Y,NA,A,01,0,0,3,0,0,0,0,0,0,-,-,33.74396,-116.28418,RIVERSIDE,UNINCORPORATED,-116.28413008,33.7438301
7036845,2015,2017-01-14,9630,2015-08-02,0035,19860,NA,7,3,9,3300,0,3,5,NA,2,003,FRONTAGE RD,RT 10,0,NA,Y,A,-,Y,RIV,8,10,-,R,75.081,R,4,E,Y,4,0,1,1,A,-,03,22350,NA,N,E,I,A,A,H,-,C,A,1,NA,NA,NA,Y,Y,NA,G,25,0,0,1,0,0,0,0,0,0,-,TO,33.66826,-115.91183,RIVERSIDE,UNINCORPORATED,-115.91368399,33.66956337
7038788,2015,2015-09-10,9630,2015-08-06,1645,20883,NA,4,2,9,3300,0,2,4,NA,2,026,DILLON RD,AVENIDA MANZANA,240,E,N,A,-,N,NA,NA,NA,NA,NA,NA,NA,NA,NA,Y,4,0,1,2,A,-,08,22107,NA,N,D,C,A,A,H,-,A,D,0,NA,NA,NA,NA,Y,NA,A,01,0,0,1,0,0,0,0,0,0,-,-,NA,NA,RIVERSIDE,UNINCORPORATED,-116.49240208,33.92497
7038822,2015,2017-01-03,9685,2015-08-16,1415,16502,NA,7,2,5,3335,0,1,1,NA,2,030,RT 15,RANCHO CALIFORNIA RD,1000,N,N,A,-,Y,RIV,8,15,-,-,5.17,H,-,N,Y,4,0,3,4,A,-,03,22350,NA,N,C,C,A,A,H,-,A,D,1,NA,NA,NA,NA,Y,NA,D,22,0,0,3,0,0,0,0,0,0,-,-,33.50857,-117.15492,RIVERSIDE,TEMECULA,-117.15243427,33.50354656
7038842,2015,2017-01-25,9685,2015-08-11,1035,17285,NA,2,1,4,3342,0,1,1,NA,2,034,RT 215,LOS ALAMOS RD,1427,N,N,A,-,Y,RIV,8,215,-,R,10.92,H,-,S,Y,4,0,1,2,A,-,07,21658,A,N,C,D,A,A,H,-,A,D,1,NA,NA,NA,Y,Y,NA,A,01,0,0,1,0,0,0,0,0,0,-,-,33.57412,-117.18115,RIVERSIDE,MURRIETA,-117.18101084,33.57682988
7039324,2015,2017-01-25,9840,2015-08-12,0800,16090,NA,3,1,7,3313,0,1,1,NA,2,023,RT 215,CENTRAL AV,2640,N,N,A,-,Y,RIV,8,215,-,-,39.98,H,-,N,N,4,0,1,2,A,-,03,22350,NA,N,C,C,A,A,H,-,A,D,1,NA,NA,NA,NA,Y,NA,A,01,0,0,1,0,0,0,0,0,0,-,-,33.96744,-117.32715,RIVERSIDE,RIVERSIDE,-117.31693702,33.9608709
7039362,2015,2017-01-14,9685,2015-08-13,2050,016185,NA,4,2,9,3300,0,1,3,NA,1,031,RT 79,SCOTT RD,0,NA,Y,-,-,Y,RIV,8,79,-,R,12.244,I,5,S,Y,4,0,2,2,A,-,12,21453,A,N,D,C,A,A,H,-,C,A,0,NA,NA,NA,NA,Y,NA,A,01,0,0,2,0,0,0,0,0,0,-,-,NA,NA,RIVERSIDE,UNINCORPORATED,-117.08483218,33.64000648
7039366,2015,2017-01-10,9685,2015-08-09,0049,015654,NA,7,3,9,3300,0,1,1,NA,2,034,RT 215,SCOTT RD,3696,S,N,A,-,Y,RIV,8,215,-,R,14.82,H,-,N,Y,3,0,3,2,A,-,03,22350,NA,N,C,C,A,A,H,-,D,D,1,NA,NA,NA,NA,Y,NA,A,01,0,1,2,0,0,0,0,0,0,-,-,33.63052,-117.17101,RIVERSIDE,UNINCORPORATED,-117.17103449,33.63145008
7039468,2015,2015-09-10,9840,2015-08-01,0001,17817,NA,6,3,9,3300,0,2,4,NA,2,045,CAJALCO RD,BROWN ST,350,E,N,A,-,N,NA,NA,NA,NA,NA,NA,NA,NA,NA,Y,3,0,1,2,A,-,01,23152,A,N,B,C,A,A,H,-,C,D,0,NA,NA,NA,NA,Y,Y,A,01,0,1,0,0,0,0,0,0,0,-,-,NA,NA,RIVERSIDE,UNINCORPORATED,-117.29523134,33.83715238
7040370,2015,2015-09-17,3311,2015-08-15,2125,15896,NA,6,5,4,3311,0,0,0,NA,0,001,NORTH INDIAN CANYON DR,PALM SPRINGS STATION RD,120,S,N,G,-,N,NA,NA,NA,NA,NA,NA,NA,NA,NA,Y,3,0,4,4,C,-,18,NA,NA,N,B,C,A,A,H,-,D,A,0,NA,NA,NA,Y,Y,NA,-,-,0,2,2,0,0,0,0,0,0,-,-,NA,NA,RIVERSIDE,PALM SPRINGS,NA,NA
7041786,2015,2015-09-04,3313,2015-07-25,2219,1783,EAST,6,5,7,3313,0,0,0,NA,0,A213,14TH ST,VICTORIA AV,60,W,N,A,-,N,NA,NA,NA,NA,NA,NA,NA,NA,NA,N,4,0,1,2,A,-,05,21650,1,N,E,G,A,A,H,-,C,A,0,NA,Y,NA,NA,Y,NA,L,04,0,0,1,0,0,0,1,0,0,-,-,NA,NA,RIVERSIDE,RIVERSIDE,-117.36612447,33.97055778
7042004,2015,2015-09-09,3308,2015-08-05,1556,10560,544,3,5,5,3308,0,0,0,NA,0,SOUTH,CAWSTON AV,STETSON AV,0,NA,Y,A,-,N,NA,NA,NA,NA,NA,NA,NA,NA,NA,Y,3,0,1,2,A,-,09,21801,A,N,A,C,A,A,H,-,A,A,0,NA,NA,NA,NA,Y,NA,A,01,0,1,0,0,0,0,0,0,0,-,-,NA,NA,RIVERSIDE,HEMET,-117.01533002,33.72932002
7043340,2015,2016-05-18,3300,2015-08-23,0038,4408,916A,7,5,4,3312,0,0,0,NA,0,031,LIMOUSIN ST,EVANS RD,0,NA,Y,A,-,N,NA,NA,NA,NA,NA,NA,NA,NA,NA,Y,4,0,6,2,A,-,03,22350,NA,N,D,-,A,A,H,-,C,A,0,NA,NA,NA,NA,Y,NA,D,22,0,0,6,0,0,0,0,0,0,-,-,NA,NA,RIVERSIDE,PERRIS,-117.20435006,33.83563006
7043377,2015,2015-09-29,3300,2015-08-19,1334,2403,920C,3,5,4,3314,0,0,0,NA,0,070,COTTONWOOD AV,SANDERSON AV,57,W,N,A,-,N,NA,NA,NA,NA,NA,NA,NA,NA,NA,Y,3,0,1,2,A,-,03,22350,NA,N,C,C,A,A,H,-,A,A,0,NA,NA,NA,Y,Y,NA,A,01,0,1,0,0,0,0,0,0,0,-,-,NA,NA,RIVERSIDE,SAN JACINTO,-117.00695695,33.78731
7043755,2015,2015-10-16,3300,2015-08-20,1704,N4575,505B,4,5,5,3341,0,0,0,NA,0,055,HERITAGE LAKE DR,FLAGSHIP DR,0,NA,Y,A,-,N,NA,NA,NA,NA,NA,NA,NA,NA,NA,Y,3,0,2,2,A,-,09,21802,A,N,D,C,A,A,H,-,A,A,0,NA,NA,NA,NA,Y,NA,A,01,0,1,1,0,0,0,0,0,0,-,-,NA,NA,RIVERSIDE,MENIFEE,-117.150299,33.719358
7043814,2015,2015-09-17,9685,2015-08-20,1530,13006,NA,4,2,9,3300,0,3,5,NA,2,003,POURROY RD,SPICEBUSH LN,0,NA,Y,A,-,N,NA,NA,NA,NA,NA,NA,NA,NA,NA,Y,3,0,2,2,A,-,05,21650,NA,N,A,C,A,A,H,-,A,D,0,NA,NA,NA,NA,Y,NA,A,01,0,2,0,0,0,0,0,0,0,-,-,NA,NA,RIVERSIDE,UNINCORPORATED,-117.10346,33.56971
7044471,2015,2017-01-14,3300,2015-08-06,1834,4924,501B,4,5,5,3341,0,0,0,NA,0,051,PALOMAR RD,RT 74,0,NA,Y,B,-,Y,RIV,8,74,-,-,29.287,I,5,W,N,3,0,2,3,A,-,12,21453,A,N,D,C,A,A,H,-,A,A,0,NA,NA,NA,NA,Y,NA,A,01,0,2,0,0,0,0,0,0,0,-,-,NA,NA,RIVERSIDE,MENIFEE,-117.16300291,33.74304943
7044979,2015,2015-09-02,3300,2015-06-19,1805,4675,805A,5,5,3,3343,0,0,0,NA,0,085,PALOMAR RD,BLUE TERRACE,0,NA,Y,A,-,N,NA,NA,NA,NA,NA,NA,NA,NA,NA,Y,3,0,1,2,A,-,09,21804,A,N,D,C,A,A,H,-,A,A,0,NA,NA,NA,NA,Y,NA,A,01,0,1,0,0,0,0,0,0,0,-,-,NA,NA,RIVERSIDE,WILDOMAR,-117.29865009,33.6197801