CASE_ID,ACCIDENT_YEAR,PROC_DATE,JURIS,COLLISION_DATE,COLLISION_TIME,OFFICER_ID,REPORTING_DISTRICT,DAY_OF_WEEK,CHP_SHIFT,POPULATION,CNTY_CITY_LOC,SPECIAL_COND,BEAT_TYPE,CHP_BEAT_TYPE,CITY_DIVISION_LAPD,CHP_BEAT_CLASS,BEAT_NUMBER,PRIMARY_RD,SECONDARY_RD,DISTANCE,DIRECTION,INTERSECTION,WEATHER_1,WEATHER_2,STATE_HWY_IND,CALTRANS_COUNTY,CALTRANS_DISTRICT,STATE_ROUTE,ROUTE_SUFFIX,POSTMILE_PREFIX,POSTMILE,LOCATION_TYPE,RAMP_INTERSECTION,SIDE_OF_HWY,TOW_AWAY,COLLISION_SEVERITY,NUMBER_KILLED,NUMBER_INJURED,PARTY_COUNT,PRIMARY_COLL_FACTOR,PCF_CODE_OF_VIOL,PCF_VIOL_CATEGORY,PCF_VIOLATION,PCF_VIOL_SUBSECTION,HIT_AND_RUN,TYPE_OF_COLLISION,MVIW,PED_ACTION,ROAD_SURFACE,ROAD_COND_1,ROAD_COND_2,LIGHTING,CONTROL_DEVICE,CHP_ROAD_TYPE,PEDESTRIAN_ACCIDENT,BICYCLE_ACCIDENT,MOTORCYCLE_ACCIDENT,TRUCK_ACCIDENT,NOT_PRIVATE_PROPERTY,ALCOHOL_INVOLVED,STWD_VEHTYPE_AT_FAULT,CHP_VEHTYPE_AT_FAULT,COUNT_SEVERE_INJ,COUNT_VISIBLE_INJ,COUNT_COMPLAINT_PAIN,COUNT_PED_KILLED,COUNT_PED_INJURED,COUNT_BICYCLIST_KILLED,COUNT_BICYCLIST_INJURED,COUNT_MC_KILLED,COUNT_MC_INJURED,PRIMARY_RAMP,SECONDARY_RAMP,LATITUDE,LONGITUDE,COUNTY,CITY,POINT_X,POINT_Y
8153610,2016,2016-10-26,3300,2016-09-30,1109,2403,920G,5,5,4,3314,0,0,0,NA,0,074,W ESPLANADE AV,STATE ST,1080,W,N,A,-,N,NA,NA,NA,NA,NA,NA,NA,NA,NA,Y,4,0,1,1,A,-,07,21658,A,N,E,I,A,A,H,-,A,D,0,NA,NA,NA,NA,Y,NA,A,08,0,0,1,0,0,0,0,0,0,-,-,NA,NA,RIVERSIDE,SAN JACINTO,-116.9754214,33.77291803
8153622,2016,2016-10-26,3300,2016-09-10,1815,4927,001L4,6,5,6,3345,0,0,0,NA,0,016,AVALON ST,MISSION BL,528,N,N,A,-,N,NA,NA,NA,NA,NA,NA,NA,NA,NA,N,3,0,1,2,A,-,05,21650,NA,N,H,G,A,A,H,-,C,A,0,NA,Y,NA,NA,Y,NA,L,04,0,1,0,0,0,0,1,0,0,-,-,33.99843,-117.40994,RIVERSIDE,JURUPA VALLEY,-117.4089692,33.99951139
8153754,2016,2016-10-25,3300,2016-10-15,0917,2403,920G,6,5,4,3314,0,0,0,NA,0,074,STATE ST,ESPLANADE AV,186,N,N,A,-,N,NA,NA,NA,NA,NA,NA,NA,NA,NA,N,4,0,1,2,A,-,03,22350,NA,N,C,C,A,A,H,-,A,D,0,NA,NA,NA,NA,Y,NA,A,01,0,0,1,0,0,0,0,0,0,-,-,33.77296,-116.97186,RIVERSIDE,SAN JACINTO,-116.97188,33.77294
81540871,2021,2021-08-10,3300,2021-07-24,0834,4713,910Q,6,5,5,3335,0,0,0,NA,0,069,TEMECULA PKY,BEDFORD CT,262,W,N,A,-,Y,NA,NA,NA,NA,NA,NA,NA,NA,NA,Y,4,0,2,3,A,-,03,22350,NA,N,C,C,A,A,H,-,A,A,0,NA,NA,NA,NA,Y,NA,D,22,0,0,2,0,0,0,0,0,0,-,-,33.47909164428711,-117.13807678222656,RIVERSIDE,TEMECULA,-117.13843536376952,33.47956466674805
81541881,2021,2021-08-11,3300,2021-07-31,2150,5447,NA,6,5,6,3345,0,0,0,NA,0,NA,ARMSTRONG RD,GAIL DR,69,S,N,A,-,N,NA,NA,NA,NA,NA,NA,NA,NA,NA,N,4,0,1,1,A,-,08,22107,NA,N,E,I,A,A,H,-,D,D,0,NA,NA,NA,NA,Y,NA,A,01,0,0,1,0,0,0,0,0,0,-,-,34.0330810546875,-117.41483306884766,RIVERSIDE,JURUPA VALLEY,-117.41520690917967,34.032867431640625
81543139,2021,2021-08-12,3342,2021-07-10,1729,1212,237,6,5,4,3342,0,0,0,NA,0,002,HANCOCK AVE,LAS BRISAS RD (E),254,N,N,A,-,N,NA,NA,NA,NA,NA,NA,NA,NA,NA,Y,4,0,1,2,A,-,08,22107,NA,N,D,C,A,A,H,-,A,D,0,NA,NA,NA,NA,Y,Y,-,-,0,0,1,0,0,0,0,0,0,-,-,33.57096862792969,-117.18538665771484,RIVERSIDE,MURRIETA,-117.19572448730467,33.579872131347656
81543157,2021,2021-08-12,3315,2021-08-09,0925,002504,15B,1,5,6,3315,0,0,0,NA,0,003,VALENCIA RD,FULLERTON AV,0,NA,Y,A,-,N,NA,NA,NA,NA,NA,NA,NA,NA,NA,N,4,0,1,2,A,-,17,21663,NA,N,D,G,A,A,H,-,A,A,0,NA,Y,NA,NA,Y,NA,L,04,0,0,1,0,0,0,1,0,0,-,-,33.8337287902832,-117.56034088134766,RIVERSIDE,CORONA,-117.55966186523438,33.83479690551758
81544126,2021,2021-08-13,3315,2021-08-10,1348,11119,1B,2,5,6,3315,0,0,0,NA,0,001,RIVER RD,COUNTRY CLUB LN,184,W,N,A,-,N,NA,NA,NA,NA,NA,NA,NA,NA,NA,Y,3,0,2,4,A,-,03,22350,NA,N,C,C,A,A,H,-,A,A,0,NA,NA,NA,NA,Y,NA,A,01,0,1,1,0,0,0,0,0,0,-,-,NA,NA,RIVERSIDE,CORONA,-117.58269500732422,33.908287048339844
81546501,2021,2021-08-17,3315,2021-08-14,1951,004192,10A,6,5,6,3315,0,0,0,NA,0,002,PROMENADE AV,SHENANDOAH RD,227,W,N,A,-,N,NA,NA,NA,NA,NA,NA,NA,NA,NA,N,4,0,1,2,A,-,07,21658,A,N,B,C,A,A,H,-,B,D,0,NA,NA,NA,NA,Y,NA,A,01,0,0,1,0,0,0,0,0,0,-,-,33.8891716003418,-117.52912139892578,RIVERSIDE,CORONA,-117.52980041503906,33.889278411865234
81548577,2021,2021-08-19,3300,2021-08-02,1750,4867,602 C,1,5,6,3394,0,0,0,NA,0,MV24,CHAGALL CT,ALESSANDRO BLVD,29,N,N,A,-,N,NA,NA,NA,NA,NA,NA,NA,NA,NA,N,4,0,1,2,A,-,08,22107,NA,N,D,C,A,A,H,-,A,A,0,NA,NA,NA,NA,Y,NA,A,01,0,0,1,0,0,0,0,0,0,-,-,33.917259216308594,-117.2567901611328,RIVERSIDE,MORENO VALLEY,-117.2567901611328,33.917240142822266
81548668,2021,2021-08-19,3300,2021-08-05,0806,3481,920A,4,5,4,3314,0,0,0,NA,0,070,WARREN RD,COTTONWOOD AVE,675,N,N,A,-,N,NA,NA,NA,NA,NA,NA,NA,NA,NA,Y,4,0,1,4,A,-,03,22350,NA,N,C,C,A,A,H,-,A,D,0,NA,NA,NA,NA,Y,NA,D,22,0,0,1,0,0,0,0,0,0,-,-,33.78750991821289,-117.03365325927734,RIVERSIDE,SAN JACINTO,-117.03359985351563,33.78744125366211
81549937,2021,2021-08-20,3300,2021-07-31,0624,4593,421,6,5,2,3336,0,0,0,NA,0,021,CALIMESA BLVD,SINGLETON RD,3040,S,N,A,-,N,NA,NA,NA,NA,NA,NA,NA,NA,NA,Y,3,0,1,1,A,-,08,22107,NA,F,E,I,A,A,H,-,B,D,0,NA,NA,NA,NA,Y,NA,A,01,0,1,0,0,0,0,0,0,0,-,-,33.97932815551758,-117.04830169677734,RIVERSIDE,CALIMESA,-117.04204559326172,33.97344207763672
81549938,2021,2021-08-20,3315,2021-08-16,1543,002504,3E,1,5,6,3315,0,0,0,NA,0,003,RIMPAU AV,BIRMINGHAM DR,0,NA,Y,A,-,N,NA,NA,NA,NA,NA,NA,NA,NA,NA,Y,4,0,6,2,A,-,09,21801,A,N,D,C,A,A,H,-,A,D,0,NA,NA,NA,NA,Y,NA,A,01,0,0,6,0,0,0,0,0,0,-,-,33.85129165649414,-117.5447006225586,RIVERSIDE,CORONA,-117.54473114013672,33.85116958618164
81553367,2021,2021-08-25,3300,2021-07-26,2356,5199,905B,1,5,4,3307,0,0,0,NA,0,090,RAILROAD CANYON RD,I 15 S/B ON RAMP,0,NA,Y,A,-,N,NA,NA,15,NA,NA,NA,NA,NA,NA,Y,4,0,2,2,A,-,09,21453,C,N,D,C,A,A,H,-,C,A,0,NA,NA,NA,NA,Y,NA,A,01,0,0,2,0,0,0,0,0,0,-,-,33.662479400634766,-117.29849243164063,RIVERSIDE,LAKE ELSINORE,-117.29857635498048,33.66239547729492
81553405,2021,2021-08-25,3306,2021-07-01,0848,652,INDIO,4,5,3,3306,0,0,0,NA,0,NA,PIERSON BLVD,CHOLLA DR,0,NA,Y,A,-,N,NA,NA,NA,NA,NA,NA,NA,NA,NA,Y,3,0,1,2,A,-,12,21453,A,N,D,C,A,A,H,-,A,A,0,NA,NA,NA,Y,Y,NA,A,01,0,1,0,0,0,0,0,0,0,-,-,33.96146011352539,-116.51455688476563,RIVERSIDE,DESERT HOT SPRINGS,-116.5144500732422,33.96144485473633
81553536,2021,2021-08-25,3300,2021-08-03,0715,N3672,423,2,5,2,3336,0,0,0,NA,0,020,SAN TIMOTEO CANYON RD,WOODHOUSE RD,350,E,N,A,-,N,NA,NA,NA,NA,NA,NA,NA,NA,NA,Y,2,0,3,3,A,-,06,21751,NA,N,A,C,A,A,H,-,A,A,0,NA,NA,NA,NA,Y,NA,A,07,2,0,1,0,0,0,0,0,0,-,-,33.970558166503906,-117.07991790771484,RIVERSIDE,CALIMESA,-117.08009338378906,33.97055435180664
81554450,2021,2021-08-26,3300,2021-07-12,0048,4094,916B,1,5,4,3312,0,0,0,NA,0,032,CITRUS AV,WILSON AV,468,E,N,A,-,N,NA,NA,NA,NA,NA,NA,NA,NA,NA,Y,4,0,1,2,A,-,01,23152,B,N,C,E,A,A,H,-,C,A,0,NA,NA,NA,NA,Y,Y,A,01,0,0,1,0,0,0,0,0,0,-,-,33.808380126953125,-117.21292114257813,RIVERSIDE,PERRIS,-117.21149444580078,33.80839538574219
81554494,2021,2021-08-26,3306,2021-08-06,0846,783,NA,5,5,3,3306,0,0,0,NA,0,NA,WEST DR,IRONWOOD DR,405,S,N,A,-,N,NA,NA,NA,NA,NA,NA,NA,NA,NA,N,3,0,1,2,A,-,03,22350,NA,N,G,B,E,A,D,-,A,A,0,Y,NA,NA,NA,Y,NA,A,01,0,1,0,0,1,0,0,0,0,-,-,33.95050811767578,-116.50570678710938,RIVERSIDE,DESERT HOT SPRINGS,-116.51004791259766,33.94935989379883
81556537,2021,2021-08-27,3300,2021-07-05,2143,5237,905L,1,5,4,3307,0,0,0,NA,0,093,RIVERSIDE DR,JOY ST,280,E,N,A,-,Y,NA,NA,NA,NA,NA,NA,NA,NA,NA,Y,3,0,3,3,A,-,03,22350,NA,N,C,C,A,A,H,-,D,D,0,NA,NA,NA,NA,Y,NA,A,01,0,2,1,0,0,0,0,0,0,-,-,NA,NA,RIVERSIDE,LAKE ELSINORE,-117.37024688720705,33.68046569824219
81557433,2021,2021-08-30,3300,2021-08-21,2014,5632,916C,6,5,4,3312,0,0,0,NA,0,034,BEVERLY DR,CARTER DR (N),0,NA,Y,A,-,N,NA,NA,NA,NA,NA,NA,NA,NA,NA,N,2,0,1,2,A,-,03,22350,NA,N,C,E,A,A,H,-,C,D,0,NA,NA,Y,NA,Y,NA,C,06,1,0,0,0,0,0,0,0,1,-,-,33.789310455322266,-117.2576904296875,RIVERSIDE,PERRIS,-117.25779724121094,33.78907012939453
81557748,2021,2021-08-30,3315,2021-08-16,0536,004351,1F,1,5,6,3315,0,0,0,NA,0,001,RIVER RD,LINCOLN AV,0,NA,Y,A,-,N,NA,NA,NA,NA,NA,NA,NA,NA,NA,Y,4,0,2,2,A,-,12,21453,A,N,D,C,A,A,H,-,B,D,0,NA,NA,NA,NA,Y,NA,A,01,0,0,2,0,0,0,0,0,0,-,-,33.89958953857422,-117.57473754882813,RIVERSIDE,CORONA,-117.57476806640624,33.8994255065918
81557868,2021,2021-08-30,3315,2021-08-20,1530,003434,13C,5,5,6,3315,0,0,0,NA,0,003,ONTARIO AV,FULLERTON AV,0,NA,Y,A,-,N,NA,NA,NA,NA,NA,NA,NA,NA,NA,N,4,0,1,3,A,-,03,22350,NA,N,C,C,A,A,H,-,A,A,0,NA,NA,NA,NA,Y,NA,A,01,0,0,1,0,0,0,0,0,0,-,-,33.85145950317383,-117.55136108398438,RIVERSIDE,CORONA,-117.55132293701172,33.85152816772461
81562705,2021,2021-09-06,3300,2021-09-01,2021,4867,604 B,3,5,6,3394,0,0,0,NA,0,MV42,MORENO BEACH DR,EUCALYPTUS AVE,0,NA,Y,A,-,N,NA,NA,NA,NA,NA,NA,NA,NA,NA,Y,4,0,1,2,A,-,12,21453,A,N,D,C,A,A,H,-,C,A,0,NA,NA,NA,NA,Y,NA,A,01,0,0,1,0,0,0,0,0,0,-,-,33.936790466308594,-117.1782684326172,RIVERSIDE,MORENO VALLEY,-117.1785125732422,33.93730926513672
81567062,2021,2021-09-10,3342,2021-07-28,1608,1098,509,3,5,4,3342,0,0,0,NA,0,005,VIA CUENCA,CAMINO HERMOSA,50,E,N,A,-,N,NA,NA,NA,NA,NA,NA,NA,NA,NA,N,3,0,1,2,A,-,11,21954,A,F,G,B,E,A,H,-,A,D,0,Y,NA,NA,NA,Y,NA,N,60,0,1,0,0,1,0,0,0,0,-,-,33.5783805847168,-117.1772918701172,RIVERSIDE,MURRIETA,-117.17724609375,33.57836151123047
8156824,2016,2016-11-01,3300,2016-09-17,2352,5027,001,6,5,6,3345,0,0,0,NA,0,010,HALL AV,WALLACE ST,450,E,N,A,-,N,NA,NA,NA,NA,NA,NA,NA,NA,NA,N,2,0,1,2,A,-,11,21956,A,F,G,B,D,A,H,-,D,D,0,Y,NA,NA,NA,Y,NA,N,60,1,0,0,0,1,0,0,0,0,-,-,34.00442,-117.39394,RIVERSIDE,JURUPA VALLEY,-117.39339,34.0051
8156840,2016,2016-11-01,3300,2016-09-03,0219,4059,901B,6,5,4,3310,0,0,0,NA,0,050,CRESTVIEW DR,ALL VIEW PL,350,S,N,A,-,N,NA,NA,NA,NA,NA,NA,NA,NA,NA,Y,4,0,1,1,A,-,08,22107,NA,N,E,I,A,A,H,-,C,D,0,NA,NA,Y,NA,Y,NA,C,02,0,0,1,0,0,0,0,0,1,-,-,33.94839,-117.52591,RIVERSIDE,NORCO,-117.52610374,33.94751736
8156874,2016,2016-11-01,3300,2016-09-15,0205,3343,002V,4,5,6,3345,0,0,0,NA,0,026,BAIN ST,48TH ST,452,S,N,A,-,N,NA,NA,NA,NA,NA,NA,NA,NA,NA,Y,2,0,1,1,A,-,08,22107,NA,N,E,I,A,A,H,-,C,D,0,NA,NA,NA,NA,Y,NA,A,07,1,0,0,0,0,0,0,0,0,-,-,34.00006,-117.50589,RIVERSIDE,JURUPA VALLEY,-117.50588484,33.99871141
81570528,2021,2021-09-15,3300,2021-09-03,1718,5372,LA41,5,5,3,3392,0,0,0,NA,0,LA41,HWY 111,JEFFERSON ST,312,E,N,A,-,N,NA,NA,NA,NA,NA,NA,NA,NA,NA,Y,4,0,1,4,A,-,03,22350,NA,F,C,C,A,A,H,-,A,A,0,NA,NA,NA,NA,Y,Y,A,01,0,0,1,0,0,0,0,0,0,-,-,33.707271575927734,-116.26866149902344,RIVERSIDE,LA QUINTA,-116.267822265625,33.70743942260742
81571489,2021,2021-09-16,3300,2021-09-10,1022,4713,910P,5,5,5,3335,0,0,0,NA,0,069,TEMECULA PKY,WABASH LN,103,E,N,A,-,Y,NA,NA,NA,NA,NA,NA,NA,NA,NA,N,4,0,1,2,A,-,03,22350,NA,N,C,C,A,A,H,-,A,A,0,NA,NA,NA,NA,Y,NA,K,45,0,0,1,0,0,0,0,0,0,-,-,33.47660827636719,-117.13336944580078,RIVERSIDE,TEMECULA,-117.13272857666016,33.47674560546875
81572843,2021,2021-09-17,3315,2021-09-08,1459,001452,7B,3,5,6,3315,0,0,0,NA,0,001,SIXTH ST,LINCOLN AV,100,E,N,A,-,N,NA,NA,NA,NA,NA,NA,NA,NA,NA,Y,4,0,1,2,A,-,03,22350,NA,N,C,C,A,A,H,-,A,A,0,NA,NA,NA,NA,Y,NA,A,01,0,0,1,0,0,0,0,0,0,-,-,NA,NA,RIVERSIDE,CORONA,-117.58295440673828,33.877159118652344
81576158,2021,2021-09-22,3300,2021-09-14,1406,3536,602 Z,2,5,6,3394,0,0,0,NA,0,MV22,DAY ST,GATEWAY DR,0,NA,Y,A,-,N,NA,NA,NA,NA,NA,NA,NA,NA,NA,N,4,0,3,2,A,-,12,21453,A,N,D,C,A,A,H,-,A,A,0,NA,NA,NA,NA,Y,NA,-,-,0,0,3,0,0,0,0,0,0,-,-,33.935081481933594,-117.27864837646484,RIVERSIDE,MORENO VALLEY,-117.27873992919922,33.93478775024414
81576161,2021,2021-09-22,3300,2021-09-16,1205,N7112,601 C,4,5,6,3394,0,0,0,NA,0,MV14,BOX SPRINGS RD,CLARK ST,501,E,N,A,-,N,NA,NA,NA,NA,NA,NA,NA,NA,NA,Y,4,0,1,2,A,-,08,22107,NA,N,C,D,A,A,H,-,A,D,0,NA,NA,NA,NA,Y,NA,A,07,0,0,1,0,0,0,0,0,0,-,-,33.94647979736328,-117.28777313232422,RIVERSIDE,MORENO VALLEY,-117.28607177734376,33.94657897949219
81577279,2021,2021-09-23,3300,2021-08-26,1415,N6910,001A,4,5,6,3345,0,0,0,NA,0,010,MARKET ST,AGUA MANSA RD,40,E,N,A,-,N,NA,NA,NA,NA,NA,NA,NA,NA,NA,N,4,0,1,2,A,-,03,22350,NA,N,C,C,A,A,H,-,A,A,0,NA,NA,NA,Y,Y,NA,F,27,0,0,1,0,0,0,0,0,0,-,-,34.018821716308594,-117.38729095458984,RIVERSIDE,JURUPA VALLEY,-117.3872528076172,34.01893997192383
81578598,2021,2021-09-24,3349,2021-08-31,0747,331,NA,2,5,5,3341,0,0,0,NA,0,002,MENIFEE RD,LA PIEDRA RD,0,NA,Y,B,-,N,NA,NA,NA,NA,NA,NA,NA,NA,NA,N,3,0,1,2,A,-,09,21800,A,N,D,G,A,B,H,-,A,A,0,NA,Y,NA,NA,Y,NA,A,01,0,1,0,0,0,0,1,0,0,-,-,33.67522048950195,-117.1570281982422,RIVERSIDE,MENIFEE,-117.15705871582033,33.675228118896484
81581034,2021,2021-09-28,3300,2021-09-16,0741,3481,920E,4,5,4,3314,0,0,0,NA,0,072,BUCKINGHAM DR,EAGLE RD,3,E,N,A,-,N,NA,NA,NA,NA,NA,NA,NA,NA,NA,N,3,0,1,2,A,-,00,21650,G,N,D,G,A,A,H,-,A,A,0,NA,Y,NA,NA,Y,NA,L,04,0,1,0,0,0,0,1,0,0,-,-,33.80052947998047,-116.96743011474608,RIVERSIDE,SAN JACINTO,-116.96761322021484,33.80047607421875
81582097,2021,2021-09-29,3300,2021-09-28,1235,4323,910K,2,5,5,3335,0,0,0,NA,0,064,RANCHO CALIFORNIA ROAD,MORAGA ROAD,20,W,N,A,-,N,NA,NA,NA,NA,NA,NA,NA,NA,NA,N,4,0,2,2,A,-,03,22350,NA,M,C,C,A,A,H,-,A,A,0,NA,NA,NA,NA,Y,NA,A,07,0,0,2,0,0,0,0,0,0,-,-,NA,NA,RIVERSIDE,TEMECULA,-117.1401596069336,33.50749969482422
8158224,2016,2016-11-07,3306,2016-04-03,1219,123,DESER,7,5,3,3306,0,0,0,NA,0,NA,LITTLE MORONGO RD,POLE #A-1047,1036,S,N,A,-,N,NA,NA,NA,NA,NA,NA,NA,NA,NA,N,2,0,1,1,A,-,03,22350,NA,N,F,A,A,A,H,-,A,D,0,NA,NA,NA,NA,Y,NA,M,96,1,0,0,0,0,0,0,0,0,-,-,NA,NA,RIVERSIDE,DESERT HOT SPRINGS,NA,NA
8158351,2016,2016-11-02,3300,2016-09-08,0825,4071,601D5,4,5,6,3394,0,0,0,NA,0,MV14,IRONWOOD AV,GRAHAM ST,0,NA,Y,A,-,N,NA,NA,NA,NA,NA,NA,NA,NA,NA,Y,4,0,1,2,A,-,12,21453,A,N,D,C,A,A,H,-,A,A,0,NA,NA,NA,NA,Y,NA,A,07,0,0,1,0,0,0,0,0,0,-,-,33.94656,-117.25266,RIVERSIDE,MORENO VALLEY,-117.25276011,33.94661012
81586463,2021,2021-10-04,3300,2021-09-20,1720,4050,603 B,1,5,6,3394,0,0,0,NA,0,MV34,IRIS AVE,BLUECHIP CIR,2,E,N,A,-,N,NA,NA,NA,NA,NA,NA,NA,NA,NA,N,3,0,1,2,A,-,09,21802,A,F,D,G,A,A,H,-,A,A,0,NA,Y,NA,NA,Y,NA,A,07,0,1,0,0,0,0,1,0,0,-,-,33.88808822631836,-117.21849822998048,RIVERSIDE,MORENO VALLEY,-117.2181396484375,33.88832092285156
8158774,2016,2016-11-03,3308,2016-09-03,0905,10620,504,6,5,5,3308,0,0,0,NA,0,NORTH,SANDERSON AV,MENLO AV,0,NA,Y,B,-,N,NA,NA,NA,NA,NA,NA,NA,NA,NA,Y,3,0,2,2,A,-,12,21453,A,N,D,C,A,A,H,-,A,A,0,NA,NA,NA,NA,Y,NA,A,01,0,1,1,0,0,0,0,0,0,-,-,NA,NA,RIVERSIDE,HEMET,-117.00660012,33.75822006
8158810,2016,2016-11-03,3300,2016-10-05,1243,5002,602B3,3,5,6,3394,0,0,0,NA,0,MV22,EUCALYPTUS AV,DAY ST,620,W,N,A,-,N,NA,NA,NA,NA,NA,NA,NA,NA,NA,N,4,0,2,3,A,-,21,22106,NA,N,G,B,D,A,H,-,A,D,0,Y,NA,NA,NA,Y,NA,A,07,0,0,2,0,2,0,0,0,0,-,-,33.93142,-117.27877,RIVERSIDE,MORENO VALLEY,-117.2808565,33.93140357
8158855,2016,2016-11-03,3300,2016-10-11,0753,N2646,603C2,2,5,6,3394,0,0,0,NA,0,036,WINDJAMMER DR,BRODIAEA AV,12,S,N,A,-,N,NA,NA,NA,NA,NA,NA,NA,NA,NA,Y,4,0,2,3,A,-,08,22107,NA,N,G,B,B,A,H,-,A,D,0,Y,NA,NA,NA,Y,NA,A,07,0,0,2,0,2,0,0,0,0,-,-,33.94349,-117.21607,RIVERSIDE,MORENO VALLEY,-117.21596661,33.91361725
8158932,2016,2016-11-03,3313,2016-10-19,1731,0399,N,3,5,7,3313,0,0,0,NA,0,M18,ARLINGTON AV,SUNSET RANCH DR,410,W,N,A,-,N,NA,NA,NA,NA,NA,NA,NA,NA,NA,Y,4,0,1,2,A,-,08,22107,NA,N,B,C,A,A,H,-,A,D,0,NA,NA,NA,NA,Y,NA,A,01,0,0,1,0,0,0,0,0,0,-,-,33.94391,-117.35661,RIVERSIDE,RIVERSIDE,-117.35787759,33.94455011
81589942,2021,2021-10-07,3300,2021-10-03,1546,N6297,NA,7,5,5,3335,0,0,0,NA,0,NA,WINCHESTER RD,PROMENADE MALL WEST,535,W,N,A,-,N,NA,NA,NA,NA,NA,NA,NA,NA,NA,N,4,0,3,2,A,-,07,21658,A,N,B,C,A,A,H,-,A,A,0,NA,NA,NA,NA,Y,NA,A,07,0,0,3,0,0,0,0,0,0,-,-,33.52688980102539,-117.15708923339844,RIVERSIDE,TEMECULA,-117.15843200683594,33.525901794433594
8159164,2016,2016-11-04,3313,2016-09-17,2340,1772,E,6,5,7,3313,0,0,0,NA,0,T45,WOOD RD,BERGAMONT DR,470,S,N,A,-,N,NA,NA,NA,NA,NA,NA,NA,NA,NA,Y,4,0,2,2,A,-,03,22350,NA,N,C,C,A,A,H,-,C,A,0,NA,NA,NA,NA,Y,NA,D,22,0,0,2,0,0,0,0,0,0,-,-,33.88554,-117.33129,RIVERSIDE,RIVERSIDE,-117.33137882,33.88432239
81592571,2021,2021-10-11,3300,2021-10-09,1902,5059,601 E,6,5,6,3394,0,0,0,NA,0,MV16,HEACOCK ST,HEMLOCK AVE,0,NA,Y,A,-,N,NA,NA,NA,NA,NA,NA,NA,NA,NA,N,4,0,1,2,A,-,01,23152,F,F,C,C,A,A,H,-,C,D,0,NA,NA,NA,NA,Y,NA,A,01,0,0,1,0,0,0,0,0,0,-,-,33.94266128540039,-117.24373626708984,RIVERSIDE,MORENO VALLEY,-117.24379730224608,33.94265365600586
8159266,2016,2016-11-03,3311,2016-10-25,0305,15951,NA,2,5,4,3311,0,0,0,NA,0,003,INDIAN CANYON DR,LA PLAZA,0,NA,Y,A,-,N,NA,NA,NA,NA,NA,NA,NA,NA,NA,N,4,0,1,1,A,-,01,23152,A,N,E,I,A,A,H,-,C,D,0,NA,NA,NA,NA,Y,Y,A,01,0,0,1,0,0,0,0,0,0,-,-,NA,NA,RIVERSIDE,PALM SPRINGS,-116.54558008,33.82214001
81597044,2021,2021-10-15,3300,2021-09-03,1544,3810,001G,5,5,6,3345,0,0,0,NA,0,014,RIVERVIEW DR,MISSION BL,0,NA,Y,A,-,N,NA,NA,NA,NA,NA,NA,NA,NA,NA,N,4,0,1,2,A,-,09,21804,A,N,D,C,A,A,H,-,A,A,0,NA,NA,NA,NA,Y,NA,A,01,0,0,1,0,0,0,0,0,0,-,-,33.99787139892578,-117.41143798828124,RIVERSIDE,JURUPA VALLEY,-117.41252899169922,33.99966812133789
81597109,2021,2021-10-15,3306,2021-06-16,1849,756,3306,3,5,3,3306,0,0,0,NA,0,NA,OCOTILLO RD,6TH ST,0,NA,Y,A,-,N,NA,NA,NA,NA,NA,NA,NA,NA,NA,Y,3,0,1,2,A,-,12,22450,A,N,D,C,A,A,H,-,A,A,0,NA,NA,NA,NA,Y,NA,A,01,0,1,0,0,0,0,0,0,0,-,-,33.966941833496094,-116.49935913085938,RIVERSIDE,DESERT HOT SPRINGS,-116.49940490722656,33.9669075012207
81598435,2021,2021-10-18,3315,2021-10-02,1050,004324,10B,6,5,6,3315,0,0,0,NA,0,002,MCKINLEY ST,GRIFFIN WY,0,NA,Y,A,-,N,NA,NA,NA,NA,NA,NA,NA,NA,NA,N,4,0,1,2,D,-,00,NA,NA,N,D,C,A,A,H,-,A,A,0,NA,NA,NA,NA,Y,NA,-,-,0,0,1,0,0,0,0,0,0,-,-,33.88861083984375,-117.51963043212892,RIVERSIDE,CORONA,-117.51953887939452,33.888519287109375
81598564,2021,2021-10-18,3308,2021-08-11,1422,10610,516,3,5,5,3308,0,0,0,NA,0,NORTH,DEVONSHIRE AVE,TAHQUITZ AVE,140,E,N,A,-,N,NA,NA,NA,NA,NA,NA,NA,NA,NA,N,4,0,2,2,A,-,03,22350,NA,N,C,C,A,A,H,-,A,A,0,NA,NA,NA,NA,Y,NA,A,07,0,0,2,0,0,0,0,0,0,-,-,33.751121520996094,-116.978271484375,RIVERSIDE,HEMET,-116.97775268554688,33.75111770629883
8159871,2016,2016-11-07,3313,2016-09-26,0733,1202,E,1,5,7,3313,0,0,0,NA,0,M30,LARAMIE RD,VICTORIA AV FRONTAGE,0,NA,Y,A,-,N,NA,NA,NA,NA,NA,NA,NA,NA,NA,N,4,0,1,2,A,-,05,21202,A,N,H,G,A,A,H,-,A,A,0,NA,Y,NA,NA,Y,NA,L,04,0,0,1,0,0,0,1,0,0,-,-,NA,NA,RIVERSIDE,RIVERSIDE,-117.370613,33.949644