CASE_ID,ACCIDENT_YEAR,PROC_DATE,JURIS,COLLISION_DATE,COLLISION_TIME,OFFICER_ID,REPORTING_DISTRICT,DAY_OF_WEEK,CHP_SHIFT,POPULATION,CNTY_CITY_LOC,SPECIAL_COND,BEAT_TYPE,CHP_BEAT_TYPE,CITY_DIVISION_LAPD,CHP_BEAT_CLASS,BEAT_NUMBER,PRIMARY_RD,SECONDARY_RD,DISTANCE,DIRECTION,INTERSECTION,WEATHER_1,WEATHER_2,STATE_HWY_IND,CALTRANS_COUNTY,CALTRANS_DISTRICT,STATE_ROUTE,ROUTE_SUFFIX,POSTMILE_PREFIX,POSTMILE,LOCATION_TYPE,RAMP_INTERSECTION,SIDE_OF_HWY,TOW_AWAY,COLLISION_SEVERITY,NUMBER_KILLED,NUMBER_INJURED,PARTY_COUNT,PRIMARY_COLL_FACTOR,PCF_CODE_OF_VIOL,PCF_VIOL_CATEGORY,PCF_VIOLATION,PCF_VIOL_SUBSECTION,HIT_AND_RUN,TYPE_OF_COLLISION,MVIW,PED_ACTION,ROAD_SURFACE,ROAD_COND_1,ROAD_COND_2,LIGHTING,CONTROL_DEVICE,CHP_ROAD_TYPE,PEDESTRIAN_ACCIDENT,BICYCLE_ACCIDENT,MOTORCYCLE_ACCIDENT,TRUCK_ACCIDENT,NOT_PRIVATE_PROPERTY,ALCOHOL_INVOLVED,STWD_VEHTYPE_AT_FAULT,CHP_VEHTYPE_AT_FAULT,COUNT_SEVERE_INJ,COUNT_VISIBLE_INJ,COUNT_COMPLAINT_PAIN,COUNT_PED_KILLED,COUNT_PED_INJURED,COUNT_BICYCLIST_KILLED,COUNT_BICYCLIST_INJURED,COUNT_MC_KILLED,COUNT_MC_INJURED,PRIMARY_RAMP,SECONDARY_RAMP,LATITUDE,LONGITUDE,COUNTY,CITY,POINT_X,POINT_Y
81599781,2021,2021-10-19,3300,2021-10-17,1830,4867,601 D,7,5,6,3394,0,0,0,NA,0,MV14,HEMLOCK AVE,CALLE SOMBRA,24,W,N,A,-,N,NA,NA,NA,NA,NA,NA,NA,NA,NA,Y,4,0,3,3,A,-,03,22350,NA,N,C,C,A,A,H,-,C,D,0,NA,NA,NA,NA,Y,NA,A,07,0,0,3,0,0,0,0,0,0,-,-,33.94245147705078,-117.25717926025392,RIVERSIDE,MORENO VALLEY,-117.25730895996094,33.94242858886719
81599798,2021,2021-10-19,3308,2021-08-31,1850,10620,526,2,5,5,3308,0,0,0,NA,0,SOUTH,INEZ ST,KIMBALL AVE,190,S,N,A,-,N,NA,NA,NA,NA,NA,NA,NA,NA,NA,N,3,0,1,2,A,-,03,22350,NA,F,C,G,A,A,H,-,A,D,0,NA,Y,NA,NA,Y,Y,D,22,0,1,0,0,0,0,1,0,0,-,-,NA,NA,RIVERSIDE,HEMET,-116.97274017333984,33.74515914916992
81599835,2021,2021-10-19,3300,2021-08-29,1833,N4809,920G,7,5,4,3314,0,0,0,NA,0,074,SANTA FE AVE,OAKWOOD ST,435,N,N,A,-,N,NA,NA,NA,NA,NA,NA,NA,NA,NA,N,3,0,1,2,A,-,08,22107,NA,N,C,G,A,A,H,-,A,D,0,NA,Y,NA,NA,Y,NA,A,07,0,1,0,0,0,0,1,0,0,-,-,33.769378662109375,-116.96305084228516,RIVERSIDE,SAN JACINTO,-116.9631805419922,33.770530700683594
81600887,2021,2021-10-20,3300,2021-09-29,1842,4050,603 B,3,5,6,3394,0,0,0,NA,0,MV34,PERRIS BLVD,JOHN F KENNEDY DR,315,N,N,A,-,N,NA,NA,NA,NA,NA,NA,NA,NA,NA,Y,4,0,3,3,A,-,08,22107,NA,N,B,C,A,A,H,-,A,D,0,NA,NA,NA,NA,Y,NA,A,01,0,0,3,0,0,0,0,0,0,-,-,33.93267822265625,-117.2265167236328,RIVERSIDE,MORENO VALLEY,-117.22631072998048,33.90363311767578
81611574,2021,2021-11-01,3308,2021-09-24,2140,10801,516,5,5,5,3308,0,0,0,NA,0,NORTH,FLORIDA AVE,LYON AVE,0,NA,Y,-,-,Y,NA,NA,NA,NA,NA,NA,NA,NA,NA,N,4,0,1,2,A,-,05,21650,1,N,D,G,A,A,H,-,C,A,0,NA,Y,NA,NA,Y,NA,L,04,0,0,1,0,0,0,1,0,0,-,-,33.74549102783203,-116.98565673828124,RIVERSIDE,HEMET,-116.98911285400392,33.747379302978516
8161368,2016,2016-11-10,3313,2016-10-20,1620,1499,W,4,5,7,3313,0,0,0,NA,0,T42,RUTLAND AV,CAMPBELL AV,6,N,N,A,-,N,NA,NA,NA,NA,NA,NA,NA,NA,NA,Y,4,0,1,2,A,-,09,21802,A,N,D,C,A,A,H,-,A,A,0,NA,NA,NA,NA,Y,NA,A,08,0,0,1,0,0,0,0,0,0,-,-,33.93808,-117.46881,RIVERSIDE,RIVERSIDE,-117.46882959,33.93828644
8161416,2016,2016-11-10,3313,2016-10-21,1533,1762,N,5,5,7,3313,0,0,0,NA,0,T44,MARKET ST,3RD ST,0,NA,Y,A,-,N,NA,NA,NA,NA,NA,NA,NA,NA,NA,Y,2,0,2,2,A,-,12,21453,A,N,A,C,A,A,H,-,A,A,0,NA,NA,NA,NA,Y,NA,A,01,1,1,0,0,0,0,0,0,0,-,-,33.98734,-117.37252,RIVERSIDE,RIVERSIDE,-117.37248004,33.98734
81616748,2021,2021-11-05,3300,2021-10-11,0730,2812,012F,1,5,4,3344,0,0,0,NA,0,064,CHANDLER ST,HALL AV,365,W,N,A,-,N,NA,NA,NA,NA,NA,NA,NA,NA,NA,N,4,0,1,2,A,-,03,22350,NA,N,G,B,E,A,H,-,A,D,0,Y,NA,NA,NA,Y,NA,A,01,0,0,1,0,1,0,0,0,0,-,-,33.94635009765625,-117.60439300537108,RIVERSIDE,EASTVALE,-117.6056671142578,33.946224212646484
81617847,2021,2021-11-08,3300,2021-10-11,0945,3031,LA43,1,5,3,3392,0,0,0,NA,0,LA43,AVENIDA BERMUDAS,AVE 52,0,NA,Y,A,-,N,NA,NA,NA,NA,NA,NA,NA,NA,NA,Y,3,0,1,1,A,-,01,23152,F,N,E,I,A,A,H,-,A,D,0,NA,NA,NA,NA,Y,NA,A,01,0,1,0,0,0,0,0,0,0,-,-,33.67245101928711,-116.30355834960938,RIVERSIDE,LA QUINTA,-116.30367279052734,33.67250061035156
81617854,2021,2021-11-08,3342,2021-09-30,1435,1098,309,4,5,4,3342,0,0,0,NA,0,003,MAPLETON ST,DELPHINIUM LN,0,NA,Y,A,-,N,NA,NA,NA,NA,NA,NA,NA,NA,NA,N,3,0,1,2,A,-,11,21954,A,N,G,B,D,A,H,-,A,D,0,Y,NA,NA,NA,Y,NA,N,60,0,1,0,0,1,0,0,0,0,-,-,33.63117980957031,-117.1637725830078,RIVERSIDE,MURRIETA,-117.1645050048828,33.63198471069336
81617858,2021,2021-11-08,3342,2021-10-10,2042,1149,373,7,5,4,3342,0,0,0,NA,0,003,CLINTON KEITH RD,WHITEWOOD RD,0,NA,Y,A,-,N,NA,NA,NA,NA,NA,NA,NA,NA,NA,Y,3,0,3,2,A,-,12,21453,A,N,D,C,A,A,H,-,C,A,0,NA,NA,NA,NA,Y,NA,A,01,0,1,2,0,0,0,0,0,0,-,-,33.59700012207031,-117.1625518798828,RIVERSIDE,MURRIETA,-117.16285705566406,33.597801208496094
8161892,2016,2016-11-14,3313,2016-10-03,1438,1073,N,1,5,7,3313,0,0,0,NA,0,M31,ARLINGTON AV,RIVERSIDE AV,0,S,N,A,-,N,NA,NA,NA,NA,NA,NA,NA,NA,NA,N,4,0,1,2,A,-,03,22350,NA,N,C,C,A,A,H,-,A,A,0,NA,NA,NA,Y,Y,NA,F,55,0,0,1,0,0,0,0,0,0,-,-,NA,NA,RIVERSIDE,RIVERSIDE,-117.38947008,33.94628009
8161904,2016,2016-11-17,3313,2016-10-03,0821,0623,E,1,5,7,3313,0,0,0,NA,0,M10,CANYON CREST DR,VIA ZAPATA,0,NA,Y,A,-,N,NA,NA,NA,NA,NA,NA,NA,NA,NA,Y,4,0,3,2,A,-,09,21801,A,N,D,C,A,A,H,-,A,D,0,NA,NA,NA,NA,Y,NA,A,01,0,0,3,0,0,0,0,0,0,-,-,33.95219,-117.32963,RIVERSIDE,RIVERSIDE,-117.32976008,33.9521801
81620412,2021,2021-11-09,3315,2021-10-08,0738,003568,2B,5,5,6,3315,0,0,0,NA,0,001,PARKRIDGE AV,JOY ST,116,W,N,A,-,N,NA,NA,NA,NA,NA,NA,NA,NA,NA,N,4,0,1,2,A,-,06,21755,A,N,A,C,A,B,H,-,A,D,0,NA,NA,NA,Y,Y,NA,A,08,0,0,1,0,0,0,0,0,0,-,-,33.888179779052734,-117.55934143066406,RIVERSIDE,CORONA,-117.55953979492188,33.88844680786133
81620507,2021,2021-11-09,3315,2021-11-06,1229,003425,3H,6,5,6,3315,0,0,0,NA,0,002,RIMPAU AV,SIXTH ST,12,S,N,A,-,N,NA,NA,NA,NA,NA,NA,NA,NA,NA,N,4,0,1,2,A,-,03,22350,NA,N,C,C,A,A,H,-,A,A,0,NA,NA,NA,NA,Y,NA,A,01,0,0,1,0,0,0,0,0,0,-,-,33.8745002746582,-117.55259704589844,RIVERSIDE,CORONA,-117.55262756347656,33.87452697753906
81622127,2021,2021-11-11,3300,2021-10-04,1700,4713,910R,1,5,5,3335,0,0,0,NA,0,061,MARGARITA RD,NORTH GENERAL KEARNY RD,225,N,N,A,-,N,NA,NA,NA,NA,NA,NA,NA,NA,NA,N,4,0,2,2,A,-,03,22350,NA,M,C,C,A,A,H,-,A,A,0,NA,NA,NA,NA,Y,NA,A,07,0,0,2,0,0,0,0,0,0,-,-,33.5252799987793,-117.14891052246094,RIVERSIDE,TEMECULA,-117.14901733398438,33.5260124206543
81622798,2021,2021-11-12,3300,2021-11-09,1429,N6297,910L,2,5,5,3335,0,0,0,NA,0,064,MARGARITA RD,RANCHO VISTA RD,319,S,N,A,-,N,NA,NA,NA,NA,NA,NA,NA,NA,NA,N,3,0,3,2,A,-,03,22350,NA,N,C,C,A,A,H,-,A,D,0,NA,NA,NA,NA,Y,NA,A,01,0,1,2,0,0,0,0,0,0,-,-,33.501609802246094,-117.12027740478516,RIVERSIDE,TEMECULA,-117.11957550048828,33.50114440917969
81627732,2021,2021-11-18,3300,2021-11-16,1415,N4544,601 E,2,5,6,3394,0,0,0,NA,0,MV16,IRONWOOD AVE,MATHEWS RD,61,W,N,A,-,N,NA,NA,NA,NA,NA,NA,NA,NA,NA,Y,4,0,1,2,A,-,03,22350,NA,N,C,C,A,A,H,-,A,D,0,NA,NA,NA,Y,Y,NA,A,01,0,0,1,0,0,0,0,0,0,-,-,33.94662857055664,-117.22206878662108,RIVERSIDE,MORENO VALLEY,-117.22229766845705,33.94670104980469
81627757,2021,2021-11-18,3300,2021-02-01,1030,N6765,24C4,1,5,3,3317,0,0,0,NA,0,S24,DINAH SHORE DR,MONTEREY AVE,311,W,N,B,-,N,NA,NA,NA,NA,NA,NA,NA,NA,NA,N,3,0,1,2,A,-,03,22350,A,N,C,C,A,A,D,-,A,A,0,NA,NA,NA,NA,Y,NA,D,22,0,1,0,0,0,0,0,0,0,-,-,33.8017692565918,-116.3881378173828,RIVERSIDE,RANCHO MIRAGE,-116.3892822265625,33.80177307128906
81627845,2021,2021-11-18,3300,2021-04-05,1620,N1673,36J3,1,5,4,3318,0,0,0,NA,0,T36,74855 COUNTRY CLUB DR. (PRIVATE PROPERTY),NOT STATED,0,NA,-,G,-,N,NA,NA,NA,NA,NA,NA,NA,NA,NA,N,3,0,1,2,B,-,22,NA,NA,N,G,B,F,A,H,-,A,A,0,Y,NA,NA,NA,Y,NA,M,96,0,1,0,0,1,0,0,0,0,-,-,NA,NA,RIVERSIDE,PALM DESERT,NA,NA
81627855,2021,2021-11-18,3300,2021-04-15,1405,N7132,30J1,4,5,4,3318,0,0,0,NA,0,030,HWY 111,DEEP CANYON RD,30,W,N,A,-,N,NA,NA,NA,NA,NA,NA,NA,NA,NA,Y,3,0,3,2,A,-,08,22107,NA,N,B,C,A,A,H,-,A,A,0,NA,NA,NA,NA,Y,NA,A,07,0,1,2,0,0,0,0,0,0,-,-,33.721370697021484,-116.36509704589844,RIVERSIDE,PALM DESERT,-116.36515808105467,33.721099853515625
81629910,2021,2021-11-19,3300,2021-09-18,0329,5935,002K,6,5,6,3345,0,0,0,NA,0,022,RIVERSIDE DR,ETIWANDA AV,1580,W,N,A,-,N,NA,NA,NA,NA,NA,NA,NA,NA,NA,Y,4,0,1,1,A,-,08,22107,NA,N,E,I,A,A,H,-,C,D,0,NA,NA,NA,NA,Y,NA,D,22,0,0,1,0,0,0,0,0,0,-,-,34.0147705078125,-117.52422332763672,RIVERSIDE,JURUPA VALLEY,-117.52952575683594,34.01527404785156
81630957,2021,2021-11-22,3300,2021-11-04,1020,N1673,30A2,4,5,4,3318,0,0,0,NA,0,T30,HWY 111,FRED WARING DR,146,S,N,A,-,N,NA,NA,NA,NA,NA,NA,NA,NA,NA,Y,3,0,1,2,A,-,03,22350,NA,N,C,C,A,A,H,-,A,A,0,NA,NA,NA,NA,Y,NA,D,22,0,1,0,0,0,0,0,0,0,-,-,33.72863006591797,-116.4030990600586,RIVERSIDE,PALM DESERT,-116.40259552001952,33.72834777832031
81631023,2021,2021-11-22,3342,2021-09-21,1942,1148,239,2,5,4,3342,0,0,0,NA,0,002,TRAILS END DR,LAS BRISAS RD,184,S,N,A,-,N,NA,NA,NA,NA,NA,NA,NA,NA,NA,N,4,0,1,2,D,-,00,NA,NA,N,G,B,D,A,H,-,C,A,0,Y,NA,NA,NA,Y,NA,-,-,0,0,1,0,1,0,0,0,0,-,-,33.58087158203125,-117.19336700439452,RIVERSIDE,MURRIETA,-117.19288635253906,33.58039855957031
81631036,2021,2021-11-22,3342,2021-10-09,2030,175,173,6,5,4,3342,0,0,0,NA,0,001,KALMIA ST,MADISON AVE,0,NA,Y,A,C,N,NA,NA,NA,NA,NA,NA,NA,NA,NA,Y,4,0,2,2,C,-,18,NA,NA,N,C,C,A,A,H,-,C,A,0,NA,NA,NA,NA,Y,NA,-,-,0,0,2,0,0,0,0,0,0,-,-,33.563819885253906,-117.2081298828125,RIVERSIDE,MURRIETA,-117.20809173583984,33.56388854980469
81633810,2021,2021-11-24,3300,2021-11-15,1512,N6519,603 D,1,5,6,3394,0,0,0,NA,0,MV38,KRAMERIA AVE,SADDLEBROOK LN,15,W,N,A,-,N,NA,NA,NA,NA,NA,NA,NA,NA,NA,N,3,0,1,2,A,-,09,21802,A,N,A,C,A,A,H,-,A,D,0,NA,NA,NA,NA,Y,NA,-,-,0,1,0,0,0,0,0,0,0,-,-,33.88084030151367,-117.22225189208984,RIVERSIDE,MORENO VALLEY,-117.2218780517578,33.88103103637695
81633926,2021,2021-11-24,3349,2021-10-15,1208,455,NA,5,5,5,3341,0,0,0,NA,0,001,NEWPORT RD,MENIFEE LAKES DR,235,E,N,A,-,N,NA,NA,NA,NA,NA,NA,NA,NA,NA,Y,4,0,2,4,A,-,22,23123,NA,N,C,C,A,A,H,-,A,A,0,NA,NA,NA,NA,Y,NA,A,01,0,0,2,0,0,0,0,0,0,-,-,33.68516159057617,-117.1587371826172,RIVERSIDE,MENIFEE,-117.15799713134766,33.685089111328125
81634955,2021,2021-11-25,3300,2021-07-01,2355,5397,905K,4,5,4,3307,0,0,0,NA,0,094,LAKESHORE DR,OHIO ST,0,NA,Y,A,-,N,NA,NA,NA,NA,NA,NA,NA,NA,NA,N,1,1,1,2,A,-,17,23109,C,N,E,I,A,A,H,-,C,D,0,NA,NA,NA,NA,Y,Y,A,01,1,0,0,0,0,0,0,0,0,-,-,33.69301986694336,-117.38472747802734,RIVERSIDE,LAKE ELSINORE,-117.384765625,33.693092346191406
81634958,2021,2021-11-25,3300,2021-08-02,2301,5397,905B,1,5,4,3307,0,0,0,NA,0,090,RAILROAD CANYON RD,TASSEL WAY,380,W,N,A,-,N,NA,NA,NA,NA,NA,NA,NA,NA,NA,Y,1,1,0,1,A,-,08,22107,NA,N,E,I,A,A,H,-,C,D,0,NA,NA,Y,NA,Y,NA,C,02,0,0,0,0,0,0,0,1,0,-,-,NA,NA,RIVERSIDE,LAKE ELSINORE,-117.27450561523438,33.66366195678711
81634971,2021,2021-11-25,3300,2021-08-27,1844,5976,905B,5,5,4,3307,0,0,0,NA,0,090,CHRUCH RD X RAILROAD CANYON,NOT STATED,0,NA,-,A,-,N,NA,NA,NA,NA,NA,NA,NA,NA,NA,N,3,0,1,2,A,-,08,22107,NA,F,C,C,A,A,H,-,A,A,0,NA,NA,NA,NA,Y,NA,-,99,0,1,0,0,0,0,0,0,0,-,-,NA,NA,RIVERSIDE,LAKE ELSINORE,-117.28449,33.664849
81634997,2021,2021-11-25,3300,2021-09-17,1135,N4225,905B,5,5,4,3307,0,0,0,NA,0,090,CANYON ESTATES DR,SUMMERHILL DR,0,NA,Y,A,-,N,NA,NA,NA,NA,NA,NA,NA,NA,NA,Y,4,0,2,3,A,-,12,21453,A,N,D,C,A,A,H,-,A,A,0,NA,NA,NA,NA,Y,NA,A,01,0,0,2,0,0,0,0,0,0,-,-,33.66621017456055,-117.29840087890624,RIVERSIDE,LAKE ELSINORE,-117.2985382080078,33.66621017456055
81635016,2021,2021-11-25,3300,2021-09-30,0742,4254,NA,4,5,4,3307,0,0,0,NA,0,NA,RIVERSIDE DR,EISENHOWER DR,192,W,N,A,-,Y,NA,NA,NA,NA,NA,NA,NA,NA,NA,N,3,0,2,3,A,-,03,22350,NA,N,C,C,A,A,H,-,A,D,0,NA,NA,NA,NA,Y,NA,A,01,0,1,1,0,0,0,0,0,0,-,-,33.674259185791016,-117.3771514892578,RIVERSIDE,LAKE ELSINORE,-117.37810516357422,33.67174530029297
81637035,2021,2021-11-29,3311,2021-09-10,0120,15920,NA,5,5,4,3311,0,0,0,NA,0,005,BELARDO ROAD,PALM CANYON DRIVE S,404,W,N,A,-,N,NA,NA,NA,NA,NA,NA,NA,NA,NA,N,3,0,2,1,A,-,01,23152,A,N,E,I,A,A,H,-,D,D,0,NA,NA,NA,NA,Y,Y,A,01,0,1,1,0,0,0,0,0,0,-,-,33.802490234375,-116.5456085205078,RIVERSIDE,PALM SPRINGS,-116.54694366455078,33.802181243896484
81637037,2021,2021-11-29,3311,2021-09-10,1820,15397,NA,5,5,4,3311,0,0,0,NA,0,003,ARENAS ROAD,SUNRISE WAY,0,NA,Y,A,-,N,NA,NA,NA,NA,NA,NA,NA,NA,NA,N,3,0,1,2,A,-,10,21950,A,F,G,B,B,A,H,-,B,D,0,Y,NA,NA,NA,Y,NA,-,99,0,1,0,0,1,0,0,0,0,-,-,33.8214111328125,-116.52841186523438,RIVERSIDE,PALM SPRINGS,-116.52822875976563,33.82128143310547
81637066,2021,2021-11-29,3311,2021-10-04,1739,15842,NA,1,5,4,3311,0,0,0,NA,0,001,LAS VEGAS ROAD,INDIAN CANYON DRIVE N,304,W,N,A,-,N,NA,NA,NA,NA,NA,NA,NA,NA,NA,Y,4,0,2,2,A,-,03,22350,NA,N,A,C,A,A,H,-,B,D,0,NA,NA,NA,NA,Y,NA,A,01,0,0,2,0,0,0,0,0,0,-,-,33.863059997558594,-116.54547882080078,RIVERSIDE,PALM SPRINGS,-116.54692840576172,33.86320877075195
81637089,2021,2021-11-29,3311,2021-10-20,2027,15842,NA,3,5,4,3311,0,0,0,NA,0,001,SR 111 (PALM CANYON DRIVE N),SR 111 (VISTA CHINO),5,N,N,A,-,Y,NA,NA,111,NA,NA,NA,NA,NA,NA,N,4,0,1,2,D,-,00,NA,NA,N,G,B,B,A,H,-,C,A,0,Y,NA,NA,NA,Y,NA,-,-,0,0,1,0,1,0,0,0,0,-,-,33.844810485839844,-116.54682159423828,RIVERSIDE,PALM SPRINGS,-116.54676818847656,33.84489822387695
81637103,2021,2021-11-29,3311,2021-10-27,2258,15842,NA,3,5,4,3311,0,0,0,NA,0,005,MURRAY CANYON DRIVE,TOLEDO AVENUE,0,NA,Y,A,-,N,NA,NA,NA,NA,NA,NA,NA,NA,NA,Y,3,0,1,1,A,-,01,23152,F,N,E,I,A,A,H,-,D,D,0,NA,NA,NA,NA,Y,NA,A,07,0,1,0,0,0,0,0,0,0,-,-,33.78517150878906,-116.52851104736328,RIVERSIDE,PALM SPRINGS,-116.52802276611328,33.785667419433594
81638838,2021,2021-12-01,3300,2021-11-18,0802,4449,001C,4,5,6,3345,0,0,0,NA,0,010,MARKET ST,VIA CERRO,106,S,N,A,-,N,NA,NA,NA,NA,NA,NA,NA,NA,NA,N,4,0,1,2,A,-,21,22106,NA,N,C,C,A,A,H,-,A,A,0,NA,NA,NA,NA,Y,NA,D,22,0,0,1,0,0,0,0,0,0,-,-,34.01165008544922,-117.38340759277344,RIVERSIDE,JURUPA VALLEY,-117.3832778930664,34.01163864135742
81638885,2021,2021-12-01,3300,2021-10-31,1847,4867,604 B,7,5,6,3394,0,0,0,NA,0,MV42,MORENO BEACH DR,JOHN F KENNEDY DR,0,NA,Y,A,-,N,NA,NA,NA,NA,NA,NA,NA,NA,NA,Y,4,0,2,2,A,-,01,23152,A,N,D,C,A,A,H,-,C,A,0,NA,NA,NA,NA,Y,Y,A,01,0,0,2,0,0,0,0,0,0,-,-,33.9022216796875,-117.17410278320313,RIVERSIDE,MORENO VALLEY,-117.1741180419922,33.902767181396484
81638925,2021,2021-12-01,3300,2021-10-04,1545,4287,22E4,1,5,3,3317,0,0,0,NA,0,022,HWY 111,FRANK SINATRA DR,0,NA,Y,A,-,Y,NA,NA,NA,NA,NA,NA,NA,NA,NA,N,3,0,1,2,A,-,11,21453,D,N,G,B,B,A,H,-,A,A,0,Y,NA,NA,NA,Y,NA,N,60,0,1,0,0,1,0,0,0,0,-,-,33.772361755371094,-116.44731903076172,RIVERSIDE,RANCHO MIRAGE,-116.44718933105467,33.77238464355469
81638926,2021,2021-12-01,3300,2021-10-05,1320,N6906,20B3,2,5,3,3317,0,0,0,NA,0,S20,HWY 111,PAXTON DR,0,NA,Y,A,-,N,NA,NA,NA,NA,NA,NA,NA,NA,NA,N,4,0,1,2,A,-,07,21658,A,N,H,J,A,A,H,-,A,A,0,NA,Y,NA,NA,Y,NA,L,04,0,0,1,0,0,0,1,0,0,-,-,33.750038146972656,-116.42546844482422,RIVERSIDE,RANCHO MIRAGE,-116.42543792724608,33.750152587890625
81638970,2021,2021-12-01,3300,2021-08-29,0837,N3418,30C1,7,5,4,3318,0,0,0,NA,0,NA,HWY 111,MONTEREY AVE,28,W,N,A,-,N,NA,NA,NA,NA,NA,NA,NA,NA,NA,Y,3,0,3,3,A,-,09,21800,A,N,B,C,A,A,H,-,A,A,0,NA,NA,NA,NA,Y,NA,D,22,0,1,2,0,0,0,0,0,0,-,-,33.72140884399414,-116.39127349853516,RIVERSIDE,PALM DESERT,-116.39156341552734,33.72153091430664
81640522,2021,2021-12-02,3315,2021-11-10,0858,001452,13F,3,5,6,3315,0,0,0,NA,0,003,RIMPAU AV,NEW ENGLAND DR,0,NA,Y,A,-,N,NA,NA,NA,NA,NA,NA,NA,NA,NA,N,4,0,1,2,A,-,09,21802,A,N,D,C,A,A,H,-,A,A,0,NA,NA,NA,NA,Y,NA,A,01,0,0,1,0,0,0,0,0,0,-,-,33.83707809448242,-117.54827880859376,RIVERSIDE,CORONA,-117.54821014404295,33.83697509765625
81641556,2021,2021-12-03,3300,2021-05-03,0740,5869,30A2,1,5,4,3318,0,0,0,NA,0,MO829,FRED WARING DR,HWY 111,160,E,N,A,-,N,NA,NA,NA,NA,NA,NA,NA,NA,NA,N,4,0,1,2,A,-,03,22350,NA,N,C,C,A,A,H,-,A,A,0,NA,NA,NA,NA,Y,NA,D,22,0,0,1,0,0,0,0,0,0,-,-,33.72863006591797,-116.4030990600586,RIVERSIDE,PALM DESERT,-116.40231323242188,33.72869110107422
8164268,2016,2016-11-08,3300,2016-10-07,1840,N4880,34E5,5,5,4,3318,0,0,0,NA,0,T305,HOVLEY LN,WASHINGTON ST,0,W,N,A,-,N,NA,NA,NA,NA,NA,NA,NA,NA,NA,N,4,0,1,2,A,-,09,21801,A,N,D,C,A,A,H,-,C,A,0,NA,NA,NA,NA,Y,NA,A,07,0,0,1,0,0,0,0,0,0,-,-,NA,NA,RIVERSIDE,PALM DESERT,NA,NA
81642811,2021,2021-12-06,3311,2021-11-09,1842,15970,NA,2,5,4,3311,0,0,0,NA,0,002,INDIAN CANYON DRIVE N,E. VISTA CHINO,750,N,N,A,-,N,NA,NA,NA,NA,NA,NA,NA,NA,NA,Y,3,0,1,1,A,-,07,21658,A,N,E,I,A,A,H,-,C,D,0,NA,NA,Y,NA,Y,NA,C,02,0,1,0,0,0,0,0,0,1,-,-,33.84701919555664,-116.54559326171876,RIVERSIDE,PALM SPRINGS,-116.54559326171876,33.846923828125
81643073,2021,2021-12-06,3308,2021-10-30,1150,10620,516,6,5,5,3308,0,0,0,NA,0,NORTH,LATHAM AVE,INEZ ST,0,NA,Y,A,-,N,NA,NA,NA,NA,NA,NA,NA,NA,NA,Y,4,0,1,2,A,-,09,21802,A,N,D,C,A,A,H,-,A,A,0,NA,NA,NA,NA,Y,NA,A,07,0,0,1,0,0,0,0,0,0,-,-,NA,NA,RIVERSIDE,HEMET,-116.97276306152344,33.74934387207031
8164456,2016,2016-11-08,3315,2016-10-21,1304,001531,10C,5,5,6,3315,0,0,0,NA,0,NA,6TH ST,PROMENADE AV,0,NA,Y,A,-,N,NA,NA,NA,NA,NA,NA,NA,NA,NA,Y,4,0,2,2,A,-,12,21453,A,N,D,C,A,A,H,-,A,A,0,NA,NA,NA,NA,Y,NA,A,01,0,0,2,0,0,0,0,0,0,-,-,NA,NA,RIVERSIDE,CORONA,-117.53209012,33.87374011
81647054,2021,2021-12-09,3300,2021-02-13,1635,N6217,89B1,6,5,4,3318,0,0,0,NA,0,J89,HWY 111,PROVINCE WAY,0,NA,Y,A,-,N,NA,NA,NA,NA,NA,NA,NA,NA,NA,Y,3,0,2,2,A,-,12,21453,A,N,D,C,A,A,H,-,A,A,0,NA,NA,NA,Y,Y,NA,A,01,0,1,1,0,0,0,0,0,0,-,-,33.72140121459961,-116.3519287109375,RIVERSIDE,PALM DESERT,-116.35192108154295,33.72140884399414
81647056,2021,2021-12-09,3300,2021-01-16,0933,5366,89A1,6,5,2,3316,0,0,0,NA,0,MO871,HWY 111,VILLAGE CENTER DR,0,NA,Y,A,-,N,NA,NA,NA,NA,NA,NA,NA,NA,NA,Y,4,0,1,2,A,-,12,21453,A,N,D,C,A,A,H,-,A,A,0,NA,NA,NA,NA,Y,NA,A,01,0,0,1,0,0,0,0,0,0,-,-,33.721378326416016,-116.35887145996094,RIVERSIDE,INDIAN WELLS,-116.35890197753906,33.72136306762695
81648424,2021,2021-12-10,3300,2021-12-05,2348,5757,24C7,7,5,3,3317,0,0,0,NA,0,1S24,RAMON RD,BOB HOPE DR,0,NA,Y,A,-,N,NA,NA,NA,NA,NA,NA,NA,NA,NA,N,4,0,2,2,A,-,03,22350,NA,N,C,C,A,A,H,-,C,A,0,NA,NA,NA,NA,Y,NA,A,01,0,0,2,0,0,0,0,0,0,-,-,33.81626892089844,-116.41055297851563,RIVERSIDE,RANCHO MIRAGE,-116.41063690185548,33.8163948059082
81648496,2021,2021-12-10,3300,2021-04-29,0911,5840,30A2,4,5,4,3318,0,0,0,NA,0,NA,HWY 111,FRED WARING DR,0,NA,Y,A,-,Y,NA,NA,NA,NA,NA,NA,NA,NA,NA,N,4,0,2,2,A,-,12,21453,A,N,A,C,A,A,H,-,A,A,0,NA,NA,NA,NA,Y,NA,A,01,0,0,2,0,0,0,0,0,0,-,-,33.72863006591797,-116.4030990600586,RIVERSIDE,PALM DESERT,-116.40283966064452,33.72868728637695