CASE_ID,ACCIDENT_YEAR,PROC_DATE,JURIS,COLLISION_DATE,COLLISION_TIME,OFFICER_ID,REPORTING_DISTRICT,DAY_OF_WEEK,CHP_SHIFT,POPULATION,CNTY_CITY_LOC,SPECIAL_COND,BEAT_TYPE,CHP_BEAT_TYPE,CITY_DIVISION_LAPD,CHP_BEAT_CLASS,BEAT_NUMBER,PRIMARY_RD,SECONDARY_RD,DISTANCE,DIRECTION,INTERSECTION,WEATHER_1,WEATHER_2,STATE_HWY_IND,CALTRANS_COUNTY,CALTRANS_DISTRICT,STATE_ROUTE,ROUTE_SUFFIX,POSTMILE_PREFIX,POSTMILE,LOCATION_TYPE,RAMP_INTERSECTION,SIDE_OF_HWY,TOW_AWAY,COLLISION_SEVERITY,NUMBER_KILLED,NUMBER_INJURED,PARTY_COUNT,PRIMARY_COLL_FACTOR,PCF_CODE_OF_VIOL,PCF_VIOL_CATEGORY,PCF_VIOLATION,PCF_VIOL_SUBSECTION,HIT_AND_RUN,TYPE_OF_COLLISION,MVIW,PED_ACTION,ROAD_SURFACE,ROAD_COND_1,ROAD_COND_2,LIGHTING,CONTROL_DEVICE,CHP_ROAD_TYPE,PEDESTRIAN_ACCIDENT,BICYCLE_ACCIDENT,MOTORCYCLE_ACCIDENT,TRUCK_ACCIDENT,NOT_PRIVATE_PROPERTY,ALCOHOL_INVOLVED,STWD_VEHTYPE_AT_FAULT,CHP_VEHTYPE_AT_FAULT,COUNT_SEVERE_INJ,COUNT_VISIBLE_INJ,COUNT_COMPLAINT_PAIN,COUNT_PED_KILLED,COUNT_PED_INJURED,COUNT_BICYCLIST_KILLED,COUNT_BICYCLIST_INJURED,COUNT_MC_KILLED,COUNT_MC_INJURED,PRIMARY_RAMP,SECONDARY_RAMP,LATITUDE,LONGITUDE,COUNTY,CITY,POINT_X,POINT_Y
81737705,2022,2022-03-31,3300,2022-03-09,1900,5397,905L,3,5,4,3307,0,0,0,NA,0,093,GRAND AVE,ORTEGA HIGHWAY,224,S,N,A,-,N,NA,NA,NA,NA,NA,NA,NA,NA,NA,N,4,0,1,2,A,-,08,22107,NA,F,A,C,A,A,H,-,C,D,0,NA,NA,NA,Y,Y,Y,A,07,0,0,1,0,0,0,0,0,0,-,-,NA,NA,RIVERSIDE,LAKE ELSINORE,-117.3751983642578,33.65790939331055
81737764,2022,2022-03-31,3311,2022-03-07,1521,15896,NA,1,5,4,3311,0,0,0,NA,0,005,SUNRISE WAY,PALM CANYON DRIVE E,9,S,N,A,-,N,NA,NA,NA,NA,NA,NA,NA,NA,NA,N,3,0,1,2,D,-,00,NA,NA,N,G,B,B,A,H,-,A,A,0,Y,NA,NA,NA,Y,NA,-,-,0,1,0,0,1,0,0,0,0,-,-,33.8013916015625,-116.52828979492188,RIVERSIDE,PALM SPRINGS,-116.52828216552734,33.80134582519531
81739433,2022,2022-04-04,3315,2022-03-08,2014,003659,3D,2,5,6,3315,0,0,0,NA,0,003,MAGNOLIA AV,EL CAMINO AV,345,W,N,A,-,N,NA,NA,NA,NA,NA,NA,NA,NA,NA,N,4,0,1,3,A,-,03,22350,NA,N,C,C,A,A,H,-,D,A,0,NA,NA,NA,NA,Y,NA,A,01,0,0,1,0,0,0,0,0,0,-,-,33.86777877807617,-117.53896331787108,RIVERSIDE,CORONA,-117.53993225097656,33.86725997924805
81739439,2022,2022-04-04,3315,2022-03-18,0845,003134,6B,5,5,6,3315,0,0,0,NA,0,001,BELLE AV,THIRD ST,35,S,N,A,-,N,NA,NA,NA,NA,NA,NA,NA,NA,NA,Y,4,0,1,3,A,-,12,22450,A,N,A,E,A,A,H,-,A,D,0,NA,NA,NA,NA,Y,NA,A,01,0,0,1,0,0,0,0,0,0,-,-,33.878780364990234,-117.56849670410156,RIVERSIDE,CORONA,-117.56839752197266,33.87865447998047
81739614,2022,2022-04-04,3349,2022-03-12,0633,380,NA,6,5,5,3341,0,0,0,NA,0,004,GOETZ RD,CALIFORNIA PL,66,N,N,A,-,N,NA,NA,NA,NA,NA,NA,NA,NA,NA,Y,2,0,1,2,A,-,03,22350,NA,N,C,E,A,A,H,-,A,D,0,NA,NA,NA,NA,Y,Y,A,01,1,0,0,0,0,0,0,0,0,-,-,NA,NA,RIVERSIDE,MENIFEE,NA,NA
81740721,2022,2022-04-05,3306,2022-03-23,0810,742,3306,3,5,3,3306,0,0,0,NA,0,NA,INDIAN CANYON DR,19TH AVE,0,NA,Y,A,-,N,NA,NA,NA,NA,NA,NA,NA,NA,NA,Y,3,0,2,2,A,-,09,21801,A,N,D,C,A,A,D,E,A,A,0,NA,NA,NA,NA,Y,NA,A,81,0,1,1,0,0,0,0,0,0,-,-,NA,NA,RIVERSIDE,DESERT HOT SPRINGS,-116.54535675048828,33.91026306152344
8174127,2016,2017-05-03,3309,2016-11-02,2103,232,3309,3,5,4,3309,0,0,0,NA,0,002,JACKSON ST,RT 10,0,NA,Y,A,-,Y,RIV,8,10,-,R,55.575,R,4,E,N,4,0,1,2,A,-,10,21950,A,N,G,B,B,A,H,-,C,A,0,Y,NA,NA,NA,Y,NA,A,01,0,0,1,0,1,0,0,0,0,-,-,NA,NA,RIVERSIDE,INDIO,-116.22002641,33.73821514
81741729,2022,2022-04-06,3300,2022-03-28,0913,5824,916A,1,5,4,3312,0,0,0,NA,0,031,PERRIS BL,ORANGE AV,0,NA,Y,A,-,N,NA,NA,NA,NA,NA,NA,NA,NA,NA,Y,4,0,2,2,A,-,12,21453,A,M,D,C,A,A,H,-,A,A,0,NA,NA,NA,NA,Y,NA,A,08,0,0,2,0,0,0,0,0,0,-,-,33.81568908691406,-117.22599029541016,RIVERSIDE,PERRIS,-117.2261199951172,33.81560134887695
81744575,2022,2022-04-11,3300,2022-03-20,0158,N3765,87D1,7,5,2,3316,0,0,0,NA,0,1T371,HWY 111,ELDORADO DR,261,E,N,A,-,N,NA,NA,NA,NA,NA,NA,NA,NA,NA,Y,4,0,2,1,A,-,08,22107,NA,N,E,I,A,A,H,-,C,D,0,NA,NA,NA,NA,Y,NA,A,01,0,0,2,0,0,0,0,0,0,-,-,33.721378326416016,-116.33907318115234,RIVERSIDE,INDIAN WELLS,-116.338134765625,33.72154998779297
81745768,2022,2022-04-12,3300,2022-03-05,1915,N3765,22J1,6,5,3,3317,0,0,0,NA,0,1T371,MONTEREY AVE,FRANK SINATRA DR (E),410,N,N,A,-,N,NA,NA,NA,NA,NA,NA,NA,NA,NA,Y,3,0,6,2,A,-,07,21658,A,N,E,I,A,A,H,-,D,A,0,NA,NA,NA,NA,Y,NA,A,07,0,5,1,0,0,0,0,0,0,-,-,33.7724494934082,-116.38819885253906,RIVERSIDE,RANCHO MIRAGE,-116.39085388183594,33.773582458496094
81745867,2022,2022-04-12,3300,2022-03-30,0705,3826,82B5,3,5,3,3305,0,0,0,NA,0,Y82,CESAR CHAVEZ ST,53RD AV,132,N,N,A,-,N,NA,NA,NA,NA,NA,NA,NA,NA,NA,Y,4,0,2,2,A,-,04,21703,NA,N,C,C,A,A,H,-,A,A,0,NA,NA,NA,NA,Y,NA,A,01,0,0,2,0,0,0,0,0,0,-,-,33.66379928588867,-116.18170166015624,RIVERSIDE,COACHELLA,-116.18194580078124,33.664180755615234
81746733,2022,2022-04-13,3300,2022-03-23,1415,3831,012F,3,5,4,3344,0,0,0,NA,0,064,SCHLEISMAN RD,ENCLAVE DR,188,E,N,A,-,N,NA,NA,NA,NA,NA,NA,NA,NA,NA,Y,4,0,2,3,A,-,03,22350,NA,N,C,C,A,A,H,-,A,D,0,NA,NA,NA,NA,Y,NA,A,01,0,0,2,0,0,0,0,0,0,-,-,33.96086883544922,-117.59741973876952,RIVERSIDE,EASTVALE,-117.59676361083984,33.960750579833984
81746734,2022,2022-04-13,3300,2022-04-07,1215,3831,012C,4,5,4,3344,0,0,0,NA,0,065,SCHLEISMAN RD,HAMNER AV,90,W,N,A,-,N,NA,NA,NA,NA,NA,NA,NA,NA,NA,N,4,0,1,2,A,-,21,22106,NA,N,C,C,A,A,H,-,A,A,0,NA,NA,NA,Y,Y,NA,F,24,0,0,1,0,0,0,0,0,0,-,-,33.960750579833984,-117.5583267211914,RIVERSIDE,EASTVALE,-117.55862426757813,33.96087646484375
81747643,2022,2022-04-14,3311,2022-03-17,1259,16393,NA,4,5,4,3311,0,0,0,NA,0,002,INDIAN CANYON DRIVE N,RACQUET CLUB ROAD,0,NA,Y,A,-,N,NA,NA,NA,NA,NA,NA,NA,NA,NA,Y,4,0,1,2,A,-,09,21801,A,N,A,C,A,A,H,-,A,A,0,NA,NA,NA,NA,Y,NA,A,01,0,0,1,0,0,0,0,0,0,-,-,33.85205078125,-116.54557800292967,RIVERSIDE,PALM SPRINGS,-116.54555511474608,33.852115631103516
81749620,2022,2022-04-18,3315,2022-04-02,1559,003434,13A,6,5,6,3315,0,0,0,NA,0,003,E ONTARIO AVE,MAGNOLIA AV,874,W,N,A,-,N,NA,NA,NA,NA,NA,NA,NA,NA,NA,N,4,0,1,2,A,-,09,21802,A,N,D,G,A,A,H,-,A,A,0,NA,Y,NA,NA,Y,NA,A,01,0,0,1,0,0,0,1,0,0,-,-,33.85499954223633,-117.56134796142578,RIVERSIDE,CORONA,-117.56434631347656,33.85542678833008
81749750,2022,2022-04-18,3300,2022-04-02,1429,5801,Y83,6,5,3,3305,0,0,0,NA,0,Y83,CESAR CHAVEZ ST,50TH AV,50,S,N,A,-,N,NA,NA,NA,NA,NA,NA,NA,NA,NA,N,3,0,1,2,A,-,21,22106,NA,F,H,C,A,A,H,-,A,A,0,NA,NA,NA,NA,Y,NA,A,07,0,1,0,0,0,0,0,0,0,-,-,33.685489654541016,-116.18154144287108,RIVERSIDE,COACHELLA,-116.18161010742188,33.6853141784668
81750730,2022,2022-04-19,3300,2022-04-08,1555,N7335,34C3,5,5,4,3318,0,0,0,NA,0,2T368,COUNTRY CLUB DR,HARRIS LN,60,E,N,A,-,N,NA,NA,NA,NA,NA,NA,NA,NA,NA,Y,4,0,1,2,A,-,03,22350,NA,N,C,C,A,A,H,-,A,A,0,NA,NA,NA,NA,Y,NA,D,22,0,0,1,0,0,0,0,0,0,-,-,33.75817108154297,-116.30558776855467,RIVERSIDE,PALM DESERT,-116.305419921875,33.758148193359375
81753022,2022,2022-04-21,3300,2022-03-11,1503,5980,002M,5,5,6,3345,0,0,0,NA,0,022,BELLEGRAVE AV,FIREBUSH STREET,0,NA,Y,A,-,N,NA,NA,NA,NA,NA,NA,NA,NA,NA,N,3,0,2,2,A,-,08,22107,NA,N,A,C,A,A,H,-,A,A,0,NA,NA,NA,NA,Y,NA,A,07,0,1,1,0,0,0,0,0,0,-,-,NA,NA,RIVERSIDE,JURUPA VALLEY,-117.53703308105467,33.99522399902344
8175504,2016,2016-11-30,3300,2016-11-08,1407,4406,603A4,2,5,6,3394,0,0,0,NA,0,603B1,INDIAN ST,CACTUS AV,12,N,N,A,-,N,NA,NA,NA,NA,NA,NA,NA,NA,NA,Y,4,0,1,2,A,-,04,21703,NA,N,C,C,A,A,H,-,A,A,0,NA,NA,NA,NA,Y,NA,A,07,0,0,1,0,0,0,0,0,0,-,-,33.90997,-117.23489,RIVERSIDE,MORENO VALLEY,-117.23496024,33.91007287
8175516,2016,2016-11-30,3300,2016-11-10,1420,N4544,603B4,4,5,6,3394,0,0,0,NA,0,034,INDIAN ST,NANDINA AV,726,S,N,A,-,N,NA,NA,NA,NA,NA,NA,NA,NA,NA,Y,4,0,2,2,A,-,09,21804,A,N,D,C,A,A,H,-,A,D,0,NA,NA,NA,NA,Y,NA,A,01,0,0,2,0,0,0,0,0,0,-,-,33.86276,-117.23493,RIVERSIDE,MORENO VALLEY,-117.23478467,33.8645212
81757289,2022,2022-04-27,3306,2022-03-09,1011,708,3306,3,5,3,3306,0,0,0,NA,0,NA,PALM DR,DILLON RD,0,NA,Y,A,-,N,NA,NA,NA,NA,NA,NA,NA,NA,NA,N,4,0,1,2,A,-,21,22106,NA,N,C,C,A,A,H,-,A,A,0,NA,NA,NA,NA,Y,NA,J,41,0,0,1,0,0,0,0,0,0,-,-,33.92496871948242,-116.50173950195313,RIVERSIDE,DESERT HOT SPRINGS,-116.5017318725586,33.92496871948242
81757310,2022,2022-04-27,3311,2022-03-24,1933,16057,NA,4,5,4,3311,0,0,0,NA,0,006,CROSSLEY ROAD,RAMON ROAD,500,S,N,A,-,N,NA,NA,NA,NA,NA,NA,NA,NA,NA,Y,4,0,1,4,A,-,03,22350,NA,N,C,C,A,A,H,-,C,D,0,NA,NA,NA,NA,Y,NA,A,01,0,0,1,0,0,0,0,0,0,-,-,33.81584930419922,-116.48419189453124,RIVERSIDE,PALM SPRINGS,-116.48429870605467,33.814491271972656
81758469,2022,2022-04-28,3300,2022-04-13,1627,3031,LA41,3,5,3,3392,0,0,0,NA,0,LA41,CORPORATE CENTRE DR,ADAMS ST,323,E,N,A,-,N,NA,NA,NA,NA,NA,NA,NA,NA,NA,N,4,0,1,2,A,-,09,21804,A,N,D,C,A,A,H,-,A,D,0,NA,NA,NA,NA,Y,NA,A,01,0,0,1,0,0,0,0,0,0,-,-,33.71039962768555,-116.28617095947266,RIVERSIDE,LA QUINTA,-116.28514099121094,33.71038818359375
8176109,2016,2016-11-28,3300,2016-10-24,1841,3536,603C4,1,5,6,3394,0,0,0,NA,0,MV36,IRIS AV,BLUECHIP CIR,0,NA,Y,A,-,N,NA,NA,NA,NA,NA,NA,NA,NA,NA,N,3,0,2,2,A,-,09,21802,A,N,D,C,A,A,H,-,B,A,0,NA,NA,NA,NA,Y,NA,A,01,0,1,1,0,0,0,0,0,0,-,-,33.88835,-117.21861,RIVERSIDE,MORENO VALLEY,-117.21815005,33.88832007
81761792,2022,2022-05-02,3300,2022-04-08,1440,5779,601 G,5,5,6,3394,0,0,0,NA,0,MV18,IRONWOOD AVE,MORENO BEACH DR,0,NA,Y,A,-,N,NA,NA,NA,NA,NA,NA,NA,NA,NA,Y,4,0,1,2,A,-,12,21453,A,N,D,C,A,A,H,-,A,A,0,NA,NA,NA,NA,Y,NA,A,01,0,0,1,0,0,0,0,0,0,-,-,33.94636154174805,-117.17849731445313,RIVERSIDE,MORENO VALLEY,-117.17850494384766,33.94636917114258
81761809,2022,2022-05-02,3308,2022-03-23,1211,10610,295,3,5,5,3308,0,0,0,NA,0,NORTH,LYON AVE,EATON AVE,0,NA,Y,A,-,N,NA,NA,NA,NA,NA,NA,NA,NA,NA,Y,3,0,2,2,A,-,09,21802,A,N,D,C,A,A,H,-,A,A,0,NA,NA,NA,NA,Y,NA,A,01,0,1,1,0,0,0,0,0,0,-,-,33.76567077636719,-116.98915863037108,RIVERSIDE,HEMET,-116.98924255371094,33.76555252075195
81766729,2022,2022-05-09,3300,2022-04-14,0748,3774,603 B,4,5,6,3394,0,0,0,NA,0,MV34,GENTIAN AVE,AVENGER DR,0,NA,Y,A,-,N,NA,NA,NA,NA,NA,NA,NA,NA,NA,Y,4,0,1,2,A,-,09,21802,A,N,B,C,A,A,H,-,A,A,0,NA,NA,NA,NA,Y,NA,A,01,0,0,1,0,0,0,0,0,0,-,-,33.895538330078125,-117.23139190673828,RIVERSIDE,MORENO VALLEY,NA,NA
8177048,2016,2016-12-01,3300,2016-11-02,0900,4449,001F,3,5,6,3345,0,0,0,NA,0,012,VALLEY WY,37TH ST,0,NA,Y,A,-,N,NA,NA,NA,NA,NA,NA,NA,NA,NA,N,4,0,1,2,A,-,06,21755,NA,N,C,C,A,A,H,-,A,D,0,NA,NA,Y,NA,Y,NA,C,02,0,0,1,0,0,0,0,0,1,-,-,NA,NA,RIVERSIDE,JURUPA VALLEY,-117.43233001,34.01265009
81771307,2022,2022-05-13,3300,2022-04-30,0200,N7126,Y82,6,5,3,3305,0,0,0,NA,0,Y82,CESAR CHAVEZ ST,CALLE ROJO,0,N,Y,A,-,N,NA,NA,NA,NA,NA,NA,NA,NA,NA,N,3,0,1,2,A,-,09,21801,A,N,D,C,A,A,H,-,D,D,0,NA,NA,Y,NA,Y,Y,D,22,0,1,0,0,0,0,0,0,1,-,-,33.66923904418945,-116.1816177368164,RIVERSIDE,COACHELLA,-116.18196105957033,33.66919708251953
81772015,2022,2022-05-16,3300,2022-05-11,1230,N7633,36K5,3,5,4,3318,0,0,0,NA,0,2T390,VELIE WAY,COOK ST,590,W,N,A,-,N,NA,NA,NA,NA,NA,NA,NA,NA,NA,Y,4,0,1,2,A,-,09,21804,A,N,D,C,A,A,H,-,A,D,0,NA,NA,NA,NA,Y,NA,A,01,0,0,1,0,0,0,0,0,0,-,-,33.742431640625,-116.35643005371094,RIVERSIDE,PALM DESERT,-116.35828399658205,33.74248123168945
8177229,2016,2017-02-22,3308,2016-07-20,2056,10530,517,3,5,5,3308,0,0,0,NA,0,SOUTH,FLORIDA AV,SAN JACINTO ST,137,W,N,A,-,Y,RIV,8,74,-,-,41.31,H,-,W,N,3,0,1,2,A,-,11,21954,A,N,G,B,D,A,H,-,C,A,0,Y,NA,NA,NA,Y,Y,N,60,0,1,0,0,1,0,0,0,0,-,-,NA,NA,RIVERSIDE,HEMET,-116.95913888,33.74761069
8177249,2016,2016-12-05,3308,2016-09-17,1325,10620,283,6,5,5,3308,0,0,0,NA,0,NORTH,WARREN RD,DEVONSHIRE AV,3200,N,N,A,-,N,NA,NA,NA,NA,NA,NA,NA,NA,NA,Y,3,0,1,1,A,-,03,22350,NA,N,F,A,A,A,H,-,A,D,0,NA,NA,NA,NA,Y,Y,D,22,0,1,0,0,0,0,0,0,0,-,-,NA,NA,RIVERSIDE,HEMET,-117.03584132,33.75983479
8177257,2016,2017-02-15,3300,2016-11-10,0929,3553,30J2,4,5,4,3318,0,0,0,NA,0,T30,RT 111,HOSPITALITY ROW,28,E,N,A,-,N,NA,NA,NA,NA,NA,NA,NA,NA,NA,Y,4,0,1,2,A,-,03,22350,NA,N,C,C,A,A,H,-,A,A,0,NA,NA,NA,NA,Y,NA,D,22,0,0,1,0,0,0,0,0,0,-,-,33.72137,-116.36239,RIVERSIDE,PALM DESERT,-116.36224831,33.72134
8177262,2016,2016-12-05,3313,2016-10-23,2106,1783,EAST,7,5,7,3313,0,0,0,NA,0,A213,VAN BUREN BL,BARTON ST,0,NA,Y,C,-,N,NA,NA,NA,NA,NA,NA,NA,NA,NA,Y,3,0,2,2,A,-,03,22350,NA,N,C,C,A,B,H,-,C,A,0,NA,NA,NA,NA,Y,NA,D,22,0,2,0,0,0,0,0,0,0,-,-,33.88808,-117.31406,RIVERSIDE,RIVERSIDE,-117.31387999,33.8882401
8177277,2016,2016-12-05,3308,2016-09-30,1605,10559,514,5,5,5,3308,0,0,0,NA,0,NORTH,DEVONSHIRE AV,CAWSTON AV,0,NA,Y,A,-,N,NA,NA,NA,NA,NA,NA,NA,NA,NA,Y,4,0,1,2,A,-,09,21801,A,N,A,C,A,A,H,-,A,A,0,NA,NA,NA,NA,Y,NA,D,22,0,0,1,0,0,0,0,0,0,-,-,NA,NA,RIVERSIDE,HEMET,-117.01535012,33.75089005
81773346,2022,2022-05-17,3300,2022-04-26,1319,5237,NA,2,5,4,3307,0,0,0,NA,0,NA,MISSION TRL,MALAGA RD,0,NA,Y,A,-,N,NA,NA,NA,NA,NA,NA,NA,NA,NA,Y,4,0,1,2,A,-,12,21453,A,N,D,C,A,A,H,-,A,A,0,NA,NA,NA,NA,Y,NA,A,01,0,0,1,0,0,0,0,0,0,-,-,33.65245056152344,-117.29634857177734,RIVERSIDE,LAKE ELSINORE,-117.29638671875,33.6524658203125
81777502,2022,2022-05-23,3300,2022-04-19,2229,4867,603 A,2,5,6,3394,0,0,0,NA,0,MV32,CACTUS AVE,GRAHAM ST,0,NA,Y,A,-,N,NA,NA,NA,NA,NA,NA,NA,NA,NA,Y,3,0,3,3,A,-,12,21453,A,N,D,C,A,A,H,-,C,A,0,NA,NA,NA,NA,Y,NA,A,01,0,1,2,0,0,0,0,0,0,-,-,33.910118103027344,-117.25250244140624,RIVERSIDE,MORENO VALLEY,-117.25234985351563,33.91026306152344
81777505,2022,2022-05-23,3300,2022-05-13,1153,3775,603 B,5,5,6,3394,0,0,0,NA,0,MV34,PERRIS BLVD,KRAMERIA AVE,0,NA,Y,A,-,N,NA,NA,NA,NA,NA,NA,NA,NA,NA,N,4,0,3,2,A,-,12,21453,A,N,D,C,A,A,H,-,A,A,0,NA,NA,NA,NA,Y,NA,A,01,0,0,3,0,0,0,0,0,0,-,-,33.88100814819336,-117.2262725830078,RIVERSIDE,MORENO VALLEY,-117.22617340087892,33.88105010986328
8177765,2016,2016-12-09,3313,2016-10-22,0225,1509,W,6,5,7,3313,0,0,0,NA,0,A415,JURUPA AV,RUTLAND AV,66,E,N,A,-,N,NA,NA,NA,NA,NA,NA,NA,NA,NA,Y,4,0,1,1,A,-,08,22107,NA,N,E,I,A,A,H,-,C,D,0,NA,NA,NA,NA,Y,NA,A,01,0,0,1,0,0,0,0,0,0,-,-,33.95834,-117.46891,RIVERSIDE,RIVERSIDE,-117.46869382,33.95806601
81778615,2022,2022-05-24,3300,2022-05-18,1720,3455,89B1,3,5,4,3318,0,0,0,NA,0,089,HWY 111,VILLAGE CENTER DR,110,W,N,A,-,N,NA,NA,NA,NA,NA,NA,NA,NA,NA,N,4,0,1,3,A,-,03,22350,NA,N,C,C,A,A,H,-,A,A,0,NA,NA,Y,NA,Y,NA,A,01,0,0,1,0,0,0,0,0,1,-,-,33.721290588378906,-116.35906982421876,RIVERSIDE,PALM DESERT,-116.35926055908205,33.721351623535156
81778617,2022,2022-05-24,3300,2022-05-14,1437,5039,30B3,6,5,4,3318,0,0,0,NA,0,NA,HWY 111,TOWN CENTER WAY,230,W,N,A,-,N,NA,NA,NA,NA,NA,NA,NA,NA,NA,N,4,0,1,2,A,-,21,22106,NA,N,C,C,A,A,H,-,A,A,0,NA,NA,NA,NA,Y,NA,A,01,0,0,1,0,0,0,0,0,0,-,-,33.72298049926758,-116.39859771728516,RIVERSIDE,PALM DESERT,-116.39902496337892,33.723602294921875
81780817,2022,2022-05-26,3311,2022-04-29,1845,16128,NA,5,5,4,3311,0,0,0,NA,0,001,INDIAN CANYON DRIVE N,RACQUET CLUB ROAD,0,NA,Y,A,G,N,NA,NA,NA,NA,NA,NA,NA,NA,NA,Y,2,0,1,2,A,-,09,21801,A,N,A,C,A,A,H,-,A,A,0,NA,NA,NA,NA,Y,NA,A,01,1,0,0,0,0,0,0,0,0,-,-,33.85205078125,-116.54557800292967,RIVERSIDE,PALM SPRINGS,-116.54555511474608,33.852115631103516
81781015,2022,2022-05-26,3349,2022-04-06,1530,336,NA,3,5,5,3341,0,0,0,NA,0,003,BUNDY CANYON RD,SUNSET AVE,354,E,N,A,-,N,NA,NA,NA,NA,NA,NA,NA,NA,NA,Y,4,0,1,2,A,-,08,22107,NA,N,B,C,A,A,H,-,A,D,0,NA,NA,NA,NA,Y,NA,A,01,0,0,1,0,0,0,0,0,0,-,-,NA,NA,RIVERSIDE,MENIFEE,-117.22237396240234,33.6414909362793
81782804,2022,2022-05-27,3300,2022-04-24,1047,N4883,001F,7,5,6,3345,0,0,0,NA,0,012,VALLEY WY,36TH ST,24,S,N,A,-,N,NA,NA,NA,NA,NA,NA,NA,NA,NA,Y,4,0,3,2,A,-,09,21802,A,N,D,C,A,A,H,-,A,A,0,NA,NA,NA,NA,Y,NA,D,22,0,0,3,0,0,0,0,0,0,-,-,34.01155090332031,-117.43026733398438,RIVERSIDE,JURUPA VALLEY,-117.43142700195313,34.01320266723633
81783662,2022,2022-05-30,3300,2022-03-26,2202,5059,602 D,6,5,6,3394,0,0,0,NA,0,MV26,ATWOOD AVE,PERRIS BLVD,1451,W,N,A,-,N,NA,NA,NA,NA,NA,NA,NA,NA,NA,Y,2,0,1,3,A,-,03,22350,NA,N,E,I,A,A,H,-,C,D,0,NA,NA,Y,NA,Y,NA,C,02,1,0,0,0,0,0,0,0,1,-,-,33.929840087890625,-117.22614288330078,RIVERSIDE,MORENO VALLEY,-117.23104858398438,33.929969787597656
81783667,2022,2022-05-30,3300,2022-05-12,1431,5665,604 A,4,5,6,3394,0,0,0,NA,0,MV42,FIR AVE,LASSELLE ST,0,NA,Y,A,-,N,NA,NA,NA,NA,NA,NA,NA,NA,NA,N,4,0,1,2,A,-,10,21950,A,N,G,B,B,A,H,-,A,A,0,Y,NA,NA,NA,Y,NA,A,07,0,0,1,0,1,0,0,0,0,-,-,33.93545913696289,-117.20880889892578,RIVERSIDE,MORENO VALLEY,-117.2089614868164,33.935428619384766
81784067,2022,2022-05-30,3300,2022-05-20,0727,5712,LA41,5,5,3,3392,0,0,0,NA,0,LA41,ADAMS ST,AVE 47,0,NA,Y,A,-,N,NA,NA,NA,NA,NA,NA,NA,NA,NA,N,3,0,2,2,A,-,12,21453,A,N,D,C,A,A,H,-,A,A,0,NA,NA,NA,NA,Y,NA,A,07,0,1,1,0,0,0,0,0,0,-,-,33.706539154052734,-116.28614807128906,RIVERSIDE,LA QUINTA,-116.28617095947266,33.7065315246582
81787403,2022,2022-06-03,3300,2022-05-22,2131,5855,602 D,7,5,6,3394,0,0,0,NA,0,MV26,ALESSANDRO BLVD,INDIAN ST,58,W,N,A,-,N,NA,NA,NA,NA,NA,NA,NA,NA,NA,N,4,0,2,2,A,-,01,23152,A,F,C,C,A,A,H,-,C,A,0,NA,NA,NA,NA,Y,Y,A,01,0,0,2,0,0,0,0,0,0,-,-,33.917198181152344,-117.23503875732422,RIVERSIDE,MORENO VALLEY,-117.23516845703124,33.91719055175781
81788376,2022,2022-06-06,3300,2022-06-01,1540,5665,602 C,3,5,6,3394,0,0,0,NA,0,MV24,COTTONWOOD AVE,HEACOCK ST,220,W,N,A,-,N,NA,NA,NA,NA,NA,NA,NA,NA,NA,Y,3,0,1,2,A,-,01,23152,A,N,C,C,A,A,H,-,A,A,0,NA,NA,NA,NA,Y,Y,-,-,0,1,0,0,0,0,0,0,0,-,-,33.92451095581055,-117.24368286132813,RIVERSIDE,MORENO VALLEY,-117.24448394775392,33.9245491027832
81790594,2022,2022-06-08,3300,2022-05-01,1114,N4809,920C,7,5,4,3314,0,0,0,NA,0,070,ESPLANADE AVE,ESPLANADE CENTER,0,NA,Y,A,-,N,NA,NA,NA,NA,NA,NA,NA,NA,NA,Y,4,0,2,2,A,-,12,21453,A,N,D,C,A,A,H,-,A,A,0,NA,NA,NA,NA,Y,NA,A,07,0,0,2,0,0,0,0,0,0,-,-,33.77268981933594,-117.0068588256836,RIVERSIDE,SAN JACINTO,-116.95880889892578,33.772987365722656
81790651,2022,2022-06-08,3300,2022-05-24,1945,N3605,42D1,2,5,3,3392,0,0,0,NA,0,LA42,JEFFERSON ST,AVE 48,50,N,N,A,-,N,NA,NA,NA,NA,NA,NA,NA,NA,NA,Y,3,0,2,2,A,-,03,22350,NA,N,C,C,A,A,H,-,B,A,0,NA,NA,NA,NA,Y,NA,A,01,0,1,1,0,0,0,0,0,0,-,-,33.699771881103516,-116.26869964599608,RIVERSIDE,LA QUINTA,-116.26882934570313,33.69989776611328
81791482,2021,2022-06-09,3300,2021-12-15,0711,4009,002T2,3,5,6,3345,0,0,0,NA,0,024,LIMONITE AV,CLAY ST,0,NA,Y,A,-,N,NA,NA,NA,NA,NA,NA,NA,NA,NA,Y,1,1,2,2,A,-,12,21453,A,N,D,C,A,A,H,-,A,A,0,NA,NA,NA,NA,Y,NA,D,22,1,0,1,0,0,0,0,0,0,-,-,33.97726821899414,-117.46251678466795,RIVERSIDE,JURUPA VALLEY,-117.4625244140625,33.977359771728516