CASE_ID,ACCIDENT_YEAR,PROC_DATE,JURIS,COLLISION_DATE,COLLISION_TIME,OFFICER_ID,REPORTING_DISTRICT,DAY_OF_WEEK,CHP_SHIFT,POPULATION,CNTY_CITY_LOC,SPECIAL_COND,BEAT_TYPE,CHP_BEAT_TYPE,CITY_DIVISION_LAPD,CHP_BEAT_CLASS,BEAT_NUMBER,PRIMARY_RD,SECONDARY_RD,DISTANCE,DIRECTION,INTERSECTION,WEATHER_1,WEATHER_2,STATE_HWY_IND,CALTRANS_COUNTY,CALTRANS_DISTRICT,STATE_ROUTE,ROUTE_SUFFIX,POSTMILE_PREFIX,POSTMILE,LOCATION_TYPE,RAMP_INTERSECTION,SIDE_OF_HWY,TOW_AWAY,COLLISION_SEVERITY,NUMBER_KILLED,NUMBER_INJURED,PARTY_COUNT,PRIMARY_COLL_FACTOR,PCF_CODE_OF_VIOL,PCF_VIOL_CATEGORY,PCF_VIOLATION,PCF_VIOL_SUBSECTION,HIT_AND_RUN,TYPE_OF_COLLISION,MVIW,PED_ACTION,ROAD_SURFACE,ROAD_COND_1,ROAD_COND_2,LIGHTING,CONTROL_DEVICE,CHP_ROAD_TYPE,PEDESTRIAN_ACCIDENT,BICYCLE_ACCIDENT,MOTORCYCLE_ACCIDENT,TRUCK_ACCIDENT,NOT_PRIVATE_PROPERTY,ALCOHOL_INVOLVED,STWD_VEHTYPE_AT_FAULT,CHP_VEHTYPE_AT_FAULT,COUNT_SEVERE_INJ,COUNT_VISIBLE_INJ,COUNT_COMPLAINT_PAIN,COUNT_PED_KILLED,COUNT_PED_INJURED,COUNT_BICYCLIST_KILLED,COUNT_BICYCLIST_INJURED,COUNT_MC_KILLED,COUNT_MC_INJURED,PRIMARY_RAMP,SECONDARY_RAMP,LATITUDE,LONGITUDE,COUNTY,CITY,POINT_X,POINT_Y
81793594,2022,2022-06-13,3300,2022-06-07,1450,N4544,601 E,2,5,6,3394,0,0,0,NA,0,MV16,IRONWOOD AVE,IVY LN,196,E,N,A,-,N,NA,NA,NA,NA,NA,NA,NA,NA,NA,Y,4,0,2,4,A,-,03,22350,NA,N,C,C,A,A,H,-,A,A,0,NA,NA,NA,NA,Y,NA,A,07,0,0,2,0,0,0,0,0,0,-,-,33.94662094116211,-117.21993255615234,RIVERSIDE,MORENO VALLEY,-117.21926879882813,33.94670104980469
81795263,2022,2022-06-15,3300,2022-05-31,0802,3611,602 C,2,5,6,3394,0,0,0,NA,0,MV24,FREDERICK ST,EUCALYPTUS AVE,260,S,N,A,-,N,NA,NA,NA,NA,NA,NA,NA,NA,NA,Y,3,0,4,4,A,-,03,22350,NA,N,C,C,A,A,H,-,A,A,0,NA,NA,NA,NA,Y,NA,A,01,0,1,3,0,0,0,0,0,0,-,-,33.93156051635742,-117.26145935058594,RIVERSIDE,MORENO VALLEY,-117.2613525390625,33.930789947509766
81796226,2022,2022-06-16,3300,2022-05-17,1803,5228,910F,2,5,5,3335,0,0,0,NA,0,062,YNEZ RD,SOLANA WY,630,N,N,A,-,N,NA,NA,NA,NA,NA,NA,NA,NA,NA,Y,4,0,1,1,A,-,01,23152,F,M,E,I,A,A,H,-,B,A,0,NA,NA,NA,NA,Y,NA,A,01,0,0,1,0,0,0,0,0,0,-,-,33.51448059082031,-117.15518951416016,RIVERSIDE,TEMECULA,-117.15572357177734,33.516090393066406
81796381,2022,2022-06-16,3349,2022-05-20,1525,331,NA,5,5,5,3341,0,0,0,NA,0,003,NEWPORT RD,MURPHY RANCH RD,0,NA,Y,A,-,N,NA,NA,NA,NA,NA,NA,NA,NA,NA,Y,3,0,2,2,A,-,12,21453,A,N,A,C,A,A,H,-,A,A,0,NA,NA,NA,NA,Y,NA,A,01,0,1,1,0,0,0,0,0,0,-,-,NA,NA,RIVERSIDE,MENIFEE,-117.2144775390625,33.683509826660156
81798444,2022,2022-06-20,3300,2022-06-11,1047,N7028,602 E,6,5,6,3394,0,0,0,NA,0,MV28,BAY AVE,LASSELLE ST,75,W,N,A,-,N,NA,NA,NA,NA,NA,NA,NA,NA,NA,Y,4,0,1,2,A,-,03,22350,NA,N,B,E,A,A,H,-,A,D,0,NA,NA,Y,NA,Y,NA,C,03,0,0,1,0,0,0,0,0,1,-,-,33.9210205078125,-117.20886993408205,RIVERSIDE,MORENO VALLEY,-117.20919799804688,33.92095947265625
81801347,2022,2022-06-23,3300,2022-05-29,1052,3760,001M,7,5,6,3345,0,0,0,NA,0,016,LIMONITE AV,RIVERVIEW DR,0,NA,Y,A,-,N,NA,NA,NA,NA,NA,NA,NA,NA,NA,N,3,0,2,2,A,-,12,21453,A,N,A,C,A,A,H,-,A,A,0,NA,NA,NA,NA,Y,NA,A,07,0,2,0,0,0,0,0,0,0,-,-,33.99237060546875,-117.42072296142578,RIVERSIDE,JURUPA VALLEY,-117.42151641845705,33.99415969848633
81801488,2022,2022-06-23,3300,2022-06-12,1051,4440,920E,7,5,4,3314,0,0,0,NA,0,072,164 S. SAN JACINTO,1ST ST.,0,NA,Y,A,-,N,NA,NA,NA,NA,NA,NA,NA,NA,NA,N,3,0,1,2,C,-,18,NA,NA,N,G,B,F,A,H,-,A,D,0,Y,NA,NA,NA,Y,NA,-,-,0,1,0,0,1,0,0,0,0,-,-,33.78752899169922,-116.95886993408205,RIVERSIDE,SAN JACINTO,-116.95891571044922,33.7874755859375
81802404,2022,2022-06-24,3300,2022-06-22,1548,N6297,910D,3,5,5,3335,0,0,0,NA,0,061,DIAZ RD,VIA DOS PICOS,23,S,N,A,-,N,NA,NA,NA,NA,NA,NA,NA,NA,NA,N,4,0,1,2,A,-,09,21802,A,N,B,C,A,A,H,-,A,D,0,NA,NA,NA,NA,Y,NA,A,07,0,0,1,0,0,0,0,0,0,-,-,33.50627899169922,-117.16050720214844,RIVERSIDE,TEMECULA,-117.16038513183594,33.506195068359375
8180243,2016,2016-12-01,3300,2016-10-08,1250,N3642,011C,6,5,4,3344,0,0,0,NA,0,61C1,LIMONITE AV,EASTVALE GATEWAY 1,318,E,N,A,-,N,NA,NA,NA,NA,NA,NA,NA,NA,NA,N,4,0,1,2,A,-,03,22350,NA,N,C,C,A,A,H,-,A,A,0,NA,NA,NA,NA,Y,NA,A,01,0,0,1,0,0,0,0,0,0,-,-,NA,NA,RIVERSIDE,EASTVALE,NA,NA
81803380,2022,2022-06-27,3300,2022-06-01,1610,5801,Y83,3,5,3,3305,0,0,0,NA,0,Y83,4TH ST,PALM AV,0,NA,Y,A,-,N,NA,NA,NA,NA,NA,NA,NA,NA,NA,N,4,0,1,2,A,-,00,22450,B,N,D,C,A,A,H,-,A,A,0,NA,NA,Y,NA,Y,NA,C,06,0,0,1,0,0,0,0,0,0,-,-,33.67953872680664,-116.17887878417967,RIVERSIDE,COACHELLA,-116.17888641357422,33.67951202392578
8180520,2016,2016-12-02,3300,2016-11-15,1038,N6000,502C,2,5,5,3341,0,0,0,NA,0,052,MCCALL BL,GROSSE POINT DR,0,NA,Y,A,-,N,NA,NA,NA,NA,NA,NA,NA,NA,NA,Y,4,0,1,2,A,-,03,22350,NA,N,C,C,A,A,H,-,A,A,0,NA,NA,NA,NA,Y,NA,A,01,0,0,1,0,0,0,0,0,0,-,-,33.71434,-117.2011,RIVERSIDE,MENIFEE,-117.20106006,33.71438006
8180544,2016,2016-12-02,3300,2016-11-05,1947,4309,508A,6,5,5,3341,0,0,0,NA,0,058,HOLLAND RD,SHERMAN RD,0,NA,Y,A,-,N,NA,NA,NA,NA,NA,NA,NA,NA,NA,N,4,0,2,2,A,-,09,21801,A,N,D,C,A,A,H,-,D,D,0,NA,NA,NA,NA,Y,NA,A,01,0,0,2,0,0,0,0,0,0,-,-,33.67022,-117.17992,RIVERSIDE,MENIFEE,-117.17996007,33.67040005
81806559,2022,2022-06-30,3300,2022-06-01,1155,N4809,920C,3,5,4,3314,0,0,0,NA,0,070,7TH ST,LYON AVE,0,NA,Y,A,-,N,NA,NA,NA,NA,NA,NA,NA,NA,NA,Y,4,0,1,2,A,-,09,21802,A,N,D,C,A,A,H,-,A,A,0,NA,NA,NA,NA,Y,NA,-,-,0,0,1,0,0,0,0,0,0,-,-,33.78023147583008,-116.9893035888672,RIVERSIDE,SAN JACINTO,-116.98934173583984,33.78007888793945
81806616,2022,2022-06-30,3349,2022-05-26,1430,455,NA,4,5,5,3341,0,0,0,NA,0,004,VALLEY BLVD,CHERRY HILLS BLVD,30,S,N,A,-,N,NA,NA,NA,NA,NA,NA,NA,NA,NA,Y,4,0,1,2,A,-,01,23152,A,M,C,C,A,A,H,-,A,A,0,NA,NA,NA,NA,Y,Y,D,22,0,0,1,0,0,0,0,0,0,-,-,33.70949172973633,-117.21334075927734,RIVERSIDE,MENIFEE,-117.21327972412108,33.70930099487305
8180790,2016,2016-12-05,3308,2016-09-13,1954,10530,534,2,5,5,3308,0,0,0,NA,0,SOUTH,SANDERSON AV,STETSON AV,417,N,N,A,-,N,NA,NA,NA,NA,NA,NA,NA,NA,NA,Y,4,0,1,3,A,-,03,22350,NA,N,C,C,A,A,H,-,D,A,0,NA,NA,NA,NA,Y,NA,A,01,0,0,1,0,0,0,0,0,0,-,-,NA,NA,RIVERSIDE,HEMET,-117.00667,33.73051202
81808364,2022,2022-07-01,3300,2022-06-29,1415,N6426,910H,3,5,5,3335,0,0,0,NA,0,063,RANCHO CALIFORNIA RD,MORAGA RD,0,NA,Y,A,-,N,NA,NA,NA,NA,NA,NA,NA,NA,NA,Y,4,0,1,2,A,-,12,21453,A,N,D,C,A,A,H,-,A,A,0,NA,NA,NA,NA,Y,NA,A,01,0,0,1,0,0,0,0,0,0,-,-,33.50743865966797,-117.14002990722656,RIVERSIDE,TEMECULA,-117.14009857177734,33.50752258300781
81811738,2022,2022-07-07,3311,2022-06-02,2326,15931,DESER,4,5,4,3311,0,0,0,NA,0,NA,FARRELL DRIVE,RAMON ROAD,0,NA,Y,A,-,N,NA,NA,NA,NA,NA,NA,NA,NA,NA,N,2,0,3,2,-,-,-,NA,NA,N,D,C,A,A,H,-,C,A,0,NA,NA,NA,NA,Y,NA,-,-,1,1,1,0,0,0,0,0,0,-,-,33.81597137451172,-116.5180206298828,RIVERSIDE,PALM SPRINGS,-116.51802825927734,33.81594467163086
81812556,2022,2022-07-08,3308,2022-05-23,1010,10610,516,1,5,5,3308,0,0,0,NA,0,NORTH,FLORIDA AVE,GILBERT ST,0,NA,Y,A,-,Y,NA,NA,NA,NA,NA,NA,NA,NA,NA,N,4,0,1,2,A,-,12,21453,A,N,D,C,A,A,H,-,A,A,0,NA,NA,NA,NA,Y,NA,A,01,0,0,1,0,0,0,0,0,0,-,-,33.745548248291016,-116.9726104736328,RIVERSIDE,HEMET,-116.97602081298828,33.74751663208008
81812557,2022,2022-07-08,3311,2022-06-12,2054,16021,NA,7,5,4,3311,0,0,0,NA,0,006,RAMON ROAD,CALLE SANTA CRUZ,234,W,N,A,-,N,NA,NA,NA,NA,NA,NA,NA,NA,NA,N,2,0,1,2,A,-,11,21954,A,N,G,B,D,A,H,-,D,D,0,Y,NA,NA,NA,Y,Y,N,60,1,0,0,0,1,0,0,0,0,-,-,33.81589889526367,-116.4995574951172,RIVERSIDE,PALM SPRINGS,-116.5003662109375,33.81585693359375
81812588,2022,2022-07-08,3308,2022-06-07,2046,10620,518,2,5,5,3308,0,0,0,NA,0,NORTH,FLORIDA AVE,MAYFLOWER ST,5,W,N,A,-,Y,NA,NA,NA,NA,NA,NA,NA,NA,NA,Y,3,0,1,2,A,-,11,21954,A,N,G,B,D,A,H,-,C,D,0,Y,NA,NA,NA,Y,NA,N,60,0,1,0,0,1,0,0,0,0,-,-,NA,NA,RIVERSIDE,HEMET,-116.9530029296875,33.7476806640625
81816561,2022,2022-07-14,3300,2022-06-28,1536,5228,910C,2,5,5,3335,0,0,0,NA,0,063,BUTTERFIELD STAGE RD,NICOLAS RD,785,S,N,A,-,N,NA,NA,NA,NA,NA,NA,NA,NA,NA,Y,3,0,5,1,A,-,03,22350,NA,N,F,A,A,A,H,-,A,D,0,NA,NA,NA,NA,Y,NA,A,01,0,5,0,0,0,0,0,0,0,-,-,33.546348571777344,-117.10003662109376,RIVERSIDE,TEMECULA,-117.10099792480467,33.54437255859375
81816607,2022,2022-07-14,3300,2022-07-07,1239,N6583,905 I,4,5,4,3307,0,0,0,NA,0,095,DEXTER AVE,CENTRAL AVE,177,S,N,A,-,N,NA,NA,NA,NA,NA,NA,NA,NA,NA,Y,3,0,1,2,A,-,03,22350,NA,N,D,C,A,A,H,-,A,D,0,NA,NA,Y,NA,Y,NA,C,02,0,1,0,0,0,0,0,0,1,-,-,NA,NA,RIVERSIDE,LAKE ELSINORE,-117.33578491210938,33.692901611328125
81816883,2022,2022-07-14,3300,2022-07-01,1331,4778,Y82,5,5,3,3305,0,0,0,NA,0,Y82,CESAR CHAVEZ ST,52ND AV,0,NA,Y,A,-,N,NA,NA,NA,NA,NA,NA,NA,NA,NA,Y,4,0,2,2,A,-,09,21453,B,N,D,C,A,A,H,-,A,A,0,NA,NA,NA,NA,Y,NA,A,01,0,0,2,0,0,0,0,0,0,-,-,33.67087936401367,-116.18160247802734,RIVERSIDE,COACHELLA,-116.1816864013672,33.67087936401367
81818769,2022,2022-07-18,3311,2022-06-25,0820,16393,NA,6,5,4,3311,0,0,0,NA,0,004,SR 111 (VISTA CHINO),VOLTURNO ROAD,585,E,N,A,-,N,NA,NA,NA,NA,NA,NA,NA,NA,NA,Y,4,0,1,2,A,-,03,22350,NA,N,C,E,A,A,H,-,A,A,0,NA,NA,NA,NA,Y,NA,A,01,0,0,1,0,0,0,0,0,0,-,-,33.844940185546875,-116.5152587890625,RIVERSIDE,PALM SPRINGS,-116.5152587890625,33.84492874145508
81820882,2022,2022-07-20,3300,2022-07-01,1259,5059,602 E,5,5,6,3394,0,0,0,NA,0,MV26,PERRIS BLVD,MYERS AVE,0,NA,Y,A,-,N,NA,NA,NA,NA,NA,NA,NA,NA,NA,N,4,0,2,2,A,-,09,21801,A,N,D,C,A,A,H,-,A,D,0,NA,NA,NA,NA,Y,NA,A,07,0,0,2,0,0,0,0,0,0,-,-,33.9334716796875,-117.22618103027344,RIVERSIDE,MORENO VALLEY,-117.22628784179688,33.93360137939453
81820883,2022,2022-07-20,3300,2022-07-01,1446,N7028,601 D,5,5,6,3394,0,0,0,NA,0,MV26,PERRIS BLVD,ALESSANDRO BLVD,0,NA,Y,A,-,N,NA,NA,NA,NA,NA,NA,NA,NA,NA,N,4,0,1,2,A,-,09,21453,B,N,B,C,A,A,H,-,A,A,0,NA,NA,NA,NA,Y,NA,D,22,0,0,1,0,0,0,0,0,0,-,-,33.94718933105469,-117.22640228271484,RIVERSIDE,MORENO VALLEY,-117.2263412475586,33.91722869873047
81820886,2022,2022-07-20,3300,2022-07-04,2038,5029,603 B,1,5,6,3394,0,0,0,NA,0,MV34,PERRIS BLVD,SAN MICHELE RD,90,N,N,A,-,N,NA,NA,NA,NA,NA,NA,NA,NA,NA,Y,3,0,1,2,A,-,08,22107,NA,N,D,C,A,A,H,-,C,D,0,NA,NA,Y,NA,Y,NA,C,02,0,1,0,0,0,0,0,0,1,-,-,33.87004089355469,-117.22601318359376,RIVERSIDE,MORENO VALLEY,-117.22621917724608,33.87030792236328
81821766,2022,2022-07-21,3300,2022-07-11,1506,3786,002M,1,5,6,3345,0,0,0,NA,0,022,BELLEGRAVE AV,WINEVILLE AV,576,W,N,A,-,N,NA,NA,NA,NA,NA,NA,NA,NA,NA,Y,4,0,1,1,C,-,18,NA,NA,N,E,J,A,A,H,-,A,D,0,NA,NA,NA,NA,Y,NA,-,-,0,0,1,0,0,0,0,0,0,-,-,33.99385070800781,-117.54139709472656,RIVERSIDE,JURUPA VALLEY,-117.5431900024414,33.99327087402344
81822689,2022,2022-07-22,3300,2022-07-11,2056,5947,916D,1,5,4,3312,0,0,0,NA,0,035,4TH ST,F ST,0,NA,Y,A,-,N,NA,NA,NA,NA,NA,NA,NA,NA,NA,N,3,0,1,2,A,-,09,21802,A,N,D,G,A,A,H,-,C,A,0,NA,Y,NA,NA,Y,NA,A,01,0,1,0,0,0,0,1,0,0,-,-,33.782310485839844,-117.223876953125,RIVERSIDE,PERRIS,-117.2239227294922,33.78239059448242
81822696,2022,2022-07-22,3300,2022-07-09,2105,4309,910G,6,5,5,3335,0,0,0,NA,0,062,STONEWOOD RD,MARGARITA RD,315,S,N,A,-,N,NA,NA,NA,NA,NA,NA,NA,NA,NA,N,3,0,1,2,A,-,03,22350,NA,N,D,E,A,A,H,-,C,D,0,NA,NA,NA,NA,Y,NA,A,01,0,1,0,0,0,0,0,0,0,-,-,33.5122184753418,-117.14591217041016,RIVERSIDE,TEMECULA,-117.14644622802734,33.51160430908203
81822874,2022,2022-07-22,3300,2022-06-24,1444,4510,422,5,5,2,3336,0,0,0,NA,0,021,CHERRY VALLEY BLVD,DESERT LAWN DR,0,NA,Y,A,-,N,NA,NA,NA,NA,NA,NA,NA,NA,NA,Y,4,0,2,2,A,-,09,21800,A,N,D,C,A,A,H,-,A,A,0,NA,NA,NA,Y,Y,NA,F,26,0,0,2,0,0,0,0,0,0,-,-,33.96458053588867,-117.03846740722656,RIVERSIDE,CALIMESA,-117.03836822509766,33.964595794677734
81824669,2022,2022-07-26,3300,2022-07-12,1540,5009,901B,2,5,4,3310,0,0,0,NA,0,050,6TH ST,VALLEY VIEW AV,45,E,N,A,-,N,NA,NA,NA,NA,NA,NA,NA,NA,NA,N,3,0,1,1,A,-,03,22350,NA,N,E,I,A,A,H,-,A,B,0,NA,NA,NA,NA,Y,NA,A,01,0,1,0,0,0,0,0,0,0,-,-,33.93836975097656,-117.54966735839844,RIVERSIDE,NORCO,-117.54971313476563,33.938411712646484
81824891,2021,2022-07-26,3315,2021-07-16,1628,001509,13D,5,5,6,3315,0,0,0,NA,0,003,FOOTHILL PY,TEDDY BEAR LN,500,E,N,A,-,N,NA,NA,NA,NA,NA,NA,NA,NA,NA,N,4,0,1,3,A,-,03,22350,NA,N,C,C,A,A,H,-,A,D,0,NA,NA,NA,NA,Y,NA,A,01,0,0,1,0,0,0,0,0,0,-,-,33.83116149902344,-117.53762817382813,RIVERSIDE,CORONA,-117.5361557006836,33.83036422729492
81830659,2022,2022-08-02,3300,2022-07-31,0916,3536,601 F,7,5,6,3394,0,0,0,NA,0,MV18,IRONWOOD AVE,VISTA DE CERROS DR,0,NA,Y,A,-,N,NA,NA,NA,NA,NA,NA,NA,NA,NA,Y,4,0,3,2,-,-,-,NA,NA,N,A,C,A,A,H,-,A,A,0,NA,NA,NA,NA,Y,NA,-,-,0,0,3,0,0,0,0,0,0,-,-,33.94721984863281,-117.20497131347656,RIVERSIDE,MORENO VALLEY,-117.205322265625,33.9475212097168
81831826,2022,2022-08-03,3300,2022-07-13,1715,4765,87A2,3,5,4,3318,0,0,0,NA,0,J87,FRED WARING DR,COLONY COVE,100,E,N,A,-,N,NA,NA,NA,NA,NA,NA,NA,NA,NA,N,2,0,2,3,A,-,07,21658,A,F,B,C,A,A,H,-,A,D,0,NA,NA,NA,NA,Y,NA,A,07,1,0,1,0,0,0,0,0,0,-,-,33.728858947753906,-116.35630035400392,RIVERSIDE,PALM DESERT,NA,NA
81832639,2022,2022-08-04,3300,2022-08-01,1540,N6735,011F,1,5,4,3344,0,0,0,NA,0,062,HAMNER AV,58TH ST,0,NA,Y,A,-,N,NA,NA,NA,NA,NA,NA,NA,NA,NA,N,4,0,1,2,A,-,09,21801,A,N,D,C,A,A,H,-,A,D,0,NA,NA,NA,Y,Y,NA,A,01,0,0,1,0,0,0,0,0,0,-,-,33.98258972167969,-117.55824279785156,RIVERSIDE,EASTVALE,-117.55838775634766,33.98263168334961
81832677,2022,2022-08-04,3300,2022-07-19,0515,5731,32E7,2,5,4,3318,0,0,0,NA,0,T32,HWY 74,PALOWET DR,1867,S,N,A,-,N,NA,NA,NA,NA,NA,NA,NA,NA,NA,Y,3,0,1,1,A,-,07,21658,A,N,E,I,A,A,H,-,B,D,0,NA,NA,NA,NA,Y,NA,A,01,0,1,0,0,0,0,0,0,0,-,-,33.67761993408203,-116.4072723388672,RIVERSIDE,PALM DESERT,-116.40912628173828,33.67271423339844
81833598,2022,2022-08-05,3306,2022-06-07,1821,806,NA,2,5,3,3306,0,0,0,NA,0,NA,MESQUITE AVE,GRANADA AVE,0,NA,Y,A,-,N,NA,NA,NA,NA,NA,NA,NA,NA,NA,N,3,0,1,2,A,-,12,22450,A,F,D,C,A,A,H,-,B,A,0,NA,NA,Y,NA,Y,NA,C,02,0,1,0,0,0,0,0,0,1,-,-,33.95515823364258,-116.49697113037108,RIVERSIDE,DESERT HOT SPRINGS,-116.49694061279295,33.955047607421875
8183489,2016,2016-12-09,3300,2016-11-22,1228,4430,36G1,2,5,4,3318,0,0,0,NA,0,MO874,FRED WARING DR,ACACIA DR,0,NA,Y,A,-,N,NA,NA,NA,NA,NA,NA,NA,NA,NA,Y,4,0,1,2,A,-,09,21801,A,N,D,C,A,A,H,-,A,D,0,NA,NA,NA,NA,Y,NA,A,01,0,0,1,0,0,0,0,0,0,-,-,33.72871,-116.3924,RIVERSIDE,PALM DESERT,-116.39243006,33.72877005
8183493,2016,2017-01-12,3300,2016-11-13,1212,4679,24B3,7,5,3,3317,0,0,0,NA,0,024,GERALD FORD DR,TROVARE WY,0,NA,Y,A,-,N,NA,NA,NA,NA,NA,NA,NA,NA,NA,Y,3,0,1,2,A,-,03,22350,NA,N,D,C,A,A,H,-,A,D,0,NA,NA,Y,NA,Y,NA,C,02,0,1,0,0,0,0,0,0,0,-,-,NA,NA,RIVERSIDE,RANCHO MIRAGE,-116.42060003,33.78699004
8183513,2016,2016-12-09,3300,2016-11-29,1443,4872,34G1,2,5,4,3318,0,0,0,NA,0,034,HOVELY LN E,WARNER TRL,133,W,N,A,-,N,NA,NA,NA,NA,NA,NA,NA,NA,NA,Y,4,0,1,2,A,-,03,22350,NA,N,C,C,A,A,H,-,A,A,0,NA,NA,NA,NA,Y,NA,A,01,0,0,1,0,0,0,0,0,0,-,-,NA,NA,RIVERSIDE,PALM DESERT,-116.314587,33.743632
81836785,2022,2022-08-10,3300,2022-07-15,1449,6170,012C,5,5,4,3344,0,0,0,NA,0,065,SCHLEISMAN RD,HARRISON AV,0,NA,Y,A,-,N,NA,NA,NA,NA,NA,NA,NA,NA,NA,Y,3,0,1,2,A,-,03,22350,NA,N,C,C,A,A,H,-,A,A,0,NA,NA,Y,NA,Y,NA,C,02,0,1,0,0,0,0,0,0,1,-,-,33.960731506347656,-117.58451080322266,RIVERSIDE,EASTVALE,-117.58445739746094,33.96084213256836
8183878,2016,2016-12-15,3300,2016-10-27,2228,5293,3300,4,5,2,3316,0,0,0,NA,0,36M5,FRED WARING DR,COOK ST,0,NA,Y,A,-,N,NA,NA,NA,NA,NA,NA,NA,NA,NA,Y,4,0,1,2,A,-,01,23152,A,N,D,C,A,A,H,-,C,A,0,NA,NA,NA,NA,Y,Y,A,01,0,0,1,0,0,0,0,0,0,-,-,NA,NA,RIVERSIDE,INDIAN WELLS,-116.35629007,33.72886002
81840936,2022,2022-08-16,3300,2022-08-09,1400,N6297,910P,2,5,5,3335,0,0,0,NA,0,069,RAINBOW CANYON RD,PECHANGA PKY,6000,S,N,A,-,N,NA,NA,NA,NA,NA,NA,NA,NA,NA,N,4,0,1,2,A,-,09,21801,A,N,D,C,A,A,H,-,A,D,0,NA,NA,Y,NA,Y,NA,D,22,0,0,1,0,0,0,0,0,1,-,-,33.473480224609375,-117.12709808349608,RIVERSIDE,TEMECULA,-117.12765502929688,33.4588508605957
81840981,2022,2022-08-16,3306,2022-07-23,1949,756,3306,6,5,3,3306,0,0,0,NA,0,NA,PALM DR,TWO BUNCH PALMS TRL,335,S,N,A,-,N,NA,NA,NA,NA,NA,NA,NA,NA,NA,N,4,0,3,2,A,-,09,21801,A,N,B,C,A,A,H,-,A,A,0,NA,NA,NA,NA,Y,NA,A,01,0,0,3,0,0,0,0,0,0,-,-,NA,NA,RIVERSIDE,DESERT HOT SPRINGS,-116.50137329101563,33.94585418701172
8184144,2016,2016-12-13,3311,2016-11-24,1333,16029,NA,4,5,4,3311,0,0,0,NA,0,005,RAMON RD,AVENIDA CABALLEROS,0,NA,Y,A,-,N,NA,NA,NA,NA,NA,NA,NA,NA,NA,Y,3,0,1,4,A,-,09,21801,A,N,D,C,A,A,H,-,A,A,0,NA,NA,NA,NA,Y,NA,A,01,0,1,0,0,0,0,0,0,0,-,-,33.81599,-116.53706,RIVERSIDE,PALM SPRINGS,-116.53694001,33.8158901
81841980,2022,2022-08-17,3300,2022-08-11,1520,N4544,601 C,4,5,6,3394,0,0,0,NA,0,MV14,IRONWOOD AVE,MEDLEY DR,25,E,N,A,-,N,NA,NA,NA,NA,NA,NA,NA,NA,NA,Y,3,0,1,2,A,-,09,21801,A,N,D,C,A,A,A,-,A,D,0,NA,NA,NA,NA,Y,NA,A,01,0,1,0,0,0,0,0,0,0,-,-,33.94662094116211,-117.26358795166016,RIVERSIDE,MORENO VALLEY,-117.26358032226563,33.946590423583984
81844927,2022,2022-08-22,3308,2022-08-02,0726,10610,NA,2,5,5,3308,0,0,0,NA,0,NORTH,OAKLAND AVE,THOMPSON ST,0,NA,Y,A,-,N,NA,NA,NA,NA,NA,NA,NA,NA,NA,Y,3,0,2,2,A,-,09,21801,A,N,D,C,A,A,H,-,A,A,0,NA,NA,NA,NA,Y,NA,A,07,0,2,0,0,0,0,0,0,0,-,-,NA,NA,RIVERSIDE,HEMET,-116.9652099609375,33.75480651855469
81844930,2022,2022-08-22,3308,2022-08-03,0909,10610,NA,3,5,5,3308,0,0,0,NA,0,NA,SAN JACINTO ST,DEVONSHIRE AVE,0,NA,Y,A,-,Y,NA,NA,NA,NA,NA,NA,NA,NA,NA,N,4,0,3,2,A,-,12,21453,A,N,D,C,A,A,H,-,A,A,0,NA,NA,NA,NA,Y,NA,D,22,0,0,3,0,0,0,0,0,0,-,-,33.749080657958984,-116.95519256591795,RIVERSIDE,HEMET,-116.95865631103516,33.751224517822266
81846093,2022,2022-08-23,3300,2022-08-16,1506,3146,910F,2,5,5,3335,0,0,0,NA,0,062,WINCHESTER RD,YNEZ RD,0,NA,Y,A,-,N,NA,NA,NA,NA,NA,NA,NA,NA,NA,Y,3,0,2,3,A,-,12,21453,A,N,D,C,A,A,H,-,A,A,0,NA,NA,NA,NA,Y,NA,A,01,0,2,0,0,0,0,0,0,0,-,-,33.52465057373047,-117.16008758544922,RIVERSIDE,TEMECULA,-117.16036224365234,33.524658203125
81846137,2022,2022-08-23,3300,2022-06-11,1630,N6799,30C1,6,5,4,3318,0,0,0,NA,0,030,HWY 111,PLAZA WAY,24,W,N,A,-,N,NA,NA,NA,NA,NA,NA,NA,NA,NA,N,3,0,1,2,A,-,03,22348,C,M,D,C,A,A,H,-,A,A,0,NA,NA,Y,NA,Y,Y,C,02,0,1,0,0,0,0,0,0,1,-,-,33.721439361572266,-116.39456939697266,RIVERSIDE,PALM DESERT,-116.39447021484376,33.72164535522461
81847171,2022,2022-08-24,3300,2022-08-03,1657,N7028,601 E,3,5,6,3394,0,0,0,NA,0,MV16,HEMLOCK AVE,PERRIS BLVD,338,W,N,-,-,N,NA,NA,NA,NA,NA,NA,NA,NA,NA,N,4,0,2,2,A,-,09,21804,A,N,B,C,A,A,H,-,A,D,0,NA,NA,NA,NA,Y,NA,-,-,0,0,2,0,0,0,0,0,0,-,-,33.942691802978516,-117.22641754150392,RIVERSIDE,MORENO VALLEY,-117.22750091552734,33.94266891479492