CASE_ID,ACCIDENT_YEAR,PROC_DATE,JURIS,COLLISION_DATE,COLLISION_TIME,OFFICER_ID,REPORTING_DISTRICT,DAY_OF_WEEK,CHP_SHIFT,POPULATION,CNTY_CITY_LOC,SPECIAL_COND,BEAT_TYPE,CHP_BEAT_TYPE,CITY_DIVISION_LAPD,CHP_BEAT_CLASS,BEAT_NUMBER,PRIMARY_RD,SECONDARY_RD,DISTANCE,DIRECTION,INTERSECTION,WEATHER_1,WEATHER_2,STATE_HWY_IND,CALTRANS_COUNTY,CALTRANS_DISTRICT,STATE_ROUTE,ROUTE_SUFFIX,POSTMILE_PREFIX,POSTMILE,LOCATION_TYPE,RAMP_INTERSECTION,SIDE_OF_HWY,TOW_AWAY,COLLISION_SEVERITY,NUMBER_KILLED,NUMBER_INJURED,PARTY_COUNT,PRIMARY_COLL_FACTOR,PCF_CODE_OF_VIOL,PCF_VIOL_CATEGORY,PCF_VIOLATION,PCF_VIOL_SUBSECTION,HIT_AND_RUN,TYPE_OF_COLLISION,MVIW,PED_ACTION,ROAD_SURFACE,ROAD_COND_1,ROAD_COND_2,LIGHTING,CONTROL_DEVICE,CHP_ROAD_TYPE,PEDESTRIAN_ACCIDENT,BICYCLE_ACCIDENT,MOTORCYCLE_ACCIDENT,TRUCK_ACCIDENT,NOT_PRIVATE_PROPERTY,ALCOHOL_INVOLVED,STWD_VEHTYPE_AT_FAULT,CHP_VEHTYPE_AT_FAULT,COUNT_SEVERE_INJ,COUNT_VISIBLE_INJ,COUNT_COMPLAINT_PAIN,COUNT_PED_KILLED,COUNT_PED_INJURED,COUNT_BICYCLIST_KILLED,COUNT_BICYCLIST_INJURED,COUNT_MC_KILLED,COUNT_MC_INJURED,PRIMARY_RAMP,SECONDARY_RAMP,LATITUDE,LONGITUDE,COUNTY,CITY,POINT_X,POINT_Y
82139202,2023,2023-08-09,3300,2023-07-31,2500,N8228,601 E,1,5,6,3394,0,0,0,NA,0,MV16,HEACOCK ST,HEMLOCK AVE,283,N,N,A,-,N,NA,NA,NA,NA,NA,NA,NA,NA,NA,N,4,0,2,2,A,-,09,21801,A,N,A,C,A,A,H,-,A,D,0,NA,NA,NA,NA,Y,NA,A,01,0,0,2,0,0,0,0,0,0,-,-,33.94266128540039,-117.24373626708984,RIVERSIDE,MORENO VALLEY,-117.24378967285156,33.943424224853516
82139353,2023,2023-08-09,3342,2023-07-11,1821,1321,649,2,5,4,3342,0,0,0,NA,0,006,MARGARITA RD,FORDHAM WAY,0,NA,Y,A,-,N,NA,NA,NA,NA,NA,NA,NA,NA,NA,Y,3,0,3,2,A,-,12,21453,A,N,D,C,A,A,H,-,A,A,0,NA,NA,NA,NA,Y,NA,D,82,0,3,0,0,0,0,0,0,0,-,-,33.55358123779297,-117.15782928466795,RIVERSIDE,MURRIETA,-117.15777587890624,33.553611755371094
82141348,2023,2023-08-11,3300,2023-08-09,1116,4867,601 A,3,5,6,3394,0,0,0,NA,0,MV12,PIGEON PASS RD,HIDDEN SPRINGS DR (S),35,S,N,A,-,N,NA,NA,NA,NA,NA,NA,NA,NA,NA,N,4,0,1,2,A,-,21,22106,NA,N,C,C,A,A,H,-,A,A,0,NA,NA,NA,NA,Y,NA,A,01,0,0,1,0,0,0,0,0,0,-,-,33.968231201171875,-117.26093292236328,RIVERSIDE,MORENO VALLEY,-117.26348114013672,33.983131408691406
82142398,2023,2023-08-14,3315,2023-08-08,1443,002504,11D,2,5,6,3315,0,0,0,NA,0,002,MCKINLEY ST,STONERIDGE DR,0,NA,Y,A,-,N,NA,NA,NA,NA,NA,NA,NA,NA,NA,N,3,0,1,2,A,-,09,21801,A,N,D,C,A,A,H,-,A,D,0,NA,NA,NA,NA,Y,NA,D,22,0,1,0,0,0,0,0,0,0,-,-,33.89134979248047,-117.52291107177734,RIVERSIDE,CORONA,-117.52317810058594,33.892730712890625
82144705,2023,2023-08-16,3300,2023-07-03,2040,6101,916D,1,5,4,3312,0,0,0,NA,0,035,REDLANDS AV,I 215 SB OFRP,55,E,N,A,-,N,NA,NA,NA,NA,NA,NA,NA,NA,NA,Y,4,0,1,2,A,-,09,21453,C,N,D,D,A,A,H,-,C,A,0,NA,NA,NA,NA,Y,NA,A,01,0,0,1,0,0,0,0,0,0,-,-,33.783531188964844,-117.21669006347656,RIVERSIDE,PERRIS,-117.21630096435548,33.784088134765625
82144732,2023,2023-08-16,3300,2023-07-11,1635,5237,905L,2,5,4,3307,0,0,0,NA,0,093,RIVERSIDE DR,WALNUT DR,180,W,N,A,-,N,NA,NA,NA,NA,NA,NA,NA,NA,NA,Y,4,0,2,3,A,-,03,22350,NA,N,C,C,A,A,H,-,A,D,0,NA,NA,NA,NA,Y,NA,A,01,0,0,2,0,0,0,0,0,0,-,-,33.68212890625,-117.36875152587892,RIVERSIDE,LAKE ELSINORE,-117.36879730224608,33.68217468261719
82144857,2023,2023-08-16,3300,2023-08-06,1928,N7540,LA43,7,5,3,3392,0,0,0,NA,0,LA43,AVENIDA ALVARADO X CALLE COLIMA,CALLE COLIMA,16,S,N,A,-,N,NA,NA,NA,NA,NA,NA,NA,NA,NA,Y,4,0,1,2,A,-,09,21802,A,N,D,C,A,A,H,-,A,D,0,NA,NA,NA,NA,Y,NA,A,07,0,0,1,0,0,0,0,0,0,-,-,NA,NA,RIVERSIDE,LA QUINTA,-116.31410217285156,33.65974807739258
82145836,2023,2023-08-17,3300,2023-08-06,1936,5228,910K,7,5,5,3335,0,0,0,NA,0,064,YNEZ RD,RANCHO VISTA RD,0,NA,Y,A,-,N,NA,NA,NA,NA,NA,NA,NA,NA,NA,N,3,0,1,2,A,-,08,22107,NA,N,D,G,A,A,H,-,B,A,0,NA,Y,NA,NA,Y,NA,L,04,0,1,0,0,0,0,1,0,0,-,-,33.498199462890625,-117.1423797607422,RIVERSIDE,TEMECULA,-117.14237213134766,33.49818801879883
82145915,2023,2023-08-17,3308,2023-06-25,1817,10907,544,7,5,5,3308,0,0,0,NA,0,SOUTH,STETSON AVE,SANDERSON AVE,673,W,N,A,-,N,NA,NA,NA,NA,NA,NA,NA,NA,NA,Y,4,0,2,3,A,-,01,23152,A,N,C,C,A,A,H,-,A,A,0,NA,NA,NA,NA,Y,Y,A,01,0,0,2,0,0,0,0,0,0,-,-,33.72930145263672,-117.00660705566406,RIVERSIDE,HEMET,-117.00887298583984,33.729347229003906
82146094,2023,2023-08-17,3313,2023-07-12,2254,2097,5,3,5,7,3313,0,0,0,NA,0,T71,LA SIERRA AVE,GRAMERCY PL,0,NA,N,-,-,N,NA,NA,NA,NA,NA,NA,NA,NA,NA,Y,3,0,1,3,A,-,08,22107,NA,F,E,I,A,A,H,-,C,D,0,NA,NA,NA,NA,Y,NA,A,01,0,1,0,0,0,0,0,0,0,-,-,33.92723083496094,-117.49371337890624,RIVERSIDE,RIVERSIDE,-117.49346923828124,33.927371978759766
82146933,2023,2023-08-18,3300,2023-08-07,1500,N4187,916A,1,5,4,3312,0,0,0,NA,0,031,MARKHAM ST,WEBSTER AV,0,NA,Y,A,-,N,NA,NA,NA,NA,NA,NA,NA,NA,NA,N,4,0,1,2,A,-,12,21453,A,N,D,C,A,A,H,-,A,A,0,NA,NA,NA,NA,Y,NA,D,22,0,0,1,0,0,0,0,0,0,-,-,33.85203170776367,-117.2436981201172,RIVERSIDE,PERRIS,-117.2438507080078,33.851871490478516
82146990,2023,2023-08-18,3300,2023-08-14,2015,N7551,20B4,1,5,3,3317,0,0,0,NA,0,S20,HWY 111,BOB HOPE DR,471,W,N,A,-,N,NA,NA,NA,NA,NA,NA,NA,NA,NA,Y,3,0,2,2,A,-,09,21804,A,N,D,C,A,A,H,-,C,D,0,NA,NA,NA,NA,Y,NA,A,07,0,2,0,0,0,0,0,0,0,-,-,33.73733901977539,-116.40934753417967,RIVERSIDE,RANCHO MIRAGE,-116.4099578857422,33.738555908203125
82147079,2023,2023-08-18,3300,2023-06-24,1438,5407,920A,6,5,4,3314,0,0,0,NA,0,070,SANDERSON AVE,COTTONWOOD AVE,7233,N,N,A,-,Y,NA,NA,NA,NA,NA,NA,NA,NA,NA,Y,2,0,1,2,A,-,03,22350,NA,N,C,C,A,A,H,-,A,D,0,NA,NA,Y,NA,Y,NA,A,01,1,0,0,0,0,0,0,0,1,-,-,33.80672836303711,-117.00704193115234,RIVERSIDE,SAN JACINTO,-117.00676727294922,33.78731155395508
82147953,2023,2023-08-21,3300,2023-08-09,1455,3481,920H,3,5,4,3314,0,0,0,NA,0,074,MOUNTAIN AVE,ESPLANADE AVE,130,E,N,A,-,N,NA,NA,NA,NA,NA,NA,NA,NA,NA,Y,4,0,1,2,A,-,08,22100,B,N,D,C,A,A,H,-,A,D,0,NA,NA,NA,NA,Y,NA,A,01,0,0,1,0,0,0,0,0,0,-,-,33.770408630371094,-116.9293212890625,RIVERSIDE,SAN JACINTO,-116.92899322509766,33.77016067504883
82148354,2023,2023-08-22,3308,2023-07-03,1534,10746,537,1,5,5,3308,0,0,0,NA,0,SOUTH,JOHNSTON AVE,SANTA FE ST,0,NA,Y,A,-,N,NA,NA,NA,NA,NA,NA,NA,NA,NA,Y,3,0,3,3,A,-,09,21802,A,N,D,C,A,A,H,-,A,A,0,NA,NA,NA,NA,Y,NA,A,07,0,1,2,0,0,0,0,0,0,-,-,NA,NA,RIVERSIDE,HEMET,-116.962890625,33.73305130004883
82148355,2023,2023-08-21,3308,2023-07-31,1138,10610,NA,1,5,5,3308,0,0,0,NA,0,NA,FLORIDA AVE,SAN JACINTO ST,190,W,N,A,-,Y,NA,NA,NA,NA,NA,NA,NA,NA,NA,N,3,0,1,2,C,-,18,NA,NA,N,C,C,A,A,H,-,A,A,0,NA,NA,NA,NA,Y,NA,-,-,0,1,0,0,0,0,0,0,0,-,-,NA,NA,RIVERSIDE,HEMET,-116.95928192138672,33.74766159057617
82150397,2023,2023-08-23,3300,2023-08-07,1530,N4187,916A,1,5,4,3312,0,0,0,NA,0,031,RAMONA EXPRESSWAY,PERRIS BL,0,NA,Y,A,-,N,NA,NA,NA,NA,NA,NA,NA,NA,NA,N,4,0,1,2,A,-,12,21453,A,N,D,C,A,A,H,-,A,A,0,NA,NA,NA,NA,Y,NA,D,22,0,0,1,0,0,0,0,0,0,-,-,33.844451904296875,-117.22534942626952,RIVERSIDE,PERRIS,-117.22620391845705,33.844482421875
82153843,2023,2023-08-25,3300,2023-07-31,1602,2812,002C,1,5,6,3345,0,0,0,NA,0,020,MISSION BL,LINDSAY ST,497,W,N,A,-,N,NA,NA,NA,NA,NA,NA,NA,NA,NA,N,2,0,2,2,A,-,01,23152,B,N,A,C,A,A,H,-,A,D,0,NA,NA,NA,NA,Y,Y,A,01,1,1,0,0,0,0,0,0,0,-,-,34.011470794677734,-117.49810028076172,RIVERSIDE,JURUPA VALLEY,-117.49978637695313,34.011898040771484
82154926,2023,2023-08-28,3313,2023-08-09,2250,1887,5,3,5,7,3313,0,0,0,NA,0,3R58,LA SIERRA AVE,CYPRESS AVE (S),40,N,N,A,-,N,NA,NA,NA,NA,NA,NA,NA,NA,NA,N,4,0,1,2,A,-,03,22350,NA,N,C,C,A,A,H,-,C,A,0,NA,NA,NA,NA,Y,NA,A,01,0,0,1,0,0,0,0,0,0,-,-,33.938419342041016,-117.49722290039063,RIVERSIDE,RIVERSIDE,-117.49745941162108,33.938499450683594
82154966,2023,2023-08-28,3315,2023-08-22,1454,004712,2B,2,5,6,3315,0,0,0,NA,0,002,HARRISON ST,MAIN ST,0,NA,Y,A,-,N,NA,NA,NA,NA,NA,NA,NA,NA,NA,Y,3,0,1,2,A,-,09,21801,A,N,A,C,A,A,H,-,A,A,0,NA,NA,NA,NA,Y,NA,A,01,0,1,0,0,0,0,0,0,0,-,-,NA,NA,RIVERSIDE,CORONA,-117.56510162353516,33.884315490722656
82156746,2023,2023-08-29,3306,2023-08-23,1938,2965,3306,3,5,3,3306,0,0,0,NA,0,NA,PALM DR,CAHUILLA AVE,41,N,N,A,-,N,NA,NA,NA,NA,NA,NA,NA,NA,NA,Y,3,0,2,2,A,-,09,21801,A,F,D,C,A,A,H,-,B,D,0,NA,NA,NA,NA,Y,Y,A,07,0,1,1,0,0,0,0,0,0,-,-,NA,NA,RIVERSIDE,DESERT HOT SPRINGS,-116.50131988525392,33.95879364013672
82156948,2023,2023-08-29,3349,2023-08-23,527,334,NA,3,5,5,3341,0,0,0,NA,0,004,NEWPORT RD,HAUN RD,243,E,N,A,-,N,NA,NA,NA,NA,NA,NA,NA,NA,NA,Y,3,0,2,2,A,-,08,22107,NA,N,D,C,A,A,H,-,B,D,0,NA,NA,NA,NA,Y,NA,D,22,0,1,1,0,0,0,0,0,0,-,-,33.685081481933594,-117.17559814453124,RIVERSIDE,MENIFEE,-117.17487335205078,33.68492889404297
82157880,2023,2023-08-30,3300,2023-08-17,628,5836,D11,4,5,4,3344,0,0,0,NA,0,063,LIMONITE AV,SUMNER AV,0,NA,Y,A,-,N,NA,NA,NA,NA,NA,NA,NA,NA,NA,Y,3,0,1,4,A,-,04,21703,NA,N,C,C,A,A,H,-,A,A,0,NA,NA,NA,NA,Y,NA,A,01,0,1,0,0,0,0,0,0,0,-,-,33.97550964355469,-117.57576751708984,RIVERSIDE,EASTVALE,-117.57578277587892,33.975341796875
82159026,2023,2023-08-31,3300,2023-08-25,2139,6102,916A,5,5,4,3312,0,0,0,NA,0,031,PERRIS BL,HART LN,30,N,N,A,-,N,NA,NA,NA,NA,NA,NA,NA,NA,NA,N,4,0,1,2,A,-,11,21950,B,N,G,B,D,A,H,-,C,D,0,Y,NA,NA,NA,Y,NA,N,60,0,0,1,0,1,0,0,0,0,-,-,33.80427932739258,-117.22618865966795,RIVERSIDE,PERRIS,-117.2261962890625,33.804264068603516
82160403,2023,2023-09-01,3308,2023-07-13,2109,10909,NA,4,5,5,3308,0,0,0,NA,0,SOUTH,FLORIDA AVE,KIRBY ST,0,NA,Y,A,-,Y,RIV,NA,74,NA,NA,38.983,H,NA,L,Y,4,0,1,2,A,-,12,21453,A,N,D,C,A,A,H,-,C,A,0,NA,NA,NA,NA,Y,NA,A,01,0,0,1,0,0,0,0,0,0,-,-,33.74755859375,-116.99788665771484,RIVERSIDE,HEMET,-116.99789428710938,33.747432708740234
82161210,2023,2023-09-04,3342,2023-08-18,155,1393,553,5,5,4,3342,0,0,0,NA,0,005,WHITEWOOD RD,ROCKCREST DR,400,N,N,A,-,N,NA,NA,NA,NA,NA,NA,NA,NA,NA,N,3,0,1,1,A,-,03,22350,NA,N,E,I,A,A,H,-,C,D,0,NA,NA,NA,NA,Y,Y,A,01,0,1,0,0,0,0,0,0,0,-,-,33.55624008178711,-117.16802215576172,RIVERSIDE,MURRIETA,-117.16749572753906,33.55803298950195
82161212,2023,2023-09-04,3342,2023-08-19,2126,1429,435,6,5,4,3342,0,0,0,NA,0,004,JEFFERSON AVE,GUAVA ST,170,S,N,A,-,N,NA,NA,NA,NA,NA,NA,NA,NA,NA,Y,3,0,1,1,A,-,03,22350,NA,N,E,I,A,A,H,-,C,D,0,NA,NA,NA,NA,Y,Y,A,01,0,1,0,0,0,0,0,0,0,-,-,33.54515075683594,-117.19316864013672,RIVERSIDE,MURRIETA,-117.19271850585938,33.54484176635742
82162896,2023,2023-09-06,3300,2023-06-21,1205,N3642,002,3,5,6,3345,0,0,0,NA,0,022,ETIWANDA AV,PHILADELPHIA AV,90,S,N,A,-,N,NA,NA,NA,NA,NA,NA,NA,NA,NA,Y,4,0,1,2,A,-,03,22350,NA,N,A,C,A,A,H,-,A,A,0,NA,NA,NA,Y,Y,NA,A,01,0,0,1,0,0,0,0,0,0,-,-,34.03268814086914,-117.52291107177734,RIVERSIDE,JURUPA VALLEY,-117.52433776855467,34.0331916809082
82163109,2023,2023-09-06,3315,2023-08-20,1600,004274,3B,7,5,6,3315,0,0,0,NA,0,003,ONTARIO AV,VESPER CI,99,E,N,C,G,N,NA,NA,NA,NA,NA,NA,NA,NA,NA,N,4,0,1,2,A,-,09,21804,A,N,D,C,A,B,H,-,A,A,0,NA,NA,NA,NA,Y,NA,A,01,0,0,1,0,0,0,0,0,0,-,-,33.85565948486328,-117.5660400390625,RIVERSIDE,CORONA,-117.56568908691406,33.855655670166016
82164051,2023,2023-09-07,3300,2023-08-31,812,N6224,601 E,4,5,6,3394,0,0,0,NA,0,MV16,SLAWSON AVE,JAVIER PL,0,NA,Y,A,-,N,NA,NA,NA,NA,NA,NA,NA,NA,NA,Y,3,0,2,2,A,-,09,21801,A,N,D,C,A,A,H,-,A,D,0,NA,NA,NA,NA,Y,NA,A,07,0,1,1,0,0,0,0,0,0,-,-,33.94717025756836,-117.21336364746094,RIVERSIDE,MORENO VALLEY,-117.21337890625,33.947242736816406
82165331,2023,2023-09-08,3313,2023-08-24,1632,1499,4,4,5,7,3313,0,0,0,NA,0,M34,LINCOLN AVE,MARY ST,21,W,N,A,-,N,NA,NA,NA,NA,NA,NA,NA,NA,NA,N,3,0,2,2,A,-,12,21453,A,N,D,C,A,A,H,-,A,A,0,NA,NA,NA,NA,Y,NA,A,01,0,1,1,0,0,0,0,0,0,-,-,33.934139251708984,-117.3884506225586,RIVERSIDE,RIVERSIDE,-117.3882293701172,33.93528747558594
82166429,2023,2023-09-18,3300,2023-08-26,238,5929,LA41,6,5,3,3392,0,0,0,NA,0,LA41,HWY 111,WASHINGTON ST,0,NA,Y,A,-,N,NA,NA,NA,NA,NA,NA,NA,NA,NA,Y,4,0,1,2,A,-,09,21453,C,M,D,C,A,A,H,-,C,A,0,NA,NA,NA,NA,Y,NA,-,-,0,0,1,0,0,0,0,0,0,-,-,33.71514892578125,-116.29502868652344,RIVERSIDE,LA QUINTA,-116.29499053955078,33.71527862548828
82168699,2023,2023-09-13,3311,2023-08-21,1412,16061,NA,1,5,4,3311,0,0,0,NA,0,004,SUNRISE WAY,DESERT PARK AVENUE,0,NA,Y,A,-,Y,NA,NA,NA,NA,NA,NA,NA,NA,NA,Y,4,0,2,2,A,-,09,21802,A,N,D,C,A,A,H,-,A,A,0,NA,NA,NA,NA,Y,NA,A,01,0,0,2,0,0,0,0,0,0,-,-,33.846710205078125,-116.52816772460938,RIVERSIDE,PALM SPRINGS,-116.52818298339844,33.846561431884766
82169596,2023,2023-09-14,3300,2023-09-05,1817,4867,604 C,2,5,6,3394,0,0,0,NA,0,MV44,IRIS AVE,KAISER HOSPITAL,0,NA,Y,A,-,N,NA,NA,NA,NA,NA,NA,NA,NA,NA,Y,4,0,1,2,A,-,12,21453,A,N,D,C,A,A,H,-,A,A,0,NA,NA,NA,NA,Y,NA,A,01,0,0,1,0,0,0,0,0,0,-,-,33.89548873901367,-117.18711090087892,RIVERSIDE,MORENO VALLEY,NA,NA
82169610,2023,2023-09-15,3300,2023-05-04,1745,5730,36N2,4,5,4,3318,0,0,0,NA,0,T36,ALESSANDRO DR,PORTOLA AVE,413,E,N,A,-,N,NA,NA,NA,NA,NA,NA,NA,NA,NA,Y,1,1,0,2,A,-,11,21954,A,N,G,B,D,A,H,-,A,D,0,Y,NA,NA,NA,Y,NA,N,60,0,0,0,1,0,0,0,0,0,-,-,33.72201919555664,-116.37374877929688,RIVERSIDE,PALM DESERT,-116.37240600585938,33.72200012207031
82169681,2023,2023-09-14,3300,2023-08-19,1815,5407,920H,6,5,4,3314,0,0,0,NA,0,074,PARK AVE,VILLINES AVE,0,NA,Y,A,-,N,NA,NA,NA,NA,NA,NA,NA,NA,NA,N,4,0,1,2,A,-,12,22450,A,N,D,C,A,A,H,-,A,D,0,NA,NA,NA,NA,Y,NA,D,22,0,0,1,0,0,0,0,0,0,-,-,33.76261901855469,-116.9388427734375,RIVERSIDE,SAN JACINTO,-116.93871307373048,33.76256561279297
82171688,2023,2023-09-21,3342,2023-09-05,2152,166,655,2,5,4,3342,0,0,0,NA,0,006,WINCHESTER RD,MURRIETA HOT SPRINGS RD,0,NA,Y,A,-,N,NA,NA,NA,NA,NA,NA,NA,NA,NA,N,4,0,1,3,A,-,12,21453,A,N,D,C,A,A,H,-,C,A,0,NA,NA,NA,NA,Y,NA,A,01,0,0,1,0,0,0,0,0,0,-,-,33.552669525146484,-117.1405029296875,RIVERSIDE,MURRIETA,-117.14051818847656,33.55261993408203
82171764,2023,2023-09-18,3315,2023-05-27,2354,003653,16D,6,5,6,3315,0,0,0,NA,0,003,MORALES WY,RIVERSTONE ST,0,NA,Y,A,-,N,NA,NA,NA,NA,NA,NA,NA,NA,NA,Y,3,0,1,1,A,-,03,22350,NA,N,E,I,A,A,H,-,C,D,0,NA,NA,NA,NA,Y,NA,A,01,0,1,0,0,0,0,0,0,0,-,-,33.81916046142578,-117.53430938720705,RIVERSIDE,CORONA,-117.53425598144533,33.819210052490234
82171944,2023,2023-09-18,3313,2023-06-10,2110,1995,4,6,5,7,3313,0,0,0,NA,0,3R42,INDIANA AVE,MONROE ST,0,NA,Y,A,-,N,NA,NA,NA,NA,NA,NA,NA,NA,NA,N,4,0,1,2,A,-,12,21453,A,N,D,C,A,A,H,-,C,A,0,NA,NA,NA,NA,Y,NA,-,-,0,0,1,0,0,0,0,0,0,-,-,33.92237854003906,-117.4267120361328,RIVERSIDE,RIVERSIDE,-117.42665863037108,33.92253112792969
82172191,2023,2023-09-19,3313,2023-09-07,114,1444,1,4,5,7,3313,0,0,0,NA,0,1R15,ORANGE ST,POPLAR ST,90,N,N,A,-,N,NA,NA,NA,NA,NA,NA,NA,NA,NA,N,3,0,1,3,A,-,01,23152,A,M,C,E,A,A,H,-,C,D,0,NA,NA,NA,NA,Y,Y,D,22,0,1,0,0,0,0,0,0,0,-,-,33.991268157958984,-117.3664779663086,RIVERSIDE,RIVERSIDE,-117.36637115478516,33.99153518676758
82175720,2023,2023-09-21,3315,2023-09-08,818,003134,14C,5,5,6,3315,0,0,0,NA,0,004,LINCOLN AV,MOUNTAIN GATE DR,0,NA,Y,A,-,N,NA,NA,NA,NA,NA,NA,NA,NA,NA,Y,3,0,2,2,A,-,12,21453,A,N,D,C,A,A,H,-,A,A,0,NA,NA,NA,NA,Y,NA,A,01,0,1,1,0,0,0,0,0,0,-,-,NA,NA,RIVERSIDE,CORONA,-117.58477020263672,33.838417053222656
82177668,2023,2023-09-25,3315,2023-09-22,611,003187,7A,5,5,6,3315,0,0,0,NA,0,001,LINCOLN AV,SIXTH ST,0,NA,Y,B,-,N,NA,NA,NA,NA,NA,NA,NA,NA,NA,Y,3,0,1,2,A,-,03,22350,NA,N,C,C,A,A,H,-,B,A,0,NA,NA,Y,NA,Y,NA,C,02,0,1,0,0,0,0,0,0,1,-,-,NA,NA,RIVERSIDE,CORONA,-117.58328247070313,33.87718963623047
82177872,2023,2023-09-25,3300,2023-09-20,1911,N6297,910P,3,5,5,3335,0,0,0,NA,0,069,TEMECULA PKY,WABASH LN,291,W,N,A,-,N,NA,NA,NA,NA,NA,NA,NA,NA,NA,N,4,0,2,4,A,-,03,22350,NA,N,C,C,A,A,H,-,C,A,0,NA,NA,NA,NA,Y,NA,D,22,0,0,2,0,0,0,0,0,0,-,-,33.47686004638672,-117.13298034667967,RIVERSIDE,TEMECULA,-117.13381958007813,33.47732162475586
82177932,2023,2023-09-27,3308,2023-08-30,1303,10610,555,3,5,5,3308,0,0,0,NA,0,SOUTH,DOMENIGONI PKWY,SANDERSON AVE,45,W,N,A,-,N,NA,NA,NA,NA,NA,NA,NA,NA,NA,Y,3,0,1,2,A,-,09,21453,C,N,D,C,A,A,H,-,A,A,0,NA,NA,NA,NA,Y,NA,A,01,0,1,0,0,0,0,0,0,0,-,-,33.71345138549805,-117.00595855712892,RIVERSIDE,HEMET,-117.00613403320313,33.713645935058594
82179402,2023,2023-09-26,3313,2023-09-06,1415,2117,5,3,5,7,3313,0,0,0,NA,0,T71,MIA AVE,BRUCE AVE,480,N,N,A,-,N,NA,NA,NA,NA,NA,NA,NA,NA,NA,N,3,0,1,2,A,-,11,21950,B,F,G,B,D,A,H,-,A,D,0,Y,NA,NA,NA,Y,NA,N,60,0,1,0,0,1,0,0,0,0,-,-,33.94956970214844,-117.46890258789063,RIVERSIDE,RIVERSIDE,-117.46887969970705,33.951316833496094
82186700,2023,2023-10-02,3300,2023-08-25,2315,6252,920D,5,5,4,3314,0,0,0,NA,0,070,RAMONA EXPY,LYON AVE,786,E,N,A,-,N,NA,NA,NA,NA,NA,NA,NA,NA,NA,Y,4,0,1,2,A,-,03,22350,NA,N,C,C,A,A,H,-,C,A,0,NA,NA,NA,Y,Y,NA,A,01,0,0,1,0,0,0,0,0,0,-,-,33.82381057739258,-117.00692749023438,RIVERSIDE,SAN JACINTO,-116.98506927490234,33.810699462890625
82188487,2023,2023-10-03,3300,2023-09-22,220,N6906,89I1,5,5,2,3316,0,0,0,NA,0,J89,HWY 111,MANITOU DR,0,NA,Y,A,-,Y,NA,NA,NA,NA,NA,NA,NA,NA,NA,Y,3,0,1,1,A,-,03,22350,NA,N,E,I,A,A,H,-,C,A,0,NA,NA,NA,NA,Y,NA,A,07,0,1,0,0,0,0,0,0,0,-,-,33.72100830078125,-116.31768035888672,RIVERSIDE,INDIAN WELLS,-116.3176498413086,33.72099304199219
82189901,2023,2023-10-04,3313,2023-06-22,338,1715,2,4,5,7,3313,0,0,0,NA,0,1R25,KANSAS AVE,ROBERTA ST,175,N,N,A,-,N,NA,NA,NA,NA,NA,NA,NA,NA,NA,Y,3,0,2,1,A,-,03,22350,NA,N,E,I,A,A,H,-,C,D,0,NA,NA,NA,NA,Y,NA,A,01,0,1,1,0,0,0,0,0,0,-,-,NA,NA,RIVERSIDE,RIVERSIDE,-117.35720825195313,33.98933029174805
82191350,2023,2023-10-05,3300,2023-07-23,1903,5199,905D,7,5,4,3307,0,0,0,NA,0,091,AUTO CENTER DR,DIAMOND DR,0,NA,Y,B,-,N,NA,NA,NA,NA,NA,NA,NA,NA,NA,Y,3,0,2,3,A,-,12,21453,A,N,D,C,A,A,H,-,A,A,0,NA,NA,NA,Y,Y,NA,F,26,0,1,1,0,0,0,0,0,0,-,-,33.660640716552734,-117.29976654052734,RIVERSIDE,LAKE ELSINORE,-117.29987335205078,33.660701751708984
82192830,2023,2023-10-06,3300,2023-09-07,1216,6213,Y80,4,5,3,3305,0,0,0,NA,0,Y80,VAN BUREN ST,50TH AV,273,N,N,A,-,N,NA,NA,NA,NA,NA,NA,NA,NA,NA,N,4,0,1,2,A,-,08,22100,B,N,D,C,A,A,H,-,A,A,0,NA,NA,NA,NA,Y,NA,A,01,0,0,1,0,0,0,0,0,0,-,-,33.685428619384766,-116.19905853271484,RIVERSIDE,COACHELLA,-116.19907379150392,33.68620681762695
82193912,2023,2023-10-09,3313,2023-09-26,843,2120,3,2,5,7,3313,0,0,0,NA,0,T75,VAN BUREN BLVD,BARTON ST,397,W,N,A,-,N,NA,NA,NA,NA,NA,NA,NA,NA,NA,N,3,0,1,2,A,-,03,22350,NA,N,C,C,A,A,H,-,A,A,0,NA,NA,NA,NA,Y,NA,A,07,0,1,0,0,0,0,0,0,0,-,-,33.88808059692383,-117.31405639648438,RIVERSIDE,RIVERSIDE,-117.3151397705078,33.88837432861328
82194869,2023,2023-10-10,3300,2023-10-02,738,N6519,602 E,1,5,6,3394,0,0,0,NA,0,MV28,KITCHING ST,COTTONWOOD AVE,22,S,N,A,-,N,NA,NA,NA,NA,NA,NA,NA,NA,NA,N,3,0,1,2,A,-,10,21950,A,N,G,B,B,A,H,-,A,A,0,Y,NA,NA,NA,Y,NA,A,01,0,1,0,0,1,0,0,0,0,-,-,33.92449951171875,-117.21762084960938,RIVERSIDE,MORENO VALLEY,-117.21763610839844,33.92451095581055