CASE_ID,ACCIDENT_YEAR,PROC_DATE,JURIS,COLLISION_DATE,COLLISION_TIME,OFFICER_ID,REPORTING_DISTRICT,DAY_OF_WEEK,CHP_SHIFT,POPULATION,CNTY_CITY_LOC,SPECIAL_COND,BEAT_TYPE,CHP_BEAT_TYPE,CITY_DIVISION_LAPD,CHP_BEAT_CLASS,BEAT_NUMBER,PRIMARY_RD,SECONDARY_RD,DISTANCE,DIRECTION,INTERSECTION,WEATHER_1,WEATHER_2,STATE_HWY_IND,CALTRANS_COUNTY,CALTRANS_DISTRICT,STATE_ROUTE,ROUTE_SUFFIX,POSTMILE_PREFIX,POSTMILE,LOCATION_TYPE,RAMP_INTERSECTION,SIDE_OF_HWY,TOW_AWAY,COLLISION_SEVERITY,NUMBER_KILLED,NUMBER_INJURED,PARTY_COUNT,PRIMARY_COLL_FACTOR,PCF_CODE_OF_VIOL,PCF_VIOL_CATEGORY,PCF_VIOLATION,PCF_VIOL_SUBSECTION,HIT_AND_RUN,TYPE_OF_COLLISION,MVIW,PED_ACTION,ROAD_SURFACE,ROAD_COND_1,ROAD_COND_2,LIGHTING,CONTROL_DEVICE,CHP_ROAD_TYPE,PEDESTRIAN_ACCIDENT,BICYCLE_ACCIDENT,MOTORCYCLE_ACCIDENT,TRUCK_ACCIDENT,NOT_PRIVATE_PROPERTY,ALCOHOL_INVOLVED,STWD_VEHTYPE_AT_FAULT,CHP_VEHTYPE_AT_FAULT,COUNT_SEVERE_INJ,COUNT_VISIBLE_INJ,COUNT_COMPLAINT_PAIN,COUNT_PED_KILLED,COUNT_PED_INJURED,COUNT_BICYCLIST_KILLED,COUNT_BICYCLIST_INJURED,COUNT_MC_KILLED,COUNT_MC_INJURED,PRIMARY_RAMP,SECONDARY_RAMP,LATITUDE,LONGITUDE,COUNTY,CITY,POINT_X,POINT_Y
84960454,2025,2025-12-08,3313,2025-11-03,1248,1389,NA,1,5,7,3313,0,0,0,NA,0,T53,HADDINGTON DR,FAIR ISLE DR,0,NA,-,A,-,N,NA,NA,NA,NA,NA,NA,NA,NA,NA,N,4,0,1,2,A,-,03,22350,NA,N,C,E,A,A,H,-,A,D,0,NA,NA,NA,NA,Y,NA,A,01,0,0,1,0,0,0,0,0,0,-,-,NA,NA,RIVERSIDE,RIVERSIDE,-117.30916595458984,33.95043182373047
84962987,2025,2025-12-09,3300,2025-12-07,1353,6621,NA,7,5,5,3335,0,0,0,NA,0,063,CALLE CHAPOS,WALCOTT LN,0,NA,Y,A,-,N,NA,NA,NA,NA,NA,NA,NA,NA,NA,N,3,0,1,2,A,-,03,22350,NA,N,C,C,A,A,H,-,A,D,0,NA,NA,Y,NA,Y,NA,C,02,0,1,0,0,0,0,0,0,1,-,-,33.54072952270508,-117.1030502319336,RIVERSIDE,TEMECULA,-117.10315704345705,33.54066848754883
84963035,2025,2025-12-09,3300,2025-11-26,1817,N5095,NA,3,5,2,3316,0,0,0,NA,0,J89,HWY 111,VILLAGE CENTER DR,20,E,N,A,-,N,NA,NA,NA,NA,NA,NA,NA,NA,NA,Y,4,0,2,3,A,-,03,22350,NA,N,C,D,A,A,H,-,C,A,0,NA,NA,NA,NA,Y,NA,I,11,0,0,2,0,0,0,0,0,0,-,-,33.721378326416016,-116.35887145996094,RIVERSIDE,INDIAN WELLS,-116.35883331298828,33.72136306762695
84963055,2025,2025-12-09,3308,2025-11-10,1747,11089,NA,1,5,5,3308,0,0,0,NA,0,NORTH,MOUNTAIN AVE,LAKE ST,0,NA,Y,A,-,N,NA,NA,NA,NA,NA,NA,NA,NA,NA,Y,4,0,1,2,A,-,08,22107,NA,N,D,C,A,A,H,-,C,D,0,NA,NA,NA,NA,Y,NA,A,01,0,0,1,0,0,0,0,0,0,-,-,NA,NA,RIVERSIDE,HEMET,-116.91512298583984,33.76226806640625
84963248,2025,2025-12-09,3313,2025-11-06,1457,2095,NA,4,5,7,3313,0,0,0,NA,0,3R44,WASHINGTON ST,OVERLOOK PKWY,0,NA,-,A,-,N,NA,NA,NA,NA,NA,NA,NA,NA,NA,N,3,0,1,2,A,-,08,22107,NA,N,D,C,A,A,H,-,A,D,0,NA,NA,NA,NA,Y,NA,A,01,0,1,0,0,0,0,0,0,0,-,-,NA,NA,RIVERSIDE,RIVERSIDE,-117.38348388671876,33.919822692871094
84965286,2025,2025-12-10,3315,2025-11-16,1413,004754,NA,7,5,6,3315,0,0,0,NA,0,002,MOUNT HUMPHRIES ST,ARABIAN WY,22,E,N,A,-,N,NA,NA,NA,NA,NA,NA,NA,NA,NA,N,3,0,1,2,A,-,12,22450,A,N,D,G,A,A,H,-,A,A,0,NA,Y,NA,NA,Y,NA,M,91,0,1,0,0,0,0,1,0,0,-,-,33.896820068359375,-117.5227279663086,RIVERSIDE,CORONA,-117.52262115478516,33.896724700927734
84966968,2025,2025-12-11,3300,2025-12-09,953,6621,NA,2,5,5,3335,0,0,0,NA,0,061,JEFFERSON AV,WINCHESTER RD,0,NA,Y,A,-,N,NA,NA,NA,NA,NA,NA,NA,NA,NA,N,3,0,1,2,A,-,00,21760,B,N,B,G,A,A,H,-,A,A,0,NA,Y,NA,NA,Y,NA,B,01,0,1,0,0,0,0,1,0,0,-,-,33.52096176147461,-117.16500091552734,RIVERSIDE,TEMECULA,-117.16507720947266,33.520896911621094
84968898,2025,2025-12-12,3300,2025-11-18,849,N8589,NA,2,5,4,3344,0,0,0,NA,0,060,GOODMAN WAY,HAMNER AVE,203,E,N,A,-,N,NA,NA,NA,NA,NA,NA,NA,NA,NA,N,4,0,1,2,A,-,08,22105,NA,N,D,C,A,A,H,-,A,A,0,NA,NA,NA,NA,Y,NA,A,07,0,0,1,0,0,0,0,0,0,-,-,33.9904899597168,-117.55763244628906,RIVERSIDE,EASTVALE,-117.55762481689452,33.99095916748047
84968906,2025,2025-12-12,3300,2025-12-07,1510,N4544,NA,7,5,6,3345,0,0,0,NA,0,024,LIMONITE AVE,EUCALYPTUS ST,263,E,N,A,-,N,NA,NA,NA,NA,NA,NA,NA,NA,NA,Y,4,0,1,2,A,-,09,21804,A,N,D,C,A,A,H,-,A,D,0,NA,NA,NA,Y,Y,NA,F,55,0,0,1,0,0,0,0,0,0,-,-,33.97576141357422,-117.47184753417967,RIVERSIDE,JURUPA VALLEY,-117.47086334228516,33.97555160522461
84970498,2025,2025-12-15,3300,2025-10-25,1851,N8561,NA,6,5,4,3307,0,0,0,NA,0,090,SUMMERHILL DR,CANYON ESTATES DR,8,W,N,A,-,N,NA,NA,NA,NA,NA,NA,NA,NA,NA,N,3,0,1,2,A,-,10,21950,A,N,G,B,B,A,H,-,C,A,0,Y,NA,NA,NA,Y,NA,A,01,0,1,0,0,1,0,0,0,0,-,-,33.66621017456055,-117.29840087890624,RIVERSIDE,LAKE ELSINORE,-117.29855346679688,33.66619110107422
84970523,2025,2025-12-15,3300,2025-11-06,1929,4024,NA,4,5,3,3343,0,0,0,NA,0,083,BUNDY CANYON RD,ORANGE ST,115,W,N,A,-,N,NA,NA,NA,NA,NA,NA,NA,NA,NA,N,3,0,1,2,A,-,11,21954,A,N,G,B,D,A,H,-,C,A,0,Y,NA,NA,NA,Y,Y,N,60,0,1,0,0,1,0,0,0,0,-,-,33.62800979614258,-117.2754364013672,RIVERSIDE,WILDOMAR,-117.27573394775392,33.62690734863281
84970525,2025,2025-12-15,3300,2025-11-16,3,4254,NA,7,5,3,3343,0,0,0,NA,0,084,BUNDY CANYON RD,SELLERS RD,345,W,N,A,-,N,NA,NA,NA,NA,NA,NA,NA,NA,NA,Y,2,0,1,2,A,-,03,22350,NA,F,G,B,E,A,H,-,C,A,0,Y,NA,NA,NA,Y,Y,A,01,1,0,0,0,1,0,0,0,0,-,-,33.627079010009766,-117.26895141601563,RIVERSIDE,WILDOMAR,-117.2699966430664,33.62685012817383
84971375,2025,2025-12-15,3300,2025-12-10,1323,6161,NA,3,5,5,3335,0,0,0,NA,0,064,MONTELEGRO WY,VIA SAJO,0,NA,Y,A,-,N,NA,NA,NA,NA,NA,NA,NA,NA,NA,N,3,0,1,2,A,-,12,22450,A,N,D,G,A,A,H,-,A,A,0,NA,Y,NA,NA,Y,NA,L,04,0,1,0,0,0,0,1,0,0,-,-,33.49678039550781,-117.09957122802734,RIVERSIDE,TEMECULA,-117.09957122802734,33.49706268310547
84973212,2025,2025-12-16,3300,2025-12-13,1046,N8515,NA,6,5,4,3307,0,0,0,NA,0,090,CANYON HILLS RD,RAILROAD CANYON RD,284,S,N,A,-,N,NA,NA,NA,NA,NA,NA,NA,NA,NA,N,3,0,1,3,A,-,03,22350,NA,N,C,C,A,A,H,-,A,A,0,NA,NA,NA,NA,Y,NA,A,01,0,1,0,0,0,0,0,0,0,-,-,33.66958999633789,-117.26358032226563,RIVERSIDE,LAKE ELSINORE,-117.26314544677734,33.667999267578125
84975527,2025,2025-12-17,3315,2025-12-15,1523,005024,NA,1,5,6,3315,0,0,0,NA,0,002,MCKINLEY ST,STONERIDGE DR,158,S,N,A,-,N,NA,NA,NA,NA,NA,NA,NA,NA,NA,N,4,0,1,2,A,-,03,22350,NA,N,C,C,A,A,H,-,A,A,0,NA,NA,NA,NA,Y,NA,A,01,0,0,1,0,0,0,0,0,0,-,-,33.89271926879883,-117.5231704711914,RIVERSIDE,CORONA,-117.52288818359376,33.892372131347656
8497660,2017,2017-12-05,3300,2017-08-21,2020,4649,905C,1,5,4,3307,0,0,0,NA,0,090,CANYON HILLS RD,COTTONWOOD CANYON RD,0,NA,Y,A,-,N,NA,NA,NA,NA,NA,NA,NA,NA,NA,N,2,0,1,2,A,-,08,22107,NA,N,D,G,A,A,H,-,C,A,0,NA,Y,NA,NA,Y,NA,L,04,1,0,0,0,0,0,1,0,0,-,-,33.65927,-117.24583,RIVERSIDE,LAKE ELSINORE,-117.24600011,33.65923009
84976814,2025,2025-12-18,3300,2025-10-08,237,6615,NA,3,5,6,3394,0,0,0,NA,0,MV24,EUCALYPTUS AVE,INDIAN ST,477,W,N,A,-,N,NA,NA,NA,NA,NA,NA,NA,NA,NA,Y,4,0,1,2,A,-,01,23152,A,N,C,E,A,A,H,-,C,D,0,NA,NA,NA,NA,Y,Y,A,01,0,0,1,0,0,0,0,0,0,-,-,33.93170928955078,-117.2349090576172,RIVERSIDE,MORENO VALLEY,-117.23661041259766,33.93177032470703
84976835,2025,2025-12-18,3300,2025-12-16,1718,5486,NA,2,5,6,3394,0,0,0,NA,0,MV22,CACTUS AVE,FREDERICK ST,0,NA,Y,A,-,N,NA,NA,NA,NA,NA,NA,NA,NA,NA,N,4,0,1,2,A,-,12,21453,A,N,A,G,A,A,H,-,C,A,0,NA,Y,NA,NA,Y,NA,L,04,0,0,1,0,0,0,1,0,0,-,-,33.91025161743164,-117.2612075805664,RIVERSIDE,MORENO VALLEY,-117.26113128662108,33.91016387939453
8497799,2017,2017-12-18,3313,2017-11-11,1838,1819,3,6,5,7,3313,0,0,0,NA,0,3R30,DAY ST,CAMPUS PKWY,0,NA,Y,A,-,N,NA,NA,NA,NA,NA,NA,NA,NA,NA,Y,4,0,1,2,A,-,12,21453,A,N,D,C,A,A,H,-,C,A,0,NA,NA,NA,NA,Y,NA,A,01,0,0,1,0,0,0,0,0,0,-,-,33.9376,-117.27888,RIVERSIDE,RIVERSIDE,-117.27895013,33.93759012
84978421,2025,2025-12-19,3300,2025-12-07,1808,6636,NA,7,5,5,3335,0,0,0,NA,0,069,TEMECULA PKY,JEDEDIAH SMITH RD,31,E,N,A,-,N,NA,NA,NA,NA,NA,NA,NA,NA,NA,N,3,0,3,2,A,-,03,22350,NA,N,C,C,A,A,H,-,C,A,0,NA,NA,NA,NA,Y,NA,A,01,0,3,0,0,0,0,0,0,0,-,-,33.47584915161133,-117.12303924560548,RIVERSIDE,TEMECULA,-117.12256622314452,33.47616958618164
84980089,2025,2025-12-22,3306,2025-12-11,17,708,NA,4,5,3,3306,0,0,0,NA,0,NA,PIERSON BLVD,WESTERN AVE,430,E,N,A,-,N,NA,NA,NA,NA,NA,NA,NA,NA,NA,Y,1,1,1,2,A,-,11,21954,A,N,G,B,E,A,H,-,D,D,0,Y,NA,NA,NA,Y,NA,N,60,0,0,1,1,0,0,0,0,0,-,-,33.96146011352539,-116.55380249023438,RIVERSIDE,DESERT HOT SPRINGS,-116.55242919921876,33.961429595947266
84980126,2025,2025-12-22,3308,2025-11-16,1747,10746,NA,7,5,5,3308,0,0,0,NA,0,SOUTH,DOMENIGONI PKWY,SANDERSON AVE,0,NA,Y,B,-,N,NA,NA,NA,NA,NA,NA,NA,NA,NA,Y,3,0,3,2,A,-,12,21453,A,N,D,C,A,B,H,-,C,A,0,NA,NA,NA,NA,Y,NA,A,01,0,1,2,0,0,0,0,0,0,-,-,33.71345138549805,-117.00595855712892,RIVERSIDE,HEMET,-117.00598907470705,33.71367645263672
84980997,2025,2025-12-22,3308,2025-11-02,1933,11089,NA,7,5,5,3308,0,0,0,NA,0,SOUTH,BUENA VISTA ST,KIMBALL AVE,0,NA,Y,A,-,N,NA,NA,NA,NA,NA,NA,NA,NA,NA,Y,4,0,1,2,A,-,01,23152,A,N,D,C,A,A,H,-,C,A,0,NA,NA,NA,NA,Y,Y,A,01,0,0,1,0,0,0,0,0,0,-,-,33.74359893798828,-116.9638671875,RIVERSIDE,HEMET,-116.96731567382813,33.74570846557617
84981195,2025,2025-12-22,3313,2025-12-09,1730,2090,NA,2,5,7,3313,0,0,0,NA,0,M27,CANYON CREST DR,LINDEN ST,13,N,-,A,-,N,NA,NA,NA,NA,NA,NA,NA,NA,NA,N,3,0,1,2,A,-,05,21650,NA,N,A,C,A,A,H,-,C,D,0,NA,NA,NA,NA,Y,NA,M,91,0,1,0,0,0,0,0,0,0,-,-,NA,NA,RIVERSIDE,RIVERSIDE,-117.33113861083984,33.979347229003906
84986641,2025,2025-12-26,3300,2025-12-11,1706,5162,NA,4,5,6,3345,0,0,0,NA,0,026,BELLEGRAVE AVE,BIRTCHER DR,0,NA,Y,A,-,N,NA,NA,NA,NA,NA,NA,NA,NA,NA,Y,4,0,1,2,A,-,09,21801,A,N,D,C,A,A,H,-,B,D,0,NA,NA,NA,NA,Y,NA,A,01,0,0,1,0,0,0,0,0,0,-,-,34.004188537597656,-117.50914001464844,RIVERSIDE,JURUPA VALLEY,-117.50927734375,34.004032135009766
84989134,2025,2025-12-29,3313,2025-12-15,1630,2324,NA,1,5,7,3313,0,0,0,NA,0,T72,INDIANA AVE,MADISON ST,1252,W,-,A,-,N,NA,NA,NA,NA,NA,NA,NA,NA,NA,N,3,0,2,2,A,-,09,21801,A,N,B,C,A,A,H,-,A,D,0,NA,NA,NA,NA,Y,NA,D,22,0,1,1,0,0,0,0,0,0,-,-,NA,NA,RIVERSIDE,RIVERSIDE,-117.40776824951172,33.933265686035156
84990790,2025,2025-12-30,3300,2025-12-18,1724,N8467,NA,4,5,6,3394,0,0,0,NA,0,MV16,HEACOCK ST,IRONWOOD AVE,206,S,N,A,-,N,NA,NA,NA,NA,NA,NA,NA,NA,NA,N,4,0,1,2,A,-,04,21703,NA,N,C,C,A,A,H,-,C,A,0,NA,NA,NA,NA,Y,NA,A,01,0,0,1,0,0,0,0,0,0,-,-,33.94662094116211,-117.24388122558594,RIVERSIDE,MORENO VALLEY,-117.24381256103516,33.94607162475586
84991047,2025,2025-12-30,3342,2025-11-24,1731,P1473,NA,1,5,4,3342,0,0,0,NA,0,005,WHITEWOOD RD,LOS ALAMOS RD,0,NA,Y,A,-,N,NA,NA,NA,NA,NA,NA,NA,NA,NA,Y,4,0,3,2,A,-,08,22100,A,N,D,C,A,A,H,-,C,A,0,NA,NA,NA,NA,Y,NA,A,07,0,0,3,0,0,0,0,0,0,-,-,33.5759391784668,-117.17655181884766,RIVERSIDE,MURRIETA,-117.17665863037108,33.57587814331055
8499259,2017,2017-12-14,3313,2017-11-09,0729,1881,5,4,5,7,3313,0,0,0,NA,0,T70,LA SIERRA AV,ARLINGTON AV,11,S,N,A,-,N,NA,NA,NA,NA,NA,NA,NA,NA,NA,Y,4,0,3,2,A,-,08,22107,NA,N,B,C,A,B,H,-,A,D,0,NA,NA,NA,NA,Y,NA,A,07,0,0,3,0,0,0,0,0,0,-,-,NA,NA,RIVERSIDE,RIVERSIDE,-117.50172968,33.94470096
84992745,2025,2025-12-31,3300,2025-11-23,1940,6574,NA,7,5,4,3344,0,0,0,NA,0,061,SUMNER AVE,LIMONITE AVE,83,N,N,A,-,N,NA,NA,NA,NA,NA,NA,NA,NA,NA,Y,3,0,1,2,A,-,08,22100,A,F,B,C,A,A,H,-,C,A,0,NA,NA,NA,NA,Y,NA,-,99,0,1,0,0,0,0,0,0,0,-,-,33.97549819946289,-117.57575988769533,RIVERSIDE,EASTVALE,-117.57578277587892,33.97556686401367
8499406,2017,2017-12-07,3313,2017-11-01,1740,1499,3,3,5,7,3313,0,0,0,NA,0,T42,INDIANA AV,CHAUMONT DR,130,W,N,A,-,N,NA,NA,NA,NA,NA,NA,NA,NA,NA,N,4,0,1,3,A,-,09,21804,A,N,D,C,A,A,H,-,B,D,0,NA,NA,NA,NA,Y,NA,A,01,0,0,1,0,0,0,0,0,0,-,-,33.92172,-117.4279,RIVERSIDE,RIVERSIDE,-117.428117,33.9217
8499410,2017,2017-12-07,3313,2017-11-09,1451,1523,5,4,5,7,3313,0,0,0,NA,0,M22,MAGNOLIA AV,LA SIERRA AV,313,W,N,A,-,N,NA,NA,NA,NA,NA,NA,NA,NA,NA,N,4,0,1,2,A,-,03,22350,NA,N,C,C,A,A,H,-,A,A,0,NA,NA,NA,NA,Y,NA,A,01,0,0,1,0,0,0,0,0,0,-,-,33.90334,-117.47612,RIVERSIDE,RIVERSIDE,-117.47721369,33.90305156
8499435,2017,2017-12-18,3313,2017-11-02,0900,1389,5,4,5,7,3313,0,0,0,NA,0,T53,MAGNOLIA AV,SKOFSTAD ST,214,W,N,A,-,N,NA,NA,NA,NA,NA,NA,NA,NA,NA,N,4,0,2,3,A,-,03,22350,NA,N,C,C,A,A,H,-,A,A,0,NA,NA,NA,NA,Y,NA,A,01,0,0,2,0,0,0,0,0,0,-,-,33.90427,-117.47445,RIVERSIDE,RIVERSIDE,-117.47522101,33.90417961
84995797,2025,2026-01-02,3342,2025-12-31,1343,P1098,NA,3,5,4,3342,0,0,0,NA,0,005,MURRIETA HOT SPRINGS RD,RT 215 SB OFFRAMP,0,NA,Y,C,-,N,NA,NA,NA,NA,NA,NA,NA,NA,NA,Y,4,0,3,2,A,-,12,21453,A,N,D,C,A,B,H,-,A,A,0,NA,NA,NA,NA,Y,NA,A,01,0,0,3,0,0,0,0,0,0,-,-,33.556190490722656,-117.18213653564452,RIVERSIDE,MURRIETA,-117.18096923828124,33.55621337890625
8499626,2017,2018-06-08,3300,2017-11-01,1331,N6265,002G1,3,5,6,3345,0,0,0,NA,0,022,ETIWANDA AV,IBERIA ST,400,N,N,A,-,N,NA,NA,NA,NA,NA,NA,NA,NA,NA,Y,4,0,1,2,A,-,08,22107,NA,N,B,C,A,A,H,-,A,D,0,NA,NA,NA,Y,Y,NA,A,01,0,0,1,0,0,0,0,0,0,-,-,34.02316,-117.52402,RIVERSIDE,JURUPA VALLEY,-117.52444695,34.02398603
8499870,2017,2017-11-30,3308,2017-09-07,1538,10470,527,4,5,5,3308,0,0,0,NA,0,SOUTH,ACACIA AV,SANTA FE ST,219,E,N,A,-,N,NA,NA,NA,NA,NA,NA,NA,NA,NA,N,4,0,1,2,A,-,11,21954,A,N,G,B,D,A,H,-,A,A,0,Y,NA,NA,NA,Y,NA,N,60,0,0,1,0,1,0,0,0,0,-,-,33.7439,-116.96287,RIVERSIDE,HEMET,-116.96224215,33.74393663
84999773,2025,2026-01-06,3300,2025-12-10,1710,N4187,NA,3,5,4,3312,0,0,0,NA,0,031,HARLEY KNOX BL,WESTERN WY,716,E,N,C,-,N,NA,NA,NA,NA,NA,NA,NA,NA,NA,N,4,0,1,2,A,-,07,21658,A,N,B,C,A,B,H,-,C,D,0,NA,NA,NA,Y,Y,NA,F,25,0,0,1,0,0,0,0,0,0,-,-,33.86283874511719,-117.25666809082033,RIVERSIDE,PERRIS,-117.25489044189452,33.861785888671875
85000024,2025,2026-01-06,3300,2025-12-24,715,6501,NA,3,5,4,3314,0,0,0,NA,0,074,SANTA FE AVE,7TH ST,0,NA,Y,C,-,N,NA,NA,NA,NA,NA,NA,NA,NA,NA,N,4,0,1,3,A,-,08,22107,NA,N,A,E,A,B,H,-,A,A,0,NA,NA,NA,Y,Y,NA,A,01,0,0,1,0,0,0,0,0,0,-,-,33.78020095825195,-116.9631576538086,RIVERSIDE,SAN JACINTO,-116.96321868896484,33.78023147583008
85001994,2025,2026-01-07,3342,2025-11-25,1700,P1395,NA,2,5,4,3342,0,0,0,NA,0,004,MURRIETA HOT SPRINGS RD,HANCOCK AVE,0,NA,Y,A,-,N,NA,NA,NA,NA,NA,NA,NA,NA,NA,N,4,0,1,2,A,-,03,22350,NA,F,C,C,A,A,H,-,B,A,0,NA,NA,NA,NA,Y,NA,-,99,0,0,1,0,0,0,0,0,0,-,-,33.55598831176758,-117.18409729003906,RIVERSIDE,MURRIETA,-117.18426513671876,33.55604934692383
85002044,2025,2026-01-07,3313,2025-11-29,1714,2018,NA,6,5,7,3313,0,0,0,NA,0,T47,ARLINGTON AVE,JONES AVE,0,NA,-,A,-,N,NA,NA,NA,NA,NA,NA,NA,NA,NA,N,4,0,1,2,A,-,09,21801,A,M,D,C,A,A,H,-,C,D,0,NA,NA,Y,NA,Y,NA,A,01,0,0,1,0,0,0,0,0,0,-,-,NA,NA,RIVERSIDE,RIVERSIDE,-117.4806900024414,33.946651458740234
85003491,2025,2026-01-08,3300,2025-10-31,2302,4468,NA,5,5,3,3343,0,0,0,NA,0,082,WICKERD RD,SUNSET AVE,85,E,N,A,-,N,NA,NA,NA,NA,NA,NA,NA,NA,NA,Y,2,0,1,1,A,-,08,22107,NA,N,E,J,A,A,H,-,D,D,0,NA,NA,NA,NA,Y,NA,D,22,1,0,0,0,0,0,0,0,0,-,-,33.648681640625,-117.22344207763672,RIVERSIDE,WILDOMAR,-117.22325134277344,33.64877700805664
85007815,2025,2026-01-12,3308,2025-06-22,2102,10800,NA,7,5,5,3308,0,0,0,NA,0,SOUTH,STATE ST,CHAMBERS ST,561,S,N,A,-,N,NA,NA,NA,NA,NA,NA,NA,NA,NA,Y,1,2,2,2,A,-,01,23152,A,N,D,C,A,A,H,-,C,D,0,NA,NA,NA,NA,Y,Y,A,01,1,1,0,0,0,0,0,0,0,-,-,33.72206115722656,-116.97160339355467,RIVERSIDE,HEMET,-116.97148895263672,33.72051239013672
85008258,2025,2026-01-12,3306,2025-09-09,2331,708,NA,2,5,3,3306,0,0,0,NA,0,NA,PALM DR,PARK LN,463,S,N,A,-,N,NA,NA,NA,NA,NA,NA,NA,NA,NA,Y,2,0,1,1,A,-,08,22107,NA,N,E,I,A,A,H,-,C,D,0,NA,NA,Y,NA,Y,NA,C,02,1,0,0,0,0,0,0,0,1,-,-,33.94319152832031,-116.50144958496094,RIVERSIDE,DESERT HOT SPRINGS,-116.5014419555664,33.941932678222656
8501531,2017,2017-12-18,3300,2017-10-10,1730,N4809,920H,2,5,4,3314,0,0,0,NA,0,074,COMMONWEALTH AV,HEWITT ST,47,W,N,A,-,N,NA,NA,NA,NA,NA,NA,NA,NA,NA,N,4,0,1,2,A,-,03,22350,NA,N,C,C,A,A,H,-,A,A,0,NA,NA,NA,NA,Y,NA,A,01,0,0,1,0,0,0,0,0,0,-,-,33.76925,-116.95087,RIVERSIDE,SAN JACINTO,-116.9510841,33.76927827
8501737,2017,2017-12-28,3313,2017-11-20,1543,1894,4,1,5,7,3313,0,0,0,NA,0,T72,VICTORIA AV,TWELFTH ST,0,NA,Y,A,-,N,NA,NA,NA,NA,NA,NA,NA,NA,NA,N,4,0,1,2,A,-,09,21802,A,N,D,C,A,A,H,-,A,A,0,NA,NA,NA,NA,Y,NA,A,01,0,0,1,0,0,0,0,0,0,-,-,33.97261,-117.36517,RIVERSIDE,RIVERSIDE,-117.3652601,33.97255001
8501775,2017,2017-12-18,3313,2017-11-27,0821,1893,3,1,5,7,3313,0,0,0,NA,0,T49,CANYON CREST DR,RANSOM RD,750,S,N,B,C,N,NA,NA,NA,NA,NA,NA,NA,NA,NA,N,4,0,1,3,A,-,03,22350,NA,N,C,C,A,D,H,-,A,D,0,NA,NA,NA,NA,Y,NA,A,01,0,0,1,0,0,0,0,0,0,-,-,33.94054,-117.33207,RIVERSIDE,RIVERSIDE,-117.33364918,33.93864934
85019339,2025,2026-01-20,3300,2025-01-16,1549,4867,NA,4,5,6,3394,0,0,0,NA,0,MV36,BRODIAEA AVE,LASSELLE ST,0,NA,Y,A,-,N,NA,NA,NA,NA,NA,NA,NA,NA,NA,N,4,0,1,2,A,-,09,21802,A,N,D,C,A,A,H,-,A,A,0,NA,NA,NA,NA,Y,NA,A,01,0,0,1,0,0,0,0,0,0,-,-,33.91376876831055,-117.2089385986328,RIVERSIDE,MORENO VALLEY,-117.20896911621094,33.913673400878906
8502153,2017,2017-12-18,3300,2017-11-27,1422,3481,920C,1,5,4,3314,0,0,0,NA,0,070,STATE ST,7TH ST,94,N,N,A,-,N,NA,NA,NA,NA,NA,NA,NA,NA,NA,Y,4,0,2,3,A,-,21,22106,NA,N,C,C,A,A,H,-,A,D,0,NA,NA,NA,NA,Y,NA,A,07,0,0,2,0,0,0,0,0,0,-,-,33.78021,-116.97188,RIVERSIDE,SAN JACINTO,-116.9719,33.78044742
8502699,2017,2017-12-21,3313,2017-12-06,1600,1849,1,3,5,7,3313,0,0,0,NA,0,T45,10TH ST,LEMON ST,100,W,N,A,-,N,NA,NA,NA,NA,NA,NA,NA,NA,NA,N,4,0,1,2,A,-,21,22106,NA,M,G,B,E,A,H,-,A,A,0,Y,NA,NA,NA,Y,NA,D,22,0,0,1,0,1,0,0,0,0,-,-,33.97887,-117.37362,RIVERSIDE,RIVERSIDE,-117.37377604,33.97901522
8502754,2017,2017-12-19,3309,2017-10-02,1328,395,3309,1,5,4,3309,0,0,0,NA,0,002,MONROE ST,AVE 42,1256,S,N,A,-,N,NA,NA,NA,NA,NA,NA,NA,NA,NA,Y,2,0,1,2,A,-,09,21801,A,N,A,C,A,A,H,-,A,A,0,NA,NA,Y,NA,Y,NA,D,22,1,0,0,0,0,0,0,0,0,-,-,NA,NA,RIVERSIDE,INDIO,-116.23394079,33.74055707
85027556,2025,2026-01-26,3313,2025-12-21,950,2295,NA,7,5,7,3313,0,0,0,NA,0,2R53,MAGNOLIA AVE,TYLER ST,0,NA,-,A,-,N,NA,NA,NA,NA,NA,NA,NA,NA,NA,N,4,0,1,2,A,-,10,21950,A,M,G,B,B,A,H,-,A,A,0,Y,NA,NA,NA,Y,NA,A,01,0,0,1,0,1,0,0,0,0,-,-,NA,NA,RIVERSIDE,RIVERSIDE,-117.46154022216795,33.91194534301758
85028146,2025,2026-01-26,3313,2025-12-25,1350,2324,NA,4,5,7,3313,0,0,0,NA,0,T72,ALESSANDRO BLVD,CHICAGO AVE,0,NA,-,A,-,N,NA,NA,NA,NA,NA,NA,NA,NA,NA,Y,3,0,1,2,A,-,09,21453,C,F,A,C,A,A,H,-,A,A,0,NA,NA,NA,NA,Y,NA,A,01,0,1,0,0,0,0,0,0,0,-,-,NA,NA,RIVERSIDE,RIVERSIDE,-117.35432434082033,33.94477844238281
85032408,2025,2026-01-28,3300,2025-11-24,1301,5889,NA,1,5,4,3307,0,0,0,NA,0,093,LAKESHORE DR,RIVERSIDE DR,0,NA,Y,A,-,Y,RIV,NA,74,NA,R,14.19,H,NA,R,Y,3,0,2,3,A,-,12,21453,A,N,D,C,A,A,H,-,A,A,0,NA,NA,NA,NA,Y,NA,A,01,0,2,0,0,0,0,0,0,0,-,-,33.68450164794922,-117.36656951904295,RIVERSIDE,LAKE ELSINORE,-117.36658477783205,33.68450927734375