CASE_ID,ACCIDENT_YEAR,PROC_DATE,JURIS,COLLISION_DATE,COLLISION_TIME,OFFICER_ID,REPORTING_DISTRICT,DAY_OF_WEEK,CHP_SHIFT,POPULATION,CNTY_CITY_LOC,SPECIAL_COND,BEAT_TYPE,CHP_BEAT_TYPE,CITY_DIVISION_LAPD,CHP_BEAT_CLASS,BEAT_NUMBER,PRIMARY_RD,SECONDARY_RD,DISTANCE,DIRECTION,INTERSECTION,WEATHER_1,WEATHER_2,STATE_HWY_IND,CALTRANS_COUNTY,CALTRANS_DISTRICT,STATE_ROUTE,ROUTE_SUFFIX,POSTMILE_PREFIX,POSTMILE,LOCATION_TYPE,RAMP_INTERSECTION,SIDE_OF_HWY,TOW_AWAY,COLLISION_SEVERITY,NUMBER_KILLED,NUMBER_INJURED,PARTY_COUNT,PRIMARY_COLL_FACTOR,PCF_CODE_OF_VIOL,PCF_VIOL_CATEGORY,PCF_VIOLATION,PCF_VIOL_SUBSECTION,HIT_AND_RUN,TYPE_OF_COLLISION,MVIW,PED_ACTION,ROAD_SURFACE,ROAD_COND_1,ROAD_COND_2,LIGHTING,CONTROL_DEVICE,CHP_ROAD_TYPE,PEDESTRIAN_ACCIDENT,BICYCLE_ACCIDENT,MOTORCYCLE_ACCIDENT,TRUCK_ACCIDENT,NOT_PRIVATE_PROPERTY,ALCOHOL_INVOLVED,STWD_VEHTYPE_AT_FAULT,CHP_VEHTYPE_AT_FAULT,COUNT_SEVERE_INJ,COUNT_VISIBLE_INJ,COUNT_COMPLAINT_PAIN,COUNT_PED_KILLED,COUNT_PED_INJURED,COUNT_BICYCLIST_KILLED,COUNT_BICYCLIST_INJURED,COUNT_MC_KILLED,COUNT_MC_INJURED,PRIMARY_RAMP,SECONDARY_RAMP,LATITUDE,LONGITUDE,COUNTY,CITY,POINT_X,POINT_Y
8537878,2017,2018-01-19,3300,2017-12-07,1751,3775,602C2,4,5,6,3394,0,0,0,NA,0,MV24,HEACOCK ST,POSTAL AV,165,N,N,A,-,N,NA,NA,NA,NA,NA,NA,NA,NA,NA,N,4,0,1,2,A,-,03,22350,NA,N,C,C,A,A,H,-,C,A,0,NA,NA,NA,NA,Y,NA,A,01,0,0,1,0,0,0,0,0,0,-,-,33.94003,-117.24377,RIVERSIDE,MORENO VALLEY,-117.24379,33.940462
8538388,2018,2018-01-31,3300,2018-01-14,1036,3491,910G,7,5,5,3335,0,0,0,NA,0,TRE93,MARGARITA RD,STONEWOOD RD,311,S,N,A,-,N,NA,NA,NA,NA,NA,NA,NA,NA,NA,N,4,0,1,2,A,-,03,22350,NA,N,C,C,A,A,H,-,A,A,0,NA,NA,NA,NA,Y,NA,A,01,0,0,1,0,0,0,0,0,0,-,-,NA,NA,RIVERSIDE,TEMECULA,-117.14493560791016,33.51198196411133
8538514,2017,2018-01-29,3302,2017-12-23,0154,521,NA,6,5,3,3302,0,0,0,NA,0,NA,BAY HILL DR,RIVER BEND DR,1000,N,N,A,-,N,NA,NA,NA,NA,NA,NA,NA,NA,NA,N,3,0,1,3,A,-,01,23152,B,M,A,E,A,A,H,-,D,D,0,NA,NA,NA,NA,Y,NA,A,01,0,1,0,0,0,0,0,0,0,-,-,NA,NA,RIVERSIDE,BEAUMONT,-117.01907096,33.95166447
8538991,2018,2018-02-01,3308,2018-01-08,0944,10530,545,1,5,5,3308,0,0,0,NA,0,SOUTH,STETSON AV,SEVEN HILLS DR,0,NA,Y,B,-,N,NA,NA,NA,NA,NA,NA,NA,NA,NA,Y,3,0,3,3,A,-,03,22350,NA,N,C,C,A,A,H,-,A,A,0,NA,NA,NA,NA,Y,NA,D,22,0,1,2,0,0,0,0,0,0,-,-,33.72930145263672,-116.99765014648438,RIVERSIDE,HEMET,-116.9976806640625,33.72935104370117
8539176,2018,2018-01-30,3313,2018-01-13,1445,1722,5,6,5,7,3313,0,0,0,NA,0,2R57,NORWOOD AV,SIERRA VISTA AV,0,NA,Y,A,-,N,NA,NA,NA,NA,NA,NA,NA,NA,NA,N,4,0,1,2,A,-,10,21950,A,N,G,B,B,A,H,-,A,A,0,Y,NA,NA,NA,Y,NA,A,01,0,0,1,0,1,0,0,0,0,-,-,33.91878890991211,-117.50200653076172,RIVERSIDE,RIVERSIDE,-117.50202178955078,33.91878128051758
8539178,2017,2018-01-30,3308,2017-12-30,1721,10641,573,6,5,5,3308,0,0,0,NA,0,SOUTH,DOMENIGONI PKWY,WARREN RD,0,NA,Y,A,-,N,NA,NA,NA,NA,NA,NA,NA,NA,NA,Y,3,0,3,2,A,-,09,21453,C,N,D,C,A,A,H,-,C,A,0,NA,NA,NA,NA,Y,NA,A,01,0,1,2,0,0,0,0,0,0,-,-,NA,NA,RIVERSIDE,HEMET,-117.03392009,33.70432003
8540840,2018,2018-02-09,3313,2018-01-11,1725,1499,1,4,5,7,3313,0,0,0,NA,0,T42,COLUMBIA AV,LA CADENA DR,128,E,N,A,-,N,NA,NA,NA,NA,NA,NA,NA,NA,NA,N,4,0,1,2,A,-,09,21801,A,N,D,C,A,A,H,-,C,D,0,NA,NA,NA,NA,Y,NA,D,22,0,0,1,0,0,0,0,0,0,-,-,NA,NA,RIVERSIDE,RIVERSIDE,-117.35186004638672,34.00130844116211
8541529,2017,2018-02-05,3300,2017-12-18,1418,3536,603A4,1,5,6,3394,0,0,0,NA,0,MV32,JOHNNY F KENNEDY DR,PERRIS BL,436,E,N,A,-,N,NA,NA,NA,NA,NA,NA,NA,NA,NA,N,4,0,1,2,A,-,11,21955,NA,N,G,B,D,A,H,-,A,D,0,Y,NA,NA,NA,Y,NA,N,60,0,0,1,0,1,0,0,0,0,-,-,33.93268,-117.22652,RIVERSIDE,MORENO VALLEY,-117.22486764,33.90276629
8541649,2018,2018-03-05,3313,2018-01-10,1721,1690,3R16,3,5,7,3313,0,0,0,NA,0,001,ARLINGTON AV,E RIVERSIDE AV,8,E,N,A,-,N,NA,NA,91,NA,NA,NA,NA,NA,NA,Y,4,0,2,2,A,-,12,21453,A,N,C,C,A,A,H,-,C,A,0,NA,NA,NA,NA,Y,NA,A,01,0,0,2,0,0,0,0,0,0,-,-,33.94636154174805,-117.38790893554688,RIVERSIDE,RIVERSIDE,-117.3881378173828,33.94667053222656
8541775,2017,2018-02-06,3300,2017-10-29,0748,N3202,012G,7,5,4,3344,0,0,0,NA,0,064,ARCHIBALD AV,SCHLEISMAN RD,0,NA,Y,E,-,N,NA,NA,NA,NA,NA,NA,NA,NA,NA,Y,3,0,6,3,A,-,12,21453,A,N,D,C,A,A,H,-,A,A,0,NA,NA,NA,NA,Y,NA,A,01,0,1,5,0,0,0,0,0,0,-,-,33.96081,-117.59322,RIVERSIDE,EASTVALE,-117.59323001,33.96089003
8541800,2018,2018-03-28,3315,2018-01-21,0907,003404,7A,7,5,6,3315,0,0,0,NA,0,0Z2,S SMITH AV,6TH ST,6,N,N,A,-,N,NA,NA,NA,NA,NA,NA,NA,NA,NA,NA,4,0,1,2,A,-,12,21453,A,N,D,C,A,A,H,-,A,A,0,NA,NA,NA,NA,Y,NA,-,-,0,0,1,0,0,0,0,0,0,-,-,NA,NA,RIVERSIDE,CORONA,-117.59440612792967,33.8784065246582
8541812,2018,2018-03-26,3315,2018-01-17,1542,002661,3H,3,5,6,3315,0,0,0,NA,0,NA,MAIN ST,OLIVE ST,11,S,N,A,-,N,NA,NA,NA,NA,NA,NA,NA,NA,NA,Y,4,0,2,2,A,-,12,21453,A,N,D,C,A,A,H,-,A,A,0,NA,NA,NA,NA,Y,NA,A,01,0,0,2,0,0,0,0,0,0,-,-,NA,NA,RIVERSIDE,CORONA,-117.56754302978516,33.86790084838867
8542588,2018,2018-02-02,3300,2018-01-05,2215,N4575,501D,5,5,5,3341,0,0,0,NA,0,051,RT 74,TRUMBLE RD,118,W,N,A,-,Y,NA,NA,NA,NA,NA,NA,NA,NA,NA,Y,3,0,1,3,A,-,07,21658,A,M,B,C,A,A,G,-,C,A,0,NA,NA,NA,NA,Y,Y,-,99,0,1,0,0,0,0,0,0,0,-,-,NA,NA,RIVERSIDE,MENIFEE,-117.18577575683594,33.75217819213867
8547065,2018,2018-02-12,3313,2018-01-17,0816,1887,3,3,5,7,3313,0,0,0,NA,0,T70,ALESSANDRO BL,BARTON ST,900,E,N,A,-,N,NA,NA,NA,NA,NA,NA,NA,NA,NA,Y,4,0,1,3,A,-,03,22350,NA,N,C,C,A,A,H,-,A,A,0,NA,NA,NA,NA,Y,NA,D,22,0,0,1,0,0,0,0,0,0,-,-,33.91653823852539,-117.31375122070313,RIVERSIDE,RIVERSIDE,-117.31082153320313,33.916629791259766
8547202,2018,2018-08-09,3311,2018-01-24,1021,15842,3311,3,5,4,3311,0,0,0,NA,0,004,GENE AUTRY TR,RT 111,16,N,N,A,-,Y,RIV,8,111,-,T,51.588,I,6,N,N,4,0,1,2,A,-,10,21950,A,F,G,B,B,A,H,-,A,A,0,Y,NA,NA,NA,Y,NA,A,01,0,0,1,0,1,0,0,0,0,-,-,33.8449592590332,-116.5058135986328,RIVERSIDE,PALM SPRINGS,-116.50582122802734,33.844932556152344
8547459,2018,2018-02-06,3300,2018-01-29,0735,4254,905G,1,5,4,3307,0,0,0,NA,0,092,MAIN ST,SULPHUR ST,0,N,N,A,-,N,NA,NA,NA,NA,NA,NA,NA,NA,NA,N,4,0,2,3,A,-,10,21950,NA,N,G,B,C,A,H,-,A,D,0,Y,NA,NA,NA,Y,NA,A,01,0,0,2,0,2,0,0,0,0,-,-,NA,NA,RIVERSIDE,LAKE ELSINORE,-117.32804870605467,33.66712951660156
8548057,2017,2018-02-10,3300,2017-10-29,1542,5025,001,7,5,6,3345,0,0,0,NA,0,010,RUBIDOUX BL,MISSION BL,132,N,N,A,-,N,NA,NA,NA,NA,NA,NA,NA,NA,NA,N,4,0,1,2,A,-,09,21804,A,N,D,C,A,A,H,-,A,A,0,NA,NA,NA,NA,Y,NA,A,01,0,0,1,0,0,0,0,0,0,-,-,33.99722,-117.4073,RIVERSIDE,JURUPA VALLEY,-117.4070475,33.99731891
8548349,2017,2018-02-21,3300,2017-12-27,0621,4516,81A1,3,5,3,3305,0,0,0,NA,0,1Y81,AVENUE 50,CALHOUN ST,259,W,N,A,-,N,NA,NA,NA,NA,NA,NA,NA,NA,NA,Y,4,0,1,3,A,-,08,22107,NA,N,D,C,A,A,H,-,B,D,0,NA,NA,NA,NA,Y,NA,A,01,0,0,1,0,0,0,0,0,0,-,-,NA,NA,RIVERSIDE,COACHELLA,-116.20863752,33.68546591
8554529,2016,2018-03-02,3342,2016-01-03,1230,131,251,7,5,4,3342,0,0,0,NA,0,00C,MENIFEE RD,LOS ALAMOS RD,65,N,N,A,-,N,NA,NA,NA,NA,NA,NA,NA,NA,NA,N,3,0,1,2,A,-,08,22107,NA,N,D,G,A,A,H,-,A,A,0,NA,Y,NA,NA,Y,NA,D,22,0,1,0,0,0,0,1,0,0,-,-,NA,NA,RIVERSIDE,MURRIETA,-117.15403567,33.59644935
8554535,2016,2018-03-03,3342,2016-03-27,0035,871,255,7,5,4,3342,0,0,0,NA,0,00B,MONROE AV,COLMAR LN,26,E,N,A,-,N,NA,NA,NA,NA,NA,NA,NA,NA,NA,Y,4,0,1,1,A,-,01,23152,A,N,E,I,A,A,H,-,C,A,0,NA,NA,NA,NA,Y,Y,D,22,0,0,1,0,0,0,0,0,0,-,-,33.5747,-117.21189,RIVERSIDE,MURRIETA,-117.21200195,33.5748096
8554542,2016,2018-03-03,3342,2016-03-10,1221,481,415,4,5,4,3342,0,0,0,NA,0,00A,JEFFERSON AV,LOS ALAMOS RD,237,N,N,A,-,N,NA,NA,NA,NA,NA,NA,NA,NA,NA,Y,3,0,1,1,A,-,08,22107,NA,N,E,I,A,A,H,-,A,D,0,NA,NA,NA,NA,Y,NA,A,01,0,1,0,0,0,0,0,0,0,-,-,33.556,-117.2047,RIVERSIDE,MURRIETA,-117.20529926,33.55643217
8554557,2016,2018-03-02,3342,2016-03-03,1900,936,E560,4,5,4,3342,0,0,0,NA,0,00E,MARGARITA RD,MURRIETA HOT SPRINGS RD,520,S,N,A,-,N,NA,NA,NA,NA,NA,NA,NA,NA,NA,N,3,0,1,2,A,-,11,21956,NA,N,G,B,D,A,H,-,B,A,0,Y,NA,NA,NA,Y,NA,N,60,0,1,0,0,1,0,0,0,0,-,-,33.55651,-117.15706,RIVERSIDE,MURRIETA,-117.15751692,33.55514161
8554597,2016,2018-03-06,3342,2016-04-02,1340,788,381,6,5,4,3342,0,0,0,NA,0,00C,WHITEWOOD RD,DOVE HOLLOW LN,77,S,N,A,-,N,NA,NA,NA,NA,NA,NA,NA,NA,NA,Y,4,0,1,1,A,-,03,22350,NA,N,F,A,A,A,H,-,A,D,0,NA,NA,NA,NA,Y,NA,A,01,0,0,1,0,0,0,0,0,0,-,-,33.56118,-117.16399,RIVERSIDE,MURRIETA,-117.164142,33.560956
8554605,2016,2018-03-06,3342,2016-04-05,1520,782,370,2,5,4,3342,0,0,0,NA,0,00C,WHITEWOOD RD,AVENIDA ACACIAS,0,NA,Y,A,-,N,NA,NA,NA,NA,NA,NA,NA,NA,NA,Y,4,0,1,2,A,-,09,21801,A,N,D,C,A,A,H,-,A,A,0,NA,NA,Y,NA,Y,NA,A,01,0,0,1,0,0,0,0,0,1,-,-,NA,NA,RIVERSIDE,MURRIETA,-117.17552005,33.57512009
8556711,2018,2018-02-27,3301,2018-01-19,2357,U422,11,5,5,4,3301,0,0,0,NA,0,001,E WILLIAMS ST,MURRAY AV,0,NA,Y,A,-,N,NA,NA,NA,NA,NA,NA,NA,NA,NA,N,3,0,1,2,A,-,10,21950,A,N,G,B,B,A,H,-,C,A,0,Y,NA,NA,NA,Y,NA,A,07,0,1,0,0,1,0,0,0,0,-,-,33.927188873291016,-116.8756866455078,RIVERSIDE,BANNING,-116.87564849853516,33.92716979980469
8560197,2018,2018-02-27,3309,2018-01-13,1817,276,3309,6,5,4,3309,0,0,0,NA,0,002,MONROE ST,RT 10,2,N,N,A,-,N,NA,NA,NA,NA,NA,NA,NA,NA,NA,Y,4,0,3,2,A,-,09,21801,A,N,D,C,A,A,H,-,A,A,0,NA,NA,NA,NA,Y,NA,A,01,0,0,3,0,0,0,0,0,0,-,-,NA,NA,RIVERSIDE,INDIO,-116.23388671875,33.73960494995117
8561063,2018,2018-03-05,3300,2018-01-30,0355,N2646,602A1,2,5,6,3394,0,0,0,NA,0,022,EUCALYPTUS AV,LANCASTER LN,73,E,N,A,-,N,NA,NA,NA,NA,NA,NA,NA,NA,NA,N,3,0,1,3,A,-,08,22107,NA,N,C,E,A,A,H,-,C,A,0,NA,NA,NA,NA,Y,NA,A,01,0,1,0,0,0,0,0,0,0,-,-,33.93143081665039,-117.2847900390625,RIVERSIDE,MORENO VALLEY,-117.28459167480467,33.93136978149414
8561084,2018,2018-03-09,3300,2018-02-08,0743,3290,916B,4,5,4,3312,0,0,0,NA,0,032,PERRIS BL,NUEVO RD,0,NA,Y,A,-,N,NA,NA,NA,NA,NA,NA,NA,NA,NA,Y,4,0,3,3,A,-,07,21658,A,M,B,C,A,A,H,-,A,A,0,NA,NA,NA,NA,Y,NA,-,NA,0,0,3,0,0,0,0,0,0,-,-,33.80112838745117,-117.22614288330078,RIVERSIDE,PERRIS,-117.22612762451172,33.801090240478516
8561088,2018,2018-03-09,3300,2018-02-12,0557,4767,916D,1,5,4,3312,0,0,0,NA,0,035,REDLANDS AV,7TH ST,0,NA,Y,A,-,N,NA,NA,NA,NA,NA,NA,NA,NA,NA,Y,4,0,1,2,A,-,09,21801,A,N,D,C,A,A,H,-,C,D,0,NA,NA,NA,NA,Y,NA,A,01,0,0,1,0,0,0,0,0,0,-,-,33.77922821044922,-117.21736145019533,RIVERSIDE,PERRIS,-117.21737670898438,33.779319763183594
8561099,2018,2018-03-08,3300,2018-01-16,1913,N4902,800B,2,5,3,3343,0,0,0,NA,0,080,BUNDY CANYON RD,CHERRY ST,0,NA,Y,A,-,N,NA,NA,NA,NA,NA,NA,NA,NA,NA,Y,4,0,1,2,A,-,08,22107,NA,N,D,C,A,A,H,-,C,D,0,NA,NA,NA,NA,Y,NA,A,01,0,0,1,0,0,0,0,0,0,-,-,NA,NA,RIVERSIDE,WILDOMAR,-117.27098083496094,33.626861572265625
8561734,2017,2018-02-23,3300,2017-12-20,1346,3536,602D2,3,5,6,3394,0,0,0,NA,0,MV26,PERRIS BL,ATWOOD AV,70,N,N,A,-,N,NA,NA,NA,NA,NA,NA,NA,NA,NA,Y,3,0,1,1,A,-,01,23152,A,N,E,I,A,A,H,-,A,D,0,NA,NA,NA,NA,Y,Y,A,01,0,1,0,0,0,0,0,0,0,-,-,33.93,-117.2262,RIVERSIDE,MORENO VALLEY,-117.22628,33.93017176
8562136,2017,2018-02-27,3300,2017-05-20,2100,N5330,002P,6,5,6,3345,0,0,0,NA,0,024,JURUPA RD,FELSPAR ST,0,NA,Y,A,-,N,NA,NA,NA,NA,NA,NA,NA,NA,NA,N,4,0,1,2,A,-,08,22107,NA,N,C,C,A,A,H,-,C,A,0,NA,NA,NA,NA,Y,NA,A,01,0,0,1,0,0,0,0,0,0,-,-,NA,NA,RIVERSIDE,JURUPA VALLEY,-117.48412,33.99738001
8563056,2018,2018-03-08,3300,2018-02-15,1315,4071,601E1,4,5,6,3394,0,0,0,NA,0,MV16,PARKLAND AV,HEACOCK ST,0,NA,Y,A,-,N,NA,NA,NA,NA,NA,NA,NA,NA,NA,N,4,0,1,2,A,-,10,21950,A,N,G,B,B,A,H,-,A,A,0,Y,NA,NA,NA,Y,NA,A,01,0,0,1,0,1,0,0,0,0,-,-,33.95677185058594,-117.24394989013672,RIVERSIDE,MORENO VALLEY,-117.24392700195313,33.956878662109375
8563292,2018,2018-02-28,3315,2018-02-06,1503,11119,3C,2,5,6,3315,0,0,0,NA,0,NA,RIMPAU AV,MAGNOLIA AV,506,N,N,A,-,N,NA,NA,NA,NA,NA,NA,NA,NA,NA,Y,4,0,1,3,A,-,08,22107,NA,N,D,C,A,A,H,-,A,D,0,NA,NA,NA,NA,Y,NA,A,07,0,0,1,0,0,0,0,0,0,-,-,33.86445999145508,-117.54457855224608,RIVERSIDE,CORONA,-117.54573822021484,33.86560821533203
8564131,2018,2018-03-06,3313,2018-02-03,1448,1867,5,6,5,7,3313,0,0,0,NA,0,3R50,TYLER ST,COOK AV,0,NA,Y,A,-,N,NA,NA,NA,NA,NA,NA,NA,NA,NA,Y,4,0,1,2,A,-,09,21801,A,N,D,C,A,A,H,-,A,A,0,NA,NA,NA,NA,Y,NA,A,01,0,0,1,0,0,0,0,0,0,-,-,NA,NA,RIVERSIDE,RIVERSIDE,-117.47177124023438,33.924591064453125
8564135,2018,2018-03-06,3313,2018-02-02,0906,1021,2,5,5,7,3313,0,0,0,NA,0,M21,UNIVERSITY AV,PARK AV,0,NA,Y,A,-,N,NA,NA,NA,NA,NA,NA,NA,NA,NA,Y,4,0,2,2,A,-,12,21453,A,F,D,C,A,A,H,-,A,A,0,NA,NA,NA,NA,Y,NA,A,01,0,0,2,0,0,0,0,0,0,-,-,33.97732925415039,-117.36443328857422,RIVERSIDE,RIVERSIDE,-117.36456298828124,33.977291107177734
8566174,2018,2018-03-03,3300,2018-02-21,1634,4713,910J,3,5,5,3335,0,0,0,NA,0,068,RANCHO CALIFORNIA RD,OLD TOWN FRONT ST,190,E,N,A,-,N,NA,NA,NA,NA,NA,NA,NA,NA,NA,Y,3,0,1,2,A,-,07,21658,A,N,C,C,A,A,H,-,A,A,0,NA,NA,NA,NA,Y,NA,A,01,0,1,0,0,0,0,0,0,0,-,-,NA,NA,RIVERSIDE,TEMECULA,-117.1534423828125,33.49951934814453
8566178,2018,2018-03-03,3300,2018-02-21,1222,4713,910R,3,5,5,3335,0,0,0,NA,0,062,YNEZ RD,PROMENADE MALL N,109,N,N,A,-,N,NA,NA,NA,NA,NA,NA,NA,NA,NA,Y,4,0,1,3,A,-,03,22350,NA,N,C,C,A,A,H,-,A,A,0,NA,NA,NA,NA,Y,NA,A,07,0,0,1,0,0,0,0,0,0,-,-,NA,NA,RIVERSIDE,TEMECULA,-117.15859222412108,33.52328109741211
8566687,2018,2018-03-14,3300,2018-01-07,1835,3774,NA,7,5,6,3394,0,0,0,NA,0,NA,CACTUS AV,OLD 215 FRONTAGE RD,0,NA,Y,A,-,N,NA,NA,NA,NA,NA,NA,NA,NA,NA,N,4,0,2,2,A,-,09,21801,A,N,D,C,A,A,H,-,E,A,0,NA,NA,NA,NA,Y,NA,A,01,0,0,2,0,0,0,0,0,0,-,-,33.90943908691406,-117.27835083007813,RIVERSIDE,MORENO VALLEY,-117.27823638916016,33.909420013427734
8566921,2018,2018-03-13,3313,2018-02-15,1755,1222,5,4,5,7,3313,0,0,0,NA,0,M36,ARLINGTON AV,LA SIERRA AV,220,E,N,A,-,N,NA,NA,NA,NA,NA,NA,NA,NA,NA,N,3,0,1,2,A,-,17,24250,NA,N,B,C,A,A,H,-,C,A,0,NA,NA,NA,NA,Y,NA,A,01,0,1,0,0,0,0,0,0,0,-,-,33.94472885131836,-117.50176239013672,RIVERSIDE,RIVERSIDE,-117.5009994506836,33.94469451904297
8567282,2018,2018-03-09,3300,2018-02-15,0600,4449,002T2,4,5,6,3345,0,0,0,NA,0,024,LIMONITE AV,CLAY ST,0,NA,Y,A,-,N,NA,NA,NA,NA,NA,NA,NA,NA,NA,Y,4,0,1,2,A,-,12,21453,A,N,D,C,A,A,H,-,A,D,0,NA,NA,NA,NA,Y,NA,A,01,0,0,1,0,0,0,0,0,0,-,-,33.97726821899414,-117.46251678466795,RIVERSIDE,JURUPA VALLEY,-117.46253204345705,33.977359771728516
8567631,2018,2018-08-07,3300,2018-01-17,1215,3175,901D,3,5,4,3310,0,0,0,NA,0,051,2ND ST,RT 15,47,E,N,A,-,Y,RIV,8,15,-,-,43.875,R,4,S,N,4,0,1,2,A,-,03,22350,NA,N,C,C,A,A,H,-,A,A,0,NA,NA,NA,NA,Y,NA,A,01,0,0,1,0,0,0,0,0,0,-,SF,NA,NA,RIVERSIDE,NORCO,-117.55804443359376,33.913082122802734
8568177,2018,2018-03-13,3313,2018-02-27,1310,1809,2,2,5,7,3313,0,0,0,NA,0,T77,UNIVERSITY AV,OTTAWA AV,0,NA,Y,B,-,N,NA,NA,NA,NA,NA,NA,NA,NA,NA,Y,4,0,3,3,A,-,12,21453,A,N,D,C,A,A,H,-,A,A,0,NA,NA,NA,NA,Y,NA,A,07,0,0,3,0,0,0,0,0,0,-,-,33.97557067871094,-117.35270690917967,RIVERSIDE,RIVERSIDE,-117.35283660888672,33.97570037841797
8568343,2016,2018-03-13,3342,2016-10-01,1320,339,300,6,5,4,3342,0,0,0,NA,0,00C,SCOTT RD,ANTELOPE RD,66,W,N,A,-,N,NA,NA,NA,NA,NA,NA,NA,NA,NA,Y,4,0,1,2,A,-,03,22350,NA,N,C,C,A,A,H,-,A,A,0,NA,NA,NA,NA,Y,NA,A,01,0,0,1,0,0,0,0,0,0,-,-,33.64151,-117.16791,RIVERSIDE,MURRIETA,-117.16822614,33.64153069
8568355,2016,2018-03-13,3342,2016-09-09,0812,777,415,5,5,4,3342,0,0,0,NA,0,00D,MURRIETA HOT SPRINGS RD,MADISON AV,0,NA,Y,A,-,N,NA,NA,NA,NA,NA,NA,NA,NA,NA,Y,4,0,1,2,A,-,17,21451,A,N,D,C,A,A,H,-,A,A,0,NA,NA,NA,Y,Y,NA,A,01,0,0,1,0,0,0,0,0,0,-,-,33.55298,-117.1957,RIVERSIDE,MURRIETA,-117.19575009,33.55300005
8568379,2016,2018-03-13,3342,2016-08-20,1255,571,495,6,5,4,3342,0,0,0,NA,0,00D,JEFFERSON AV,CORNING PL,72,S,N,A,-,N,NA,NA,NA,NA,NA,NA,NA,NA,NA,Y,3,0,1,4,A,-,03,22350,NA,N,C,C,A,A,H,-,A,A,0,NA,NA,NA,NA,Y,NA,A,08,0,1,0,0,0,0,0,0,0,-,-,33.53359,-117.17838,RIVERSIDE,MURRIETA,-117.17824519,33.53334299
8570895,2016,2018-03-08,3342,2016-05-09,1908,603,231,1,5,4,3342,0,0,0,NA,0,00B,FALCONER DR,CUPENO RD,272,W,N,A,-,N,NA,NA,NA,NA,NA,NA,NA,NA,NA,N,2,0,1,2,A,-,11,21954,A,N,G,B,D,A,H,-,A,D,0,Y,NA,NA,NA,Y,NA,N,60,1,0,0,0,1,0,0,0,0,-,-,33.59003,-117.20232,RIVERSIDE,MURRIETA,-117.20326222,33.59037891
8570896,2016,2018-03-08,3342,2016-05-29,1455,658,446,7,5,4,3342,0,0,0,NA,0,00C,MURRIETA HOT SPRINGS RD,HANCOCK AV,0,NA,Y,A,-,N,NA,NA,NA,NA,NA,NA,NA,NA,NA,Y,4,0,2,2,A,-,09,21453,C,N,D,C,A,A,H,-,A,A,0,NA,NA,NA,NA,Y,NA,A,08,0,0,2,0,0,0,0,0,0,-,-,33.55599,-117.1841,RIVERSIDE,MURRIETA,-117.18426,33.5560501
8570963,2016,2018-03-09,3342,2016-10-06,0743,777,295,4,5,4,3342,0,0,0,NA,0,00B,MONROE AV,LOS ALAMOS RD,350,N,N,A,-,N,NA,NA,NA,NA,NA,NA,NA,NA,NA,N,4,0,1,2,A,-,03,22350,NA,N,C,C,A,A,H,-,A,A,0,NA,NA,NA,NA,Y,NA,A,01,0,0,1,0,0,0,0,0,0,-,-,33.56253,-117.19528,RIVERSIDE,MURRIETA,-117.19909455,33.56153623
8570989,2016,2018-03-09,3342,2016-08-16,1217,481,246,2,5,4,3342,0,0,0,NA,0,00B,JACKSON AV,MONROE AV,0,NA,Y,A,-,N,NA,NA,NA,NA,NA,NA,NA,NA,NA,Y,3,0,2,2,A,-,12,21453,A,N,D,C,A,A,H,-,A,A,0,NA,NA,NA,NA,Y,NA,A,01,0,1,1,0,0,0,0,0,0,-,-,33.5779,-117.21107,RIVERSIDE,MURRIETA,-117.21107012,33.57793011
8570994,2016,2018-03-09,3342,2016-10-30,1407,480,545,7,5,4,3342,0,0,0,NA,0,00E,ROBERT TRENT JONES PKWY,MEMBERS CLUB DR,100,E,N,C,-,N,NA,NA,NA,NA,NA,NA,NA,NA,NA,Y,4,0,1,2,A,-,03,22350,NA,N,C,E,A,B,H,-,A,D,0,NA,NA,NA,NA,Y,NA,A,07,0,0,1,0,0,0,0,0,0,-,-,33.56235,-117.14585,RIVERSIDE,MURRIETA,-117.14553818,33.56219454
8571022,2016,2018-03-09,3342,2016-08-08,1716,934,565,1,5,4,3342,0,0,0,NA,0,00E,MURRIETA HOT SPRINGS RD,CALLE DEL LAGO,12,N,N,A,-,N,NA,NA,NA,NA,NA,NA,NA,NA,NA,N,3,0,2,3,A,-,09,21802,A,N,B,C,A,A,H,-,A,D,0,NA,NA,NA,NA,Y,NA,A,01,0,1,1,0,0,0,0,0,0,-,-,33.55501,-117.14797,RIVERSIDE,MURRIETA,-117.14793722,33.55516047
8571025,2016,2018-03-09,3342,2016-10-29,1900,936,423,6,5,4,3342,0,0,0,NA,0,00B,HANCOCK AV,LOS ALAMOS RD,10,N,N,A,-,N,NA,NA,NA,NA,NA,NA,NA,NA,NA,N,4,0,1,2,A,-,10,21950,A,F,G,B,B,A,H,-,C,A,0,Y,NA,NA,NA,Y,NA,-,99,0,0,1,0,1,0,0,0,0,-,-,33.57059,-117.18416,RIVERSIDE,MURRIETA,-117.18425809,33.57058405
8571393,2018,2018-03-14,3315,2018-02-21,1507,003788,13A,3,5,6,3315,0,0,0,NA,0,003,ONTARIO AV,VESPER CIR,0,NA,Y,A,-,N,NA,NA,NA,NA,NA,NA,NA,NA,NA,Y,3,0,4,2,A,-,09,21802,A,N,D,C,A,A,H,-,A,A,0,NA,NA,NA,NA,Y,NA,A,08,0,1,3,0,0,0,0,0,0,-,-,NA,NA,RIVERSIDE,CORONA,-117.56600952148438,33.855709075927734
8571964,2017,2018-03-15,3313,2017-06-04,0345,1715,1,7,5,7,3313,0,0,0,NA,0,1R15,MARKET ST,RT 60,126,N,N,A,-,N,NA,NA,NA,NA,NA,NA,NA,NA,NA,Y,4,0,1,1,A,-,08,22107,NA,N,E,I,A,A,H,-,C,A,0,NA,NA,NA,NA,Y,Y,A,01,0,0,1,0,0,0,0,0,0,-,EO,33.99959,-117.37377,RIVERSIDE,RIVERSIDE,-117.37526933,34.00106185