CASE_ID,ACCIDENT_YEAR,PROC_DATE,JURIS,COLLISION_DATE,COLLISION_TIME,OFFICER_ID,REPORTING_DISTRICT,DAY_OF_WEEK,CHP_SHIFT,POPULATION,CNTY_CITY_LOC,SPECIAL_COND,BEAT_TYPE,CHP_BEAT_TYPE,CITY_DIVISION_LAPD,CHP_BEAT_CLASS,BEAT_NUMBER,PRIMARY_RD,SECONDARY_RD,DISTANCE,DIRECTION,INTERSECTION,WEATHER_1,WEATHER_2,STATE_HWY_IND,CALTRANS_COUNTY,CALTRANS_DISTRICT,STATE_ROUTE,ROUTE_SUFFIX,POSTMILE_PREFIX,POSTMILE,LOCATION_TYPE,RAMP_INTERSECTION,SIDE_OF_HWY,TOW_AWAY,COLLISION_SEVERITY,NUMBER_KILLED,NUMBER_INJURED,PARTY_COUNT,PRIMARY_COLL_FACTOR,PCF_CODE_OF_VIOL,PCF_VIOL_CATEGORY,PCF_VIOLATION,PCF_VIOL_SUBSECTION,HIT_AND_RUN,TYPE_OF_COLLISION,MVIW,PED_ACTION,ROAD_SURFACE,ROAD_COND_1,ROAD_COND_2,LIGHTING,CONTROL_DEVICE,CHP_ROAD_TYPE,PEDESTRIAN_ACCIDENT,BICYCLE_ACCIDENT,MOTORCYCLE_ACCIDENT,TRUCK_ACCIDENT,NOT_PRIVATE_PROPERTY,ALCOHOL_INVOLVED,STWD_VEHTYPE_AT_FAULT,CHP_VEHTYPE_AT_FAULT,COUNT_SEVERE_INJ,COUNT_VISIBLE_INJ,COUNT_COMPLAINT_PAIN,COUNT_PED_KILLED,COUNT_PED_INJURED,COUNT_BICYCLIST_KILLED,COUNT_BICYCLIST_INJURED,COUNT_MC_KILLED,COUNT_MC_INJURED,PRIMARY_RAMP,SECONDARY_RAMP,LATITUDE,LONGITUDE,COUNTY,CITY,POINT_X,POINT_Y
90173006,2016,2016-05-04,9685,2016-04-24,1120,012190,NA,7,1,9,3300,0,1,3,NA,2,011,SR-74 (ORTEGA HWY),EL CARISO RD,70,E,N,A,-,Y,NA,NA,NA,NA,NA,NA,NA,NA,NA,N,4,0,1,2,A,-,03,22350,NA,N,C,C,A,A,H,-,A,D,0,NA,NA,Y,NA,Y,NA,C,02,0,0,1,0,0,0,0,0,1,-,-,33.38465,-117.25463,RIVERSIDE,UNINCORPORATED,NA,NA
90173136,2016,2016-05-04,9630,2016-04-22,1733,019228,NA,5,2,9,3300,0,1,1,NA,2,302,I-10 W/B,EAGLE MOUNTAIN RD,11616,W,N,B,-,Y,NA,NA,10,NA,NA,NA,NA,NA,W,Y,2,0,4,2,A,-,08,22107,NA,N,C,C,A,A,H,-,A,D,0,NA,NA,NA,NA,Y,NA,D,22,2,2,0,0,0,0,0,0,0,-,-,33.6943,-115.4901,RIVERSIDE,UNINCORPORATED,-115.49011956,33.69438595
90173413,2016,2016-05-05,9840,2016-04-09,1127,017903,NA,6,1,9,3300,0,2,4,NA,2,045,CAJALCO RD,LAKE MATHEWS DR,5280,W,N,B,-,N,NA,NA,NA,NA,NA,NA,NA,NA,NA,Y,3,0,1,2,A,-,05,21460,A,N,A,C,A,A,H,-,A,D,0,NA,NA,NA,NA,Y,NA,D,22,0,1,0,0,0,0,0,0,0,-,-,33.81741,-117.42791,RIVERSIDE,UNINCORPORATED,-117.42837878,33.81759446
9017564,2020,2020-05-19,3315,2020-02-03,0609,11119,7C,1,5,6,3315,0,0,0,NA,0,001,6TH ST,SHERMAN AV,0,NA,Y,B,-,N,NA,NA,NA,NA,NA,NA,NA,NA,NA,Y,4,0,2,2,A,-,12,21453,A,N,D,C,A,A,H,-,C,A,0,NA,NA,NA,NA,Y,NA,-,-,0,0,2,0,0,0,0,0,0,-,-,NA,NA,RIVERSIDE,CORONA,-117.58879852294922,33.87778854370117
90176587,2016,2016-05-10,9840,2016-05-09,0159,020102,NA,1,3,6,3394,0,1,3,NA,2,025,SR-60 E/B,THEODORE STREET,1000,W,N,A,-,Y,NA,NA,NA,NA,NA,NA,NA,NA,NA,Y,3,0,1,2,A,-,01,23152,A,N,C,C,A,A,H,-,D,D,0,NA,NA,NA,NA,Y,Y,A,01,0,1,0,0,0,0,0,0,0,-,-,33.99927,-117.14568,RIVERSIDE,MORENO VALLEY,-117.14261631,33.939189999999996
90180079,2016,2016-05-16,9685,2016-05-06,1558,015654,NA,5,2,9,3300,0,1,3,NA,1,031,WINCHESTER ROAD (SR-79),ABELIA STREET,57,N,N,B,-,Y,NA,NA,NA,NA,NA,NA,NA,NA,NA,N,4,0,2,3,A,-,03,22350,NA,N,C,C,A,A,H,-,A,A,0,NA,NA,NA,NA,Y,NA,A,01,0,0,2,0,0,0,0,0,0,-,-,33.37144,-117.55693,RIVERSIDE,UNINCORPORATED,NA,NA
90182898,2016,2016-05-19,9840,2016-05-05,1745,017162,NA,4,2,9,3300,0,3,5,NA,2,002,CENTER ST,HIGHGROVE ST,20,E,N,A,-,N,NA,NA,NA,NA,NA,NA,NA,NA,NA,N,4,0,1,2,A,-,03,22350,NA,N,C,C,A,A,H,-,A,A,0,NA,NA,NA,NA,Y,NA,D,22,0,0,1,0,0,0,0,0,0,-,-,NA,NA,RIVERSIDE,UNINCORPORATED,-117.34082609,34.01562304
90184605,2016,2016-05-23,9840,2016-04-10,0850,019219,NA,7,1,7,3313,0,1,3,NA,2,021,SR-91 WESTBOUND,SPRUCE STREET,57,W,N,B,-,Y,NA,NA,NA,NA,NA,NA,NA,NA,NA,Y,3,0,1,1,A,-,08,22107,NA,N,E,I,A,A,H,-,A,D,0,NA,NA,NA,NA,Y,NA,A,01,0,1,0,0,0,0,0,0,0,-,-,33.90587,-117.35962,RIVERSIDE,RIVERSIDE,-117.35913954,33.99086307
90185471,2016,2016-05-23,9840,2016-05-18,1630,013950,NA,3,2,6,3315,0,1,1,NA,2,034,I-15 S/B,SR-91,700,N,N,A,-,Y,NA,NA,15,NA,NA,NA,NA,NA,S,Y,4,0,1,2,A,-,03,22350,NA,N,C,C,A,A,D,-,A,D,0,NA,NA,NA,NA,Y,NA,A,01,0,0,1,0,0,0,0,0,0,-,-,33.883539999999996,-117.54842,RIVERSIDE,CORONA,-117.54842855,33.8835342
90185919,2016,2016-05-24,9685,2016-05-14,1340,013148,NA,6,1,9,3300,0,1,3,NA,1,012,STATE ROUTE 74,ELLIS AVENUE,500,W,N,A,-,Y,NA,NA,74,NA,NA,NA,NA,NA,NA,N,4,0,2,3,A,-,03,22350,NA,N,C,C,A,A,H,-,A,A,0,NA,NA,NA,NA,Y,NA,A,01,0,0,2,0,0,0,0,0,0,-,-,33.77122,-117.25161,RIVERSIDE,UNINCORPORATED,-117.25168144,33.7713392
90186262,2016,2016-05-24,9840,2016-04-30,0713,019242,NA,6,1,7,3313,0,1,3,NA,2,021,SR-91 W/B,CENTRAL AVENUE,100,E,N,C,-,Y,NA,NA,91,NA,NA,NA,NA,NA,W,Y,4,0,1,1,A,-,08,22107,NA,N,E,I,A,B,H,-,A,D,0,NA,NA,NA,NA,Y,NA,A,01,0,0,1,0,0,0,0,0,0,-,-,33.94797,-117.38789,RIVERSIDE,RIVERSIDE,-117.38742983,33.94747982
90189871,2016,2016-05-31,9685,2016-05-25,0856,014349,NA,3,1,9,3300,0,3,5,NA,2,003,GLEN OAKS ROAD,ANNABELLE LANE,40,E,N,A,-,N,NA,NA,NA,NA,NA,NA,NA,NA,NA,Y,4,0,1,2,A,-,03,22350,NA,N,C,C,A,A,H,-,A,D,0,NA,NA,NA,NA,Y,NA,A,01,0,0,1,0,0,0,0,0,0,-,-,33.55066,-117.02051,RIVERSIDE,UNINCORPORATED,-117.02056074,33.55057505
90190299,2016,2016-05-31,9655,2016-05-20,1130,021008,NA,5,1,9,3300,0,3,5,NA,2,003,BAUTISTA CANYON ROAD,FAIRVIEW AVENUE,320,E,N,A,-,N,NA,NA,NA,NA,NA,NA,NA,NA,NA,Y,3,0,3,1,A,-,08,22107,NA,N,F,A,A,A,H,-,A,A,0,NA,NA,NA,NA,Y,NA,A,07,0,2,1,0,0,0,0,0,0,-,-,33.71617,-116.8928,RIVERSIDE,UNINCORPORATED,-116.892659,33.716083
90190355,2016,2016-05-31,9655,2016-05-21,1445,021008,NA,6,2,9,3300,0,3,5,NA,2,003,VISTA DEL VALLE STREET,VERMONT STREET,1584,E,N,A,-,N,NA,NA,NA,NA,NA,NA,NA,NA,NA,Y,3,0,2,1,A,-,03,22350,NA,N,E,I,A,A,H,-,A,D,0,NA,NA,NA,NA,Y,NA,A,01,0,1,1,0,0,0,0,0,0,-,-,33.71603,-116.92492,RIVERSIDE,UNINCORPORATED,-116.92611334,33.71676907
90192422,2016,2016-06-01,9840,2016-05-23,1540,013500,NA,1,2,6,3345,0,1,1,NA,2,011,I-15 N/B,RIVERSIDE AVE.,200,S,N,A,-,Y,NA,NA,NA,NA,NA,NA,NA,NA,NA,N,4,0,1,2,A,-,03,22350,NA,N,C,C,A,A,H,-,A,D,0,NA,NA,NA,NA,Y,NA,A,01,0,0,1,0,0,0,0,0,0,-,-,34.01665,-117.54175,RIVERSIDE,JURUPA VALLEY,-117.55009,34.01825192
90192718,2016,2016-06-01,9630,2016-05-21,1429,021194,NA,6,2,9,3300,0,1,3,NA,2,015,SR-62 W/B,N. INDIAN CANYON DR.,6,E,N,A,-,Y,NA,NA,62,NA,NA,NA,NA,NA,W,Y,4,0,1,2,A,-,03,22350,NA,N,C,C,A,A,H,-,A,A,0,NA,NA,NA,NA,Y,NA,D,22,0,0,1,0,0,0,0,0,0,-,-,34.00477,-116.57636,RIVERSIDE,UNINCORPORATED,-116.57667009,34.00487401
90195995,2016,2016-06-07,9630,2016-05-27,2030,021128,NA,5,2,9,3300,0,1,1,NA,2,302,I-10 W/B,EAGLE MOUNTAIN RD,1056,E,N,A,-,Y,NA,NA,NA,NA,NA,NA,NA,NA,NA,Y,4,0,1,1,A,-,08,22107,NA,N,E,I,A,A,H,-,D,D,0,NA,NA,NA,NA,Y,NA,A,07,0,0,1,0,0,0,0,0,0,-,-,33.70337,-116.44721,RIVERSIDE,UNINCORPORATED,-115.44890225,33.70303829
90199727,2016,2016-06-13,9655,2016-06-05,0115,020963,NA,7,3,9,3300,0,3,5,NA,2,002,SAN TIMOTEO CANYON RD.,REDLANDS BLVD.,691,W,N,A,-,N,NA,NA,NA,NA,NA,NA,NA,NA,NA,Y,4,0,1,1,A,-,01,23152,A,N,E,I,A,A,H,-,D,D,0,NA,NA,NA,NA,Y,Y,A,01,0,0,1,0,0,0,0,0,0,-,-,33.99353,-117.15595,RIVERSIDE,UNINCORPORATED,-117.15581214,33.9934509
90200443,2016,2016-06-13,9685,2016-06-04,1400,015757,NA,6,2,4,3307,0,1,1,NA,2,010,I-15 S/B,RAILROAD CANYON RD,3432,N,N,A,-,Y,NA,NA,15,NA,NA,NA,NA,NA,S,Y,3,0,1,1,A,-,03,22350,NA,N,E,I,A,A,H,-,A,D,0,NA,NA,NA,NA,Y,NA,A,01,0,1,0,0,0,0,0,0,0,-,-,33.66854,-117.3069,RIVERSIDE,LAKE ELSINORE,-117.30691847,33.66851175
90200816,2016,2016-06-14,9840,2016-05-07,0305,015800,NA,6,3,9,3300,0,3,5,NA,2,004,HARVILL AVE,CAJALCO RD,22,S,N,A,-,N,NA,NA,NA,NA,NA,NA,NA,NA,NA,Y,2,0,2,2,A,-,01,23152,A,N,C,C,A,A,H,-,D,D,0,NA,NA,NA,NA,Y,Y,A,01,1,0,1,0,0,0,0,0,0,-,-,NA,NA,RIVERSIDE,UNINCORPORATED,-117.25156582,33.83753983
90200987,2016,2016-06-14,9630,2016-06-04,2124,020645,NA,6,2,9,3300,0,1,3,NA,2,111,SR-111,68TH AVE,0,NA,Y,A,-,Y,NA,NA,111,NA,NA,NA,NA,NA,NA,Y,2,0,7,2,A,-,09,21802,A,N,D,C,A,A,H,-,D,A,0,NA,NA,NA,NA,Y,NA,A,07,2,0,5,0,0,0,0,0,0,-,-,33.55486,-116.06342,RIVERSIDE,UNINCORPORATED,-116.06341919,33.55486183
90202284,2016,2016-06-29,9685,2016-06-09,1818,016347,NA,4,2,4,3342,0,1,1,NA,2,034,I-215 N/B,KELLER ROAD,2112,S,N,A,-,Y,NA,NA,215,NA,NA,NA,NA,NA,N,Y,4,0,1,2,A,-,03,22350,NA,N,C,C,A,A,H,-,A,D,0,NA,NA,NA,NA,Y,NA,A,01,0,0,1,0,0,0,0,0,0,-,-,33.63078,-117.17102,RIVERSIDE,MURRIETA,-117.17103304,33.63077997
90203852,2016,2016-06-17,9630,2016-06-10,0306,020645,NA,5,3,4,3325,0,1,1,NA,2,020,I-10 W/B,PALM DR,4224,E,N,A,-,Y,NA,NA,10,NA,NA,NA,NA,NA,W,Y,3,0,1,2,A,-,08,22107,NA,F,B,C,A,A,H,-,D,D,0,NA,NA,NA,Y,Y,NA,F,25,0,1,0,0,0,0,0,0,0,-,-,33.8715,-116.49416,RIVERSIDE,CATHEDRAL CITY,-116.49408645,33.8715885
90205073,2016,2016-06-20,9840,2016-06-01,1435,014868,NA,3,2,7,3313,0,1,3,NA,2,021,SR-91,ARLINGTON AVE,1584,W,N,A,-,Y,NA,NA,NA,NA,NA,NA,NA,NA,NA,Y,4,0,1,1,A,-,08,22107,NA,N,E,J,A,A,H,-,A,D,0,NA,NA,NA,NA,Y,NA,A,07,0,0,1,0,0,0,0,0,0,-,-,33.65515,-117.07439,RIVERSIDE,RIVERSIDE,-117.39289276,33.94345466
90205641,2016,2016-06-20,9630,2016-06-13,0748,018451,NA,1,1,4,3309,0,1,1,NA,2,022,I-10 E/B,JEFFERSON ST O/C,5280,W,N,A,-,Y,NA,NA,10,NA,NA,NA,NA,NA,E,Y,4,0,1,1,A,-,08,22107,NA,N,E,I,A,A,D,H,A,D,0,NA,NA,NA,NA,Y,NA,A,01,0,0,1,0,0,0,0,0,0,-,-,33.75572,-116.2878,RIVERSIDE,INDIO,-116.28782937,33.7556248
90205710,2016,2016-06-20,9660,2016-06-11,1606,021232,NA,6,2,9,3300,0,1,1,NA,2,030,INTERSTATE 10 EASTBOUND,CORN SPRINGS ROAD,5280,W,N,A,-,Y,NA,NA,10,NA,NA,NA,NA,NA,E,Y,3,0,2,2,A,-,07,21658,A,N,B,C,A,A,H,-,A,D,0,NA,NA,NA,Y,Y,NA,A,01,0,2,0,0,0,0,0,0,0,-,-,33.68839,-115.26434,RIVERSIDE,UNINCORPORATED,-115.26432847,33.68842912
90206887,2016,2016-06-22,9685,2016-06-12,2100,015050,NA,7,2,9,3300,0,1,3,NA,1,026,SR-74 EASTBOUND,ELLIS AVE.,0,NA,Y,A,-,Y,NA,NA,74,NA,NA,NA,NA,NA,E,N,4,0,1,2,A,-,08,22107,NA,F,A,G,A,A,H,-,C,D,0,NA,Y,NA,NA,Y,NA,D,22,0,0,1,0,0,0,1,0,0,-,-,33.77135,-117.25129,RIVERSIDE,UNINCORPORATED,-117.2513948,33.77151554
90207490,2016,2016-06-22,9685,2016-06-11,1150,017535,NA,6,1,5,3335,0,1,1,NA,2,030,I-15 SOUTHBOUND,TEMECULA PARKWAY,1500,S,N,B,-,Y,NA,NA,15,NA,NA,NA,NA,NA,S,N,3,0,3,2,A,-,03,22350,NA,N,C,C,A,A,H,-,A,D,0,NA,NA,NA,NA,Y,NA,A,08,0,1,2,0,0,0,0,0,0,-,-,33.47296,-117.13804,RIVERSIDE,TEMECULA,-117.13816096,33.47291416
90208019,2016,2016-06-23,9840,2016-06-03,1450,014916,9840,5,2,9,3300,0,1,1,NA,2,040,I-215 N/B,VAN BUREN BLVD,2112,N,N,A,-,Y,NA,NA,215,NA,NA,NA,NA,NA,N,N,4,0,1,2,A,-,03,22350,NA,N,C,C,A,A,H,-,A,D,0,NA,NA,NA,NA,Y,NA,A,01,0,0,1,0,0,0,0,0,0,-,-,33.87991,-117.26713,RIVERSIDE,UNINCORPORATED,-117.26706906,33.87993636
90208987,2016,2016-06-24,9630,2016-02-27,1645,020380,NA,6,2,9,3300,0,1,3,NA,2,014,STATE ROUTE 111 (SOUTHBOUND),OVERTURE DRIVE,3696,N,N,A,-,Y,NA,NA,111,NA,NA,NA,NA,NA,NA,Y,1,1,3,1,A,-,01,23152,E,N,F,A,A,A,H,-,A,D,0,NA,NA,NA,NA,Y,NA,A,07,2,1,0,0,0,0,0,0,0,-,-,33.89543,-116.61767,RIVERSIDE,UNINCORPORATED,-116.61758973,33.89556652
90209874,2016,2016-06-27,9685,2016-06-15,1715,013006,NA,3,2,4,3342,0,1,1,NA,2,030,I-15 SOUTHBOUND,I-215,1584,S,N,A,-,Y,NA,NA,15,NA,NA,NA,NA,NA,S,Y,4,0,2,2,A,-,03,22350,NA,N,C,C,A,A,H,-,A,D,0,NA,NA,NA,NA,Y,NA,-,-,0,0,2,0,0,0,0,0,0,-,-,33.54389,-117.17737,RIVERSIDE,MURRIETA,-117.17742252,33.54385488
90210144,2016,2016-06-27,9840,2016-05-30,1642,016285,NA,1,2,7,3313,0,1,3,NA,2,020,STATE ROUTE 91 W/B,MAGNOLIA AVENUE,120,W,N,A,-,Y,NA,NA,91,NA,NA,NA,NA,NA,W,Y,3,0,2,2,A,-,07,21658,A,N,F,A,A,A,H,-,A,D,0,NA,NA,Y,NA,Y,NA,A,01,0,2,0,0,0,0,0,0,2,-,-,33.99575,-117.35587,RIVERSIDE,RIVERSIDE,-117.35584472,33.99573302
90211397,2016,2016-06-28,9840,2016-06-13,1730,014571,NA,1,2,4,3344,0,1,1,NA,2,011,I-15 S/B,BELLEGRAVE AVE.,684,S,N,A,-,Y,NA,NA,NA,NA,NA,NA,NA,NA,NA,N,4,0,1,2,A,-,03,22350,NA,N,C,C,A,A,H,-,A,D,0,NA,NA,NA,NA,Y,NA,A,07,0,0,1,0,0,0,0,0,0,-,-,NA,NA,RIVERSIDE,EASTVALE,-117.54986517,33.9891894
90212159,2016,2016-06-29,9840,2016-06-20,0700,017459,NA,1,1,6,3315,0,1,3,NA,2,301,"SR-91, W/B",SERFAS CLUB DRIVE,1000,E,N,A,-,Y,NA,NA,NA,NA,NA,NA,NA,NA,NA,N,4,0,2,2,A,-,03,22350,NA,N,C,C,A,A,D,-,A,D,0,NA,NA,NA,NA,Y,NA,A,07,0,0,2,0,0,0,0,0,0,-,-,33.55321,-117.72314,RIVERSIDE,CORONA,-117.60982939,33.88035711
9021239,2019,2020-02-08,3300,2019-12-27,2210,4940,920A,5,5,4,3314,0,0,0,NA,0,070,STATE ST,IDYLLWILD ST,0,NA,Y,A,-,N,NA,NA,NA,NA,NA,NA,NA,NA,NA,N,4,0,2,2,A,-,03,22350,NA,N,C,C,A,A,H,-,C,A,0,NA,NA,NA,NA,Y,NA,A,01,0,0,2,0,0,0,0,0,0,-,-,NA,NA,RIVERSIDE,SAN JACINTO,-116.97202301025392,33.799808502197266
90212948,2016,2016-06-30,9655,2016-06-25,2123,020669,NA,6,2,2,3336,0,1,1,NA,2,202,I-10 W/B,COUNTY LINE ROAD,2534,E,N,A,-,Y,NA,NA,10,NA,NA,NA,NA,NA,W,Y,4,0,1,2,A,-,00,21568,A,F,E,I,A,A,H,-,D,D,0,NA,NA,NA,NA,Y,NA,A,07,0,0,1,0,0,0,0,0,0,-,-,33.99733,-117.06123,RIVERSIDE,CALIMESA,-117.06120938,33.99734308
90215588,2016,2016-07-05,9840,2016-05-22,2115,020161,NA,7,2,6,3315,0,1,3,NA,2,031,I-15 N/B TO SR-91 W/B,E. 6TH ST.,1200,N,N,A,-,Y,NA,NA,NA,NA,NA,NA,NA,NA,NA,Y,4,0,1,1,A,-,03,22350,NA,N,F,A,A,A,D,E,B,D,0,NA,NA,Y,NA,Y,NA,C,02,0,0,1,0,0,0,0,0,1,-,-,33.87955,-117.55793,RIVERSIDE,CORONA,NA,NA
90215634,2016,2016-07-05,9685,2016-06-27,1445,013925,NA,1,2,4,3342,0,1,1,NA,2,034,INTERSTATE 215 NORTHBOUND,SCOTT ROAD,1200,S,N,A,-,Y,NA,NA,215,NA,NA,NA,NA,NA,N,Y,4,0,1,3,A,-,03,22350,NA,N,C,C,A,A,H,-,A,D,0,NA,NA,NA,NA,Y,NA,A,01,0,0,1,0,0,0,0,0,0,-,-,33.633070000000004,-117.17024,RIVERSIDE,MURRIETA,-117.17103798,33.63306828
90215819,2016,2016-07-05,9685,2016-06-30,2102,015857,NA,4,2,5,3341,0,1,1,NA,2,020,I-215 NORTHBOUND,NEWPORT RD,2600,N,N,A,-,Y,NA,NA,215,NA,NA,NA,NA,NA,N,Y,4,0,3,3,A,-,03,22350,NA,N,C,C,A,A,D,-,C,D,0,NA,NA,NA,NA,Y,NA,D,22,0,0,3,0,0,0,0,0,0,-,-,33.6923,-117.1755,RIVERSIDE,MENIFEE,-117.17548352,33.69231087
90218593,2016,2016-07-08,9630,2016-06-28,1116,018451,NA,2,1,9,3300,0,1,1,NA,2,021,I-10 E/B,MONTEREY AVE O/C,3168,E,N,A,-,Y,NA,NA,10,NA,NA,NA,NA,NA,E,Y,3,0,4,2,A,-,08,22107,NA,N,B,C,A,A,H,-,A,D,0,NA,NA,NA,NA,Y,NA,A,01,0,3,1,0,0,0,0,0,0,-,-,33.80012,-116.37854,RIVERSIDE,UNINCORPORATED,-116.37857709,33.80005779
90219962,2016,2016-07-11,9655,2016-06-29,1715,013757,NA,3,2,9,3300,0,3,5,NA,2,003,CACTUS VALLEY RD.,LEMM RD.,600,W,N,A,-,N,NA,NA,NA,NA,NA,NA,NA,NA,NA,Y,4,0,1,1,A,-,08,22107,NA,N,F,A,A,A,H,-,A,D,0,NA,NA,NA,NA,Y,NA,A,01,0,0,1,0,0,0,0,0,0,-,-,33.67128,-116.9424,RIVERSIDE,UNINCORPORATED,-116.94265504,33.67126637
90220243,2016,2016-07-11,9840,2016-07-04,2155,020220,NA,1,2,9,3300,0,3,5,NA,2,002,RECHE CANYON ROAD,WOODSON ROAD,500,N,N,A,-,N,NA,NA,NA,NA,NA,NA,NA,NA,NA,Y,2,0,1,1,A,-,03,22350,NA,N,F,A,A,A,H,-,D,D,0,NA,NA,Y,NA,Y,NA,C,02,1,0,0,0,0,0,0,0,1,-,-,33.00396,-117.24617,RIVERSIDE,UNINCORPORATED,-117.24343927,34.0042274
90223066,2016,2016-07-14,9840,2016-07-07,1640,017903,NA,4,2,7,3313,0,1,1,NA,2,024,I-215 N/B,ALESSANDRO BLVD,925,N,N,A,-,Y,NA,NA,215,NA,NA,NA,NA,NA,N,N,4,0,2,2,A,-,03,22350,NA,N,C,C,A,A,H,-,A,D,0,NA,NA,NA,NA,Y,NA,A,07,0,0,2,0,0,0,0,0,0,-,-,33.92099,-117.28831,RIVERSIDE,RIVERSIDE,-117.28840682,33.92098307
90223456,2016,2016-07-15,9840,2016-07-01,1731,017765,NA,5,2,6,3345,0,1,3,NA,2,101,SR-60 E/B,LA RUE ST,325,W,N,A,-,Y,NA,NA,60,NA,NA,NA,NA,NA,E,Y,3,0,1,2,A,-,08,22107,NA,F,B,C,A,A,H,-,A,D,0,NA,NA,Y,NA,Y,NA,C,02,0,1,0,0,0,0,0,0,1,-,-,34.00573,-117.41495,RIVERSIDE,JURUPA VALLEY,-117.41492025,34.00583174
90223729,2016,2016-07-15,9840,2016-07-10,0715,019242,NA,7,1,7,3313,0,1,1,NA,2,023,I-215 S/B TO I-215 S/B,FAIR ISLE DR,1320,S,N,A,-,Y,NA,NA,215,NA,NA,NA,R,NA,S,Y,3,0,1,1,A,-,08,22107,NA,N,E,I,A,A,H,-,B,D,0,NA,NA,NA,NA,Y,NA,A,01,0,1,0,0,0,0,0,0,0,-,-,33.94099,-117.2921,RIVERSIDE,RIVERSIDE,-117.2921,33.94099
90224283,2016,2016-07-18,9840,2016-07-05,1530,019219,NA,2,2,7,3313,0,1,1,NA,2,023,I-215 SOUTHBOUND,MARTIN LUTHER KING BLVD,2000,N,N,A,-,Y,NA,NA,215,NA,NA,NA,NA,NA,S,N,4,0,2,2,A,-,03,22350,NA,N,C,C,A,A,H,-,A,D,0,NA,NA,NA,NA,Y,NA,A,01,0,0,2,0,0,0,0,0,0,-,-,33.97389,-117.33364,RIVERSIDE,RIVERSIDE,-117.33363367,33.97389657
9022604,2019,2020-03-04,3300,2019-11-20,2057,5244,001D,3,5,6,3345,0,0,0,NA,0,012,VALLEY WY,34TH ST,0,NA,Y,A,-,N,NA,NA,NA,NA,NA,NA,NA,NA,NA,N,4,0,2,2,A,-,12,21453,A,N,D,C,A,A,H,-,C,A,0,NA,NA,NA,NA,Y,NA,D,22,0,0,2,0,0,0,0,0,0,-,-,NA,NA,RIVERSIDE,JURUPA VALLEY,-117.42810821533205,34.01538848876953
90230382,2016,2016-07-26,9840,2016-07-19,1552,017481,NA,2,2,6,3315,0,1,1,NA,2,034,I-15 S/B,ONTARIO AVENUE,350,N,N,A,-,Y,NA,NA,15,NA,NA,NA,NA,NA,S,Y,4,0,1,2,A,-,03,22350,NA,N,C,C,A,A,D,-,A,D,0,NA,NA,NA,NA,Y,NA,A,07,0,0,1,0,0,0,0,0,0,-,-,33.8455,-117.53513,RIVERSIDE,CORONA,-117.53502301,33.84548805
90231733,2016,2016-07-27,9840,2016-06-29,1132,017504,NA,3,1,7,3313,0,1,1,NA,2,023,I-215 N/B,BLAINE ST.,600,N,N,A,-,Y,NA,NA,215,NA,NA,NA,NA,NA,N,N,4,0,1,2,A,-,07,21658,A,N,B,C,A,A,H,-,A,D,0,NA,NA,NA,NA,Y,NA,A,01,0,0,1,0,0,0,0,0,0,-,-,33.98598,-117.3455,RIVERSIDE,RIVERSIDE,-117.34559331,33.98587235
90231987,2016,2016-07-28,9840,2016-07-27,1510,017903,NA,3,2,6,3394,0,1,3,NA,2,025,SR-60 E/B,FREDERICK ST,20,W,N,A,-,Y,NA,NA,NA,NA,NA,NA,NA,NA,NA,N,4,0,1,2,A,-,03,22350,NA,N,C,C,A,A,H,-,A,C,0,NA,NA,NA,NA,Y,NA,A,01,0,0,1,0,0,0,0,0,0,-,-,33.93975,-117.26204,RIVERSIDE,MORENO VALLEY,-117.26152421,33.93971175
90232051,2016,2016-07-28,9840,2016-07-24,1220,017441,NA,7,1,7,3313,0,1,1,NA,2,024,I-215 N/B,ALESSANDRO BLVD.,1500,N,N,A,-,Y,NA,NA,215,NA,NA,NA,NA,NA,N,Y,4,0,1,3,A,-,03,22350,NA,N,C,C,A,A,H,-,A,D,0,NA,NA,NA,NA,Y,NA,A,01,0,0,1,0,0,0,0,0,0,-,-,33.92132,-117.28845,RIVERSIDE,RIVERSIDE,-117.28843104,33.92132136
90232838,2016,2016-07-28,9840,2016-06-15,1633,017765,NA,3,2,6,3315,0,1,3,NA,2,030,SR-91 E/B,SR-71 N/B,195,E,N,A,-,Y,NA,NA,91,NA,NA,NA,NA,NA,E,Y,4,0,1,2,A,-,03,22350,NA,N,C,C,A,A,D,-,A,D,0,NA,NA,NA,NA,Y,NA,A,01,0,0,1,0,0,0,0,0,0,-,-,33.88414,-117.63701,RIVERSIDE,CORONA,-117.63704605,33.88428827
90235539,2016,2016-08-02,9630,2016-07-26,1614,021218,NA,2,2,9,3300,0,1,1,NA,2,020,I-10 E/B TO MONTEREY AVE.,MONTEREY AVE,21,W,N,A,-,Y,NA,NA,10,NA,NA,NA,R,NA,E,N,4,0,1,2,A,-,21,22106,NA,N,C,C,A,A,H,-,A,A,0,NA,NA,NA,NA,Y,NA,A,01,0,0,1,0,0,0,0,0,0,-,-,33.80589,-116.38841,RIVERSIDE,UNINCORPORATED,-116.38841,33.80589
90235697,2016,2016-08-02,9840,2016-07-27,1645,017568,NA,3,2,7,3313,0,1,3,NA,2,020,SR-91 E/B,TYLER STREET,100,W,N,A,-,Y,NA,NA,91,NA,NA,NA,NA,NA,E,Y,4,0,1,3,A,-,07,21658,A,N,B,C,A,A,H,-,A,D,0,NA,NA,Y,NA,Y,NA,A,07,0,0,1,0,0,0,0,0,1,-,-,33.90674,-117.45584,RIVERSIDE,RIVERSIDE,-117.45587982,33.90681085
90237284,2016,2016-08-04,9840,2016-06-11,1525,018611,NA,6,2,9,3300,0,1,1,NA,2,040,I-215 S/B,VAN BUREN BOULEVARD,2400,S,N,A,-,Y,NA,NA,215,NA,NA,NA,NA,NA,S,N,4,0,2,2,A,-,03,22350,NA,N,C,C,A,A,H,-,A,D,0,NA,NA,NA,NA,Y,NA,D,22,0,0,2,0,0,0,0,0,0,-,-,33.88392,-117.26933,RIVERSIDE,UNINCORPORATED,-117.26903827,33.88400351