CASE_ID,ACCIDENT_YEAR,PROC_DATE,JURIS,COLLISION_DATE,COLLISION_TIME,OFFICER_ID,REPORTING_DISTRICT,DAY_OF_WEEK,CHP_SHIFT,POPULATION,CNTY_CITY_LOC,SPECIAL_COND,BEAT_TYPE,CHP_BEAT_TYPE,CITY_DIVISION_LAPD,CHP_BEAT_CLASS,BEAT_NUMBER,PRIMARY_RD,SECONDARY_RD,DISTANCE,DIRECTION,INTERSECTION,WEATHER_1,WEATHER_2,STATE_HWY_IND,CALTRANS_COUNTY,CALTRANS_DISTRICT,STATE_ROUTE,ROUTE_SUFFIX,POSTMILE_PREFIX,POSTMILE,LOCATION_TYPE,RAMP_INTERSECTION,SIDE_OF_HWY,TOW_AWAY,COLLISION_SEVERITY,NUMBER_KILLED,NUMBER_INJURED,PARTY_COUNT,PRIMARY_COLL_FACTOR,PCF_CODE_OF_VIOL,PCF_VIOL_CATEGORY,PCF_VIOLATION,PCF_VIOL_SUBSECTION,HIT_AND_RUN,TYPE_OF_COLLISION,MVIW,PED_ACTION,ROAD_SURFACE,ROAD_COND_1,ROAD_COND_2,LIGHTING,CONTROL_DEVICE,CHP_ROAD_TYPE,PEDESTRIAN_ACCIDENT,BICYCLE_ACCIDENT,MOTORCYCLE_ACCIDENT,TRUCK_ACCIDENT,NOT_PRIVATE_PROPERTY,ALCOHOL_INVOLVED,STWD_VEHTYPE_AT_FAULT,CHP_VEHTYPE_AT_FAULT,COUNT_SEVERE_INJ,COUNT_VISIBLE_INJ,COUNT_COMPLAINT_PAIN,COUNT_PED_KILLED,COUNT_PED_INJURED,COUNT_BICYCLIST_KILLED,COUNT_BICYCLIST_INJURED,COUNT_MC_KILLED,COUNT_MC_INJURED,PRIMARY_RAMP,SECONDARY_RAMP,LATITUDE,LONGITUDE,COUNTY,CITY,POINT_X,POINT_Y
90340305,2016,2016-12-08,9655,2016-12-02,0922,014421,NA,5,1,9,3300,0,1,1,NA,2,204,I-10 EASTBOUND,MALKI RD.,0,NA,N,A,-,Y,NA,NA,10,NA,NA,NA,NA,NA,E,Y,4,0,1,2,A,-,03,22350,NA,N,C,C,A,A,H,-,A,D,0,NA,NA,NA,Y,Y,NA,A,01,0,0,1,0,0,0,0,0,0,-,-,33.93144,-116.82584,RIVERSIDE,UNINCORPORATED,-116.82584313,33.93136053
90341032,2016,2016-12-09,9840,2016-12-04,1730,019361,NA,7,2,9,3300,0,3,5,NA,2,002,BOX SPRINGS ROAD,I-215,120,E,N,A,-,N,NA,NA,NA,NA,NA,NA,NA,NA,NA,N,4,0,1,2,A,-,08,22101,D,N,D,C,A,A,H,-,C,A,0,NA,NA,NA,NA,Y,NA,D,22,0,0,1,0,0,0,0,0,0,-,-,33.94866,-117.30087,RIVERSIDE,UNINCORPORATED,-117.30104501,33.94851571
90341184,2016,2016-12-09,9840,2016-11-26,1410,018611,NA,6,2,6,3315,0,1,3,NA,2,031,SR-91 EB TO I-15,MAIN STREET,500,E,N,B,-,Y,NA,NA,91,NA,NA,NA,R,NA,E,Y,3,0,2,4,A,-,03,22350,NA,N,C,C,A,A,D,E,A,D,0,NA,NA,NA,NA,Y,NA,A,01,0,1,1,0,0,0,0,0,0,-,-,33.87953,-117.56433,RIVERSIDE,CORONA,-117.56433,33.87953
90341231,2016,2016-12-09,9655,2016-11-09,1655,013757,NA,3,2,9,3300,0,3,5,NA,2,003,SOBOBA ROAD,CHABELA DRIVE,6864,W,N,A,-,N,NA,NA,NA,NA,NA,NA,NA,NA,NA,Y,1,1,1,2,A,-,08,22107,NA,N,A,C,A,A,H,-,B,D,0,NA,NA,NA,NA,Y,NA,A,07,0,0,1,0,0,0,0,0,0,-,-,33.81033,-116.94734,RIVERSIDE,UNINCORPORATED,-116.946502,33.81002166
90341403,2016,2016-12-09,9630,2016-12-04,0456,021194,NA,7,3,9,3300,0,1,1,NA,2,302,I-10 E/B,EAGLE MOUNTAIN RD,8448,W,N,A,-,Y,NA,NA,10,NA,NA,NA,NA,NA,E,Y,4,0,3,1,A,-,08,22107,NA,N,E,I,A,A,H,-,D,D,0,NA,NA,NA,NA,Y,NA,A,01,0,0,3,0,0,0,0,0,0,-,-,33.69613,-115.48015,RIVERSIDE,UNINCORPORATED,-115.48016745,33.69620707
90342183,2016,2016-12-12,9840,2016-11-25,1855,017882,NA,5,2,9,3300,0,3,5,NA,2,002,RECHE CANYON RD.,CENTER ST.,500,S,N,A,-,N,NA,NA,NA,NA,NA,NA,NA,NA,NA,Y,4,0,2,3,A,-,03,22350,NA,F,C,C,A,A,H,-,D,D,0,NA,NA,NA,NA,Y,NA,-,99,0,0,2,0,0,0,0,0,0,-,-,33.97843,-117.37368,RIVERSIDE,UNINCORPORATED,-117.26550139,34.01345832
9034398,2019,2020-02-05,3300,2019-12-26,1315,5221,30J1,4,5,4,3318,0,0,0,NA,0,MO872,RT 111,PANORAMA DR,0,NA,Y,C,-,N,NA,NA,NA,NA,NA,NA,NA,NA,NA,Y,3,0,1,2,A,-,09,21801,A,N,D,C,A,B,H,-,A,D,0,NA,NA,NA,NA,Y,NA,A,07,0,1,0,0,0,0,0,0,0,-,-,33.72135925292969,-116.36868286132813,RIVERSIDE,PALM DESERT,-116.36866760253906,33.72135925292969
90344143,2016,2016-12-14,9840,2016-12-12,0720,019893,NA,1,1,9,3300,0,1,3,NA,2,030,SR-91 W/B,SERFAS CLUB DRIVE,1300,W,N,B,-,Y,NA,NA,91,NA,NA,NA,NA,NA,W,Y,4,0,1,3,A,-,03,22350,NA,N,C,C,A,A,D,-,A,D,0,NA,NA,NA,NA,Y,NA,A,01,0,0,1,0,0,0,0,0,0,-,-,33.88221,-117.62175,RIVERSIDE,UNINCORPORATED,-117.62179908,33.88196837
90344959,2016,2016-12-14,9655,2016-12-10,2255,019234,NA,6,3,9,3300,0,3,5,NA,2,003,STATE ROUTE 74,FOUR SEASONS DRIVE,700,W,N,B,-,Y,NA,NA,74,NA,NA,NA,NA,NA,NA,Y,4,0,2,1,A,-,08,22107,NA,N,F,A,A,B,H,-,C,D,0,NA,NA,NA,NA,Y,NA,A,01,0,0,2,0,0,0,0,0,0,-,-,33.74243,-117.06327,RIVERSIDE,UNINCORPORATED,-117.06334602,33.74252332
90346558,2016,2016-12-16,9685,2016-12-09,1250,014349,NA,5,1,9,3300,0,3,5,NA,2,003,"DE PORTOLA ROAD, 40225 BLOCK",VIA DE ORO ROAD,1584,W,N,A,-,N,NA,NA,NA,NA,NA,NA,NA,NA,NA,Y,3,0,1,1,A,-,01,23152,A,N,E,I,A,A,H,-,A,D,0,NA,NA,NA,NA,Y,Y,A,01,0,1,0,0,0,0,0,0,0,-,-,33.32416,-117.01253,RIVERSIDE,UNINCORPORATED,-117.01384098,33.53252956
90347470,2016,2016-12-19,9655,2016-11-21,0345,019871,NA,1,3,9,3300,0,1,3,NA,1,312,STATE ROUTE 74,CALVERT AVENUE,100,W,N,C,-,Y,NA,NA,74,NA,NA,NA,NA,NA,NA,Y,1,1,2,2,A,-,08,22107,NA,N,A,C,A,B,H,-,D,D,0,NA,NA,NA,NA,Y,NA,A,01,1,1,0,0,0,0,0,0,0,-,-,33.7401,-117.06828,RIVERSIDE,UNINCORPORATED,-117.06827109,33.74006683
90350784,2016,2016-12-21,9630,2016-12-10,0951,021416,NA,6,1,9,3300,0,3,5,NA,2,002,THOUSAND PALMS CANYON RD,WASHINGTON ST,0,NA,Y,A,-,N,NA,NA,NA,NA,NA,NA,NA,NA,NA,Y,4,0,2,2,A,-,12,22450,A,N,D,C,A,A,H,-,A,A,0,NA,NA,NA,NA,Y,NA,A,01,0,0,2,0,0,0,0,0,0,-,-,33.8168,-116.32684,RIVERSIDE,UNINCORPORATED,-116.326718,33.816629
90351947,2016,2016-12-27,9840,2016-12-20,1245,017459,NA,2,1,6,3345,0,1,1,NA,2,011,I-15 N/B,LIMONITE AVENUE,3000,N,N,A,-,Y,NA,NA,NA,NA,NA,NA,NA,NA,NA,Y,4,0,1,2,A,-,08,22107,NA,N,B,C,A,A,H,-,A,D,0,NA,NA,NA,Y,Y,NA,F,27,0,0,1,0,0,0,0,0,0,-,-,33.7871,-117.9472,RIVERSIDE,JURUPA VALLEY,-117.5487,33.98346114
90352683,2016,2016-12-27,9655,2016-12-16,1401,015611,NA,5,2,9,3300,0,1,1,NA,2,206,I-10 EASTBOUND,SR-62,5808,W,N,C,-,Y,NA,NA,10,NA,NA,NA,NA,NA,E,Y,4,0,1,1,A,-,03,22350,NA,N,E,I,A,B,H,-,A,D,0,NA,NA,NA,NA,Y,NA,A,01,0,0,1,0,0,0,0,0,0,-,-,33.9183,-116.6244,RIVERSIDE,UNINCORPORATED,-116.62438199,33.91838784
9035346,2019,2020-03-09,3313,2019-12-14,1049,1579,3,6,5,7,3313,0,0,0,NA,0,2R35,SYCAMORE CANYON BL,FAIR ISLE DR,0,NA,Y,A,-,N,NA,NA,NA,NA,NA,NA,NA,NA,NA,N,4,0,1,2,A,-,12,21453,A,N,D,C,A,A,H,-,A,A,0,NA,NA,Y,NA,Y,NA,A,01,0,0,1,0,0,0,0,0,1,-,-,33.94540023803711,-117.30245208740234,RIVERSIDE,RIVERSIDE,-117.3023681640625,33.94729995727539
90353610,2016,2016-12-27,9630,2016-12-16,0715,021416,NA,5,1,9,3300,0,1,3,NA,2,015,SR-62 W/B TO E/B I-10,DILLON RD,5808,S,N,B,C,N,NA,NA,62,NA,NA,NA,R,NA,W,Y,2,0,1,2,A,-,08,22107,NA,N,G,B,F,B,H,-,A,D,0,Y,NA,NA,NA,Y,NA,A,08,1,0,0,0,1,0,0,0,0,-,-,33.91429,-116.60708,RIVERSIDE,UNINCORPORATED,-116.60708,33.91429
90353629,2016,2016-12-27,9685,2016-12-21,1805,012752,NA,3,2,5,3335,0,1,1,NA,2,030,S/B I-15,SANTIAGO ROAD,275,N,N,B,-,Y,NA,NA,NA,NA,NA,NA,NA,NA,NA,N,4,0,1,3,A,-,03,22350,NA,N,C,C,A,A,H,-,D,D,0,NA,NA,NA,NA,Y,NA,A,07,0,0,1,0,0,0,0,0,0,-,-,33.29318,-117.84273,RIVERSIDE,TEMECULA,NA,NA
90354274,2016,2016-12-27,9655,2016-12-22,0640,017106,NA,4,1,9,3300,0,1,3,NA,2,212,SR-60 W/B,GILMAN SPRINGS RD,6600,E,N,C,-,Y,NA,NA,60,NA,NA,NA,NA,NA,W,Y,4,0,1,6,A,-,03,22350,NA,N,C,C,A,B,H,-,A,D,0,NA,NA,NA,Y,Y,NA,D,22,0,0,1,0,0,0,0,0,0,-,-,33.93971,-117.09413,RIVERSIDE,UNINCORPORATED,-117.09413473,33.93972764
90354939,2016,2016-12-27,9685,2016-12-20,1300,017535,NA,2,1,9,3300,0,1,3,NA,2,011,SR-74 (ORTEGA HIGHWAY),ORANGE COUNTY LINE,8976,E,N,A,-,Y,NA,NA,74,NA,NA,NA,NA,NA,NA,Y,3,0,1,1,A,-,08,22107,NA,N,E,A,A,A,H,-,A,D,0,NA,NA,Y,NA,Y,NA,C,02,0,1,0,0,0,0,0,0,1,-,-,33.61263,-117.43636,RIVERSIDE,UNINCORPORATED,-117.43629911,33.61258249
90355160,2016,2016-12-27,9840,2016-12-11,1615,017162,NA,7,2,4,3307,0,1,1,NA,2,037,I-15 N/B,CENTRAL AVE,100,N,N,A,-,Y,NA,NA,15,NA,NA,NA,NA,NA,N,Y,4,0,1,2,A,-,03,22350,NA,N,C,C,A,A,H,-,A,D,0,NA,NA,NA,NA,Y,NA,A,01,0,0,1,0,0,0,0,0,0,-,-,33.69462,-117.34025,RIVERSIDE,LAKE ELSINORE,-117.34024458,33.69462693
90355184,2016,2016-12-27,9840,2016-12-21,1145,017169,NA,3,1,6,3315,0,1,3,NA,2,031,SR-91 E/B,MAIN STREET,200,E,N,B,C,Y,NA,NA,NA,NA,NA,NA,NA,NA,NA,N,4,0,1,3,A,-,03,22350,NA,N,C,C,A,B,D,E,A,D,0,NA,NA,NA,NA,Y,NA,D,22,0,0,1,0,0,0,0,0,0,-,-,33.92192,-117.42055,RIVERSIDE,CORONA,-117.56517875,33.87988746
90356180,2016,2016-12-28,9685,2016-12-21,1740,012775,NA,3,2,9,3300,0,1,1,NA,2,030,I-15 N/B,TEMECULA PARKWAY,2112,N,N,B,C,Y,NA,NA,NA,NA,NA,NA,NA,NA,NA,Y,4,0,1,2,D,-,00,NA,NA,N,B,C,A,B,H,-,D,D,0,NA,NA,NA,Y,Y,NA,-,-,0,0,1,0,0,0,0,0,0,-,-,33.4835,-117.14144,RIVERSIDE,UNINCORPORATED,NA,NA
90357451,2016,2016-12-29,9655,2016-12-26,1935,017720,NA,1,2,9,3300,0,1,3,NA,2,212,SR-60 WESTBOUND,GILMAN SPRINGS ROAD,5280,E,N,A,-,Y,NA,NA,60,NA,NA,NA,NA,NA,W,Y,4,0,3,2,A,-,03,22350,NA,N,C,C,A,A,H,-,D,D,0,NA,NA,NA,NA,Y,NA,A,01,0,0,3,0,0,0,0,0,0,-,-,33.94359,-117.08087,RIVERSIDE,UNINCORPORATED,-117.08084463,33.94346829
90358439,2016,2016-12-30,9685,2016-12-28,1525,015757,NA,3,2,5,3335,0,1,1,NA,2,030,I-15 N/B (TEMECULA VALLEY FWY),SANTIAGO RD,20,S,N,A,-,Y,NA,NA,15,NA,NA,NA,NA,NA,N,Y,4,0,2,3,A,-,03,22350,NA,N,C,C,A,A,H,-,A,D,0,NA,NA,NA,NA,Y,NA,D,22,0,0,2,0,0,0,0,0,0,-,-,33.48995,-117.14391,RIVERSIDE,TEMECULA,-117.14387703,33.48996192
90360020,2016,2017-01-03,9630,2016-12-21,2055,015339,NA,3,2,9,3300,0,1,1,NA,2,302,I-10 (W/B),HAYFIELD RD,9504,E,N,C,-,Y,NA,NA,10,NA,NA,NA,NA,NA,NA,Y,3,0,1,2,A,-,08,22107,NA,N,E,I,A,B,H,-,D,D,0,NA,NA,NA,Y,Y,NA,A,01,0,1,0,0,0,0,0,0,0,-,-,33.67073,-115.6223,RIVERSIDE,UNINCORPORATED,-115.62230349,33.67077713
90360114,2016,2017-03-08,9840,2016-12-22,0900,016619,NA,4,1,6,3345,0,1,3,NA,2,010,SR-60 W/B,PYRITE ST,2112,W,N,C,-,Y,NA,NA,60,NA,NA,NA,NA,NA,W,Y,3,0,1,2,A,-,01,23152,A,N,C,C,A,B,H,-,A,D,0,NA,NA,NA,Y,Y,NA,A,01,0,1,0,0,0,0,0,0,0,-,-,34.01728,-117.46747,RIVERSIDE,JURUPA VALLEY,-117.46749452,34.01713431
90361232,2016,2017-01-04,9685,2016-12-22,0010,016765,NA,4,3,4,3312,0,1,1,NA,2,020,I-215 SOUTHBOUND,ETHANAC RD,3330,N,N,C,-,Y,NA,NA,215,NA,NA,NA,NA,NA,S,Y,3,0,1,1,A,-,03,22350,NA,N,E,I,A,B,H,-,D,D,0,NA,NA,NA,NA,Y,NA,D,22,0,1,0,0,0,0,0,0,0,-,-,33.75214,-117.18954,RIVERSIDE,PERRIS,-117.18942166,33.7521405
90362069,2016,2017-01-05,9630,2016-12-25,1738,021298,NA,7,2,9,3300,0,1,3,NA,2,111,GRAPEFRUIT BLVD,SR-111 (66TH AVE),0,NA,Y,A,-,Y,NA,NA,NA,NA,NA,NA,NA,NA,NA,Y,2,0,1,2,A,-,09,21801,A,N,D,C,A,A,H,-,C,D,0,NA,NA,Y,NA,Y,NA,D,22,1,0,0,0,0,0,0,0,1,-,-,33.56957,-116.07885,RIVERSIDE,UNINCORPORATED,-116.15362009,33.65666011
9036267,2019,2020-01-28,3300,2019-11-09,1400,N4225,807A,6,5,3,3343,0,0,0,NA,0,WI87,GRAND AV,ROYAL ADELAIDE DR,355,N,N,A,-,N,NA,NA,NA,NA,NA,NA,NA,NA,NA,Y,4,0,1,2,A,-,09,21801,A,N,D,C,A,A,H,-,A,D,0,NA,NA,Y,NA,Y,NA,A,01,0,0,1,0,0,0,0,0,1,-,-,NA,NA,RIVERSIDE,WILDOMAR,-117.25973510742188,33.58635711669922
9036271,2019,2020-01-28,3300,2019-11-29,0640,4468,905K,5,5,4,3307,0,0,0,NA,0,094,LAKE ST,TEMESCAL CANYON RD,2500,S,N,B,-,N,NA,NA,NA,NA,NA,NA,NA,NA,NA,Y,4,0,1,1,A,-,08,22107,NA,N,E,I,A,A,H,-,A,D,0,NA,NA,NA,NA,Y,NA,A,01,0,0,1,0,0,0,0,0,0,-,-,NA,NA,RIVERSIDE,LAKE ELSINORE,-117.39036560058594,33.72050476074219
9036280,2019,2020-01-29,3300,2019-12-13,2245,5059,603A3,5,5,6,3394,0,0,0,NA,0,MV32,CACTUS AV,HEACOCK ST,560,W,N,A,-,N,NA,NA,NA,NA,NA,NA,NA,NA,NA,Y,4,0,1,2,A,-,01,23152,A,F,C,C,A,A,H,-,C,D,0,NA,NA,NA,NA,Y,Y,A,01,0,0,1,0,0,0,0,0,0,-,-,33.91017150878906,-117.24359130859376,RIVERSIDE,MORENO VALLEY,-117.24542236328124,33.91011047363281
90363024,2016,2017-01-06,9840,2016-12-28,0600,017715,NA,3,1,9,3300,0,2,4,NA,2,045,CAJALCO RD,CARPINUS RD,300,E,N,A,-,N,NA,NA,NA,NA,NA,NA,NA,NA,NA,Y,3,0,2,2,A,-,08,22107,NA,N,D,C,A,A,H,-,B,D,0,NA,NA,NA,NA,Y,NA,D,22,0,1,1,0,0,0,0,0,0,-,-,33.83704,-117.31891,RIVERSIDE,UNINCORPORATED,-117.31963595,33.83700306
90363346,2016,2017-01-06,9840,2016-12-19,1413,019242,NA,1,2,7,3313,0,1,1,NA,2,231,I-215 N/B,MARTIN LUTHER KING BLVD,200,N,N,A,-,Y,NA,NA,NA,NA,NA,NA,NA,NA,NA,Y,4,0,1,3,A,-,03,22350,NA,N,C,C,A,A,H,-,B,D,0,NA,NA,NA,NA,Y,NA,A,01,0,0,1,0,0,0,0,0,0,-,-,33.5813,-117.1949,RIVERSIDE,RIVERSIDE,NA,NA
90363926,2016,2017-03-08,9840,2016-12-20,1749,015744,NA,2,2,6,3345,0,1,3,NA,2,010,SR-60 W/B,RUBIDOUX BLVD,1000,W,N,B,-,Y,NA,NA,60,NA,NA,NA,NA,NA,W,Y,4,0,1,2,A,-,03,22350,NA,N,C,C,A,A,H,-,D,D,0,NA,NA,NA,NA,Y,NA,D,22,0,0,1,0,0,0,0,0,0,-,-,34.00434,-117.40649,RIVERSIDE,JURUPA VALLEY,-117.40649135,34.00428091
90366283,2016,2017-03-01,9630,2016-12-21,0655,016674,NA,3,1,9,3300,0,3,5,NA,2,005,52ND AVENUE,JACKSON STREET,0,NA,Y,B,-,N,NA,NA,NA,NA,NA,NA,NA,NA,NA,N,4,0,1,2,A,-,12,22450,A,M,D,C,A,A,H,-,A,A,0,NA,NA,NA,NA,Y,NA,D,22,0,0,1,0,0,0,0,0,0,-,-,33.671,-116.21637,RIVERSIDE,UNINCORPORATED,-116.21642011,33.67100012
90366481,2017,2017-01-11,9840,2017-01-07,1750,019361,NA,6,2,7,3313,0,1,1,NA,2,022,I-215 S/B,COLUMBIA AVENUE,1584,N,N,A,-,Y,NA,NA,215,NA,NA,NA,NA,NA,S,N,4,0,1,2,A,-,03,22350,NA,N,C,C,A,A,H,-,C,D,0,NA,NA,NA,NA,Y,NA,A,07,0,0,1,0,0,0,0,0,0,-,-,34.00627,-117.34877,RIVERSIDE,RIVERSIDE,-117.34880418,34.00629289
90368757,2017,2017-03-15,9685,2017-01-01,0250,017304,NA,7,3,9,3300,0,1,3,NA,1,026,SR74,RITTER ST,0,NA,N,B,C,Y,NA,NA,NA,NA,NA,NA,NA,NA,NA,Y,4,0,1,1,A,-,01,23152,A,N,E,I,A,B,H,-,C,D,0,NA,NA,NA,NA,Y,Y,A,01,0,0,1,0,0,0,0,0,0,-,-,33.4435,-117.631,RIVERSIDE,UNINCORPORATED,-117.10967011,33.74332009
90369089,2017,2017-01-13,9685,2017-01-11,1750,016096,NA,3,2,9,3300,0,1,3,NA,2,011,SR-74 E/B (ORTEGA HWY),SOUTH MAIN DIVIDE,800,E,N,B,-,Y,NA,NA,74,NA,NA,NA,NA,NA,E,Y,3,0,1,2,A,-,03,22350,NA,N,C,C,A,B,H,-,D,D,0,NA,NA,NA,NA,Y,NA,D,22,0,1,0,0,0,0,0,0,0,-,-,33.65292,-117.40458,RIVERSIDE,UNINCORPORATED,-117.404581,33.65292548
90369128,2017,2017-01-13,9840,2017-01-05,2120,020723,NA,4,2,9,3300,0,3,5,NA,2,004,ORANGE AVE,OLD ELSINORE RD,1220,W,N,B,-,N,NA,NA,NA,NA,NA,NA,NA,NA,NA,Y,4,0,1,3,A,-,01,23152,F,N,E,I,A,A,H,-,D,D,0,NA,NA,NA,NA,Y,Y,A,01,0,0,1,0,0,0,0,0,0,-,-,33.81583,-117.28391,RIVERSIDE,UNINCORPORATED,-117.28378354,33.81587256
90369307,2017,2017-01-13,9685,2017-01-06,1845,016944,NA,5,2,5,3335,0,1,1,NA,2,030,I-15 N/B,SANTIAGO RD.,250,N,N,A,-,Y,NA,NA,15,NA,NA,NA,NA,NA,N,Y,3,0,1,2,A,-,07,21658,A,N,C,C,A,A,H,-,A,D,0,NA,NA,Y,NA,Y,NA,A,01,0,1,0,0,0,0,0,0,1,-,-,33.49126,-117.14439,RIVERSIDE,TEMECULA,-117.14435117,33.49127403
90371292,2017,2017-01-18,9840,2017-01-05,1101,013500,NA,4,1,4,3344,0,1,1,NA,2,011,I-15 S/B TO SR-60 W/B,SR-60,150,N,N,C,-,Y,NA,NA,15,NA,NA,NA,R,NA,S,Y,4,0,1,2,C,-,18,NA,NA,N,C,C,A,B,B,-,A,D,0,NA,NA,NA,Y,Y,NA,-,-,0,0,1,0,0,0,0,0,0,-,-,34.02467,-117.55155,RIVERSIDE,EASTVALE,-117.55155,34.02467
9037150,2020,2020-09-25,3300,2020-01-27,1557,N6000,501A,1,5,5,3341,0,0,0,NA,0,051,RT 74,TRUMBLE RD,0,NA,Y,A,-,Y,RIV,8,74,-,-,27.81,H,-,W,N,4,0,1,2,A,-,03,22350,NA,N,C,C,A,A,H,-,A,A,0,NA,NA,NA,NA,Y,NA,A,01,0,0,1,0,0,0,0,0,0,-,-,33.7515983581543,-117.18579864501952,RIVERSIDE,MENIFEE,-117.18521118164063,33.75191116333008
90371858,2017,2017-01-18,9840,2017-01-15,1830,016358,NA,7,2,9,3300,0,3,5,NA,2,004,ELLIS AVE,MARSHALL ST,0,NA,Y,A,-,N,NA,NA,NA,NA,NA,NA,NA,NA,NA,N,4,0,1,2,A,-,12,22450,A,N,D,C,A,A,H,-,C,A,0,NA,NA,NA,NA,Y,NA,D,22,0,0,1,0,0,0,0,0,0,-,-,33.77205,-117.27847,RIVERSIDE,UNINCORPORATED,-117.27849001,33.77203001
90371998,2017,2017-01-18,9630,2017-01-09,1730,020845,NA,1,2,9,3300,0,2,S,NA,2,405,WASHINGTON ST,AVENUE OF THE STATES,0,NA,Y,A,-,N,NA,NA,NA,NA,NA,NA,NA,NA,NA,Y,4,0,1,2,D,-,00,NA,NA,N,D,A,A,A,H,-,C,A,0,NA,NA,NA,NA,Y,NA,-,-,0,0,1,0,0,0,0,0,0,-,-,33.74066,-116.30315,RIVERSIDE,UNINCORPORATED,-116.30392002,33.74070002
90372440,2017,2017-01-19,9840,2017-01-17,0950,014366,NA,2,1,9,3300,0,1,1,NA,2,037,I-15 N/B,INDIAN TRUCK TRAIL,528,N,N,A,-,Y,NA,NA,NA,NA,NA,NA,NA,NA,NA,Y,4,0,2,2,A,-,03,22350,NA,N,C,C,A,A,H,-,A,D,0,NA,NA,NA,NA,Y,NA,D,22,0,0,2,0,0,0,0,0,0,-,-,33.734,-117.4553,RIVERSIDE,UNINCORPORATED,-117.45347143,33.74981167
90372527,2017,2017-01-19,9685,2017-01-12,1255,013006,NA,4,1,3,3343,0,1,1,NA,2,030,I-15 SOUTHBOUND,CLINTON KEITH ROAD,3168,S,N,B,C,Y,NA,NA,15,NA,NA,NA,NA,NA,S,N,4,0,1,1,A,-,03,22350,NA,N,E,I,A,B,H,-,E,D,0,NA,NA,NA,NA,Y,NA,D,22,0,0,1,0,0,0,0,0,0,-,-,33.59133,-117.24082,RIVERSIDE,WILDOMAR,-117.24091697,33.5912217
90374008,2016,2017-01-20,9685,2016-12-21,1940,012775,NA,3,2,9,3300,0,2,4,NA,2,016,GRAND AVENUE,ETHLENE DRIVE,168,S,N,B,C,N,NA,NA,NA,NA,NA,NA,NA,NA,NA,N,1,1,0,3,A,-,11,21954,A,F,G,B,D,B,H,-,C,D,0,Y,NA,NA,NA,Y,NA,N,60,0,0,0,1,0,0,0,0,0,-,-,33.65453,-117.36978,RIVERSIDE,UNINCORPORATED,-117.36933011,33.65427334
90374910,2017,2017-01-23,9685,2017-01-14,0915,016347,NA,6,1,9,3300,0,3,5,NA,2,001,SR-79 S/B,JUNI HILLS DRIVE,7920,S,N,A,-,Y,NA,NA,79,NA,NA,NA,NA,NA,S,Y,3,0,2,3,A,-,03,22350,NA,N,C,C,A,A,H,-,A,D,0,NA,NA,NA,NA,Y,NA,A,01,0,1,1,0,0,0,0,0,0,-,-,33.45074,-116.89627,RIVERSIDE,UNINCORPORATED,-116.89608459,33.45085356
90381331,2017,2017-01-30,9840,2017-01-18,0952,017504,NA,3,1,9,3300,0,3,5,NA,2,002,CENTER ST.,GARFIELD AVE.,792,W,N,B,-,Y,NA,NA,NA,NA,NA,NA,NA,NA,NA,Y,4,0,1,2,A,-,03,22350,NA,N,C,C,A,A,H,-,A,D,0,NA,NA,NA,NA,Y,NA,A,01,0,0,1,0,0,0,0,0,0,-,-,34.01576,-117.32923,RIVERSIDE,UNINCORPORATED,-117.32915532,34.01570426
90382061,2017,2017-01-31,9840,2017-01-24,0745,019361,NA,2,1,7,3313,0,1,3,NA,2,021,SR-91 E/B,JEFFERSON STREET,350,E,N,A,-,Y,NA,NA,91,NA,NA,NA,NA,NA,E,Y,4,0,2,4,A,-,03,22350,NA,N,C,C,A,A,H,-,A,D,0,NA,NA,NA,NA,Y,NA,D,22,0,0,2,0,0,0,0,0,0,-,-,33.93216,-117.41125,RIVERSIDE,RIVERSIDE,-117.41125844,33.93217496
90383347,2017,2017-02-01,9840,2017-01-09,0745,016853,NA,1,1,9,3300,0,3,5,NA,2,002,REDLANDS BLVD,SAN TIMOTEO CANYON RD,500,S,N,C,-,N,NA,NA,NA,NA,NA,NA,NA,NA,NA,Y,3,0,2,2,A,-,05,21460,A,N,A,C,A,B,H,-,A,D,0,NA,NA,NA,NA,Y,NA,A,01,0,2,0,0,0,0,0,0,0,-,-,33.59201,-117.09536,RIVERSIDE,UNINCORPORATED,-117.15417828,33.99133818
90385241,2017,2017-02-03,9840,2017-02-02,1140,012608,NA,4,1,4,3344,0,1,3,NA,2,010,SR-60 E/B TO I-15 N/B,MILLIKEN AVE,1954,E,N,A,-,Y,NA,NA,60,NA,NA,NA,R,NA,E,N,4,0,1,1,A,-,08,22107,NA,N,E,I,A,A,H,-,A,D,0,NA,NA,NA,NA,Y,NA,A,01,0,0,1,0,0,0,0,0,0,-,-,34.02177,-117.55817,RIVERSIDE,EASTVALE,-117.55817,34.02177
90385373,2017,2017-02-03,9840,2017-01-26,0610,016356,NA,4,1,6,3315,0,1,3,NA,2,311,SR-91 W/B,LINCOLN AVE,1000,E,N,A,-,Y,NA,NA,NA,NA,NA,NA,NA,NA,NA,Y,4,0,1,3,A,-,03,22350,NA,N,C,C,A,A,D,-,B,D,0,NA,NA,Y,NA,Y,NA,C,02,0,0,1,0,0,0,0,0,1,-,-,33.5253,-117.3441,RIVERSIDE,CORONA,-117.57922928,33.8815722
90386321,2017,2017-02-06,9630,2017-01-28,1839,021416,NA,6,2,9,3300,0,2,S,NA,2,501,HARRISON ST,AIRPORT BLVD,0,NA,Y,A,-,N,NA,NA,NA,NA,NA,NA,NA,NA,NA,Y,4,0,2,2,A,-,12,21453,A,N,D,C,A,A,H,-,C,A,0,NA,NA,NA,NA,Y,NA,A,01,0,0,2,0,0,0,0,0,0,-,-,33.64199,-116.18146,RIVERSIDE,UNINCORPORATED,-116.18118009,33.64204007