CASE_ID,ACCIDENT_YEAR,PROC_DATE,JURIS,COLLISION_DATE,COLLISION_TIME,OFFICER_ID,REPORTING_DISTRICT,DAY_OF_WEEK,CHP_SHIFT,POPULATION,CNTY_CITY_LOC,SPECIAL_COND,BEAT_TYPE,CHP_BEAT_TYPE,CITY_DIVISION_LAPD,CHP_BEAT_CLASS,BEAT_NUMBER,PRIMARY_RD,SECONDARY_RD,DISTANCE,DIRECTION,INTERSECTION,WEATHER_1,WEATHER_2,STATE_HWY_IND,CALTRANS_COUNTY,CALTRANS_DISTRICT,STATE_ROUTE,ROUTE_SUFFIX,POSTMILE_PREFIX,POSTMILE,LOCATION_TYPE,RAMP_INTERSECTION,SIDE_OF_HWY,TOW_AWAY,COLLISION_SEVERITY,NUMBER_KILLED,NUMBER_INJURED,PARTY_COUNT,PRIMARY_COLL_FACTOR,PCF_CODE_OF_VIOL,PCF_VIOL_CATEGORY,PCF_VIOLATION,PCF_VIOL_SUBSECTION,HIT_AND_RUN,TYPE_OF_COLLISION,MVIW,PED_ACTION,ROAD_SURFACE,ROAD_COND_1,ROAD_COND_2,LIGHTING,CONTROL_DEVICE,CHP_ROAD_TYPE,PEDESTRIAN_ACCIDENT,BICYCLE_ACCIDENT,MOTORCYCLE_ACCIDENT,TRUCK_ACCIDENT,NOT_PRIVATE_PROPERTY,ALCOHOL_INVOLVED,STWD_VEHTYPE_AT_FAULT,CHP_VEHTYPE_AT_FAULT,COUNT_SEVERE_INJ,COUNT_VISIBLE_INJ,COUNT_COMPLAINT_PAIN,COUNT_PED_KILLED,COUNT_PED_INJURED,COUNT_BICYCLIST_KILLED,COUNT_BICYCLIST_INJURED,COUNT_MC_KILLED,COUNT_MC_INJURED,PRIMARY_RAMP,SECONDARY_RAMP,LATITUDE,LONGITUDE,COUNTY,CITY,POINT_X,POINT_Y
90443167,2017,2017-04-27,9840,2017-04-18,0001,015802,NA,2,3,9,3300,0,3,5,NA,2,002,RECHE CANYON RD.,CENTER ST.,7392,S,N,A,-,N,NA,NA,NA,NA,NA,NA,NA,NA,NA,Y,4,0,1,1,A,-,08,22107,NA,N,E,J,A,A,H,-,D,D,0,NA,NA,NA,NA,Y,NA,A,07,0,0,1,0,0,0,0,0,0,-,-,34.00513,-117.2458,RIVERSIDE,UNINCORPORATED,-117.24608495,34.0052235
9044458,2020,2020-02-25,3300,2020-01-27,1335,N1673,38E2,1,5,4,3318,0,0,0,NA,0,T38,COUNTRY CLUB DR,VIA SCENA,0,NA,Y,A,-,N,NA,NA,NA,NA,NA,NA,NA,NA,NA,Y,4,0,2,2,A,-,12,21453,A,N,D,C,A,A,H,-,A,A,0,NA,NA,NA,NA,Y,NA,A,01,0,0,2,0,0,0,0,0,0,-,-,NA,NA,RIVERSIDE,PALM DESERT,-116.38812255859376,33.75796890258789
9044462,2020,2020-02-25,3300,2020-01-02,1445,4363,S20D3,4,5,3,3317,0,0,0,NA,0,MO829,BOB HOPE DR,KAVENISH WY,240,N,N,A,-,N,NA,NA,NA,NA,NA,NA,NA,NA,NA,N,2,0,1,2,A,-,08,22107,NA,F,H,G,A,A,H,-,A,D,0,NA,Y,NA,NA,Y,Y,L,04,1,0,0,0,0,0,1,0,0,-,-,33.76871871948242,-116.40811920166016,RIVERSIDE,RANCHO MIRAGE,-116.40823364257813,33.769527435302734
90445161,2017,2017-04-28,9630,2017-04-24,1010,018451,NA,1,1,9,3300,0,2,S,NA,2,404,VARNER ROAD,COOK STREET,20,E,N,B,-,N,NA,NA,NA,NA,NA,NA,NA,NA,NA,N,4,0,1,2,A,-,04,21703,NA,N,C,C,A,A,H,-,A,A,0,NA,NA,NA,NA,Y,NA,A,08,0,0,1,0,0,0,0,0,0,-,-,33.78865,-116.35318,RIVERSIDE,UNINCORPORATED,-116.35330666,33.78864593
90446234,2017,2017-05-01,9630,2017-04-22,1715,020061,NA,6,2,9,3300,0,1,1,NA,2,010,I-10 W/B,N. INDIAN CANYON DRIVE,4752,E,N,A,-,Y,NA,NA,NA,NA,NA,NA,NA,NA,NA,Y,3,0,3,1,A,-,08,22107,NA,N,E,I,A,A,H,-,A,D,0,NA,NA,NA,NA,Y,NA,A,07,0,3,0,0,0,0,0,0,0,-,-,33.90045,-116.53094,RIVERSIDE,UNINCORPORATED,-116.53086698,33.90033441
90447781,2017,2017-05-11,9840,2017-03-17,0208,015802,NA,5,3,7,3313,0,1,3,NA,2,021,SR-91 E/B,3RD ST.,36,E,N,A,-,Y,NA,NA,91,NA,NA,NA,NA,NA,E,Y,2,0,2,3,A,-,03,22350,NA,N,D,C,E,A,H,-,C,D,0,Y,NA,NA,NA,Y,Y,A,01,2,0,0,0,1,0,0,0,0,-,-,33.98475,-117.36546,RIVERSIDE,RIVERSIDE,-117.36535111,33.98467811
90451958,2017,2017-05-09,9840,2017-05-02,1345,016285,NA,2,1,9,3300,0,3,5,NA,2,004,BROWN STREET,MARTIN STREET,25,S,N,A,-,N,NA,NA,NA,NA,NA,NA,NA,NA,NA,Y,3,0,1,2,A,-,03,22350,NA,N,C,C,A,A,H,-,A,D,0,NA,NA,NA,NA,Y,NA,A,01,0,1,0,0,0,0,0,0,0,-,-,33.84441,-117.29636,RIVERSIDE,UNINCORPORATED,-117.29636057,33.84433151
90452938,2017,2017-05-10,9840,2017-05-06,0800,017802,NA,6,1,6,3345,0,1,3,NA,2,010,SR-60 W/B,VALLEY WAY,1200,E,N,A,-,Y,NA,NA,60,NA,NA,NA,NA,NA,W,Y,4,0,1,2,A,-,03,22350,NA,N,C,C,A,A,H,-,A,D,0,NA,NA,NA,NA,Y,NA,A,01,0,0,1,0,0,0,0,0,0,-,-,34.01064,-117.42971,RIVERSIDE,JURUPA VALLEY,-117.42971833,34.01061385
90453489,2017,2017-05-10,9630,2017-04-30,0355,020645,NA,7,3,9,3300,0,2,S,NA,2,502,HARRISON STREET,62ND AVENUE,1584,S,N,A,-,N,NA,NA,NA,NA,NA,NA,NA,NA,NA,Y,2,0,6,2,A,-,01,23152,F,N,A,C,A,A,H,-,D,D,0,NA,NA,NA,NA,Y,NA,A,01,2,3,1,0,0,0,0,0,0,-,-,33.59564,-116.18126,RIVERSIDE,UNINCORPORATED,-116.18128437,33.59405772
90453722,2017,2017-05-11,9840,2017-04-29,1955,019527,NA,6,2,7,3313,0,1,3,NA,2,020,SR-91 W/B,JACKSON ST,75,E,N,A,-,Y,NA,NA,91,NA,NA,NA,NA,NA,W,Y,3,0,2,3,A,-,07,21658,A,N,E,A,A,A,H,-,C,D,0,NA,NA,NA,NA,Y,Y,-,99,0,2,0,0,0,0,0,0,0,-,-,33.919200000000004,-117.43368,RIVERSIDE,RIVERSIDE,-117.43386972,33.91953561
90455204,2017,2017-05-15,9840,2017-05-05,1750,020723,NA,5,2,9,3300,0,3,5,NA,2,002,BOX SPRINGS RD,I-215 N/B,200,E,N,A,-,N,NA,NA,NA,NA,NA,NA,NA,NA,NA,N,3,0,1,2,A,-,08,22107,NA,F,B,C,A,A,H,-,A,D,0,NA,NA,Y,NA,Y,NA,D,22,0,1,0,0,0,0,0,0,1,-,-,33.94899,-117.30051,RIVERSIDE,UNINCORPORATED,-117.30088592,33.94863335
90456240,2017,2017-05-15,9840,2017-05-08,1315,019501,NA,1,1,6,3394,0,1,3,NA,2,025,SR-60 W/B,FREDERICK ST,950,W,N,A,-,Y,NA,NA,60,NA,NA,NA,NA,NA,W,Y,4,0,1,4,A,-,08,22107,NA,N,B,C,A,A,H,-,A,D,0,NA,NA,NA,NA,Y,NA,A,01,0,0,1,0,0,0,0,0,0,-,-,33.94102,-117.26509,RIVERSIDE,MORENO VALLEY,-117.26508743,33.94086972
90456689,2017,2017-05-16,9630,2017-05-07,0234,021556,NA,7,3,9,3300,0,1,3,NA,2,086,SR-86 S/B,52ND AVE,1056,S,N,A,-,Y,NA,NA,86,NA,NA,NA,NA,NA,S,Y,3,0,1,1,A,-,08,22107,NA,N,E,I,A,A,H,-,D,D,0,NA,NA,NA,NA,Y,NA,A,01,0,1,0,0,0,0,0,0,0,-,-,33.67057,-116.14524,RIVERSIDE,UNINCORPORATED,-116.14520937,33.6705891
90456724,2017,2017-05-16,9660,2017-05-12,1120,019600,NA,5,1,9,3300,0,1,2,NA,2,038,US-95,RANCHOS WAY,2112,N,N,A,-,Y,NA,NA,95,NA,NA,NA,NA,NA,NA,Y,3,0,1,1,A,-,08,22107,NA,N,E,I,A,A,H,-,A,D,0,NA,NA,NA,NA,Y,NA,A,01,0,1,0,0,0,0,0,0,0,-,-,33.81514,-114.53196,RIVERSIDE,UNINCORPORATED,-114.53202414,33.81512231
90459013,2017,2017-05-18,9685,2017-05-10,0215,014676,NA,3,3,4,3342,0,1,1,NA,2,030,I-15 NORTHBOUND TO CALIFORNIA OAKS RD.,CALIFORNIA OAKS RD.,528,S,N,B,-,Y,NA,NA,15,NA,NA,NA,R,NA,N,Y,3,0,1,1,A,-,01,23152,A,N,F,A,A,A,H,-,C,D,0,NA,NA,NA,NA,Y,Y,A,01,0,1,0,0,0,0,0,0,0,-,-,33.5655,-117.20531,RIVERSIDE,MURRIETA,-117.20531,33.5655
90459439,2017,2017-05-19,9840,2017-05-17,0748,016853,NA,3,1,7,3313,0,1,1,NA,2,024,I-215 N/B,ALESSANDRO BLVD,1100,N,N,B,-,Y,NA,NA,NA,NA,NA,NA,NA,NA,NA,N,4,0,1,3,A,-,03,22350,NA,N,C,C,A,A,H,-,A,D,0,NA,NA,NA,NA,Y,NA,A,07,0,0,1,0,0,0,0,0,0,-,-,33.55491,-117.17331,RIVERSIDE,RIVERSIDE,-117.28831584,33.91978063
9045961,2019,2020-02-21,3300,2019-12-31,1256,4468,905K,2,5,4,3307,0,0,0,NA,0,093,MACHADO ST,GRANT DR,160,N,N,A,-,N,NA,NA,NA,NA,NA,NA,NA,NA,NA,N,4,0,2,2,A,-,08,22103,NA,N,D,C,A,A,H,-,A,D,0,NA,NA,NA,NA,Y,NA,D,22,0,0,2,0,0,0,0,0,0,-,-,33.679161071777344,-117.38382720947266,RIVERSIDE,LAKE ELSINORE,-117.38416290283205,33.67738723754883
9045973,2020,2020-02-25,3300,2020-01-13,0708,4254,905K,1,5,4,3307,0,0,0,NA,0,094,LAKE ST,RT 15,14,N,N,E,-,N,NA,NA,NA,NA,NA,NA,NA,NA,NA,N,4,0,2,2,A,-,03,22350,NA,N,C,C,A,A,H,-,A,A,0,NA,NA,NA,NA,Y,NA,A,01,0,0,2,0,0,0,0,0,0,-,-,NA,NA,RIVERSIDE,LAKE ELSINORE,-117.3935775756836,33.73021697998047
90461827,2017,2017-05-23,9685,2017-05-15,1224,016944,NA,1,1,9,3300,0,1,3,NA,1,031,WINCHESTER RD. S/B,THOMPSON RD.,200,N,N,A,-,N,NA,NA,NA,NA,NA,NA,NA,NA,NA,Y,4,0,3,4,A,-,03,22350,NA,N,C,C,A,A,H,-,A,D,0,NA,NA,NA,NA,Y,NA,A,07,0,0,3,0,0,0,0,0,0,-,-,33.59986,-117.11699,RIVERSIDE,UNINCORPORATED,-117.11810486,33.59849018
90462809,2017,2017-05-24,9655,2017-05-09,1740,017582,NA,2,2,9,3300,0,1,1,NA,2,206,I-10 E/B,WHITEWATER CUTOFF,2640,E,N,B,-,Y,NA,NA,10,NA,NA,NA,NA,NA,E,Y,2,0,2,2,A,-,07,21658,A,N,B,C,A,A,H,-,A,D,0,NA,NA,NA,NA,Y,NA,D,22,1,1,0,0,0,0,0,0,0,-,-,33.92293,-116.63695,RIVERSIDE,UNINCORPORATED,-116.63692607,33.92304715
90463410,2017,2017-05-25,9840,2017-05-12,2020,018949,NA,5,2,9,3300,0,1,1,NA,2,037,I-15 N/B,LAKE ST,5200,N,N,A,-,Y,NA,NA,15,NA,NA,NA,NA,NA,N,Y,4,0,1,2,A,-,07,21658,A,N,B,C,A,A,H,-,D,D,0,NA,NA,NA,NA,Y,NA,-,-,0,0,1,0,0,0,0,0,0,-,-,33.73352,-117.41145,RIVERSIDE,UNINCORPORATED,-117.41145031,33.73353042
90467029,2017,2017-05-30,9630,2017-05-17,0735,016674,NA,3,1,4,3309,0,1,1,NA,2,021,INTERSTATE 10 WESTBOUND,MONROE STREET,2640,W,N,A,-,Y,NA,NA,10,NA,NA,NA,NA,NA,W,Y,3,0,1,1,A,-,08,22107,NA,N,E,I,A,A,H,-,A,D,0,NA,NA,NA,NA,Y,NA,D,22,0,1,0,0,0,0,0,0,0,-,-,33.738550000000004,-116.24307,RIVERSIDE,INDIO,-116.24306812,33.73843694
9046731,2020,2020-02-20,3300,2020-01-02,2345,4024,905K,4,5,4,3307,0,0,0,NA,0,094,LAKE ST,MOUNTAIN ST,250,W,N,A,-,N,NA,NA,NA,NA,NA,NA,NA,NA,NA,NA,3,0,1,2,A,-,08,22107,NA,F,H,G,A,A,H,-,C,D,0,NA,Y,NA,NA,Y,Y,-,99,0,1,0,0,0,0,1,0,0,-,-,33.70072937011719,-117.38935089111328,RIVERSIDE,LAKE ELSINORE,-117.39012908935548,33.698490142822266
9046756,2020,2020-05-27,3313,2020-02-02,1149,1827,1,7,5,7,3313,0,0,0,NA,0,T43,MARKET ST,TWELFTH ST,0,NA,Y,A,-,N,NA,NA,NA,NA,NA,NA,NA,NA,NA,N,3,0,3,2,A,-,09,21801,A,N,A,C,A,A,H,-,A,A,0,NA,NA,NA,NA,Y,NA,A,01,0,2,1,0,0,0,0,0,0,-,-,33.978660583496094,-117.37847137451172,RIVERSIDE,RIVERSIDE,-117.37831115722656,33.97861862182617
90467706,2017,2017-05-31,9840,2017-05-19,1540,018221,NA,5,2,9,3300,0,1,1,NA,2,034,I-15 N/B,DOS LAGOS DR.,1500,S,N,A,-,Y,NA,NA,15,NA,NA,NA,NA,NA,N,Y,4,0,1,3,A,-,03,22350,NA,N,C,C,A,A,H,-,A,D,0,NA,NA,NA,NA,Y,NA,A,01,0,0,1,0,0,0,0,0,0,-,-,33.80225,-117.50479,RIVERSIDE,UNINCORPORATED,-117.50478084,33.80225636
90470011,2017,2017-06-02,9630,2017-05-24,0347,021556,NA,3,3,4,3311,0,1,1,NA,2,010,I-10 W/B,N. INDIAN CANYON DR.,2640,W,N,A,-,Y,NA,NA,10,NA,NA,NA,NA,NA,W,Y,3,0,1,2,A,-,03,22350,NA,N,C,C,A,A,H,-,D,D,0,NA,NA,NA,Y,Y,NA,D,22,0,1,0,0,0,0,0,0,0,-,-,33.90506,-116.55377,RIVERSIDE,PALM SPRINGS,-116.55376957,33.90501309
90471417,2017,2017-06-06,9655,2017-05-25,0750,019796,NA,4,1,9,3300,0,2,4,NA,2,322,STETSON AVE.,YALE DR.,130,E,N,B,-,N,NA,NA,NA,NA,NA,NA,NA,NA,NA,N,3,0,1,2,A,-,08,22107,NA,N,D,G,A,A,H,-,A,D,0,NA,Y,NA,NA,Y,NA,L,04,0,1,0,0,0,0,1,0,0,-,-,33.72959,-116.94946,RIVERSIDE,UNINCORPORATED,-116.94938394,33.72950275
90471985,2017,2017-06-06,9660,2017-05-29,1721,019456,NA,1,2,9,3300,0,1,1,NA,2,030,E/B I-10,CORN SPRINGS ROAD O/C,15840,E,N,A,-,Y,NA,NA,10,NA,NA,NA,NA,NA,NA,Y,4,0,2,3,A,-,03,22350,NA,N,C,C,A,A,H,-,A,D,0,NA,NA,NA,NA,Y,NA,A,01,0,0,2,0,0,0,0,0,0,-,-,33.66768,-115.19383,RIVERSIDE,UNINCORPORATED,-115.19388349,33.66750155
90472193,2017,2017-06-06,9840,2017-06-03,1243,017893,NA,6,1,6,3315,0,1,1,NA,2,034,TEMESCAL CANYON ROAD,TOM BARNES ST.,20,S,N,A,-,N,NA,NA,NA,NA,NA,NA,NA,NA,NA,N,4,0,4,2,A,-,03,22350,NA,N,C,C,A,A,H,-,A,A,0,NA,NA,NA,NA,Y,NA,A,07,0,0,4,0,0,0,0,0,0,-,-,33.8286,-117.5141,RIVERSIDE,CORONA,-117.51435179,33.82860542
90473725,2017,2017-06-08,9655,2017-05-31,1550,014743,NA,3,2,9,3300,0,1,3,NA,2,212,SR-60 W/B,JACKRABBIT TRAIL,17424,W,N,B,-,Y,NA,NA,60,NA,NA,NA,NA,NA,W,Y,3,0,1,1,A,-,08,22107,NA,N,E,I,A,A,H,-,A,D,0,NA,NA,NA,NA,Y,NA,A,01,0,1,0,0,0,0,0,0,0,-,-,33.94315,-117.08486,RIVERSIDE,UNINCORPORATED,-117.08486758,33.94319916
90473745,2017,2017-06-08,9685,2017-06-02,1250,013562,NA,5,1,4,3342,0,1,1,NA,2,034,I-215 SOUTHBOUND,LINNEL LANE,420,S,N,A,-,Y,NA,NA,215,NA,NA,NA,NA,NA,S,N,4,0,1,2,A,-,08,22107,NA,N,B,C,A,A,H,-,A,D,0,NA,NA,NA,NA,Y,NA,A,01,0,0,1,0,0,0,0,0,0,-,-,33.60436,-117.1718,RIVERSIDE,MURRIETA,-117.17166797,33.60435655
90473977,2017,2017-06-08,9685,2017-06-03,1745,015957,NA,6,2,5,3341,0,1,1,NA,2,020,I-215 N/B,NEWPORT RD,350,N,N,A,-,Y,NA,NA,215,NA,NA,NA,NA,NA,N,Y,2,0,1,2,A,-,01,23152,A,N,C,C,A,A,H,-,A,D,0,NA,NA,Y,NA,Y,Y,C,02,1,0,0,0,0,0,0,0,1,-,-,33.68811,-117.17275,RIVERSIDE,MENIFEE,-117.17271439,33.68813381
90474479,2017,2017-06-12,9685,2017-06-07,1251,016944,NA,3,1,5,3335,0,1,1,NA,2,030,I-15 S/B,TEMECULA PKWY.,5280,S,N,A,-,Y,NA,NA,15,NA,NA,NA,NA,NA,S,N,4,0,1,3,A,-,03,22350,NA,N,C,C,A,A,H,-,A,D,0,NA,NA,NA,NA,Y,NA,A,01,0,0,1,0,0,0,0,0,0,-,-,33.46441,-117.13658,RIVERSIDE,TEMECULA,-117.13659403,33.46441085
90474653,2017,2017-06-09,9655,2017-06-03,2348,019234,NA,6,3,9,3300,0,3,5,NA,2,003,DOMENIGONI PKY,SR-79,5280,E,N,A,-,N,NA,NA,NA,NA,NA,NA,NA,NA,NA,Y,2,0,1,1,A,-,08,22107,NA,N,E,I,A,A,H,-,E,D,0,NA,NA,NA,NA,Y,NA,A,01,1,0,0,0,0,0,0,0,0,-,-,33.69681,-117.00676,RIVERSIDE,UNINCORPORATED,-117.06760328,33.69672507
90474866,2017,2017-06-09,9630,2017-06-03,1030,018451,NA,6,1,3,3305,0,1,3,NA,2,086,SR-86 S/B,50TH AVE,3696,N,N,A,-,Y,NA,NA,86,NA,NA,NA,NA,NA,S,Y,3,0,3,1,A,-,08,22107,NA,N,F,A,A,A,H,-,A,D,0,NA,NA,NA,NA,Y,NA,A,01,0,3,0,0,0,0,0,0,0,-,-,33.69639,-116.17285,RIVERSIDE,COACHELLA,-116.17291253,33.69635359
90475795,2017,2017-06-12,9685,2017-06-01,0645,017013,NA,4,1,5,3335,0,1,1,NA,2,030,I-15 SOUTHBOUND,WINCHESTER ROAD,75,S,N,A,-,Y,NA,NA,15,NA,NA,NA,NA,NA,S,Y,4,0,1,2,A,-,03,22350,NA,N,B,C,A,A,H,-,B,D,0,NA,NA,Y,NA,Y,NA,C,02,0,0,1,0,0,0,0,0,1,-,-,33.52128,-117.16231,RIVERSIDE,TEMECULA,-117.16235874,33.5212473
90475815,2017,2017-06-12,9685,2017-06-02,0025,016838,NA,5,3,4,3342,0,1,1,NA,2,030,I-15 S/B,I-215,1800,S,N,B,-,Y,NA,NA,15,NA,NA,NA,NA,NA,S,Y,3,0,2,1,A,-,08,22107,NA,F,E,I,A,A,H,-,D,D,0,NA,NA,NA,NA,Y,Y,A,01,0,2,0,0,0,0,0,0,0,-,-,33.54074,-117.17563,RIVERSIDE,MURRIETA,-117.1754393,33.54086688
90477662,2017,2017-06-14,9840,2017-06-06,1100,012208,NA,2,1,9,3300,0,3,5,NA,2,003,TEMESCAL CANYON ROAD {N/B},CAMPBELL RANCH ROAD,0,NA,Y,A,-,N,NA,NA,NA,NA,NA,NA,NA,NA,NA,Y,4,0,1,2,A,-,12,21453,A,N,D,C,A,A,H,-,A,A,0,NA,NA,NA,Y,Y,NA,A,01,0,0,1,0,0,0,0,0,0,-,-,33.76159,-117.47369,RIVERSIDE,UNINCORPORATED,-117.473738,33.761633
90478432,2017,2017-06-15,9840,2017-05-29,0633,019242,NA,1,1,7,3313,0,1,1,NA,2,024,I-215 S/B,ALESSANDRO BLVD,1200,N,N,A,-,Y,NA,NA,215,NA,NA,NA,NA,NA,S,N,4,0,1,2,A,-,01,23152,A,N,C,C,A,A,H,-,A,D,0,NA,NA,NA,Y,Y,Y,D,22,0,0,1,0,0,0,0,0,0,-,-,33.924,-117.2888,RIVERSIDE,RIVERSIDE,-117.28877304,33.92400071
90479574,2017,2017-06-16,9630,2017-06-07,1645,015339,NA,3,2,9,3300,0,2,S,NA,2,404,VARNER RD.,MONTEREY AVE.,0,NA,Y,A,-,N,NA,NA,NA,NA,NA,NA,NA,NA,NA,Y,4,0,1,2,A,-,12,21453,A,N,D,C,A,A,H,-,A,A,0,NA,NA,NA,NA,Y,NA,D,22,0,0,1,0,0,0,0,0,0,-,-,33.80826,-116.38886,RIVERSIDE,UNINCORPORATED,-116.38818002,33.80802006
90480908,2017,2017-06-19,9655,2017-06-11,1045,020350,NA,7,1,9,3300,0,1,3,NA,1,116,SR-74,MCCALL PARK ROAD,150,E,N,B,-,Y,NA,NA,74,NA,NA,NA,NA,NA,NA,N,2,0,1,1,A,-,08,22107,NA,N,E,I,A,A,H,-,A,D,0,NA,NA,Y,NA,Y,NA,C,02,1,0,0,0,0,0,0,0,1,-,-,33.70537,-116.73126,RIVERSIDE,UNINCORPORATED,-116.73126393,33.70542477
90481147,2017,2017-06-19,9655,2017-06-11,1315,017263,NA,7,1,9,3300,0,3,5,NA,2,003,BETHLAM AVE,FAIRVIEW AVE,0,NA,Y,A,-,N,NA,NA,NA,NA,NA,NA,NA,NA,NA,Y,4,0,1,2,A,-,09,21802,A,N,D,C,A,A,H,-,A,A,0,NA,NA,NA,NA,Y,NA,A,07,0,0,1,0,0,0,0,0,0,-,-,33.75932,-116.89389,RIVERSIDE,UNINCORPORATED,-116.89426007,33.75917007
90481404,2017,2017-06-20,9840,2017-06-03,0224,019527,NA,6,3,7,3313,0,1,1,NA,2,022,I-215 N/B,CENTER ST,1000,S,N,A,-,Y,NA,NA,215,NA,NA,NA,NA,NA,N,Y,4,0,1,2,A,-,03,22350,NA,N,C,C,A,A,H,-,C,D,0,NA,NA,NA,NA,Y,NA,A,01,0,0,1,0,0,0,0,0,0,-,-,34.01193,-117.34486,RIVERSIDE,RIVERSIDE,-117.34483312,34.01191197
9048216,2019,2020-02-25,3300,2019-10-14,0910,3290,916C,1,5,4,3312,0,0,0,NA,0,034,4TH ST,A ST,72,W,N,A,-,N,NA,NA,NA,NA,NA,NA,NA,NA,NA,N,4,0,1,2,A,-,03,22350,NA,N,C,C,A,A,H,-,A,A,0,NA,NA,NA,NA,Y,NA,A,01,0,0,1,0,0,0,0,0,0,-,-,33.7823600769043,-117.23475646972656,RIVERSIDE,PERRIS,-117.23499298095705,33.7823486328125
9048479,2020,2020-05-18,3300,2020-01-09,1007,5221,36Q3,4,5,4,3318,0,0,0,NA,0,MO872,FRED WARING DR,SAN PABLO AV,0,NA,Y,A,-,N,NA,NA,NA,NA,NA,NA,NA,NA,NA,Y,4,0,1,3,A,-,12,21453,A,N,D,C,A,A,H,-,A,A,0,NA,NA,NA,NA,Y,NA,A,01,0,0,1,0,0,0,0,0,0,-,-,33.728729248046875,-116.3826904296875,RIVERSIDE,PALM DESERT,-116.38253021240234,33.7288818359375
90486559,2017,2017-06-23,9840,2017-06-21,0755,015705,NA,3,1,6,3315,0,1,3,NA,2,311,SR-91 E/B,BUCHANAN ST,377,W,N,A,-,Y,NA,NA,91,NA,NA,NA,NA,NA,E,Y,4,0,3,6,A,-,03,22350,NA,N,C,C,A,A,H,-,A,D,0,NA,NA,NA,NA,Y,NA,A,07,0,0,3,0,0,0,0,0,0,-,-,33.89368,-117.50195,RIVERSIDE,CORONA,-117.50198004,33.89374278
90489278,2017,2017-06-28,9840,2017-06-22,0900,016356,NA,4,1,6,3315,0,1,3,NA,2,030,SR-91 W/B,MAPLE AVE,100,W,N,A,-,Y,NA,NA,NA,NA,NA,NA,NA,NA,NA,Y,3,0,1,4,A,-,03,22350,NA,N,B,C,A,A,H,-,A,D,0,NA,NA,Y,NA,Y,NA,C,02,0,1,0,0,0,0,0,0,1,-,-,33.5254,-117.3649,RIVERSIDE,CORONA,NA,NA
90489986,2017,2017-06-28,9840,2017-06-25,1150,019501,NA,7,1,6,3315,0,1,3,NA,2,031,SR-91 E/B,BUCHANAN ST,528,W,N,A,-,Y,NA,NA,NA,NA,NA,NA,NA,NA,NA,N,3,0,1,2,A,-,03,22350,NA,N,C,C,A,A,H,-,A,D,0,NA,NA,NA,NA,Y,NA,A,01,0,1,0,0,0,0,0,0,0,-,-,33.53238,-117.29598,RIVERSIDE,CORONA,-117.50283336,33.89352789
90490529,2017,2017-06-29,9685,2017-06-15,0754,009983,NA,4,1,5,3341,0,1,1,NA,2,020,I-215 SOUTHBOUND,SCOTT ROAD,5580,S,N,A,-,Y,NA,NA,NA,NA,NA,NA,NA,NA,NA,Y,3,0,3,1,C,-,18,NA,NA,N,E,I,A,A,H,-,A,D,0,NA,NA,NA,NA,Y,NA,-,-,0,2,1,0,0,0,0,0,0,-,-,33.62137,-117.17142,RIVERSIDE,MENIFEE,-117.17129361,33.62626524
90493604,2017,2017-07-04,9655,2017-06-26,1730,018587,NA,1,2,9,3300,0,1,3,NA,2,212,SR-60 E/B,GILMAN SPRINGS RD,12144,E,N,A,-,Y,NA,NA,60,NA,NA,NA,NA,NA,E,Y,4,0,2,4,A,-,03,22350,NA,N,C,C,A,A,H,-,A,D,0,NA,NA,NA,NA,Y,NA,A,01,0,0,2,0,0,0,0,0,0,-,-,33.94245,-117.08734,RIVERSIDE,UNINCORPORATED,-117.08733656,33.94243922
90493990,2017,2017-07-05,9685,2017-06-25,0915,017285,NA,7,1,9,3300,0,1,3,NA,2,011,SR-74,MORRILL CANYON CREEK,200,W,N,A,-,Y,NA,NA,74,NA,NA,NA,NA,NA,NA,Y,4,0,1,1,A,-,08,22107,NA,N,F,A,A,A,H,-,A,D,0,NA,NA,Y,NA,Y,NA,C,02,0,0,1,0,0,0,0,0,1,-,-,33.65455,-117.39665,RIVERSIDE,UNINCORPORATED,-117.39607305,33.65489144
90494700,2017,2017-07-06,9685,2017-06-26,1225,013006,NA,1,1,4,3342,0,1,1,NA,2,034,I-215 SOUTHBOUND,LOS ALAMOS ROAD,1650,S,N,A,-,Y,NA,NA,NA,NA,NA,NA,NA,NA,NA,Y,3,0,4,3,A,-,03,22350,NA,N,B,C,A,A,H,-,A,D,0,NA,NA,NA,NA,Y,NA,A,01,0,1,3,0,0,0,0,0,0,-,-,33.340559999999996,-117.10518,RIVERSIDE,MURRIETA,-117.181,33.56833018
90496563,2017,2017-07-10,9685,2017-06-24,2215,017304,NA,6,3,9,3300,0,3,5,NA,2,001,ROME HILL ROAD,GRAND AVE,200,E,N,A,-,N,NA,NA,NA,NA,NA,NA,NA,NA,NA,N,4,0,1,3,A,-,08,22107,NA,N,D,E,A,A,H,-,C,D,0,NA,NA,NA,NA,Y,NA,D,22,0,0,1,0,0,0,0,0,0,-,-,33.37351,-117.19215,RIVERSIDE,UNINCORPORATED,-117.32279207,33.62615151
90497772,2017,2017-07-11,9630,2017-06-30,1335,019860,NA,5,1,9,3300,0,1,1,NA,2,021,I-10 E/B,COOK ST,3168,W,N,A,-,Y,NA,NA,10,NA,NA,NA,NA,NA,E,Y,4,0,2,4,A,-,08,22107,NA,N,E,I,A,A,H,-,A,D,0,NA,NA,NA,NA,Y,NA,D,22,0,0,2,0,0,0,0,0,0,-,-,33.79641,-116.3722,RIVERSIDE,UNINCORPORATED,-116.37225823,33.79631174
90498382,2017,2017-07-11,9840,2017-07-09,1325,021177,NA,7,1,6,3315,0,1,3,NA,2,031,STATE ROUTE 91 W/B,LINCOLN AVENUE,100,E,N,A,-,Y,NA,NA,91,NA,NA,NA,NA,NA,W,N,4,0,1,3,A,-,03,22350,NA,N,C,C,A,A,H,-,E,D,0,NA,NA,NA,NA,Y,NA,A,01,0,0,1,0,0,0,0,0,0,-,-,33.88175,-117.58055,RIVERSIDE,CORONA,-117.58055103,33.88174047