CASE_ID,ACCIDENT_YEAR,PROC_DATE,JURIS,COLLISION_DATE,COLLISION_TIME,OFFICER_ID,REPORTING_DISTRICT,DAY_OF_WEEK,CHP_SHIFT,POPULATION,CNTY_CITY_LOC,SPECIAL_COND,BEAT_TYPE,CHP_BEAT_TYPE,CITY_DIVISION_LAPD,CHP_BEAT_CLASS,BEAT_NUMBER,PRIMARY_RD,SECONDARY_RD,DISTANCE,DIRECTION,INTERSECTION,WEATHER_1,WEATHER_2,STATE_HWY_IND,CALTRANS_COUNTY,CALTRANS_DISTRICT,STATE_ROUTE,ROUTE_SUFFIX,POSTMILE_PREFIX,POSTMILE,LOCATION_TYPE,RAMP_INTERSECTION,SIDE_OF_HWY,TOW_AWAY,COLLISION_SEVERITY,NUMBER_KILLED,NUMBER_INJURED,PARTY_COUNT,PRIMARY_COLL_FACTOR,PCF_CODE_OF_VIOL,PCF_VIOL_CATEGORY,PCF_VIOLATION,PCF_VIOL_SUBSECTION,HIT_AND_RUN,TYPE_OF_COLLISION,MVIW,PED_ACTION,ROAD_SURFACE,ROAD_COND_1,ROAD_COND_2,LIGHTING,CONTROL_DEVICE,CHP_ROAD_TYPE,PEDESTRIAN_ACCIDENT,BICYCLE_ACCIDENT,MOTORCYCLE_ACCIDENT,TRUCK_ACCIDENT,NOT_PRIVATE_PROPERTY,ALCOHOL_INVOLVED,STWD_VEHTYPE_AT_FAULT,CHP_VEHTYPE_AT_FAULT,COUNT_SEVERE_INJ,COUNT_VISIBLE_INJ,COUNT_COMPLAINT_PAIN,COUNT_PED_KILLED,COUNT_PED_INJURED,COUNT_BICYCLIST_KILLED,COUNT_BICYCLIST_INJURED,COUNT_MC_KILLED,COUNT_MC_INJURED,PRIMARY_RAMP,SECONDARY_RAMP,LATITUDE,LONGITUDE,COUNTY,CITY,POINT_X,POINT_Y
90749164,2018,2018-06-15,9630,2018-06-09,1816,021162,NA,6,2,9,3300,0,1,3,NA,2,015,SR-62 W/B,NORTH INDIAN CYN,3696,E,N,A,-,Y,NA,NA,62,NA,NA,NA,NA,NA,W,Y,3,0,1,1,A,-,08,22107,NA,N,E,I,A,A,H,-,A,D,0,NA,NA,NA,NA,Y,NA,A,01,0,1,0,0,0,0,0,0,0,-,-,34.01741027832031,-116.58119201660156,RIVERSIDE,UNINCORPORATED,-116.58109283447266,34.0174446105957
90750729,2018,2018-06-19,9840,2018-06-12,0848,021096,NA,2,1,7,3313,0,1,3,NA,2,020,SR-91 W/B,TYLER ST.,950,E,N,A,-,Y,NA,NA,91,NA,NA,NA,NA,NA,W,Y,4,0,1,3,A,-,03,22350,NA,N,C,C,A,A,H,-,A,D,0,NA,NA,NA,NA,Y,NA,A,07,0,0,1,0,0,0,0,0,0,-,-,33.90837097167969,-117.45339965820313,RIVERSIDE,RIVERSIDE,-117.45340728759766,33.908382415771484
90751519,2018,2018-06-19,9630,2018-06-12,0620,015876,NA,2,1,4,3311,0,1,1,NA,2,010,I-10 E/B,N. INDIAN CANYON DRIVE,1584,W,N,A,-,Y,NA,NA,10,NA,NA,NA,NA,NA,E,Y,3,0,1,1,A,-,05,21650,NA,N,E,I,A,A,H,-,A,D,0,NA,NA,NA,NA,Y,NA,A,01,0,1,0,0,0,0,0,0,0,-,-,33.90468978881836,-116.55474853515624,RIVERSIDE,PALM SPRINGS,-116.55474853515624,33.90473556518555
90752025,2018,2018-06-20,9655,2018-06-10,1425,019267,NA,7,2,9,3300,0,3,5,NA,2,002,SR-79,ORCHARD ST,0,NA,Y,A,-,Y,NA,NA,NA,NA,NA,NA,NA,NA,NA,Y,4,0,2,2,A,-,09,21802,A,N,D,C,A,A,H,-,A,D,0,NA,NA,NA,NA,Y,NA,A,01,0,0,2,0,0,0,0,0,0,-,-,33.97600173950195,-116.97727966308594,RIVERSIDE,UNINCORPORATED,NA,NA
90752614,2018,2018-06-21,9840,2018-06-15,1250,020360,NA,5,1,9,3300,0,3,5,NA,2,002,FAIR ISLE DR,I-215,100,E,N,A,-,N,NA,NA,NA,NA,NA,NA,NA,NA,NA,N,4,0,1,2,A,-,08,22101,D,N,D,C,A,A,H,-,A,A,0,NA,NA,NA,NA,Y,NA,A,07,0,0,1,0,0,0,0,0,0,-,-,33.94868850708008,-117.3010025024414,RIVERSIDE,UNINCORPORATED,NA,NA
90753649,2018,2018-06-22,9840,2018-06-15,1058,018221,NA,5,1,7,3313,0,1,3,NA,2,020,SR-91 W/B,MAGNOLIA AVE.,1000,E,N,A,-,Y,NA,NA,91,NA,NA,NA,NA,NA,W,N,3,0,1,1,A,-,03,22350,NA,N,F,A,A,A,H,-,A,D,0,NA,NA,Y,NA,Y,NA,C,02,0,1,0,0,0,0,0,0,1,-,-,33.89714050292969,-117.48705291748048,RIVERSIDE,RIVERSIDE,-117.48705291748048,33.897098541259766
90754586,2018,2018-06-25,9655,2018-06-13,1833,018708,NA,3,2,9,3300,0,1,3,NA,2,213,SR-79,DOMENIGONI PKY,0,NA,Y,A,-,Y,NA,NA,79,NA,NA,NA,NA,NA,NA,Y,3,0,2,2,A,-,12,21453,A,N,D,C,A,A,H,-,A,A,0,NA,NA,NA,NA,Y,NA,D,22,0,2,0,0,0,0,0,0,0,-,-,33.69609832763672,-117.0849380493164,RIVERSIDE,UNINCORPORATED,-117.08486938476563,33.696102142333984
90754644,2018,2018-06-25,9840,2018-05-28,1600,015789,NA,1,2,6,3315,0,1,1,NA,2,034,I-15 N/B,DOS LAGOS DRIVE,528,S,N,A,-,Y,NA,NA,15,NA,NA,NA,NA,NA,N,N,4,0,1,2,A,-,03,22350,NA,F,C,C,A,A,H,-,A,D,0,NA,NA,NA,NA,Y,NA,D,22,0,0,1,0,0,0,0,0,0,-,-,33.80569839477539,-117.50640106201172,RIVERSIDE,CORONA,-117.50651550292967,33.80563735961914
90756308,2018,2018-06-26,9685,2018-06-12,2320,017304,NA,2,3,9,3300,0,1,3,NA,1,045,SR-371 N/B,SR-79,2640,N,N,A,-,Y,NA,NA,NA,NA,NA,NA,NA,NA,NA,Y,3,0,1,1,A,-,08,22107,NA,N,F,I,A,A,H,-,D,D,0,NA,NA,NA,NA,Y,NA,A,01,0,1,0,0,0,0,0,0,0,-,-,33.0000114440918,-117.00000762939452,RIVERSIDE,UNINCORPORATED,-116.85696411132813,33.447364807128906
9075731,2020,2020-05-16,3311,2020-02-25,0805,16136,NA,2,5,4,3311,0,0,0,NA,0,003,SOUTH SUNRISE WY,E BARISTO RD,0,NA,Y,A,-,N,NA,NA,NA,NA,NA,NA,NA,NA,NA,Y,3,0,4,2,A,-,09,21801,A,N,D,C,A,A,H,-,A,A,0,NA,NA,NA,NA,Y,NA,A,01,0,2,2,0,0,0,0,0,0,-,-,NA,NA,RIVERSIDE,PALM SPRINGS,-116.52822875976563,33.819488525390625
90757830,2018,2018-06-28,9840,2018-06-17,0830,021261,NA,7,1,6,3315,0,1,3,NA,2,031,SR-91 W/B,I-15,2300,E,N,A,-,Y,NA,NA,91,NA,NA,NA,NA,NA,W,Y,4,0,1,2,A,-,07,21658,A,N,B,C,A,A,H,-,A,D,0,NA,NA,NA,NA,Y,NA,-,-,0,0,1,0,0,0,0,0,0,-,-,33.883338928222656,-117.53996276855467,RIVERSIDE,CORONA,-117.53996276855467,33.88338851928711
90757933,2018,2018-06-28,9655,2018-06-22,1459,018383,NA,5,2,4,3301,0,1,1,NA,2,204,I-10 W/B TO 8TH ST,8TH ST,589,E,N,A,-,Y,NA,NA,10,NA,NA,NA,R,NA,W,Y,3,0,1,2,A,-,03,22350,NA,N,C,C,A,A,H,-,A,D,0,NA,NA,NA,Y,Y,NA,A,01,0,1,0,0,0,0,0,0,0,-,-,33.92449951171875,-116.88340759277344,RIVERSIDE,BANNING,-116.88340759277344,33.92449951171875
90759502,2018,2018-06-29,9840,2018-06-23,0415,019492,NA,6,3,6,3315,0,1,3,NA,2,031,SR-91 W/B,MCKINLEY ST.,800,W,N,A,-,Y,NA,NA,91,NA,NA,NA,NA,NA,W,Y,4,0,1,2,A,-,03,22350,NA,N,C,C,A,A,H,-,C,D,0,NA,NA,NA,NA,Y,NA,A,01,0,0,1,0,0,0,0,0,0,-,-,33.88486862182617,-117.52134704589844,RIVERSIDE,CORONA,-117.52136993408205,33.88494110107422
90759515,2018,2018-06-29,9630,2018-06-27,0315,019807,NA,3,3,9,3300,0,3,5,NA,2,001,N. INDIAN CANYON DR.,SR-62,9504,E,N,A,-,N,NA,NA,NA,NA,NA,NA,NA,NA,NA,Y,3,0,1,1,A,-,01,23152,A,N,F,A,A,A,H,-,D,D,0,NA,NA,NA,NA,Y,Y,A,07,0,1,0,0,0,0,0,0,0,-,-,33.989830017089844,-116.54911041259766,RIVERSIDE,UNINCORPORATED,-116.55029296875,33.99052047729492
90761640,2018,2018-07-03,9655,2018-06-23,2222,020054,NA,6,3,4,3301,0,1,1,NA,2,204,I-10 E/B,HIGHLAND SPRINGS AVE,2640,E,N,A,-,Y,NA,NA,10,NA,NA,NA,NA,NA,E,N,2,0,1,1,C,-,18,NA,NA,N,E,J,A,A,H,-,D,D,0,NA,NA,Y,NA,Y,Y,-,-,1,0,0,0,0,0,0,0,1,-,-,33.92572021484375,-116.92017364501952,RIVERSIDE,BANNING,-116.920166015625,33.925758361816406
90761734,2018,2018-07-03,9655,2018-06-24,2110,020695,NA,7,2,9,3300,0,3,5,NA,2,003,GILMAN SPRINGS RD,SR-79,7392,W,N,B,-,N,NA,NA,NA,NA,NA,NA,NA,NA,NA,Y,3,0,1,2,A,-,07,21658,A,N,B,C,A,A,H,-,D,D,0,NA,NA,NA,NA,Y,NA,A,01,0,1,0,0,0,0,0,0,0,-,-,33.85546112060547,-117.01769256591795,RIVERSIDE,UNINCORPORATED,-117.0141830444336,33.85260009765625
90762834,2018,2018-07-05,9840,2018-06-29,1645,019219,NA,5,2,9,3300,0,3,5,NA,2,004,RIDER STREET,OLD ELSINORE ROAD,50,W,N,A,-,N,NA,NA,NA,NA,NA,NA,NA,NA,NA,N,4,0,1,2,A,-,03,22350,NA,N,C,C,A,A,H,-,A,A,0,NA,NA,NA,NA,Y,NA,A,01,0,0,1,0,0,0,0,0,0,-,-,33.82978820800781,-117.28681182861328,RIVERSIDE,UNINCORPORATED,-117.28714752197266,33.829933166503906
90763077,2018,2018-07-05,9655,2018-06-25,1317,013757,NA,1,1,9,3300,0,3,5,NA,2,003,LAKE STREET,SEAL ROCK COURT,0,NA,Y,A,-,N,NA,NA,NA,NA,NA,NA,NA,NA,NA,Y,4,0,1,2,A,-,09,21802,A,N,D,C,A,A,H,-,A,A,0,NA,NA,NA,NA,Y,NA,A,01,0,0,1,0,0,0,0,0,0,-,-,33.92290115356445,-116.94741821289063,RIVERSIDE,UNINCORPORATED,-116.91507720947266,33.76008987426758
90764033,2018,2018-07-06,9630,2018-06-28,0330,021652,NA,4,3,4,3311,0,1,1,NA,2,010,I-10 E/B,NORTH INDIAN CANYON DRIVE,528,E,N,A,-,Y,NA,NA,NA,NA,NA,NA,NA,NA,NA,Y,3,0,1,3,A,-,01,23152,A,N,D,C,A,A,H,-,C,D,0,NA,NA,NA,Y,Y,Y,D,22,0,1,0,0,0,0,0,0,0,-,-,33.90319061279297,-116.45023345947266,RIVERSIDE,PALM SPRINGS,-116.54378509521484,33.90428161621094
90764067,2018,2018-07-06,9840,2018-07-01,0505,020018,NA,7,3,6,3315,0,1,3,NA,2,031,SR-91 E/B,PROMENADE AVE,200,E,N,A,-,Y,NA,NA,91,NA,NA,NA,NA,NA,E,Y,3,0,1,3,A,-,03,22350,NA,N,C,C,A,A,H,-,B,D,0,NA,NA,NA,NA,Y,NA,A,07,0,1,0,0,0,0,0,0,0,-,-,33.88338851928711,-117.53523254394533,RIVERSIDE,CORONA,-117.53523254394533,33.88344192504883
90766331,2018,2018-07-10,9655,2018-07-03,1500,015795,NA,2,2,9,3300,0,1,1,NA,2,206,I-10 W/B,MAIN STREET O/C,1500,E,N,A,-,Y,NA,NA,10,NA,NA,NA,NA,NA,W,Y,3,0,2,1,A,-,08,22107,NA,N,E,I,A,A,H,-,A,D,0,NA,NA,NA,NA,Y,NA,A,01,0,2,0,0,0,0,0,0,0,-,-,33.918731689453125,-116.77291107177734,RIVERSIDE,UNINCORPORATED,-116.77291107177734,33.91891098022461
90766490,2018,2018-07-10,9630,2018-07-05,0648,018111,NA,4,1,9,3300,0,1,1,NA,2,021,I-10 W/B,WASHINGTON STREET,7392,W,N,A,-,Y,NA,NA,10,NA,NA,NA,NA,NA,W,N,4,0,1,1,A,-,08,22107,NA,N,E,I,A,A,H,-,A,D,0,NA,NA,NA,NA,Y,NA,A,01,0,0,1,0,0,0,0,0,0,-,-,33.76757049560547,-116.32317352294922,RIVERSIDE,UNINCORPORATED,-116.32320404052734,33.76750564575195
90768230,2018,2018-07-12,9655,2018-07-05,1205,018587,NA,4,1,9,3300,0,3,5,NA,2,003,SIMPSON RD.,PATTERSON AVE.,1056,E,N,A,-,N,NA,NA,NA,NA,NA,NA,NA,NA,NA,Y,3,0,1,1,A,-,08,22107,NA,N,E,J,A,A,H,-,A,D,0,NA,NA,NA,NA,Y,NA,A,01,0,1,0,0,0,0,0,0,0,-,-,33.70729064941406,-117.07334899902344,RIVERSIDE,UNINCORPORATED,-117.0727996826172,33.70722198486328
90768883,2018,2018-07-13,9685,2018-07-05,2330,015295,NA,4,3,9,3300,0,3,5,NA,2,002,CHEVELEY PARK STREET,LORETTA AVENUE,50,N,N,A,-,N,NA,NA,NA,NA,NA,NA,NA,NA,NA,Y,3,0,4,2,A,-,08,22107,NA,N,C,E,A,A,H,-,C,D,0,NA,NA,NA,NA,Y,NA,A,01,0,4,0,0,0,0,0,0,0,-,-,33.645450592041016,-117.13619232177734,RIVERSIDE,UNINCORPORATED,-117.13617706298828,33.64524841308594
90769170,2018,2018-07-16,9840,2018-06-28,1315,017893,NA,4,1,6,3315,0,1,1,NA,2,034,I-15 N/B,TEMESCAL CANYON RD,4029,N,N,A,-,Y,NA,NA,NA,NA,NA,NA,NA,NA,NA,Y,4,0,1,2,A,-,03,22350,NA,N,C,C,A,A,H,-,A,D,0,NA,NA,NA,NA,Y,NA,A,01,0,0,1,0,0,0,0,0,0,-,-,33.7864990234375,-117.49359893798828,RIVERSIDE,CORONA,-117.49350738525392,33.78658676147461
90769555,2018,2018-07-16,9655,2018-07-02,1330,014743,NA,1,1,3,3302,0,1,3,NA,2,212,SR-60 W/B,WESTERN KNOLLS AVENUE,3168,W,N,A,-,Y,NA,NA,60,NA,NA,NA,NA,NA,W,Y,4,0,1,1,A,-,04,21703,NA,N,H,J,A,A,H,-,A,D,0,NA,NA,NA,NA,Y,NA,B,07,0,0,1,0,0,0,0,0,0,-,-,33.93375015258789,-117.01938629150392,RIVERSIDE,BEAUMONT,-117.01938629150392,33.933719635009766
90770343,2018,2018-07-16,9840,2018-07-04,2007,017504,NA,3,2,9,3300,0,1,1,NA,2,040,I-215 S/B,HARLEY KNOX BLVD.,4593,N,N,A,-,Y,NA,NA,215,NA,NA,NA,NA,NA,S,Y,4,0,2,2,A,-,08,22107,NA,N,E,I,A,A,H,-,C,D,0,NA,NA,NA,NA,Y,NA,A,07,0,0,2,0,0,0,0,0,0,-,-,33.8734016418457,-117.26441955566406,RIVERSIDE,UNINCORPORATED,-117.26449584960938,33.87336730957031
90770807,2018,2018-07-17,9840,2018-07-04,2030,019242,NA,3,2,7,3313,0,1,3,NA,2,021,SR-91 E/B,ARLINGTON AVE,400,E,N,A,-,Y,NA,NA,91,NA,NA,NA,NA,NA,E,Y,3,0,4,2,A,-,03,22350,NA,N,C,C,A,A,H,-,B,D,0,NA,NA,NA,NA,Y,NA,D,22,0,1,3,0,0,0,0,0,0,-,-,33.94850158691406,-117.38629913330078,RIVERSIDE,RIVERSIDE,-117.3863525390625,33.94853591918945
90770966,2018,2018-07-17,9840,2018-07-16,0510,019874,NA,1,3,9,3300,0,2,4,NA,2,045,CAJALCO RD.,KIRKPATRICK RD.,0,NA,Y,A,-,N,NA,NA,NA,NA,NA,NA,NA,NA,NA,Y,4,0,1,1,A,-,08,22107,NA,N,E,I,A,A,H,-,B,D,0,NA,NA,NA,NA,Y,NA,A,01,0,0,1,0,0,0,0,0,0,-,-,33.83449935913086,-117.373291015625,RIVERSIDE,UNINCORPORATED,-117.37332153320313,33.834449768066406
90774508,2018,2018-07-23,9685,2018-07-07,2245,017399,NA,6,3,4,3342,0,1,1,NA,2,034,I-215 S/B,MURRIETA HOT SPRINGS ROAD,800,S,N,A,-,Y,NA,NA,215,NA,NA,NA,NA,NA,S,Y,4,0,1,1,A,-,01,23152,A,N,E,I,A,A,H,-,D,D,0,NA,NA,NA,NA,Y,Y,A,01,0,0,1,0,0,0,0,0,0,-,-,33.554080963134766,-117.18116760253906,RIVERSIDE,MURRIETA,-117.18108367919922,33.5540657043457
9077478,2020,2020-10-09,3315,2020-03-18,0307,002235,6E,3,5,6,3315,0,0,0,NA,0,001,MAIN ST,RT 91,0,NA,Y,A,-,Y,RIV,8,91,-,-,6.118,R,4,W,N,4,0,1,2,A,-,12,21453,A,N,D,C,A,A,H,-,C,A,0,NA,NA,NA,NA,Y,NA,A,01,0,0,1,0,0,0,0,0,0,-,WO,NA,NA,RIVERSIDE,CORONA,-117.56985473632813,33.88056945800781
90775227,2018,2018-07-24,9685,2018-07-14,1525,017169,NA,6,2,9,3300,0,3,5,NA,2,003,DEPORTOLA ROAD,OAK MOUNTAIN ROAD,1056,E,N,A,-,N,NA,NA,NA,NA,NA,NA,NA,NA,NA,Y,4,0,1,2,A,-,09,21801,A,N,D,C,A,A,H,-,A,D,0,NA,NA,NA,NA,Y,NA,D,22,0,0,1,0,0,0,0,0,0,-,-,33.50374984741211,-117.02516174316406,RIVERSIDE,UNINCORPORATED,-117.014045,33.511692
90775270,2018,2018-07-24,9840,2018-07-04,1305,019501,NA,3,1,6,3315,0,1,3,NA,2,030,SR-91 W/B,SR-71,1901,E,N,A,-,Y,NA,NA,91,NA,NA,NA,NA,NA,W,Y,2,0,5,3,A,-,07,21658,A,N,B,C,A,A,H,-,A,D,0,NA,NA,NA,NA,Y,NA,A,07,3,0,2,0,0,0,0,0,0,-,-,33.883689880371094,-117.6405792236328,RIVERSIDE,CORONA,-117.6405792236328,33.88369369506836
90776289,2018,2018-07-25,9840,2018-07-19,0755,017649,NA,4,1,6,3345,0,1,1,NA,2,011,I-15 N/B,SR-60,400,N,N,A,-,Y,NA,NA,NA,NA,NA,NA,NA,NA,NA,N,4,0,1,2,A,-,03,22350,NA,N,C,C,A,A,H,-,A,D,0,NA,NA,NA,NA,Y,NA,A,01,0,0,1,0,0,0,0,0,0,-,-,34.02370834350586,-117.55634307861328,RIVERSIDE,JURUPA VALLEY,-117.54974365234376,34.02288055419922
90776432,2018,2018-07-25,9840,2018-07-17,1145,017893,NA,2,1,6,3315,0,1,1,NA,2,034,I-15 N/B,CORONA AVE,1362,S,N,A,-,Y,NA,NA,15,NA,NA,NA,NA,NA,N,Y,3,0,1,2,A,-,08,22107,NA,N,C,C,A,A,H,-,A,D,0,NA,NA,NA,Y,Y,NA,A,01,0,1,0,0,0,0,0,0,0,-,-,33.890201568603516,-117.55359649658205,RIVERSIDE,CORONA,-117.55372619628906,33.89008712768555
90777199,2018,2018-07-26,9655,2018-07-22,2125,019796,NA,7,2,9,3300,0,3,5,NA,2,003,CACTUS VALLEY RD,SAGE RD,20,N,N,A,-,N,NA,NA,NA,NA,NA,NA,NA,NA,NA,Y,3,0,1,1,A,-,08,22107,NA,N,E,I,A,A,H,-,C,D,0,NA,NA,NA,NA,Y,Y,A,01,0,1,0,0,0,0,0,0,0,-,-,33.67136001586914,-116.94938659667967,RIVERSIDE,UNINCORPORATED,-116.96814727783205,33.67134094238281
90780011,2018,2018-07-30,9655,2018-07-19,1435,021008,NA,4,2,9,3300,0,3,5,NA,2,003,SIMPSON ROAD,LEON ROAD,0,NA,Y,A,-,N,NA,NA,NA,NA,NA,NA,NA,NA,NA,Y,2,0,1,2,A,-,09,21802,A,N,D,C,A,A,H,-,A,A,0,NA,NA,Y,NA,Y,NA,A,01,1,0,0,0,0,0,0,0,1,-,-,33.70698165893555,-117.11974334716795,RIVERSIDE,UNINCORPORATED,-117.11974334716795,33.70695877075195
9078034,2020,2020-09-23,3300,2020-03-06,1553,4024,9051,5,5,4,3307,0,0,0,NA,0,095,CENTRAL AV,COLLIER AV,300,E,N,A,-,Y,RIV,8,74,-,R,16.25,H,-,W,N,4,0,3,2,A,-,03,22350,NA,N,C,C,A,A,H,-,A,A,0,NA,NA,NA,NA,Y,NA,A,01,0,0,3,0,0,0,0,0,0,-,-,33.69169998168945,-117.3392333984375,RIVERSIDE,LAKE ELSINORE,-117.33881378173828,33.69092559814453
90781912,2018,2018-08-01,9840,2018-07-23,1700,019242,NA,1,2,9,3300,0,3,5,NA,2,002,IOWA AVE,EAST LA CADENA DR,0,NA,Y,A,-,N,NA,NA,NA,NA,NA,NA,NA,NA,NA,Y,4,0,2,2,A,-,09,21802,A,N,A,C,A,A,H,-,A,D,0,NA,NA,NA,NA,Y,NA,D,22,0,0,2,0,0,0,0,0,0,-,-,34.01810073852539,-117.33989715576172,RIVERSIDE,UNINCORPORATED,-117.3397216796875,34.018760681152344
90782086,2018,2018-08-01,9685,2018-07-22,2032,017285,NA,7,2,9,3300,0,1,1,NA,2,030,I-15 N/B,TEMECULA PARKWAY,9504,S,N,A,-,Y,NA,NA,15,NA,NA,NA,NA,NA,N,N,4,0,3,3,A,-,03,22350,NA,N,C,C,A,A,H,-,D,D,0,NA,NA,NA,NA,Y,NA,A,01,0,0,3,0,0,0,0,0,0,-,-,33.452659606933594,-117.13522338867188,RIVERSIDE,UNINCORPORATED,-117.13516998291016,33.45266342163086
90782301,2018,2018-08-01,9685,2018-07-23,0525,012190,NA,1,3,4,3342,0,1,1,NA,2,030,I-15 S/B,MURRIETA HOT SPRINGS RD,1584,N,N,A,-,Y,NA,NA,15,NA,NA,NA,NA,NA,S,Y,3,0,1,2,A,-,07,21658,A,N,C,C,A,A,H,-,B,D,0,NA,NA,NA,NA,Y,NA,D,22,0,1,0,0,0,0,0,0,0,-,-,33.558040618896484,-117.19744873046876,RIVERSIDE,MURRIETA,-117.19747161865234,33.558006286621094
90783858,2018,2018-08-03,9840,2018-08-02,1554,020535,NA,4,2,7,3313,0,1,1,NA,2,023,I-215 S/B,SPRUCE ST,830,N,N,A,-,Y,NA,NA,215,NA,NA,NA,NA,NA,S,N,4,0,1,2,A,-,03,22350,NA,N,C,C,A,A,H,-,A,D,0,NA,NA,NA,NA,Y,NA,A,01,0,0,1,0,0,0,0,0,0,-,-,33.99066162109375,-117.3520278930664,RIVERSIDE,RIVERSIDE,-117.35211944580078,33.990455627441406
90784680,2018,2018-08-06,9840,2018-07-28,0615,019219,NA,6,1,9,3300,0,3,5,NA,2,004,SAN JACINTO ROAD,PICO AVENUE,2112,W,N,A,-,N,NA,NA,NA,NA,NA,NA,NA,NA,NA,Y,4,0,1,2,A,-,05,21650,NA,N,B,C,A,A,H,-,A,D,0,NA,NA,NA,NA,Y,NA,A,01,0,0,1,0,0,0,0,0,0,-,-,37.786739349365234,-117.17340087890624,RIVERSIDE,UNINCORPORATED,-117.16509246826172,33.78670883178711
90785208,2018,2018-08-06,9840,2018-07-31,1250,020305,NA,2,1,6,3315,0,1,3,NA,2,031,SR-91 W/B,LINCOLN AVE,800,E,N,A,-,Y,NA,NA,91,NA,NA,NA,NA,NA,W,Y,4,0,1,2,A,-,03,22350,NA,N,C,C,A,A,H,-,A,D,0,NA,NA,NA,NA,Y,NA,D,22,0,0,1,0,0,0,0,0,0,-,-,33.881500244140625,-117.57785034179688,RIVERSIDE,CORONA,-117.5778579711914,33.88145065307617
90786185,2018,2018-08-07,9655,2018-07-29,1015,018383,NA,7,1,3,3302,0,1,1,NA,2,202,I-10 W/B,CALIFORNIA AVE,745,W,N,A,-,Y,NA,NA,10,NA,NA,NA,NA,NA,W,N,4,0,1,2,A,-,07,21658,A,N,E,I,A,A,H,-,A,D,0,NA,NA,NA,NA,Y,NA,A,07,0,0,1,0,0,0,0,0,0,-,-,33.9288215637207,-116.98345184326172,RIVERSIDE,BEAUMONT,-116.98339080810548,33.928890228271484
90787208,2018,2018-08-09,9840,2018-07-30,0620,018221,NA,1,1,6,3315,0,1,3,NA,2,030,SR-91 W/B,GREEN RIVER RD.,2000,E,N,A,-,Y,NA,NA,91,NA,NA,NA,NA,NA,W,N,3,0,1,2,D,-,00,NA,NA,N,E,I,A,A,H,-,A,D,0,NA,NA,Y,NA,Y,NA,-,-,0,1,0,0,0,0,0,0,1,-,-,33.880859375,-117.65131378173828,RIVERSIDE,CORONA,-117.6513671875,33.88108444213867
9078829,2020,2020-06-10,3308,2020-02-14,0016,10686,283,5,5,5,3308,0,0,0,NA,0,NORTH,ESPLANADE AV,CINNABAR AV,294,E,N,A,-,N,NA,NA,NA,NA,NA,NA,NA,NA,NA,Y,3,0,1,2,A,-,08,22107,NA,N,C,E,A,A,H,-,D,D,0,NA,NA,NA,NA,Y,NA,A,01,0,1,0,0,0,0,0,0,0,-,-,33.77106857299805,-117.02171325683594,RIVERSIDE,HEMET,-117.02454376220705,33.77284622192383
9078865,2020,2020-07-23,3300,2020-03-18,1000,5616,00L4,3,5,6,3345,0,0,0,NA,0,016,MISSION BL,RUBIDOUX BL,0,NA,Y,B,-,N,NA,NA,NA,NA,NA,NA,NA,NA,NA,Y,4,0,1,2,A,-,12,21453,A,N,D,C,A,A,H,-,A,A,0,NA,NA,NA,NA,Y,NA,-,-,0,0,1,0,0,0,0,0,0,-,-,33.9953498840332,-117.40624237060548,RIVERSIDE,JURUPA VALLEY,-117.4072494506836,33.99700164794922
90789532,2018,2018-08-13,9840,2018-07-27,2140,019844,NA,5,2,9,3300,0,2,4,NA,2,045,CAJALCO EXPRESSWAY,I-215 S/B,260,W,N,A,-,N,NA,NA,NA,NA,NA,NA,NA,NA,NA,Y,4,0,1,4,A,-,03,22350,NA,F,C,C,A,A,H,-,C,A,0,NA,NA,NA,NA,Y,NA,D,22,0,0,1,0,0,0,0,0,0,-,-,33.84342956542969,-117.25189971923828,RIVERSIDE,UNINCORPORATED,-117.25189971923828,33.84342956542969
90789643,2018,2018-08-13,9685,2018-08-05,0355,017399,NA,7,3,5,3335,0,1,1,NA,2,030,I-15 S/B,TEMECULA PARKWAY (SR-79),1152,N,N,A,-,Y,NA,NA,15,NA,NA,NA,NA,NA,S,Y,4,0,1,1,A,-,08,22107,NA,M,E,I,A,A,D,-,D,D,0,NA,NA,NA,NA,Y,NA,D,22,0,0,1,0,0,0,0,0,0,-,-,33.48405838012695,-117.14225769042967,RIVERSIDE,TEMECULA,-117.14215087890624,33.484100341796875