CASE_ID,ACCIDENT_YEAR,PROC_DATE,JURIS,COLLISION_DATE,COLLISION_TIME,OFFICER_ID,REPORTING_DISTRICT,DAY_OF_WEEK,CHP_SHIFT,POPULATION,CNTY_CITY_LOC,SPECIAL_COND,BEAT_TYPE,CHP_BEAT_TYPE,CITY_DIVISION_LAPD,CHP_BEAT_CLASS,BEAT_NUMBER,PRIMARY_RD,SECONDARY_RD,DISTANCE,DIRECTION,INTERSECTION,WEATHER_1,WEATHER_2,STATE_HWY_IND,CALTRANS_COUNTY,CALTRANS_DISTRICT,STATE_ROUTE,ROUTE_SUFFIX,POSTMILE_PREFIX,POSTMILE,LOCATION_TYPE,RAMP_INTERSECTION,SIDE_OF_HWY,TOW_AWAY,COLLISION_SEVERITY,NUMBER_KILLED,NUMBER_INJURED,PARTY_COUNT,PRIMARY_COLL_FACTOR,PCF_CODE_OF_VIOL,PCF_VIOL_CATEGORY,PCF_VIOLATION,PCF_VIOL_SUBSECTION,HIT_AND_RUN,TYPE_OF_COLLISION,MVIW,PED_ACTION,ROAD_SURFACE,ROAD_COND_1,ROAD_COND_2,LIGHTING,CONTROL_DEVICE,CHP_ROAD_TYPE,PEDESTRIAN_ACCIDENT,BICYCLE_ACCIDENT,MOTORCYCLE_ACCIDENT,TRUCK_ACCIDENT,NOT_PRIVATE_PROPERTY,ALCOHOL_INVOLVED,STWD_VEHTYPE_AT_FAULT,CHP_VEHTYPE_AT_FAULT,COUNT_SEVERE_INJ,COUNT_VISIBLE_INJ,COUNT_COMPLAINT_PAIN,COUNT_PED_KILLED,COUNT_PED_INJURED,COUNT_BICYCLIST_KILLED,COUNT_BICYCLIST_INJURED,COUNT_MC_KILLED,COUNT_MC_INJURED,PRIMARY_RAMP,SECONDARY_RAMP,LATITUDE,LONGITUDE,COUNTY,CITY,POINT_X,POINT_Y
9078965,2020,2020-09-15,3300,2020-03-10,1043,4468,905I,2,5,4,3307,0,0,0,NA,0,095,CENTRAL AV,RIVERSIDE ST,200,W,N,C,-,Y,RIV,8,74,-,-,19.29,H,-,W,Y,4,0,1,2,A,-,03,22350,NA,N,B,C,A,B,H,-,A,D,0,NA,NA,NA,NA,Y,NA,A,01,0,0,1,0,0,0,0,0,0,-,-,NA,NA,RIVERSIDE,LAKE ELSINORE,-117.31271362304688,33.71091079711914
90789746,2018,2018-08-13,9840,2018-07-23,2025,020058,NA,1,2,6,3315,0,1,1,NA,2,034,I-15 N/B,MAGNOLIA AVE,1000,N,N,A,-,Y,NA,NA,15,NA,NA,NA,NA,NA,N,Y,4,0,1,2,A,-,07,21658,A,M,C,C,A,A,H,-,C,D,0,NA,NA,NA,NA,Y,NA,A,07,0,0,1,0,0,0,0,0,0,-,-,33.8697509765625,-117.54451751708984,RIVERSIDE,CORONA,-117.54404449462892,33.869869232177734
90790794,2018,2018-08-15,9840,2018-08-10,1200,019219,NA,5,1,9,3300,0,3,5,NA,2,004,HARVILL AVENUE,DREE CIRCLE,0,NA,Y,A,-,N,NA,NA,NA,NA,NA,NA,NA,NA,NA,Y,4,0,1,2,A,-,08,22107,NA,N,D,C,A,A,H,-,A,D,0,NA,NA,NA,Y,Y,NA,G,25,0,0,1,0,0,0,0,0,0,-,-,33.840518951416016,-117.25367736816406,RIVERSIDE,UNINCORPORATED,-117.25359344482422,33.840328216552734
9079378,2020,2021-01-12,3300,2020-03-05,1355,N6158,24B2,4,5,3,3317,0,0,0,NA,0,S24,DINAH SHORE DR,DA VALL DR,0,NA,Y,A,-,N,NA,NA,NA,NA,NA,NA,NA,NA,NA,Y,3,0,3,2,A,-,12,21453,A,N,D,C,A,A,H,-,A,A,0,NA,NA,NA,NA,Y,NA,A,01,0,3,0,0,0,0,0,0,0,-,-,NA,NA,RIVERSIDE,RANCHO MIRAGE,-116.44064331054688,33.801429748535156
90795064,2018,2018-08-21,9840,2018-08-08,1606,018611,NA,3,2,6,3315,0,1,3,NA,2,031,SR-91 W/B TO I-15 S/B,PROMENADE AVENUE,5280,W,N,A,-,Y,NA,NA,NA,NA,NA,NA,NA,NA,NA,Y,4,0,1,2,A,-,03,22350,NA,N,C,C,A,A,H,-,A,D,0,NA,NA,NA,NA,Y,NA,A,01,0,0,1,0,0,0,0,0,0,-,-,33.875911712646484,-117.5460968017578,RIVERSIDE,CORONA,-117.552978515625,33.879764556884766
90795121,2018,2018-08-21,9840,2018-08-04,0320,020945,NA,6,3,4,3310,0,1,1,NA,2,011,I-15 N/B,SECOND ST.,2224,N,N,A,-,Y,NA,NA,15,NA,NA,NA,NA,NA,N,Y,2,0,1,2,A,-,01,23152,A,N,C,E,A,A,C,-,D,A,0,NA,NA,NA,Y,Y,Y,A,01,1,0,0,0,0,0,0,0,0,-,-,33.91408157348633,-117.55753326416016,RIVERSIDE,NORCO,-117.55751037597656,33.91407775878906
90796313,2018,2018-08-23,9840,2018-08-12,1500,021298,NA,7,2,6,3315,0,1,1,NA,2,034,I-15 N/B TO SR-91 W/B,6TH ST,2112,N,N,A,-,Y,NA,NA,NA,NA,NA,NA,NA,NA,NA,Y,4,0,1,2,A,-,03,22350,NA,N,C,C,A,A,H,-,A,D,0,NA,NA,NA,NA,Y,NA,D,22,0,0,1,0,0,0,0,0,0,-,-,33.88016128540039,-117.5544204711914,RIVERSIDE,CORONA,NA,NA
90797181,2018,2018-08-23,9630,2018-08-15,1845,016635,NA,3,2,9,3300,0,2,S,NA,2,404,VARNER RD,MANUFACTURING RD,60,E,N,A,-,N,NA,NA,NA,NA,NA,NA,NA,NA,NA,Y,3,0,2,2,A,-,08,22105,NA,N,D,C,A,A,H,-,A,D,0,NA,NA,NA,NA,Y,NA,A,08,0,2,0,0,0,0,0,0,0,-,-,33.491050720214844,-116.2412567138672,RIVERSIDE,UNINCORPORATED,-116.40391540527344,33.819725036621094
90798368,2018,2018-08-27,9685,2018-08-12,1130,015360,NA,7,1,4,3342,0,1,1,NA,2,030,I-15 SOUTBOUND,WARM SPRINGS CR,1000,N,N,A,-,Y,NA,NA,NA,NA,NA,NA,NA,NA,NA,Y,4,0,1,3,A,-,03,22350,NA,N,C,C,A,A,H,-,A,D,0,NA,NA,NA,NA,Y,NA,A,01,0,0,1,0,0,0,0,0,0,-,-,33.54399871826172,-117.17176055908205,RIVERSIDE,MURRIETA,NA,NA
90803181,2018,2018-08-31,9685,2018-08-22,1556,017285,NA,3,2,5,3335,0,1,1,NA,2,030,I-15 S/B,SANTIAGO ROAD,221,N,N,A,-,Y,NA,NA,15,NA,NA,NA,NA,NA,S,Y,2,0,1,3,A,-,03,22350,NA,N,C,C,A,A,H,-,A,D,0,NA,NA,NA,Y,Y,NA,A,07,1,0,0,0,0,0,0,0,0,-,-,33.4913215637207,-117.1447982788086,RIVERSIDE,TEMECULA,-117.14476776123048,33.4913330078125
90804713,2018,2018-09-04,9685,2018-08-22,1618,015906,NA,3,2,9,3300,0,3,5,NA,2,003,DEPORTOLA ROAD,CAMINO DEL VINO,610,E,N,A,-,N,NA,NA,NA,NA,NA,NA,NA,NA,NA,Y,3,0,1,1,A,-,05,21460,A,N,E,I,A,A,H,-,A,D,0,NA,NA,NA,NA,Y,NA,D,22,0,1,0,0,0,0,0,0,0,-,-,33.522220611572266,-117.01954650878906,RIVERSIDE,UNINCORPORATED,-117.02011108398438,33.52037811279297
90804983,2018,2018-09-04,9655,2018-08-16,1520,015795,NA,4,2,9,3300,0,1,1,NA,2,202,BROOKSIDE AVENUE,CROWTHER LANE,0,NA,Y,A,-,N,NA,NA,NA,NA,NA,NA,NA,NA,NA,N,4,0,1,2,A,-,05,21460,A,M,B,C,A,A,H,-,A,D,0,NA,NA,NA,NA,Y,NA,A,01,0,0,1,0,0,0,0,0,0,-,-,33.96152114868164,-116.9712371826172,RIVERSIDE,UNINCORPORATED,-116.97125244140624,33.961509704589844
90808980,2018,2018-09-10,9840,2018-08-31,1532,015663,NA,5,2,4,3344,0,1,1,NA,2,011,I-15 S/B,SR-60,350,N,N,A,-,Y,NA,NA,15,NA,NA,NA,NA,NA,S,Y,3,0,1,3,A,-,03,22350,NA,N,C,C,A,A,H,-,A,D,0,NA,NA,NA,NA,Y,NA,A,01,0,1,0,0,0,0,0,0,0,-,-,34.02384948730469,-117.55023956298828,RIVERSIDE,EASTVALE,-117.55046844482422,34.02385330200195
90808983,2018,2018-09-10,9840,2018-08-31,0900,018248,NA,5,1,7,3313,0,1,1,NA,2,024,I-215 N/B,ALESSANDRO BLVD,500,N,N,A,-,Y,NA,NA,215,NA,NA,NA,NA,NA,N,Y,4,0,1,3,A,-,03,22350,NA,N,C,C,A,A,H,-,A,D,0,NA,NA,NA,NA,Y,NA,A,01,0,0,1,0,0,0,0,0,0,-,-,33.91957092285156,-117.28827667236328,RIVERSIDE,RIVERSIDE,-117.28823852539063,33.91957473754883
9081184,2020,2020-05-20,3308,2020-02-26,0643,10610,285,3,5,5,3308,0,0,0,NA,0,NORTH,ESPLANADE AV,LYON AV,305,W,N,A,-,N,NA,NA,NA,NA,NA,NA,NA,NA,NA,Y,3,0,1,1,A,-,08,22107,NA,N,E,I,A,A,H,-,A,A,0,NA,NA,NA,NA,Y,NA,A,01,0,1,0,0,0,0,0,0,0,-,-,33.772918701171875,-116.98912811279295,RIVERSIDE,HEMET,-116.99030303955078,33.77284622192383
9081196,2020,2020-05-20,3308,2020-02-20,1510,10766,545,4,5,5,3308,0,0,0,NA,0,SOUTH,LYON AV,VISTA GRANDE DR,27,S,N,A,-,N,NA,NA,NA,NA,NA,NA,NA,NA,NA,Y,3,0,1,2,A,-,08,22107,NA,N,C,E,A,A,H,-,A,A,0,NA,NA,NA,NA,Y,NA,A,01,0,1,0,0,0,0,0,0,0,-,-,33.73242950439453,-116.98902130126952,RIVERSIDE,HEMET,-116.98902130126952,33.73219680786133
90812787,2018,2018-09-13,9685,2018-09-08,1137,017285,NA,6,1,9,3300,0,3,5,NA,2,003,DE LUZ ROAD,CARANCHO ROAD,60,W,N,A,-,N,NA,NA,NA,NA,NA,NA,NA,NA,NA,Y,2,0,1,1,A,-,08,22107,NA,N,F,A,A,A,H,-,A,D,0,NA,NA,Y,NA,Y,NA,C,02,1,0,0,0,0,0,0,0,1,-,-,33.497249603271484,-117.24185943603516,RIVERSIDE,UNINCORPORATED,-117.24182891845705,33.4971923828125
90812964,2018,2018-09-14,9840,2018-09-07,0310,019844,NA,5,3,7,3313,0,1,3,NA,2,021,SR-91 E/B,ARLINGTON AVENUE,1350,E,N,A,-,Y,NA,NA,91,NA,NA,NA,NA,NA,E,Y,4,0,1,1,A,-,08,22107,NA,N,E,I,A,A,H,-,D,D,0,NA,NA,NA,NA,Y,NA,A,07,0,0,1,0,0,0,0,0,0,-,-,33.9493408203125,-117.38577270507813,RIVERSIDE,RIVERSIDE,-117.38591003417967,33.94939422607422
90814116,2018,2018-09-17,9655,2018-09-08,1844,020054,NA,6,2,9,3300,0,1,1,NA,2,206,I-10 E/B,SR-111,50,W,N,A,-,Y,NA,NA,10,NA,NA,NA,NA,NA,E,Y,3,0,2,1,A,-,08,22107,NA,N,E,I,A,A,H,-,B,D,0,NA,NA,NA,NA,Y,NA,A,01,0,2,0,0,0,0,0,0,0,-,-,33.922340393066406,-116.6781997680664,RIVERSIDE,UNINCORPORATED,-116.67820739746094,33.92245864868164
90814779,2018,2018-09-17,9840,2018-09-07,1933,019893,NA,5,2,9,3300,0,1,3,NA,2,030,SR-91 W/B,SR-71,2957,E,N,A,-,Y,NA,NA,91,NA,NA,NA,NA,NA,W,Y,4,0,1,3,A,-,03,22350,NA,N,C,C,A,A,H,-,D,D,0,NA,NA,NA,NA,Y,NA,D,22,0,0,1,0,0,0,0,0,0,-,-,33.885101318359375,-117.63194274902344,RIVERSIDE,UNINCORPORATED,-117.6319580078125,33.884864807128906
90815545,2018,2018-09-18,9655,2018-09-06,0640,014743,NA,4,1,9,3300,0,3,5,NA,2,003,GILMAN SPRINGS ROAD,BRIDGE STREET,829,W,N,A,-,N,NA,NA,NA,NA,NA,NA,NA,NA,NA,Y,2,0,2,2,A,-,08,22107,NA,F,D,C,A,A,H,-,A,D,0,NA,NA,NA,NA,Y,NA,A,01,1,0,1,0,0,0,0,0,0,-,-,33.87110137939453,-117.04637908935548,RIVERSIDE,UNINCORPORATED,-117.07213592529295,33.889854431152344
90817140,2018,2018-09-20,9630,2018-09-10,2230,021882,NA,1,3,9,3300,0,1,3,NA,1,177,SR-177,DESERT CENTER RACEWAY,5280,W,N,A,-,Y,NA,NA,NA,NA,NA,NA,NA,NA,NA,Y,2,0,2,2,A,-,08,22107,NA,N,B,C,A,A,H,-,D,D,0,NA,NA,NA,Y,Y,NA,A,01,1,1,0,0,0,0,0,0,0,-,-,33.70886993408203,-115.2968521118164,RIVERSIDE,UNINCORPORATED,NA,NA
90817985,2018,2018-09-20,9840,2018-09-13,1804,015663,NA,4,2,6,3345,0,1,1,NA,2,011,I-15 N/B,LIMONITE AVE,200,S,N,A,-,Y,NA,NA,15,NA,NA,NA,NA,NA,N,Y,3,0,2,4,A,-,03,22350,NA,N,C,C,A,A,H,-,A,D,0,NA,NA,NA,NA,Y,NA,A,01,0,2,0,0,0,0,0,0,0,-,-,33.97460174560547,-117.5486297607422,RIVERSIDE,JURUPA VALLEY,-117.54873657226563,33.9745979309082
90819391,2018,2018-09-24,9655,2018-09-13,2230,019267,NA,4,3,9,3300,0,1,1,NA,2,204,I-10 W/B,10 RIV MPM 18,64,E,N,A,-,Y,NA,NA,10,NA,NA,NA,NA,NA,W,Y,4,0,1,2,A,-,03,22350,NA,N,C,C,A,A,C,-,C,D,0,NA,NA,NA,NA,Y,NA,A,01,0,0,1,0,0,0,0,0,0,-,-,33.919071197509766,-116.80016326904295,RIVERSIDE,UNINCORPORATED,-116.80014038085938,33.91919708251953
90821504,2018,2018-10-31,9840,2018-09-07,0625,018221,NA,5,1,9,3300,0,1,1,NA,2,034,I-15 N/B,TEMESCAL CANYON RD,4000,N,N,A,-,Y,NA,NA,15,NA,NA,NA,NA,NA,N,Y,4,0,1,4,A,-,03,22350,NA,N,C,C,A,A,H,-,B,D,0,NA,NA,NA,NA,Y,NA,J,48,0,0,1,0,0,0,0,0,0,-,-,33.787498474121094,-117.49432373046876,RIVERSIDE,UNINCORPORATED,-117.49425506591795,33.78755187988281
90824053,2018,2018-09-28,9840,2018-09-19,0815,016356,NA,3,1,6,3315,0,1,3,NA,2,030,SR-91 W/B,MAPLE ST,100,E,N,A,-,Y,NA,NA,91,NA,NA,NA,NA,NA,W,N,4,0,1,2,A,-,03,22350,NA,N,C,C,A,A,H,-,A,D,0,NA,NA,Y,NA,Y,NA,C,02,0,0,1,0,0,0,0,0,1,-,-,33.88032913208008,-117.6032485961914,RIVERSIDE,CORONA,-117.60324096679688,33.88029098510742
90825138,2018,2018-10-01,9840,2018-09-19,0245,018072,NA,3,3,6,3345,0,1,3,NA,2,010,SR-60 W/B,VALLEY WAY,1584,E,N,A,-,Y,NA,NA,60,NA,NA,NA,NA,NA,W,Y,2,0,1,2,A,-,03,22350,NA,N,D,C,A,A,H,-,D,D,0,NA,NA,NA,NA,Y,NA,A,01,1,0,0,0,0,0,0,0,0,-,-,34.0101318359375,-117.42816925048828,RIVERSIDE,JURUPA VALLEY,-117.42816925048828,34.01012420654297
90825199,2018,2018-10-01,9840,2018-09-17,1458,018611,NA,1,2,6,3315,0,1,S,NA,2,310,SR-91 E/B,LINCOLN AVENUE,1850,E,N,A,-,Y,NA,NA,91,NA,NA,NA,NA,NA,E,N,4,0,1,2,A,-,08,22107,NA,F,C,C,A,A,H,-,A,D,0,NA,NA,NA,NA,Y,NA,A,01,0,0,1,0,0,0,0,0,0,-,-,33.88106918334961,-117.57700347900392,RIVERSIDE,CORONA,-117.57698822021484,33.881168365478516
90826628,2018,2018-10-02,9685,2018-09-21,0724,016212,NA,5,1,9,3300,0,3,5,NA,2,003,MENIFEE ROAD,TULITA LANE,0,NA,Y,A,-,N,NA,NA,NA,NA,NA,NA,NA,NA,NA,Y,4,0,1,2,A,-,09,21802,A,N,D,C,A,A,H,-,A,A,0,NA,NA,NA,NA,Y,NA,A,07,0,0,1,0,0,0,0,0,0,-,-,33.380001068115234,-117.91000366210938,RIVERSIDE,UNINCORPORATED,-117.154052734375,33.63526916503906
90829939,2018,2018-10-05,9655,2018-10-04,0655,020350,NA,4,1,9,3300,0,1,3,NA,1,115,SR-243,SOUTH CIRCLE DRIVE,1584,N,N,C,-,Y,NA,NA,243,NA,NA,NA,NA,NA,NA,Y,4,0,1,1,A,-,08,22107,NA,N,E,I,A,B,H,-,A,D,0,NA,NA,NA,NA,Y,NA,A,07,0,0,1,0,0,0,0,0,0,-,-,33.74169158935547,-116.71917724609376,RIVERSIDE,UNINCORPORATED,-116.7192153930664,33.74168014526367
90830549,2018,2018-10-08,9840,2018-09-29,1145,013778,NA,6,1,6,3315,0,1,3,NA,1,038,SR-71 S/B,SAN BERNARDINO COUNTY LINE,6864,S,N,A,-,Y,NA,NA,NA,NA,NA,NA,NA,NA,NA,Y,3,0,1,2,A,-,03,22350,NA,N,C,C,A,A,H,-,A,D,0,NA,NA,NA,NA,Y,NA,A,01,0,1,0,0,0,0,0,0,0,-,-,33.90623092651367,-117.64732360839844,RIVERSIDE,CORONA,NA,NA
90831448,2018,2018-10-09,9840,2018-09-28,1240,015705,NA,5,1,6,3394,0,1,3,NA,2,025,SR-60 W/B,HEACOCK ST,250,W,N,A,-,Y,NA,NA,60,NA,NA,NA,NA,NA,W,Y,3,0,1,2,A,-,03,22350,NA,N,C,C,A,A,H,-,A,D,0,NA,NA,NA,Y,Y,NA,F,26,0,1,0,0,0,0,0,0,0,-,-,33.941131591796875,-117.24609375,RIVERSIDE,MORENO VALLEY,-117.24609375,33.94114685058594
90832637,2018,2018-10-10,9655,2018-10-01,1545,018708,NA,1,2,9,3300,0,3,5,NA,2,003,JOHNSTON AVE,STANFORD ST,112,W,N,A,-,N,NA,NA,NA,NA,NA,NA,NA,NA,NA,Y,3,0,1,1,A,-,08,22107,NA,N,F,A,A,A,H,-,A,A,0,NA,NA,Y,NA,Y,NA,C,02,0,1,0,0,0,0,0,0,1,-,-,33.73323059082031,-116.93267822265624,RIVERSIDE,UNINCORPORATED,-116.9328384399414,33.73318099975586
90833660,2018,2018-10-11,9685,2018-09-28,0035,016986,NA,5,3,4,3312,0,1,1,NA,2,020,I-215 NORTHBOUND TO SR-74,SR-74,260,N,N,A,-,Y,NA,NA,215,NA,NA,NA,R,NA,N,Y,2,0,1,1,A,-,08,22107,NA,N,E,I,A,A,H,-,C,D,0,NA,NA,NA,NA,Y,NA,A,01,1,0,0,0,0,0,0,0,0,-,-,33.75352096557617,-117.18737030029295,RIVERSIDE,PERRIS,-117.18737030029295,33.75352096557617
90834939,2018,2018-10-12,9685,2018-10-07,0045,016724,NA,7,3,9,3300,0,3,5,NA,2,003,ABELIA RD.,KALE LN.,45,E,N,A,-,N,NA,NA,NA,NA,NA,NA,NA,NA,NA,Y,3,0,1,1,A,-,01,23152,A,N,E,I,A,A,H,-,C,D,0,NA,NA,NA,NA,Y,Y,A,01,0,1,0,0,0,0,0,0,0,-,-,33.617530822753906,-117.0959014892578,RIVERSIDE,UNINCORPORATED,-117.09589385986328,33.61756134033203
90835495,2018,2019-01-15,9655,2018-08-16,0428,018708,NA,4,3,9,3300,0,3,5,NA,2,003,GILMAN SPRINGS ROAD,JACK RABBIT TRAIL,425,E,N,A,-,N,NA,NA,NA,NA,NA,NA,NA,NA,NA,Y,1,1,0,2,A,-,09,21804,A,N,D,C,A,A,H,-,D,D,0,NA,NA,NA,Y,Y,NA,G,25,0,0,0,0,0,0,0,0,0,-,-,33.888980865478516,-117.0695571899414,RIVERSIDE,UNINCORPORATED,-117.069580078125,33.88901901245117
90838053,2018,2018-10-17,9840,2018-09-25,0545,019361,NA,2,3,7,3313,0,1,3,NA,2,025,SR-60 W/B,DAY STREET,1584,W,N,A,-,Y,NA,NA,60,NA,NA,NA,NA,NA,W,N,4,0,1,3,A,-,03,22350,NA,N,C,C,A,A,H,-,D,D,0,NA,NA,NA,NA,Y,NA,A,07,0,0,1,0,0,0,0,0,0,-,-,33.94356918334961,-117.28421020507813,RIVERSIDE,RIVERSIDE,-117.2842025756836,33.94361114501953
90838330,2018,2018-10-17,9840,2018-10-11,0805,013500,NA,4,1,7,3313,0,1,3,NA,2,010,SR-60 E/B,MARKET ST.,75,W,N,B,-,Y,NA,NA,60,NA,NA,NA,NA,NA,E,Y,3,0,3,3,A,-,03,22350,NA,N,C,C,A,A,H,-,A,D,0,NA,NA,NA,NA,Y,NA,A,07,0,1,2,0,0,0,0,0,0,-,-,34.0007209777832,-117.3751983642578,RIVERSIDE,RIVERSIDE,-117.37520599365234,34.00070571899414
9083926,2020,2020-07-24,3300,2020-01-26,0845,5021,45B2,7,5,3,3392,0,0,0,NA,0,045,MADISON ST,AVENUE 54,565,S,N,A,-,N,NA,NA,NA,NA,NA,NA,NA,NA,NA,Y,3,0,1,2,A,-,05,21650,NA,N,C,G,A,A,H,-,A,D,0,NA,Y,NA,NA,Y,NA,L,04,0,1,0,0,0,0,1,0,0,-,-,NA,NA,RIVERSIDE,LA QUINTA,-116.25133514404295,33.655094146728516
90839559,2018,2018-10-19,9840,2018-10-12,0740,017882,NA,5,1,9,3300,0,1,1,NA,2,040,I-215 N/B,ALESSANDRO BLVD.,150,S,N,A,-,Y,NA,NA,215,NA,NA,NA,NA,NA,N,Y,3,0,2,4,A,-,03,22350,NA,N,C,C,A,A,H,-,A,D,0,NA,NA,NA,NA,Y,NA,A,01,0,1,1,0,0,0,0,0,0,-,-,33.91630172729492,-117.28721618652344,RIVERSIDE,UNINCORPORATED,-117.28714752197266,33.91633605957031
90839746,2018,2018-10-19,9685,2018-10-05,2202,017169,NA,5,3,9,3300,0,3,5,NA,2,003,LEON ROAD,BAXTER ROAD,0,NA,Y,A,-,N,NA,NA,NA,NA,NA,NA,NA,NA,NA,Y,4,0,3,2,A,-,01,23152,A,N,D,C,A,A,H,-,C,A,0,NA,NA,NA,NA,Y,Y,A,07,0,0,3,0,0,0,0,0,0,-,-,33.602210998535156,-117.12381744384766,RIVERSIDE,UNINCORPORATED,-117.11869049072266,33.61249923706055
90840112,2018,2018-10-19,9840,2018-08-31,1514,017504,NA,5,2,9,3300,0,1,1,NA,2,231,I-215 N/B,FAIR ISLE DR.,44,N,N,A,-,Y,NA,NA,215,NA,NA,NA,NA,NA,N,N,4,0,1,2,A,-,03,22350,NA,N,C,C,A,A,H,-,A,D,0,NA,NA,NA,NA,Y,NA,D,22,0,0,1,0,0,0,0,0,0,-,-,33.948429107666016,-117.30152130126952,RIVERSIDE,UNINCORPORATED,-117.30152130126952,33.948429107666016
90841053,2018,2018-10-22,9630,2018-10-13,0215,021409,NA,6,3,9,3300,0,2,S,NA,2,502,HARRISON ST,58TH AVE,14,S,N,C,-,N,NA,NA,NA,NA,NA,NA,NA,NA,NA,Y,4,0,1,1,A,-,03,22350,NA,N,E,I,A,B,H,-,D,D,0,NA,NA,NA,NA,Y,NA,A,01,0,0,1,0,0,0,0,0,0,-,-,33.62736892700195,-116.18125915527344,RIVERSIDE,UNINCORPORATED,-116.18119049072266,33.6274528503418
90841438,2018,2018-10-22,9840,2018-10-12,2324,019893,NA,5,3,6,3315,0,1,3,NA,2,031,SR-91 E/B,MCKINLEY STREET,1770,W,N,B,C,Y,NA,NA,91,NA,NA,NA,NA,NA,E,Y,4,0,1,2,D,-,00,NA,NA,N,H,C,A,B,H,-,D,D,0,NA,NA,NA,NA,Y,NA,-,-,0,0,1,0,0,0,0,0,0,-,-,33.884361267089844,-117.52294158935548,RIVERSIDE,CORONA,-117.52293395996094,33.88433837890625
90841701,2018,2018-10-22,9630,2018-10-16,1308,018647,NA,2,1,9,3300,0,3,5,NA,2,001,MOUNTAIN VIEW RD,VARNER RD,2112,N,N,A,-,N,NA,NA,NA,NA,NA,NA,NA,NA,NA,Y,3,0,1,1,A,-,08,22107,NA,N,E,I,A,A,H,-,A,D,0,NA,NA,NA,NA,Y,NA,A,07,0,1,0,0,0,0,0,0,0,-,-,33.89099884033203,-116.47440338134766,RIVERSIDE,UNINCORPORATED,-116.4746322631836,33.891239166259766
90841755,2018,2018-10-22,9685,2018-10-12,2135,013376,NA,5,2,5,3335,0,1,1,NA,2,030,I-15 NORTHBOUND,WINCHESTER ROAD,190,N,N,B,C,Y,NA,NA,15,NA,NA,NA,NA,NA,N,Y,3,0,5,3,A,-,01,23152,A,N,C,C,A,B,H,-,C,D,0,NA,NA,NA,NA,Y,Y,A,01,0,1,4,0,0,0,0,0,0,-,-,33.522560119628906,-117.16278839111328,RIVERSIDE,TEMECULA,-117.16278076171876,33.52256393432617
90843404,2018,2018-10-24,9685,2018-10-14,1935,015050,NA,7,2,5,3335,0,1,1,NA,2,030,I-15 NORTHBOUND,RANCHO CALIFORNIA RD.,200,N,N,A,-,Y,NA,NA,15,NA,NA,NA,NA,NA,N,N,4,0,1,2,A,-,03,22350,NA,M,C,C,A,A,H,-,D,B,0,NA,NA,NA,NA,Y,Y,A,01,0,0,1,0,0,0,0,0,0,-,-,33.50400161743164,-117.1528091430664,RIVERSIDE,TEMECULA,-117.15267181396484,33.50406265258789
90846455,2018,2018-10-26,9840,2018-09-17,1010,017441,NA,1,1,9,3300,0,1,1,NA,2,023,I-215 S/B,CENTRAL AVE.,1165,S,N,A,-,Y,NA,NA,215,NA,NA,NA,NA,NA,S,Y,3,0,1,2,A,-,03,22350,NA,N,C,C,A,A,H,-,A,D,0,NA,NA,NA,Y,Y,NA,A,01,0,1,0,0,0,0,0,0,0,-,-,33.95642852783203,-117.3067626953125,RIVERSIDE,UNINCORPORATED,-117.30670166015624,33.956478118896484
90846642,2018,2018-10-26,9655,2018-10-19,1345,019484,NA,5,1,4,3301,0,1,1,NA,2,204,I-10 E/B,SAN GORGONIO AVE,225,E,N,A,-,Y,NA,NA,10,NA,NA,NA,NA,NA,E,Y,4,0,1,2,A,-,03,22350,NA,N,C,C,A,A,H,-,A,D,0,NA,NA,NA,NA,Y,NA,A,07,0,0,1,0,0,0,0,0,0,-,-,33.924110412597656,-116.87586975097656,RIVERSIDE,BANNING,-116.87586975097656,33.924163818359375
90846731,2018,2018-10-26,9840,2018-10-18,1245,015705,NA,4,1,6,3394,0,1,3,NA,2,025,SR-60 E/B TO FREDERICK ST.,FREDERICK ST,18,W,N,A,-,Y,NA,NA,60,NA,NA,NA,R,NA,E,N,3,0,1,2,A,-,21,22106,NA,N,C,C,A,A,H,-,A,D,0,NA,NA,NA,NA,Y,NA,A,07,0,1,0,0,0,0,0,0,0,-,-,33.93967056274414,-117.26168060302734,RIVERSIDE,MORENO VALLEY,-117.26168060302734,33.93967056274414
90848039,2018,2018-10-29,9655,2018-10-25,1728,018677,NA,4,2,9,3300,0,1,1,NA,2,206,I-10 W/B,WHITEWATER CTF,1320,E,N,A,-,Y,NA,NA,10,NA,NA,NA,NA,NA,W,Y,2,0,2,2,A,-,03,22350,NA,N,C,C,A,A,H,-,B,D,0,NA,NA,NA,Y,Y,NA,A,08,2,0,0,0,0,0,0,0,0,-,-,33.92314147949219,-116.63591766357422,RIVERSIDE,UNINCORPORATED,-116.6359405517578,33.923057556152344