CASE_ID,ACCIDENT_YEAR,PROC_DATE,JURIS,COLLISION_DATE,COLLISION_TIME,OFFICER_ID,REPORTING_DISTRICT,DAY_OF_WEEK,CHP_SHIFT,POPULATION,CNTY_CITY_LOC,SPECIAL_COND,BEAT_TYPE,CHP_BEAT_TYPE,CITY_DIVISION_LAPD,CHP_BEAT_CLASS,BEAT_NUMBER,PRIMARY_RD,SECONDARY_RD,DISTANCE,DIRECTION,INTERSECTION,WEATHER_1,WEATHER_2,STATE_HWY_IND,CALTRANS_COUNTY,CALTRANS_DISTRICT,STATE_ROUTE,ROUTE_SUFFIX,POSTMILE_PREFIX,POSTMILE,LOCATION_TYPE,RAMP_INTERSECTION,SIDE_OF_HWY,TOW_AWAY,COLLISION_SEVERITY,NUMBER_KILLED,NUMBER_INJURED,PARTY_COUNT,PRIMARY_COLL_FACTOR,PCF_CODE_OF_VIOL,PCF_VIOL_CATEGORY,PCF_VIOLATION,PCF_VIOL_SUBSECTION,HIT_AND_RUN,TYPE_OF_COLLISION,MVIW,PED_ACTION,ROAD_SURFACE,ROAD_COND_1,ROAD_COND_2,LIGHTING,CONTROL_DEVICE,CHP_ROAD_TYPE,PEDESTRIAN_ACCIDENT,BICYCLE_ACCIDENT,MOTORCYCLE_ACCIDENT,TRUCK_ACCIDENT,NOT_PRIVATE_PROPERTY,ALCOHOL_INVOLVED,STWD_VEHTYPE_AT_FAULT,CHP_VEHTYPE_AT_FAULT,COUNT_SEVERE_INJ,COUNT_VISIBLE_INJ,COUNT_COMPLAINT_PAIN,COUNT_PED_KILLED,COUNT_PED_INJURED,COUNT_BICYCLIST_KILLED,COUNT_BICYCLIST_INJURED,COUNT_MC_KILLED,COUNT_MC_INJURED,PRIMARY_RAMP,SECONDARY_RAMP,LATITUDE,LONGITUDE,COUNTY,CITY,POINT_X,POINT_Y
9094109,2020,2020-07-08,3300,2020-03-24,1430,N4809,920H,2,5,4,3314,0,0,0,NA,0,074,COMMONWEALTH AV,PUENTES DR,182,W,N,A,-,N,NA,NA,NA,NA,NA,NA,NA,NA,NA,Y,4,0,1,2,A,-,08,22107,NA,N,C,E,A,A,H,-,A,D,0,NA,NA,NA,NA,Y,NA,A,01,0,0,1,0,0,0,0,0,0,-,-,33.76940155029297,-116.942138671875,RIVERSIDE,SAN JACINTO,-116.94232940673828,33.76934051513672
90941525,2019,2019-03-07,9655,2019-03-06,0910,015892,NA,3,1,9,3300,0,1,3,NA,2,213,STATE ROUTE 79 (S/B),CALIFORNIA AVENUE,3168,S,N,B,C,Y,NA,NA,79,NA,NA,NA,NA,NA,NA,Y,3,0,1,1,A,-,08,22107,NA,N,F,A,A,B,H,-,A,D,0,NA,NA,NA,NA,Y,NA,A,01,0,1,0,0,0,0,0,0,0,-,-,33.899658203125,-116.98687744140624,RIVERSIDE,UNINCORPORATED,-116.98681640625,33.89958953857422
90942822,2019,2019-03-11,9630,2019-03-07,1420,020445,NA,4,2,9,3300,0,3,5,NA,2,504,66TH AVENUE,PIERCE STREET,100,W,N,A,-,N,NA,NA,NA,NA,NA,NA,NA,NA,NA,Y,4,0,1,3,A,-,03,22350,NA,N,C,C,A,A,H,-,A,D,0,NA,NA,NA,NA,Y,NA,A,07,0,0,1,0,0,0,0,0,0,-,-,33.56932067871094,-116.1076202392578,RIVERSIDE,UNINCORPORATED,-116.11286926269533,33.56930923461914
90943676,2019,2019-04-09,9660,2019-03-06,1412,021189,NA,3,2,9,3300,0,1,2,NA,2,038,US-95,WATER WHEEL RD.,1584,N,N,A,-,Y,NA,NA,95,NA,NA,NA,NA,NA,NA,Y,4,0,1,1,A,-,08,22107,NA,N,H,I,A,A,H,-,A,D,0,NA,NA,NA,NA,Y,NA,D,22,0,0,1,0,0,0,0,0,0,-,-,33.924888610839844,-114.53745269775392,RIVERSIDE,UNINCORPORATED,-114.53746795654295,33.92486572265625
90944364,2019,2019-03-12,9840,2019-02-27,1150,014868,NA,3,1,6,3345,0,1,3,NA,2,010,SR-60 E/B,HALL AVE.,618,E,N,A,-,Y,NA,NA,60,NA,NA,NA,NA,NA,E,Y,4,0,1,1,A,-,08,22107,NA,N,E,I,A,A,H,-,A,D,0,NA,NA,NA,NA,Y,NA,D,22,0,0,1,0,0,0,0,0,0,-,-,34.00505828857422,-117.39022827148438,RIVERSIDE,JURUPA VALLEY,-117.39022827148438,34.0051155090332
90945439,2019,2019-03-13,9840,2019-03-10,0555,019219,NA,7,3,9,3300,0,1,1,NA,2,037,I-15 SOUTHBOUND,NICHOLS ROAD,2640,S,N,A,-,Y,NA,NA,15,NA,NA,NA,NA,NA,S,Y,4,0,1,2,A,-,03,22350,NA,N,C,C,A,A,H,-,D,D,0,NA,NA,NA,NA,Y,NA,A,01,0,0,1,0,0,0,0,0,0,-,-,33.70254898071289,-117.3530731201172,RIVERSIDE,UNINCORPORATED,-117.35292816162108,33.7027702331543
90945953,2019,2019-03-14,9685,2019-03-07,2109,013925,NA,4,2,5,3335,0,1,1,NA,2,030,INTERSTATE 15 NORTHBOUND,TEMECULA PARKWAY,1500,N,N,A,-,Y,NA,NA,15,NA,NA,NA,NA,NA,N,Y,4,0,3,3,A,-,01,23152,A,N,C,C,A,A,H,-,D,D,0,NA,NA,NA,NA,Y,Y,A,07,0,0,3,0,0,0,0,0,0,-,-,33.4804801940918,-117.14044189453124,RIVERSIDE,TEMECULA,-117.14045715332033,33.480472564697266
90947978,2019,2019-03-18,9655,2019-03-11,2220,019267,NA,1,3,9,3300,0,1,1,NA,2,206,I-10 E/B,HAUGEN-LEHMANN WAY,4224,W,N,C,-,Y,NA,NA,10,NA,NA,NA,NA,NA,E,Y,3,0,3,2,A,-,08,22107,NA,N,B,C,A,B,H,-,D,D,0,NA,NA,NA,Y,Y,NA,G,25,0,1,2,0,0,0,0,0,0,-,-,33.92232894897461,-116.70278930664063,RIVERSIDE,UNINCORPORATED,-116.70285034179688,33.92253494262695
90950997,2019,2019-03-21,9840,2019-03-20,1040,017882,NA,3,1,7,3313,0,1,1,NA,2,023,I-215 N/B,MARTIN LUTHER KING BLVD.,350,N,N,B,-,Y,NA,NA,215,NA,NA,NA,NA,NA,N,Y,4,0,1,3,A,-,04,21703,NA,N,C,C,A,A,H,-,A,D,0,NA,NA,NA,NA,Y,NA,D,22,0,0,1,0,0,0,0,0,0,-,-,33.9716682434082,-117.3311004638672,RIVERSIDE,RIVERSIDE,-117.33109283447266,33.97167205810547
90951150,2019,2019-03-21,9840,2019-03-15,1900,019576,NA,5,2,9,3300,0,1,1,NA,2,040,I-215 S/B,CACTUS AVE,100,N,N,A,-,Y,NA,NA,215,NA,NA,NA,NA,NA,S,Y,4,0,1,2,A,-,03,22350,NA,N,C,C,A,A,H,-,C,D,0,NA,NA,NA,Y,Y,NA,G,25,0,0,1,0,0,0,0,0,0,-,-,33.90985870361328,-117.28182983398438,RIVERSIDE,UNINCORPORATED,-117.28187561035156,33.909812927246094
90951264,2019,2019-03-22,9630,2019-03-12,0135,021652,NA,2,3,9,3300,0,1,1,NA,2,020,I-10 W/B,BOB HOPE DR,5280,W,N,C,-,Y,NA,NA,10,NA,NA,NA,NA,NA,W,Y,3,0,1,2,A,-,01,23152,A,N,C,C,A,B,H,-,D,D,0,NA,NA,NA,NA,Y,Y,A,01,0,1,0,0,0,0,0,0,0,-,-,33.82881164550781,-116.42330932617188,RIVERSIDE,UNINCORPORATED,-116.42332458496094,33.82878112792969
90951969,2019,2019-03-25,9630,2019-03-17,0205,021416,NA,7,3,4,3311,0,1,1,NA,2,010,I-10 E/B FROM N. INDIAN CYN DR N/B,N. INDIAN CYN DR,180,E,N,A,-,Y,NA,NA,10,NA,NA,NA,R,NA,E,Y,3,0,1,1,A,-,01,23152,A,M,E,I,A,A,H,-,C,D,0,NA,NA,NA,NA,Y,Y,A,01,0,1,0,0,0,0,0,0,0,-,-,33.90420913696289,-116.54467010498048,RIVERSIDE,PALM SPRINGS,-116.54467010498048,33.90420913696289
90952412,2018,2019-03-25,9840,2018-12-28,1554,020058,NA,5,2,9,3300,0,3,5,NA,2,002,LA SIERRA AVENUE,LAKE KNOLL PARKWAY,25,S,N,B,-,N,NA,NA,NA,NA,NA,NA,NA,NA,NA,Y,1,1,4,2,A,-,01,23152,A,F,C,C,A,A,H,-,A,A,0,NA,NA,NA,NA,Y,Y,D,22,0,3,1,0,0,0,0,0,0,-,-,33.87226867675781,-117.45645904541016,RIVERSIDE,UNINCORPORATED,-117.45648193359376,33.87232208251953
90952777,2019,2019-03-25,9685,2019-03-15,2300,017169,NA,5,3,9,3300,0,3,5,NA,2,003,SANDIA CREEK,CAMINO TIEMPO,1584,W,N,A,-,N,NA,NA,NA,NA,NA,NA,NA,NA,NA,Y,4,0,1,1,A,-,08,22107,NA,N,E,J,A,A,H,-,D,B,0,NA,NA,NA,NA,Y,NA,A,01,0,0,1,0,0,0,0,0,0,-,-,33.475711822509766,-117.2261962890625,RIVERSIDE,UNINCORPORATED,-117.22701263427734,33.47340393066406
90955230,2019,2019-03-28,9630,2019-03-21,0705,021162,NA,4,1,9,3300,0,3,5,NA,2,501,AIRPORT BLVD,VAN BUREN ST,1056,E,N,A,-,N,NA,NA,NA,NA,NA,NA,NA,NA,NA,Y,3,0,2,2,A,-,08,22107,NA,N,D,C,A,A,H,-,A,D,0,NA,NA,NA,NA,Y,NA,D,22,0,2,0,0,0,0,0,0,0,-,-,33.6421012878418,-116.19521331787108,RIVERSIDE,UNINCORPORATED,-116.19520568847656,33.64202880859375
90957315,2019,2019-03-29,9840,2019-03-09,0255,019017,NA,6,3,6,3315,0,1,3,NA,2,030,STATE ROUTE 91 W/B,SERFAS CLUB DRIVE,1780,W,N,A,-,Y,NA,NA,91,NA,NA,NA,NA,NA,W,Y,4,0,1,1,A,-,01,23152,A,N,E,I,A,A,H,-,C,D,0,NA,NA,NA,NA,Y,Y,A,07,0,0,1,0,0,0,0,0,0,-,-,33.8814811706543,-117.61910247802734,RIVERSIDE,CORONA,-117.61908721923828,33.881591796875
90958547,2019,2019-04-02,9840,2019-03-25,0620,015705,NA,1,1,6,3345,0,1,3,NA,2,010,SR-60 W/B,VALLEY WAY,2112,E,N,B,-,Y,NA,NA,60,NA,NA,NA,NA,NA,W,N,3,0,1,2,A,-,03,22350,NA,N,C,C,A,A,H,-,B,D,0,NA,NA,NA,NA,Y,NA,D,22,0,1,0,0,0,0,0,0,0,-,-,34.00844955444336,-117.42281341552734,RIVERSIDE,JURUPA VALLEY,-117.4228057861328,34.00847244262695
90959291,2019,2019-04-02,9685,2019-03-24,1421,017285,NA,7,2,5,3335,0,1,1,NA,2,030,I-15 N/B,RANCHO CALIFORNIA ROAD,600,S,N,A,-,Y,NA,NA,15,NA,NA,NA,NA,NA,N,N,4,0,1,2,A,-,03,22350,NA,N,C,C,A,A,H,-,A,D,0,NA,NA,NA,NA,Y,NA,A,07,0,0,1,0,0,0,0,0,0,-,-,33.49961853027344,-117.150390625,RIVERSIDE,TEMECULA,-117.15045166015624,33.499568939208984
90959546,2019,2019-04-02,9655,2019-03-24,1420,015892,NA,7,2,9,3300,0,1,3,NA,1,119,STATE ROUTE 371,KIRBY ROAD,0,NA,Y,A,-,Y,NA,NA,371,NA,NA,NA,NA,NA,NA,Y,4,0,2,2,A,-,12,22450,A,N,D,C,A,A,H,-,A,A,0,NA,NA,NA,NA,Y,NA,A,01,0,0,2,0,0,0,0,0,0,-,-,33.55506896972656,-116.6479034423828,RIVERSIDE,UNINCORPORATED,-116.6479034423828,33.55504608154297
9095995,2020,2020-06-10,3300,2020-02-26,1800,N6906,20C4,3,5,3,3317,0,0,0,NA,0,020,HIGHWAY 111,INDIAN TRAIL RD,371,W,N,A,-,N,NA,NA,NA,NA,NA,NA,NA,NA,NA,Y,4,0,4,2,A,-,21,22106,NA,N,C,C,A,A,H,-,C,A,0,NA,NA,NA,NA,Y,NA,A,07,0,0,4,0,0,0,0,0,0,-,-,NA,NA,RIVERSIDE,RANCHO MIRAGE,-116.41697692871094,33.74559020996094
90961030,2019,2019-04-04,9840,2019-02-08,1320,017441,NA,5,1,9,3300,0,2,4,NA,2,045,CAJALCO EXPY,I-215 S/B,50,W,N,A,-,N,NA,NA,NA,NA,NA,NA,NA,NA,NA,Y,4,0,1,2,A,-,03,22350,NA,N,C,C,A,A,H,-,A,A,0,NA,NA,NA,NA,Y,NA,A,01,0,0,1,0,0,0,0,0,0,-,-,33.8437385559082,-117.251220703125,RIVERSIDE,UNINCORPORATED,-117.251678,33.843551
90961627,2019,2019-04-05,9630,2019-03-27,0105,021652,NA,3,3,9,3300,0,3,5,NA,2,002,VARNER RD,NEWCASTLE DR,325,W,N,A,-,N,NA,NA,NA,NA,NA,NA,NA,NA,NA,Y,3,0,1,1,A,-,08,22107,NA,N,E,I,A,A,H,-,C,D,0,NA,NA,NA,NA,Y,NA,A,01,0,1,0,0,0,0,0,0,0,-,-,33.760921478271484,-116.29686737060548,RIVERSIDE,UNINCORPORATED,-116.29656982421876,33.760536193847656
90963061,2019,2019-04-08,9655,2019-01-20,2235,021481,NA,7,3,9,3300,0,1,3,NA,2,212,SR-60 E/B,JACK RABBIT TRAIL,14784,W,N,A,-,Y,NA,NA,60,NA,NA,NA,NA,NA,E,Y,1,1,2,2,A,-,05,21651,B,N,A,C,A,A,H,-,D,A,0,NA,NA,NA,NA,Y,NA,A,01,0,1,1,0,0,0,0,0,0,-,-,33.94343185424805,-117.07682800292967,RIVERSIDE,UNINCORPORATED,-117.07682800292967,33.943443298339844
90963155,2019,2019-04-08,9840,2019-03-29,1557,020945,NA,5,2,9,3300,0,3,5,NA,2,003,TEMESCAL CANYON RD.,JOLORA AVE.,5,N,N,A,-,N,NA,NA,NA,NA,NA,NA,NA,NA,NA,Y,4,0,2,2,A,-,03,22350,NA,N,C,C,A,A,H,-,A,D,0,NA,NA,NA,NA,Y,NA,A,01,0,0,2,0,0,0,0,0,0,-,-,33.833038330078125,-117.51907348632813,RIVERSIDE,UNINCORPORATED,-117.5189971923828,33.83300018310547
90963218,2019,2019-04-08,9840,2019-04-03,0635,018248,NA,3,1,7,3313,0,1,3,NA,2,020,SR-91 E/B,TYLER ST,100,W,N,B,-,Y,NA,NA,91,NA,NA,NA,NA,NA,E,N,4,0,1,2,A,-,03,22350,NA,N,C,C,A,A,H,-,A,D,0,NA,NA,NA,NA,Y,NA,A,01,0,0,1,0,0,0,0,0,0,-,-,33.90586853027344,-117.45741271972656,RIVERSIDE,RIVERSIDE,-117.45744323730467,33.90592575073242
90965444,2019,2019-04-10,9685,2019-03-31,1400,013925,NA,7,2,9,3300,0,1,3,NA,2,011,SR-74 (ORTEGA HIGHWAY),ORANGE COUNTY LINE,5280,E,N,A,-,Y,NA,NA,74,NA,NA,NA,NA,NA,NA,Y,3,0,1,1,A,-,08,22107,NA,N,F,A,A,A,H,-,A,D,0,NA,NA,Y,NA,Y,NA,C,02,0,1,0,0,0,0,0,0,1,-,-,33.606510162353516,-117.44548797607422,RIVERSIDE,UNINCORPORATED,-117.44549560546876,33.60652160644531
90965843,2019,2019-09-30,9630,2019-03-13,0131,021652,NA,3,3,4,3309,0,1,1,NA,2,021,INTERSTATE 10 EASTBOUND,JACKSON ST,1584,E,N,A,-,Y,NA,NA,10,NA,NA,NA,NA,NA,E,Y,1,1,0,1,A,-,08,22107,NA,N,E,I,A,A,H,-,D,D,0,NA,NA,NA,NA,Y,NA,A,01,0,0,0,0,0,0,0,0,0,-,-,33.73426818847656,-116.2114715576172,RIVERSIDE,INDIO,-116.21141815185548,33.734317779541016
90966863,2019,2019-04-12,9660,2019-04-11,1030,014712,NA,4,1,9,3300,0,1,2,NA,2,038,US-95,6TH AVENUE,0,NA,Y,A,-,Y,NA,NA,95,NA,NA,NA,NA,NA,NA,Y,4,0,1,2,A,-,12,22450,A,N,D,C,A,A,H,-,A,A,0,NA,NA,NA,NA,Y,NA,A,01,0,0,1,0,0,0,0,0,0,-,-,33.661678314208984,-114.57157135009766,RIVERSIDE,UNINCORPORATED,-114.57183074951172,33.66167449951172
90967091,2019,2019-04-15,9630,2019-04-03,1053,021128,NA,3,1,9,3300,0,3,5,NA,2,001,MOUNTIAN VIEW RD,AVA CT,1584,S,N,A,-,N,NA,NA,NA,NA,NA,NA,NA,NA,NA,Y,4,0,1,1,A,-,08,22107,NA,N,E,I,A,A,H,-,A,D,0,NA,NA,NA,NA,Y,NA,A,01,0,0,1,0,0,0,0,0,0,-,-,33.93844985961914,-116.47535705566406,RIVERSIDE,UNINCORPORATED,-116.47532653808594,33.94035720825195
90967944,2019,2019-04-16,9630,2019-04-09,0759,018647,NA,2,1,9,3300,0,1,3,NA,2,086,SR-86 S/B,72ND AVE,400,S,N,A,-,Y,NA,NA,86,NA,NA,NA,NA,NA,S,Y,3,0,2,2,A,-,03,22350,NA,N,C,C,A,A,H,-,A,D,0,NA,NA,NA,Y,Y,NA,D,22,0,1,1,0,0,0,0,0,0,-,-,33.523948669433594,-116.10037994384766,RIVERSIDE,UNINCORPORATED,-116.10033416748048,33.523948669433594
90969422,2019,2019-04-17,9840,2019-04-07,1120,012191,NA,7,1,9,3300,0,1,1,NA,2,037,I-15 N/B,TEMESCAL CANYON ROAD,3300,S,N,A,-,Y,NA,NA,15,NA,NA,NA,NA,NA,N,Y,4,0,1,2,A,-,04,21703,NA,N,C,A,A,A,H,-,A,D,0,NA,NA,NA,NA,Y,NA,A,01,0,0,1,0,0,0,0,0,0,-,-,33.768001556396484,-117.47879028320313,RIVERSIDE,UNINCORPORATED,-117.47870635986328,33.768123626708984
9097052,2020,2020-06-19,3300,2020-02-09,1454,N5791,011F,7,5,4,3344,0,0,0,NA,0,062,LIMONITE AV,CLOVERDALE MARKETPLACE,400,W,N,A,-,N,NA,NA,NA,NA,NA,NA,NA,NA,NA,Y,4,0,1,1,A,-,01,23152,A,N,E,I,A,A,H,-,A,D,0,NA,NA,NA,NA,Y,Y,A,01,0,0,1,0,0,0,0,0,0,-,-,NA,NA,RIVERSIDE,EASTVALE,-117.56244659423828,33.97536087036133
90971052,2019,2019-04-19,9840,2019-04-12,1934,021194,NA,5,2,6,3394,0,1,3,NA,2,025,SR-60 E/B TO DAY STREET,DAY STREET,40,E,N,A,-,Y,NA,NA,60,NA,NA,NA,R,NA,E,N,4,0,2,2,A,-,03,22350,NA,N,C,C,A,A,H,-,C,A,0,NA,NA,NA,NA,Y,NA,A,01,0,0,2,0,0,0,0,0,0,-,-,33.9410400390625,-117.27863311767578,RIVERSIDE,MORENO VALLEY,-117.27863311767578,33.9410400390625
90971450,2019,2019-04-19,9655,2019-04-14,1140,018336,NA,7,1,9,3300,0,3,5,NA,2,002,MAGNOLIA ST,BONITA AVE,50,N,N,A,-,N,NA,NA,NA,NA,NA,NA,NA,NA,NA,Y,3,0,2,4,C,-,18,NA,NA,N,E,J,F,A,H,-,A,D,0,Y,NA,NA,NA,Y,NA,-,-,0,2,0,0,1,0,0,0,0,-,-,33.914371490478516,-116.80023956298828,RIVERSIDE,UNINCORPORATED,-116.8002700805664,33.91432571411133
9097193,2020,2020-11-09,3300,2020-05-03,0057,5397,905F,7,5,4,3307,0,0,0,NA,0,092,LAKESHORE DR,SPRING ST,470,W,N,A,-,N,NA,NA,NA,NA,NA,NA,NA,NA,NA,NA,4,0,1,1,A,-,01,23152,A,N,E,I,A,A,G,-,D,D,0,NA,NA,NA,Y,Y,Y,F,26,0,0,1,0,0,0,0,0,0,-,-,33.666168212890625,-117.3302001953125,RIVERSIDE,LAKE ELSINORE,-117.33177185058594,33.66534423828125
90972690,2019,2019-06-10,9630,2019-04-14,2120,021409,NA,7,2,9,3300,0,3,5,NA,2,404,RAMON RD,VARNER RD,0,NA,Y,A,-,N,NA,NA,NA,NA,NA,NA,NA,NA,NA,Y,2,0,1,2,A,-,12,21453,A,N,D,C,A,A,H,-,C,A,0,NA,NA,NA,NA,Y,NA,A,01,1,0,0,0,0,0,0,0,0,-,-,33.8165397644043,-116.40120697021484,RIVERSIDE,UNINCORPORATED,-116.40122985839844,33.81636047363281
90973476,2019,2019-04-23,9685,2019-04-14,1437,017285,NA,7,2,5,3335,0,1,1,NA,2,030,I-15 N/B TEMECULA PARKWAY OFF-RAMP,TEMECULA PARKWAY,15,S,N,A,-,Y,NA,NA,15,NA,NA,NA,NA,NA,N,N,4,0,3,2,A,-,03,22350,NA,N,C,C,A,A,H,-,A,D,0,NA,NA,NA,NA,Y,NA,A,01,0,0,3,0,0,0,0,0,0,-,-,33.479881286621094,-117.1394500732422,RIVERSIDE,TEMECULA,-117.14014434814452,33.47962188720703
90973518,2019,2019-04-23,9685,2019-04-15,0600,015360,NA,1,1,5,3335,0,1,1,NA,2,030,I-15 SOUTHBOUND,TEMECULA PARKWAY,120,N,N,A,-,Y,NA,NA,15,NA,NA,NA,NA,NA,S,Y,3,0,1,2,A,-,06,21750,NA,N,B,C,A,A,H,-,B,D,0,NA,NA,Y,NA,Y,NA,C,02,0,1,0,0,0,0,0,0,1,-,-,33.48128128051758,-117.14111328125,RIVERSIDE,TEMECULA,-117.14114379882813,33.481266021728516
90973542,2019,2019-04-23,9840,2019-04-14,1630,020455,NA,7,2,6,3315,0,1,3,NA,2,030,SR-91 E/B,GREEN RIVER RD,4300,W,N,A,-,Y,NA,NA,91,NA,NA,NA,NA,NA,E,Y,3,0,1,2,A,-,03,22350,NA,N,F,A,A,A,H,-,A,D,0,NA,NA,Y,NA,Y,NA,C,02,0,1,0,0,0,0,0,0,1,-,-,33.87030029296875,-117.66890716552734,RIVERSIDE,CORONA,-117.66898345947266,33.87052536010742
90973628,2019,2019-04-23,9630,2019-04-12,2055,021921,NA,5,2,9,3300,0,3,5,NA,2,405,WASHINGTON ST,COUNTRY CLUB DR,93,N,N,A,-,N,NA,NA,NA,NA,NA,NA,NA,NA,NA,Y,3,0,1,2,A,-,03,22350,NA,N,C,C,A,A,H,-,C,D,0,NA,NA,NA,NA,Y,NA,A,01,0,1,0,0,0,0,0,0,0,-,-,33.75823974609375,-116.3022918701172,RIVERSIDE,UNINCORPORATED,-116.30255889892578,33.75801086425781
90974726,2019,2019-04-25,9840,2019-04-06,0118,015744,NA,6,3,6,3345,0,1,3,NA,2,010,SR-60 E/B,PYRITE ST,1200,W,N,B,-,Y,NA,NA,60,NA,NA,NA,NA,NA,E,Y,3,0,1,2,A,-,01,23152,F,N,C,C,A,A,H,-,C,D,0,NA,NA,NA,NA,Y,NA,A,01,0,1,0,0,0,0,0,0,0,-,-,34.016910552978516,-117.46717071533205,RIVERSIDE,JURUPA VALLEY,-117.46717834472656,34.016849517822266
90974827,2019,2019-04-25,9840,2019-04-19,1305,017882,NA,5,1,7,3313,0,1,1,NA,2,023,I-215 S/B,CENTRAL AVE.,2000,N,N,A,-,Y,NA,NA,215,NA,NA,NA,NA,NA,S,Y,4,0,1,2,A,-,07,21658,A,N,B,C,A,A,H,-,A,D,0,NA,NA,NA,Y,Y,NA,F,25,0,0,1,0,0,0,0,0,0,-,-,33.960880279541016,-117.3183135986328,RIVERSIDE,RIVERSIDE,-117.31829833984376,33.96091842651367
90976721,2019,2019-04-26,9685,2019-04-19,1315,016838,NA,5,1,9,3300,0,3,5,NA,2,003,BENTON ROAD,LEON ROAD,0,NA,N,A,-,N,NA,NA,NA,NA,NA,NA,NA,NA,NA,Y,4,0,2,2,A,-,09,21802,A,N,D,C,A,A,H,-,A,D,0,NA,NA,NA,NA,Y,NA,A,01,0,0,2,0,0,0,0,0,0,-,-,33.590728759765625,-117.11837768554688,RIVERSIDE,UNINCORPORATED,-117.11801147460938,33.59086990356445
90977136,2019,2019-05-02,9630,2019-04-18,1347,021513,NA,4,1,9,3300,0,1,1,NA,2,010,I-10 E/B,SR-62 E/B,2640,E,N,A,-,Y,NA,NA,10,NA,NA,NA,NA,NA,E,Y,4,0,5,2,A,-,03,22350,NA,N,C,C,A,A,H,-,A,D,0,NA,NA,NA,NA,Y,NA,D,22,0,0,5,0,0,0,0,0,0,-,-,33.91244125366211,-116.59497833251952,RIVERSIDE,UNINCORPORATED,-116.59498596191406,33.91239547729492
9097747,2019,2020-06-03,3342,2019-11-13,1616,1024,289,3,5,4,3342,0,0,0,NA,0,002,LOS ALAMOS RD,HANCOCK AV,356,W,N,A,-,N,NA,NA,NA,NA,NA,NA,NA,NA,NA,N,4,0,1,2,A,-,03,22350,NA,N,C,C,A,A,H,-,A,A,0,NA,NA,NA,NA,Y,NA,A,01,0,0,1,0,0,0,0,0,0,-,-,33.57059097290039,-117.18415832519533,RIVERSIDE,MURRIETA,-117.18479919433594,33.56972122192383
90977655,2019,2019-04-29,9655,2019-04-22,1255,018336,NA,1,1,9,3300,0,1,1,NA,2,204,I-10 W/B,MORONGO TRAIL,3168,E,N,A,-,Y,NA,NA,10,NA,NA,NA,NA,NA,W,Y,3,0,1,3,A,-,03,22350,NA,N,C,C,A,A,H,-,A,D,0,NA,NA,NA,NA,Y,NA,A,01,0,1,0,0,0,0,0,0,0,-,-,33.91883850097656,-116.79593658447266,RIVERSIDE,UNINCORPORATED,-116.79593658447266,33.91890335083008
90978188,2019,2019-04-29,9685,2019-04-20,0345,015800,NA,6,3,4,3342,0,1,1,NA,2,020,I-215 SOUTHBOUND,LOS ALAMOS ROAD,1200,S,N,A,-,Y,NA,NA,215,NA,NA,NA,NA,NA,S,Y,2,0,1,2,A,-,03,22350,NA,N,C,C,A,A,H,-,C,D,0,NA,NA,NA,Y,Y,Y,A,01,1,0,0,0,0,0,0,0,0,-,-,33.5666389465332,-117.1808624267578,RIVERSIDE,MURRIETA,-117.18098449707033,33.5666389465332
9097968,2020,2020-08-03,3315,2020-03-13,0655,001886,1A,5,5,6,3315,0,0,0,NA,0,001,RAILROAD ST,KLUG CIR,154,E,N,C,-,N,NA,NA,NA,NA,NA,NA,NA,NA,NA,Y,3,0,1,1,A,-,08,22107,NA,N,E,I,A,B,H,-,B,D,0,NA,NA,NA,NA,Y,NA,A,01,0,1,0,0,0,0,0,0,0,-,-,33.887901306152344,-117.60951995849608,RIVERSIDE,CORONA,-117.60931396484376,33.8887825012207
90980322,2019,2019-05-02,9840,2019-04-22,0940,018248,NA,1,1,7,3313,0,1,3,NA,2,021,SR-91 W/B,SPRUCE ST,500,E,N,A,-,Y,NA,NA,91,NA,NA,NA,NA,NA,W,Y,4,0,2,5,A,-,03,22350,NA,N,C,C,A,A,H,-,A,D,0,NA,NA,NA,NA,Y,NA,A,01,0,0,2,0,0,0,0,0,0,-,-,33.99135971069336,-117.35881805419922,RIVERSIDE,RIVERSIDE,-117.35878753662108,33.99134063720703
90980522,2019,2019-05-02,9840,2019-04-27,0530,012208,NA,6,3,9,3300,0,1,1,NA,2,040,INTERSTATE-215 S/B } ARMED FORCES FWY.,CACTUS AVENUE,547,N,N,B,-,Y,NA,NA,215,NA,NA,NA,NA,NA,S,Y,3,0,1,2,A,-,08,22107,NA,N,B,C,A,A,H,-,C,D,0,NA,NA,NA,NA,Y,NA,A,07,0,1,0,0,0,0,0,0,0,-,-,33.91025924682617,-117.2822036743164,RIVERSIDE,UNINCORPORATED,-117.28226470947266,33.91019058227539