CASE_ID,ACCIDENT_YEAR,PROC_DATE,JURIS,COLLISION_DATE,COLLISION_TIME,OFFICER_ID,REPORTING_DISTRICT,DAY_OF_WEEK,CHP_SHIFT,POPULATION,CNTY_CITY_LOC,SPECIAL_COND,BEAT_TYPE,CHP_BEAT_TYPE,CITY_DIVISION_LAPD,CHP_BEAT_CLASS,BEAT_NUMBER,PRIMARY_RD,SECONDARY_RD,DISTANCE,DIRECTION,INTERSECTION,WEATHER_1,WEATHER_2,STATE_HWY_IND,CALTRANS_COUNTY,CALTRANS_DISTRICT,STATE_ROUTE,ROUTE_SUFFIX,POSTMILE_PREFIX,POSTMILE,LOCATION_TYPE,RAMP_INTERSECTION,SIDE_OF_HWY,TOW_AWAY,COLLISION_SEVERITY,NUMBER_KILLED,NUMBER_INJURED,PARTY_COUNT,PRIMARY_COLL_FACTOR,PCF_CODE_OF_VIOL,PCF_VIOL_CATEGORY,PCF_VIOLATION,PCF_VIOL_SUBSECTION,HIT_AND_RUN,TYPE_OF_COLLISION,MVIW,PED_ACTION,ROAD_SURFACE,ROAD_COND_1,ROAD_COND_2,LIGHTING,CONTROL_DEVICE,CHP_ROAD_TYPE,PEDESTRIAN_ACCIDENT,BICYCLE_ACCIDENT,MOTORCYCLE_ACCIDENT,TRUCK_ACCIDENT,NOT_PRIVATE_PROPERTY,ALCOHOL_INVOLVED,STWD_VEHTYPE_AT_FAULT,CHP_VEHTYPE_AT_FAULT,COUNT_SEVERE_INJ,COUNT_VISIBLE_INJ,COUNT_COMPLAINT_PAIN,COUNT_PED_KILLED,COUNT_PED_INJURED,COUNT_BICYCLIST_KILLED,COUNT_BICYCLIST_INJURED,COUNT_MC_KILLED,COUNT_MC_INJURED,PRIMARY_RAMP,SECONDARY_RAMP,LATITUDE,LONGITUDE,COUNTY,CITY,POINT_X,POINT_Y
91622497,2021,2021-11-11,9840,2021-11-10,1630,014571,NA,3,2,9,3300,0,2,4,NA,2,042,VAN BUREN BLVD.,WASHINGTON ST,0,NA,Y,A,-,N,NA,NA,NA,NA,NA,NA,NA,NA,NA,Y,4,0,1,2,A,-,12,21453,A,N,D,C,A,A,H,-,A,A,0,NA,NA,NA,NA,Y,NA,A,01,0,0,1,0,0,0,0,0,0,-,-,33.88243103027344,-117.36611175537108,RIVERSIDE,UNINCORPORATED,-117.36618041992188,33.88237380981445
91622647,2021,2021-11-11,9840,2021-10-19,1243,017441,NA,2,1,6,3345,0,1,3,NA,2,010,SR-60 W/B,MILLIKEN AVE,805,E,N,A,-,Y,NA,NA,NA,NA,NA,NA,NA,NA,NA,Y,1,1,1,2,A,-,03,22350,NA,N,C,C,A,A,H,-,A,D,0,NA,NA,NA,Y,Y,NA,F,26,0,1,0,0,0,0,0,0,0,-,-,34.023441314697266,-117.55570220947266,RIVERSIDE,JURUPA VALLEY,-117.55580139160156,34.02344512939453
91623156,2021,2021-11-12,9685,2021-10-15,1320,016765,NA,5,1,4,3342,0,1,1,NA,2,034,I-215 SOUTHBOUND,LOS ALAMOS RD,15,S,N,A,-,Y,NA,NA,215,NA,NA,NA,NA,NA,S,Y,4,0,1,3,A,-,03,22350,NA,N,C,C,A,A,H,-,A,D,0,NA,NA,NA,NA,Y,NA,A,01,0,0,1,0,0,0,0,0,0,-,-,33.57265090942383,-117.18096923828124,RIVERSIDE,MURRIETA,-117.18099975585938,33.57265090942383
91623469,2021,2021-11-12,9840,2021-10-30,2025,022652,NA,6,2,9,3300,0,2,4,NA,2,042,VAN BUREN BOULEVARD,MOCKINGBIRD CANYON ROAD,1460,S,N,A,-,N,NA,NA,NA,NA,NA,NA,NA,NA,NA,Y,2,0,3,3,A,-,08,22107,NA,N,A,C,A,A,H,-,D,D,0,NA,NA,NA,NA,Y,NA,A,01,2,0,1,0,0,0,0,0,0,-,-,33.881080627441406,-117.40161895751952,RIVERSIDE,UNINCORPORATED,-117.4017333984375,33.88119125366211
91623494,2021,2021-11-12,9630,2021-11-06,1610,020845,NA,6,2,4,3311,0,1,1,NA,2,010,I-10 E/B,WALL RD.,8448,E,N,A,-,Y,NA,NA,10,NA,NA,NA,NA,NA,E,Y,3,0,1,2,A,-,08,22107,NA,N,C,C,A,A,H,-,A,D,0,NA,NA,NA,Y,Y,NA,D,22,0,1,0,0,0,0,0,0,0,-,-,33.90507888793945,-116.55886840820313,RIVERSIDE,PALM SPRINGS,-116.55886840820313,33.90509796142578
91624414,2021,2021-11-15,9655,2021-11-02,0630,014743,NA,2,1,9,3300,0,1,3,NA,2,213,SR-79 N/B,GILMAN SPRINGS ROAD,1584,N,N,A,-,Y,NA,NA,79,NA,NA,NA,NA,NA,N,Y,3,0,1,2,A,-,07,21658,A,N,C,2,A,A,H,-,B,D,0,NA,NA,NA,NA,Y,NA,A,01,0,1,0,0,0,0,0,0,0,-,-,33.8497200012207,-117.00627136230467,RIVERSIDE,UNINCORPORATED,-117.00629425048828,33.849700927734375
91624929,2021,2021-11-15,9840,2021-11-11,1905,019566,NA,4,2,7,3313,0,1,3,NA,2,021,LA SIERRA AVE,BLACKBURN RD,0,NA,Y,A,-,N,NA,NA,NA,NA,NA,NA,NA,NA,NA,Y,4,0,1,2,A,-,09,21804,A,N,D,C,A,A,H,-,C,A,0,NA,NA,NA,NA,Y,NA,D,22,0,0,1,0,0,0,0,0,0,-,-,33.8625602722168,-117.4538116455078,RIVERSIDE,RIVERSIDE,-117.45388793945313,33.862510681152344
91625107,2021,2021-11-15,9840,2021-11-10,1616,015705,NA,3,2,6,3345,0,1,1,NA,2,011,I-15 N/B,CANTU-GALLEANO RANCH RD.,1056,N,N,A,-,Y,NA,NA,15,NA,NA,NA,NA,NA,N,Y,3,0,1,2,A,-,03,22350,NA,N,C,C,A,A,H,-,A,D,0,NA,NA,NA,NA,Y,NA,A,07,0,1,0,0,0,0,0,0,0,-,-,34.0047607421875,-117.55014801025392,RIVERSIDE,JURUPA VALLEY,-117.55008697509766,34.0047607421875
91625219,2021,2021-11-15,9685,2021-11-04,1715,016096,NA,4,2,9,3300,0,1,3,NA,1,012,SR-74,MOUNTAIN AVE.,0,NA,Y,A,-,Y,NA,NA,74,NA,NA,NA,NA,NA,NA,Y,3,0,2,2,A,-,09,21802,A,N,D,C,A,A,H,-,A,A,0,NA,NA,NA,NA,Y,NA,D,23,0,2,0,0,0,0,0,0,0,-,-,33.764469146728516,-117.26187896728516,RIVERSIDE,UNINCORPORATED,-117.26186370849608,33.76444625854492
9162573,2020,2020-12-03,3315,2020-09-14,1830,001338,7A,1,5,6,3315,0,0,0,NA,0,001,SMITH AV,PLEASANT VIEW AV,0,NA,Y,A,-,N,NA,NA,NA,NA,NA,NA,NA,NA,NA,Y,4,0,1,3,A,-,09,21802,A,N,D,C,A,A,H,-,A,A,0,NA,NA,NA,NA,Y,NA,A,01,0,0,1,0,0,0,0,0,0,-,-,33.879600524902344,-117.59409332275392,RIVERSIDE,CORONA,-117.59413909912108,33.88029098510742
91626099,2021,2021-11-16,9630,2021-11-05,0519,020645,NA,5,3,9,3300,0,1,1,NA,2,302,I-10 E/B,RED CLOUD MINE ROAD,11616,E,N,A,-,Y,NA,NA,10,NA,NA,NA,NA,NA,E,Y,4,0,1,1,A,-,08,22107,NA,N,E,8,A,A,H,-,D,D,0,NA,NA,NA,Y,Y,NA,G,25,0,0,1,0,0,0,0,0,0,-,-,33.68458938598633,-115.53183746337892,RIVERSIDE,UNINCORPORATED,-115.53182983398438,33.684547424316406
9162624,2020,2020-10-20,3313,2020-08-14,0716,1389,5,5,5,7,3313,0,0,0,NA,0,T53,TYLER ST,TYLER MALL ST,0,NA,Y,A,-,NA,NA,NA,NA,NA,NA,NA,NA,NA,NA,NA,4,0,1,2,A,-,08,22107,NA,N,B,C,A,A,H,-,A,A,0,NA,NA,NA,NA,Y,NA,D,22,0,0,1,0,0,0,0,0,0,-,-,33.90760040283203,-117.45894622802734,RIVERSIDE,RIVERSIDE,NA,NA
91626377,2021,2021-11-16,9655,2021-11-10,0025,019449,NA,3,3,9,3300,0,1,3,NA,2,213,SR-79 S/B,COUNTY LANDFILL RD,6864,S,N,A,-,Y,NA,NA,79,NA,NA,NA,NA,NA,S,Y,3,0,1,1,A,-,08,22107,NA,N,E,I,A,A,H,-,D,D,0,NA,NA,NA,NA,Y,NA,A,07,0,1,0,0,0,0,0,0,0,-,-,33.86838150024414,-117.00183868408205,RIVERSIDE,UNINCORPORATED,-117.00183868408205,33.86835861206055
9162724,2020,2020-10-13,3300,2020-06-19,2225,3343,901B,5,5,4,3344,0,0,0,NA,0,050,HAMNER AV,CITRUS ST,0,NA,Y,A,-,N,NA,NA,NA,NA,NA,NA,NA,NA,NA,Y,2,0,3,2,A,-,12,21453,A,N,D,C,A,A,H,-,C,A,0,NA,NA,NA,NA,Y,NA,A,01,2,1,0,0,0,0,0,0,0,-,-,33.951690673828125,-117.55845642089844,RIVERSIDE,EASTVALE,-117.5583267211914,33.951820373535156
91630782,2021,2021-11-19,9630,2021-11-10,1752,021570,NA,3,2,7,3313,0,2,4,NA,2,018,I-10 W/B,WASHINGTON STREET,1056,W,N,A,-,Y,NA,NA,NA,NA,NA,NA,NA,NA,NA,Y,3,0,1,2,A,-,03,22350,NA,M,C,C,A,A,H,-,D,D,0,NA,NA,NA,NA,Y,NA,A,07,0,1,0,0,0,0,0,0,0,-,-,33.76150131225586,-116.30516815185548,RIVERSIDE,RIVERSIDE,-116.30406188964844,33.76115417480469
91631901,2021,2021-11-22,9840,2021-11-02,2336,021037,NA,2,3,9,3300,0,1,1,NA,2,037,I-15 S/B,INDIAN TRUCK TRAIL,4750,N,N,A,-,Y,NA,NA,15,NA,NA,NA,NA,NA,S,Y,4,0,1,1,A,-,08,22107,NA,N,E,I,A,A,H,-,D,D,0,NA,NA,NA,NA,Y,NA,A,01,0,0,1,0,0,0,0,0,0,-,-,33.758419036865234,-117.46369171142578,RIVERSIDE,UNINCORPORATED,-117.46368408203124,33.7584342956543
9163192,2020,2020-10-13,3313,2020-08-31,1949,1951,4,1,5,7,3313,0,0,0,NA,0,3R48,ARLINGTON AV,PEGASUS DR,21,N,N,A,-,N,NA,NA,NA,NA,NA,NA,NA,NA,NA,NA,3,0,1,2,A,-,08,22107,NA,N,D,C,A,A,H,-,C,D,0,NA,NA,Y,NA,Y,NA,A,01,0,1,0,0,0,0,0,0,0,-,-,33.94585037231445,-117.45130920410156,RIVERSIDE,RIVERSIDE,-117.45111083984376,33.94588088989258
91633974,2021,2021-11-24,9840,2021-11-19,1255,017893,NA,5,1,6,3315,0,1,1,NA,2,034,I-15 S/B,EL CERRITO RD.,1340,S,N,A,-,Y,NA,NA,15,NA,NA,NA,NA,NA,S,N,4,0,1,3,A,-,03,22350,NA,N,C,C,A,A,H,-,A,D,0,NA,NA,NA,NA,Y,NA,D,22,0,0,1,0,0,0,0,0,0,-,-,33.8288688659668,-117.52774047851563,RIVERSIDE,CORONA,-117.52777862548828,33.828834533691406
91634762,2021,2021-11-24,9630,2021-11-17,0125,016635,NA,3,3,9,3300,0,1,1,NA,2,301,I-10 E/B,CACTUS CITY REST AREA,15840,W,N,A,-,Y,NA,NA,10,NA,NA,NA,NA,NA,E,Y,2,0,1,2,A,-,08,22107,NA,F,B,C,A,A,H,-,D,D,0,NA,NA,NA,Y,Y,NA,A,01,1,0,0,0,0,0,0,0,0,-,-,33.68312072753906,-116.01426696777344,RIVERSIDE,UNINCORPORATED,-116.01427459716795,33.68310546875
91638623,2021,2021-11-30,9840,2021-11-23,1143,019527,NA,2,1,7,3313,0,1,3,NA,2,020,SR-91 W/B,MONROE ST,500,E,N,A,-,Y,NA,NA,91,NA,NA,NA,NA,NA,W,Y,4,0,1,2,A,-,03,22350,NA,N,C,C,A,A,H,-,A,A,0,NA,NA,NA,NA,Y,NA,A,01,0,0,1,0,0,0,0,0,0,-,-,33.92388916015625,-117.42565155029295,RIVERSIDE,RIVERSIDE,-117.42577362060548,33.924110412597656
9163865,2020,2020-11-25,3311,2020-09-02,1839,16289,NA,3,5,4,3311,0,0,0,NA,0,006,RT 111,BROADMOOR DR,0,NA,Y,A,-,Y,RIV,8,111,-,-,47.633,I,5,S,Y,3,0,3,2,A,-,09,21804,A,N,D,C,A,A,H,-,B,A,0,NA,NA,NA,NA,Y,NA,A,01,0,1,2,0,0,0,0,0,0,-,-,33.79267883300781,-116.49256134033205,RIVERSIDE,PALM SPRINGS,-116.49260711669922,33.79269027709961
91639413,2021,2021-12-01,9840,2021-06-26,2040,021311,NA,6,2,9,3300,0,1,3,NA,1,038,SR-71 S/B,SR-91,3300,N,N,A,-,Y,NA,NA,71,NA,NA,NA,NA,NA,S,N,4,0,3,2,A,-,03,22350,NA,F,C,C,A,A,H,-,D,A,0,NA,NA,NA,NA,Y,NA,-,99,0,0,3,0,0,0,0,0,0,-,-,33.890419006347656,-117.64656829833984,RIVERSIDE,UNINCORPORATED,-117.64652252197266,33.89043045043945
91640946,2021,2021-12-02,9660,2021-11-23,2120,022114,NA,2,2,9,3300,0,1,1,NA,2,030,INTERSTATE 10 E/B,SR-177,21120,E,N,A,-,Y,NA,NA,10,NA,NA,NA,NA,NA,E,Y,4,0,1,1,A,-,08,22107,NA,N,E,8,A,A,H,-,D,D,0,NA,NA,NA,NA,Y,NA,A,01,0,0,1,0,0,0,0,0,0,-,-,33.6927490234375,-115.2793197631836,RIVERSIDE,UNINCORPORATED,-115.27931213378906,33.69278335571289
91642012,2021,2021-12-03,9840,2021-11-22,0314,020102,NA,1,3,9,3300,0,2,4,NA,2,045,EL SOBRANTE RD,HELIOS RD,530,N,N,A,-,N,NA,NA,NA,NA,NA,NA,NA,NA,NA,Y,2,0,1,1,A,-,08,22107,NA,N,E,I,A,A,H,-,D,A,0,NA,NA,NA,NA,Y,NA,A,01,1,0,0,0,0,0,0,0,0,-,-,33.85057067871094,-117.38829803466795,RIVERSIDE,UNINCORPORATED,-117.38803863525392,33.850521087646484
91642047,2021,2021-12-03,9840,2021-11-30,1330,014868,NA,2,1,6,3345,0,1,1,NA,2,011,I-15 N/B,SR-60,300,S,N,A,-,Y,NA,NA,15,NA,NA,NA,NA,NA,N,N,4,0,2,2,A,-,03,22350,NA,N,C,C,A,A,H,-,A,D,0,NA,NA,NA,NA,Y,NA,A,01,0,0,2,0,0,0,0,0,0,-,-,34.02146911621094,-117.55007934570313,RIVERSIDE,JURUPA VALLEY,-117.55010223388672,34.02146911621094
91642164,2021,2021-12-03,9840,2021-11-30,1225,015444,NA,2,1,4,3344,0,1,1,NA,2,011,I-15 S/B,BELLEGRAVE AVENUE,350,S,N,A,-,Y,NA,NA,15,NA,NA,NA,NA,NA,S,Y,4,0,1,1,A,-,08,22107,NA,N,E,8,A,A,H,-,A,D,0,NA,NA,NA,NA,Y,NA,A,01,0,0,1,0,0,0,0,0,0,-,-,33.9901008605957,-117.55003356933594,RIVERSIDE,EASTVALE,-117.55012512207033,33.990081787109375
91642473,2021,2021-12-03,9655,2021-11-30,1030,014743,NA,2,1,9,3300,0,1,3,NA,2,212,SR-60 E/B,JACK RABBIT TRAIL,1584,W,N,A,-,Y,NA,NA,60,NA,NA,NA,NA,NA,E,N,4,0,1,2,A,-,03,22350,NA,N,C,C,A,A,D,-,A,D,0,NA,NA,NA,NA,Y,NA,D,22,0,0,1,0,0,0,0,0,0,-,-,33.936771392822266,-117.03881072998048,RIVERSIDE,UNINCORPORATED,-117.03885650634766,33.93672180175781
9164510,2020,2020-11-24,3308,2020-09-03,1448,10610,526,4,5,5,3308,0,0,0,NA,0,SOUTH,PALM AV,KIMBALL AV,90,N,N,A,-,N,NA,NA,NA,NA,NA,NA,NA,NA,NA,Y,3,0,2,3,A,-,09,21801,A,N,D,C,A,A,H,-,A,A,0,NA,NA,NA,NA,Y,NA,A,07,0,1,1,0,0,0,0,0,0,-,-,33.74570846557617,-116.98046875,RIVERSIDE,HEMET,-116.98035430908205,33.745887756347656
91645400,2021,2021-12-07,9685,2021-11-22,1705,016096,NA,1,2,9,3300,0,2,4,NA,2,016,GRAND AVENUE,GREGORY PLACE,54,S,N,A,-,N,NA,NA,NA,NA,NA,NA,NA,NA,NA,N,2,0,1,2,A,-,11,21954,A,F,G,B,D,A,H,-,C,A,0,Y,NA,NA,NA,Y,NA,N,60,1,0,0,0,1,0,0,0,0,-,-,33.62615966796875,-117.32392120361328,RIVERSIDE,UNINCORPORATED,-117.32396697998048,33.626197814941406
91645496,2021,2021-12-07,9840,2021-12-04,1440,020455,NA,6,2,6,3394,0,1,3,NA,2,025,SR-60 W/B,DAY ST,1000,E,N,A,-,Y,NA,NA,60,NA,NA,NA,NA,NA,W,Y,4,0,3,3,A,-,03,22350,NA,N,C,C,A,A,H,-,A,D,0,NA,NA,NA,NA,Y,NA,A,01,0,0,3,0,0,0,0,0,0,-,-,33.94219970703125,-117.27597808837892,RIVERSIDE,MORENO VALLEY,-117.27597808837892,33.942230224609375
91645644,2021,2022-01-18,9685,2021-11-23,1830,015743,NA,2,2,5,3335,0,1,1,NA,2,030,I-15 NORTHBOUND,RANCHO CALIFORNIA ROAD,430,N,N,A,-,Y,NA,NA,15,NA,NA,NA,NA,NA,N,N,3,0,2,2,A,-,03,22350,NA,N,B,C,A,A,H,-,C,D,0,NA,NA,Y,NA,Y,NA,C,02,0,1,1,0,0,0,0,0,1,-,-,33.502201080322266,-117.1519012451172,RIVERSIDE,TEMECULA,-117.15182495117188,33.502235412597656
91645724,2021,2021-12-07,9655,2021-11-30,0940,015892,NA,2,1,9,3300,0,1,3,NA,1,119,STATE ROUTE 371,BURNT VALLEY ROAD (EAST),2112,W,N,A,-,Y,NA,NA,371,NA,NA,NA,NA,NA,NA,Y,3,0,1,1,A,-,08,22107,NA,N,E,I,A,A,H,-,D,D,0,NA,NA,Y,NA,Y,NA,C,02,0,1,0,0,0,0,0,0,1,-,-,33.55847930908203,-116.61061096191406,RIVERSIDE,UNINCORPORATED,-116.61058807373048,33.558448791503906
91645777,2021,2021-12-07,9630,2021-11-28,1250,019267,NA,7,1,9,3300,0,3,5,NA,2,404,VARNER RD.,BADGER STREET,494,W,N,A,-,N,NA,NA,NA,NA,NA,NA,NA,NA,NA,Y,4,0,1,2,A,-,09,21804,A,N,D,C,A,A,H,-,A,D,0,NA,NA,NA,NA,Y,NA,A,01,0,0,1,0,0,0,0,0,0,-,-,33.76288986206055,-116.31021881103516,RIVERSIDE,UNINCORPORATED,-116.31011199951172,33.7628288269043
91646024,2021,2021-12-08,9840,2021-11-29,1450,015705,NA,1,2,6,3345,0,1,3,NA,2,010,SR-60 E/B,RUBIDOUX BLVD.,680,E,N,A,-,Y,NA,NA,60,NA,NA,NA,NA,NA,E,Y,3,0,3,3,A,-,03,22350,NA,N,C,C,A,A,H,-,A,D,0,NA,NA,NA,NA,Y,NA,A,07,0,3,0,0,0,0,0,0,0,-,-,34.00502014160156,-117.39409637451172,RIVERSIDE,JURUPA VALLEY,-117.39410400390624,34.00504684448242
91646028,2021,2021-12-08,9840,2021-12-07,0830,015444,NA,2,1,4,3344,0,1,1,NA,2,011,I-15 S/B,BELLEGRAVE AVE,528,S,N,B,-,Y,NA,NA,15,NA,NA,NA,NA,NA,S,Y,4,0,2,2,A,-,03,22350,NA,N,C,C,A,A,H,-,A,D,0,NA,NA,NA,NA,Y,NA,A,01,0,0,2,0,0,0,0,0,0,-,-,33.98939895629883,-117.54991912841795,RIVERSIDE,EASTVALE,-117.54994201660156,33.98939514160156
9164647,2020,2020-11-17,3313,2020-09-16,1038,1389,2,3,5,7,3313,0,0,0,NA,0,T53,CHICAGO AV,UNIVERSITY AV,0,NA,Y,A,-,N,NA,NA,NA,NA,NA,NA,NA,NA,NA,N,4,0,1,2,A,-,12,21453,A,N,D,C,A,A,H,-,A,A,0,NA,NA,NA,NA,Y,NA,D,22,0,0,1,0,0,0,0,0,0,-,-,33.97414016723633,-117.34819793701172,RIVERSIDE,RIVERSIDE,-117.34850311279295,33.975738525390625
91647334,2021,2021-12-09,9840,2021-12-02,1838,020058,NA,4,2,9,3300,0,3,5,NA,2,003,ONTARIO AVE.,EL CERRITO RD.,0,NA,Y,A,-,N,NA,NA,NA,NA,NA,NA,NA,NA,NA,N,3,0,1,2,A,-,12,21453,A,N,A,C,A,A,H,-,C,A,0,NA,NA,NA,NA,Y,NA,A,01,0,1,0,0,0,0,0,0,0,-,-,33.83599853515625,-117.52291107177734,RIVERSIDE,UNINCORPORATED,-117.52291870117188,33.8360481262207
91647841,2021,2021-12-09,9840,2021-12-03,1918,020058,NA,5,2,9,3300,0,3,5,NA,2,003,TEMESCAL CANYON RD,EL CERRITO RD.,0,NA,Y,A,-,N,NA,NA,NA,NA,NA,NA,NA,NA,NA,N,3,0,1,2,A,-,09,21801,A,N,A,C,A,A,H,-,C,A,0,NA,NA,NA,NA,Y,NA,A,07,0,1,0,0,0,0,0,0,0,-,-,33.83599853515625,-117.52291107177734,RIVERSIDE,UNINCORPORATED,-117.52276611328124,33.835960388183594
91647885,2021,2021-12-09,9685,2021-11-28,1630,016502,NA,7,2,5,3335,0,1,1,NA,2,010,I-15 N/B,WINCHESTER ROAD,1000,S,N,A,-,Y,NA,NA,15,NA,NA,NA,NA,NA,N,N,4,0,1,2,A,-,03,22350,NA,F,C,C,A,A,H,-,A,D,0,NA,NA,NA,NA,Y,NA,-,99,0,0,1,0,0,0,0,0,0,-,-,33.519989013671875,-117.1610870361328,RIVERSIDE,TEMECULA,-117.16106414794922,33.52000427246094
91648000,2021,2021-12-09,9840,2021-12-04,1718,020058,NA,6,2,7,3313,0,1,3,NA,2,021,SR-91 W/B TO MISSION INN AVE.,MISSION AVE.,850,E,N,A,-,Y,NA,NA,91,NA,NA,NA,R,NA,W,N,4,0,2,2,A,-,03,22350,NA,N,C,C,A,A,H,-,C,D,0,NA,NA,NA,NA,Y,NA,A,01,0,0,2,0,0,0,0,0,0,-,-,33.98265838623047,-117.367431640625,RIVERSIDE,RIVERSIDE,-117.367431640625,33.98265838623047
91648126,2021,2021-12-09,9685,2021-11-30,1802,017285,NA,2,2,4,3342,0,1,1,NA,2,030,I-15 N/B,WINCHESTER ROAD,5280,N,N,A,-,Y,NA,NA,NA,NA,NA,NA,NA,NA,NA,Y,4,0,1,3,A,-,03,22350,NA,N,C,C,A,A,H,-,D,D,0,NA,NA,NA,NA,Y,NA,D,22,0,0,1,0,0,0,0,0,0,-,-,33.31993865966797,-117.10193634033205,RIVERSIDE,MURRIETA,-117.17115783691406,33.53509521484375
91648844,2021,2021-12-10,9840,2021-12-10,0025,022457,NA,5,3,6,3315,0,1,3,NA,2,030,SR-91 W/B,GREEN RIVER RD.,3045,E,N,A,-,Y,NA,NA,91,NA,NA,NA,NA,NA,W,Y,2,0,1,1,A,-,08,22107,NA,N,E,I,A,A,H,-,C,D,0,NA,NA,NA,NA,Y,NA,A,01,1,0,0,0,0,0,0,0,0,-,-,33.881649017333984,-117.6483917236328,RIVERSIDE,CORONA,-117.64842224121094,33.88179397583008
9164989,2020,2020-12-22,3300,2020-10-13,1538,5228,910H,2,5,5,3335,0,0,0,NA,0,064,RANCHO CALIFORNIA RD,YUKON RD,0,NA,Y,A,-,N,NA,NA,NA,NA,NA,NA,NA,NA,NA,Y,3,0,1,2,A,-,12,21453,A,N,D,C,A,A,H,-,A,A,0,NA,NA,NA,NA,Y,NA,A,01,0,1,0,0,0,0,0,0,0,-,-,33.50843048095703,-117.12850952148438,RIVERSIDE,TEMECULA,-117.12841796875,33.50865936279297
91650668,2021,2021-12-13,9840,2021-12-03,1900,021481,NA,5,2,7,3313,0,1,1,NA,2,022,I-215 S/B,COLUMBIA AVE,1056,N,N,A,-,Y,NA,NA,215,NA,NA,NA,NA,NA,S,N,4,0,1,3,A,-,03,22350,NA,N,C,C,A,A,H,-,C,D,0,NA,NA,NA,Y,Y,NA,G,25,0,0,1,0,0,0,0,0,0,-,-,34.00436019897461,-117.3500518798828,RIVERSIDE,RIVERSIDE,-117.35008239746094,34.0043830871582
91650806,2021,2021-12-13,9840,2021-12-10,1230,015444,NA,5,1,7,3313,0,1,3,NA,2,010,SR-60 E/B,ORANGE STREET,1056,E,N,B,-,Y,NA,NA,60,NA,NA,NA,NA,NA,E,N,3,0,1,2,A,-,03,22350,NA,N,C,C,A,A,H,-,A,D,0,NA,NA,NA,NA,Y,NA,A,08,0,1,0,0,0,0,0,0,0,-,-,33.99468994140625,-117.36051940917967,RIVERSIDE,RIVERSIDE,-117.36053466796876,33.99464797973633
91651400,2021,2021-12-14,9840,2021-12-04,1751,020455,NA,6,2,9,3300,0,1,1,NA,2,023,I-215 S/B,FAIR ISLE DR,1500,S,N,A,-,Y,NA,NA,215,NA,NA,NA,NA,NA,S,Y,3,0,5,2,A,-,03,22350,NA,N,C,C,A,A,H,-,C,D,0,NA,NA,NA,NA,Y,NA,A,01,0,1,4,0,0,0,0,0,0,-,-,33.945701599121094,-117.297119140625,RIVERSIDE,UNINCORPORATED,-117.29711151123048,33.94571304321289
91653059,2021,2021-12-15,9685,2021-12-05,1814,017285,NA,7,2,3,3343,0,1,1,NA,2,010,I-15 S/B,WILDOMAR TRAIL,2800,S,N,A,-,Y,NA,NA,15,NA,NA,NA,NA,NA,S,Y,4,0,2,3,A,-,07,21658,A,N,B,C,A,A,H,-,D,D,0,NA,NA,NA,NA,Y,NA,A,01,0,0,2,0,0,0,0,0,0,-,-,33.606590270996094,-117.25511932373048,RIVERSIDE,WILDOMAR,-117.2551040649414,33.60660171508789
91653284,2021,2021-12-15,9660,2021-12-06,1412,021591,NA,1,2,9,3300,0,1,1,NA,2,030,I-10 E/B,CORN SPRINGS ROAD,2640,W,N,A,-,Y,NA,NA,10,NA,NA,NA,NA,NA,E,Y,3,0,2,1,A,-,08,22107,NA,N,F,A,A,A,D,-,A,A,0,NA,NA,NA,Y,Y,NA,F,26,0,2,0,0,0,0,0,0,0,-,-,33.68423843383789,-115.24984741210938,RIVERSIDE,UNINCORPORATED,-115.24986267089844,33.6841926574707
91656155,2021,2021-12-20,9630,2021-11-27,2330,021008,NA,6,3,9,3300,0,1,1,NA,2,302,INTERSTATE 10 WESTBOUND,SUMMIT ROAD,7920,W,N,A,-,Y,NA,NA,10,NA,NA,NA,NA,NA,W,Y,2,0,4,2,A,-,08,22107,NA,N,D,C,A,A,H,-,D,D,0,NA,NA,NA,NA,Y,NA,A,07,1,2,1,0,0,0,0,0,0,-,-,33.6602783203125,-115.75025939941406,RIVERSIDE,UNINCORPORATED,-115.75025939941406,33.66026306152344
91656426,2021,2021-12-20,9655,2021-12-14,1525,020669,NA,2,2,9,3300,0,1,3,NA,1,110,SR-243,MILE POST MARKER 14.00,50,S,N,D,-,Y,NA,NA,243,NA,NA,NA,NA,NA,NA,Y,3,0,1,1,A,-,03,22350,NA,N,E,I,A,C,H,-,A,D,0,NA,NA,NA,NA,Y,NA,A,07,0,1,0,0,0,0,0,0,0,-,-,33.797279357910156,-116.77629852294922,RIVERSIDE,UNINCORPORATED,-116.77630615234376,33.797332763671875