CASE_ID,ACCIDENT_YEAR,PROC_DATE,JURIS,COLLISION_DATE,COLLISION_TIME,OFFICER_ID,REPORTING_DISTRICT,DAY_OF_WEEK,CHP_SHIFT,POPULATION,CNTY_CITY_LOC,SPECIAL_COND,BEAT_TYPE,CHP_BEAT_TYPE,CITY_DIVISION_LAPD,CHP_BEAT_CLASS,BEAT_NUMBER,PRIMARY_RD,SECONDARY_RD,DISTANCE,DIRECTION,INTERSECTION,WEATHER_1,WEATHER_2,STATE_HWY_IND,CALTRANS_COUNTY,CALTRANS_DISTRICT,STATE_ROUTE,ROUTE_SUFFIX,POSTMILE_PREFIX,POSTMILE,LOCATION_TYPE,RAMP_INTERSECTION,SIDE_OF_HWY,TOW_AWAY,COLLISION_SEVERITY,NUMBER_KILLED,NUMBER_INJURED,PARTY_COUNT,PRIMARY_COLL_FACTOR,PCF_CODE_OF_VIOL,PCF_VIOL_CATEGORY,PCF_VIOLATION,PCF_VIOL_SUBSECTION,HIT_AND_RUN,TYPE_OF_COLLISION,MVIW,PED_ACTION,ROAD_SURFACE,ROAD_COND_1,ROAD_COND_2,LIGHTING,CONTROL_DEVICE,CHP_ROAD_TYPE,PEDESTRIAN_ACCIDENT,BICYCLE_ACCIDENT,MOTORCYCLE_ACCIDENT,TRUCK_ACCIDENT,NOT_PRIVATE_PROPERTY,ALCOHOL_INVOLVED,STWD_VEHTYPE_AT_FAULT,CHP_VEHTYPE_AT_FAULT,COUNT_SEVERE_INJ,COUNT_VISIBLE_INJ,COUNT_COMPLAINT_PAIN,COUNT_PED_KILLED,COUNT_PED_INJURED,COUNT_BICYCLIST_KILLED,COUNT_BICYCLIST_INJURED,COUNT_MC_KILLED,COUNT_MC_INJURED,PRIMARY_RAMP,SECONDARY_RAMP,LATITUDE,LONGITUDE,COUNTY,CITY,POINT_X,POINT_Y
94501512,2024,2024-12-13,9840,2024-12-05,424,021194,NA,4,3,6,3394,0,1,3,NA,2,025,SR-60 E/B,MORENO BEACH DR,0,E,N,A,-,Y,RIV,NA,60,NA,NA,19.129,H,NA,R,Y,3,0,1,1,A,-,08,22107,NA,N,E,C,A,A,H,-,D,D,0,NA,NA,NA,NA,Y,NA,A,01,0,1,0,0,0,0,0,0,0,-,-,33.939090728759766,-117.17829132080078,RIVERSIDE,MORENO VALLEY,-117.17829132080078,33.93917465209961
94502921,2024,2024-12-13,9685,2024-12-03,1151,015906,NA,2,1,5,3335,0,1,1,NA,2,030,I-15 SOUTHBOUND,RANCHO CALIFORNIA ROAD OVERCROSSING,3379,N,N,A,-,Y,RIV,NA,15,NA,NA,5.629,H,NA,L,Y,4,0,1,2,A,-,03,22350,NA,N,C,C,A,A,H,-,A,D,0,NA,NA,NA,NA,Y,NA,A,01,0,0,1,0,0,0,0,0,0,-,-,33.509620666503906,-117.15570831298828,RIVERSIDE,TEMECULA,-117.15562438964844,33.509647369384766
94503451,2024,2024-12-13,9840,2024-12-09,942,023816,NA,1,1,9,3300,0,1,3,NA,2,030,SR-91 W/B,SERFAS CLUB DRIVE,3689,W,N,A,-,Y,RIV,NA,91,NA,R,3.009,H,NA,L,Y,4,0,2,3,A,-,03,22350,NA,N,C,C,A,A,H,-,A,D,0,NA,NA,NA,NA,Y,NA,A,01,0,0,2,0,0,0,0,0,0,-,-,33.88296127319336,-117.625,RIVERSIDE,UNINCORPORATED,-117.62499237060548,33.88296890258789
94505924,2024,2024-12-16,9630,2024-12-08,1150,021409,NA,7,1,9,3300,0,1,3,NA,2,086,STATE ROUTE 86 SOUTHBOUND,50TH AVENUE,255,N,N,A,-,Y,RIV,NA,86,NA,R,20.492,H,NA,L,N,4,0,1,2,A,-,03,22350,NA,N,C,C,A,A,H,-,A,A,0,NA,NA,NA,Y,Y,NA,F,26,0,0,1,0,0,0,0,0,0,-,-,33.687889099121094,-116.16487884521484,RIVERSIDE,UNINCORPORATED,-116.16490173339844,33.687870025634766
94508269,2024,2024-12-18,9840,2024-12-06,1833,019652,NA,5,2,6,3315,0,1,3,NA,2,030,STATE ROUTE 91 EASTBOUND,GREEN RIVER ROAD,3600,W,N,A,-,Y,RIV,NA,91,NA,R,0.319,H,NA,R,N,2,0,1,3,A,-,08,22107,NA,N,B,C,A,A,H,-,D,D,0,NA,NA,Y,NA,Y,NA,A,07,1,0,0,0,0,0,0,0,1,-,-,33.871368408203125,-117.66658020019533,RIVERSIDE,CORONA,-117.66659545898438,33.87139129638672
94508982,2024,2025-07-29,9840,2024-12-16,755,020220,NA,1,1,7,3313,0,1,3,NA,2,021,SR-91 E/B,ARLINGTON AVENUE,330,W,N,A,-,Y,RIV,NA,91,NA,NA,17.754,H,NA,R,Y,4,0,3,5,A,-,04,21703,NA,N,B,C,A,A,H,-,A,D,0,NA,NA,NA,Y,Y,NA,A,01,0,0,3,0,0,0,0,0,0,-,-,33.945579528808594,-117.38967895507813,RIVERSIDE,RIVERSIDE,-117.38966369628906,33.9455680847168
94512025,2024,2024-12-20,9630,2024-12-15,1015,021200,NA,7,1,9,3300,0,1,1,NA,2,010,I-10 W/B,WALL ROAD,4300,E,N,A,-,Y,RIV,NA,10,NA,NA,31.795,H,NA,L,N,4,0,1,1,A,-,08,22107,NA,N,E,I,A,A,H,-,A,D,0,NA,NA,NA,NA,Y,NA,A,01,0,0,1,0,0,0,0,0,0,-,-,33.907169342041016,-116.5683364868164,RIVERSIDE,UNINCORPORATED,-116.5683135986328,33.90727233886719
94512268,2024,2024-12-20,9840,2024-12-18,850,016358,NA,3,1,7,3313,0,1,1,NA,2,040,I-215 N/B,ALESSANDRO BLVD.,2640,N,N,A,-,Y,RIV,NA,215,NA,R,36.739,H,NA,R,Y,4,0,1,2,A,-,07,21658,A,N,B,C,A,A,H,-,A,D,0,NA,NA,Y,NA,Y,NA,A,07,0,0,1,0,0,0,0,0,1,-,-,33.92127990722656,-117.28848266601563,RIVERSIDE,RIVERSIDE,-117.28842926025392,33.92128372192383
94512290,2024,2024-12-20,9840,2024-12-19,1505,017802,NA,4,2,4,3344,0,1,1,NA,2,011,I-15 S/B,BELLEGRAVE AVE.,100,S,N,A,-,Y,RIV,NA,15,NA,NA,49.335,H,NA,L,Y,4,0,1,2,A,-,03,22350,NA,N,C,C,A,A,H,-,A,D,0,NA,NA,NA,NA,Y,NA,A,01,0,0,1,0,0,0,0,0,0,-,-,33.99066925048828,-117.5502700805664,RIVERSIDE,EASTVALE,-117.55023956298828,33.99067306518555
9451837,2022,2022-05-31,3313,2022-04-22,1515,2047,5,5,5,7,3313,0,0,0,NA,0,3R50,VICTORIA AV,STEWART ST,0,NA,Y,A,-,N,NA,NA,NA,NA,NA,NA,NA,NA,NA,N,4,0,2,2,A,-,09,21802,A,N,D,C,A,A,H,-,A,A,0,NA,NA,NA,NA,Y,NA,A,07,0,0,2,0,0,0,0,0,0,-,-,33.893619537353516,-117.45319366455078,RIVERSIDE,RIVERSIDE,-117.4524154663086,33.89426040649414
9452050,2021,2022-06-01,3309,2021-10-27,1046,443,3309,3,5,4,3309,0,0,0,NA,0,004,AVENUE 48,HJORTH ST,0,NA,Y,A,-,N,NA,NA,NA,NA,NA,NA,NA,NA,NA,N,4,0,2,2,A,-,12,21453,A,N,D,C,A,A,H,-,A,A,0,NA,NA,NA,NA,Y,NA,A,07,0,0,2,0,0,0,0,0,0,-,-,NA,NA,RIVERSIDE,INDIO,-116.24681091308594,33.69999694824219
94520540,2024,2024-12-30,9840,2024-12-30,1330,017546,NA,1,1,6,3394,0,1,3,NA,2,025,SR-60 E/B,NASON STREET,1785,E,N,A,-,Y,RIV,NA,60,NA,NA,18.714,H,NA,R,Y,4,0,1,2,A,-,03,22350,NA,N,C,C,A,A,H,-,A,D,0,NA,NA,NA,NA,Y,NA,A,07,0,0,1,0,0,0,0,0,0,-,-,33.939208984375,-117.1855010986328,RIVERSIDE,MORENO VALLEY,-117.1855010986328,33.93916320800781
94520662,2024,2024-12-30,9655,2024-12-23,2015,023934,NA,1,2,9,3300,0,1,1,NA,2,204,INTERSTATE 10 EASTBOUND,MORONGO TRAIL,2429,W,N,A,-,Y,RIV,NA,10,NA,R,17.202,H,NA,R,N,4,0,2,2,A,-,07,21658,A,N,B,C,A,A,H,-,D,D,0,NA,NA,NA,NA,Y,NA,A,07,0,0,2,0,0,0,0,0,0,-,-,33.925209045410156,-116.81311798095705,RIVERSIDE,UNINCORPORATED,-116.81307983398438,33.92524719238281
9452355,2022,2022-06-21,3313,2022-05-02,1436,1575,1,1,5,7,3313,0,0,0,NA,0,M12,MISSION INN AV,MULBERRY ST,0,NA,Y,A,-,N,NA,NA,NA,NA,NA,NA,NA,NA,NA,Y,3,0,2,2,A,-,12,21453,A,N,A,C,A,A,H,-,A,A,0,NA,NA,NA,NA,Y,NA,A,01,0,1,1,0,0,0,0,0,0,-,-,33.979270935058594,-117.36843872070313,RIVERSIDE,RIVERSIDE,-117.36882781982422,33.98059844970703
94523589,2024,2025-01-02,9840,2024-12-31,730,019874,NA,2,1,6,3394,0,1,3,NA,2,025,SR-60 W/B,NASON STREET,216,W,N,A,-,Y,RIV,NA,60,NA,NA,18.312,H,NA,L,N,4,0,1,2,A,-,03,22350,NA,N,C,C,A,A,H,-,A,D,0,NA,NA,NA,NA,Y,NA,D,22,0,0,1,0,0,0,0,0,0,-,-,33.939369201660156,-117.19246673583984,RIVERSIDE,MORENO VALLEY,-117.19246673583984,33.93935775756836
94524633,2025,2025-01-03,9655,2025-01-02,1200,019466,NA,4,1,9,3300,0,1,1,NA,2,204,I-10 WESTBOUND,MORONGO TRAIL,25,E,N,A,-,Y,RIV,NA,10,NA,R,17.684,H,NA,L,Y,3,0,2,2,A,-,03,22350,NA,N,C,C,A,A,H,-,A,D,0,NA,NA,NA,NA,Y,NA,A,01,0,2,0,0,0,0,0,0,0,-,-,33.921321868896484,-116.80629730224608,RIVERSIDE,UNINCORPORATED,-116.80626678466795,33.92137145996094
94525448,2024,2025-01-03,9685,2024-12-29,1433,019732,NA,7,2,4,3342,0,1,1,NA,2,030,I-15,WINCHESTER RD.,3500,N,N,A,-,Y,RIV,NA,15,NA,NA,7.287,H,NA,R,N,4,0,1,2,A,-,03,22350,NA,N,C,C,A,A,H,-,A,D,0,NA,NA,NA,NA,Y,NA,A,01,0,0,1,0,0,0,0,0,0,-,-,33.53110885620117,-117.16847229003906,RIVERSIDE,MURRIETA,-117.1684799194336,33.531105041503906
94526272,2024,2025-01-06,9685,2024-12-25,58,019860,NA,3,3,3,3343,0,1,1,NA,2,010,I-15 S/B,WILDOMAR TRAIL,2112,S,N,A,-,Y,RIV,NA,15,NA,NA,14.664,H,NA,L,Y,3,0,2,2,A,-,01,23152,A,N,C,C,A,A,H,-,D,D,0,NA,NA,NA,NA,Y,Y,A,01,0,2,0,0,0,0,0,0,0,-,-,33.60763931274414,-117.25611114501952,RIVERSIDE,WILDOMAR,-117.2560806274414,33.607662200927734
94530322,2025,2025-01-08,9655,2025-01-02,1525,019630,NA,4,2,9,3300,0,2,4,NA,2,322,STETSON AVENUE,SAN JACINTO STREET,350,W,N,A,-,N,NA,NA,NA,NA,NA,NA,NA,NA,NA,N,4,0,1,2,A,-,03,22350,NA,N,C,C,A,A,H,-,A,A,0,NA,NA,NA,NA,Y,NA,A,01,0,0,1,0,0,0,0,0,0,-,-,33.72941970825195,-116.95984649658205,RIVERSIDE,UNINCORPORATED,-116.95854949951172,33.72943878173828
94531417,2025,2025-01-09,9655,2025-01-04,945,019630,NA,6,1,9,3300,0,1,3,NA,1,314,STATE ROUTE 74,HEMET STREET,0,NA,Y,A,-,Y,RIV,NA,74,NA,NA,43.34,H,NA,R,Y,4,0,1,2,A,-,12,21453,A,N,D,C,A,A,H,-,A,A,0,NA,NA,NA,NA,Y,NA,D,22,0,0,1,0,0,0,0,0,0,-,-,33.747718811035156,-116.923828125,RIVERSIDE,UNINCORPORATED,-116.923828125,33.74770736694336
94532247,2025,2025-01-09,9840,2025-01-02,1752,023816,NA,4,2,7,3313,0,1,1,NA,2,023,I-215 N/B,MARTIN LUTHER KING BOULEVARD,1975,S,N,A,-,Y,RIV,NA,215,NA,NA,40.498,H,NA,R,Y,4,0,1,2,A,-,03,22350,NA,N,C,C,A,A,H,-,D,D,0,NA,NA,NA,NA,Y,NA,A,01,0,0,1,0,0,0,0,0,0,-,-,33.964088439941406,-117.32518005371094,RIVERSIDE,RIVERSIDE,-117.32518768310548,33.964080810546875
94535147,2024,2025-01-13,9840,2024-12-19,1800,019650,NA,4,2,9,3300,0,2,4,NA,2,045,CAJALCO RD.,ALEXANDER ST.,80,E,N,A,-,N,NA,NA,NA,NA,NA,NA,NA,NA,NA,N,2,0,1,2,A,-,01,23152,A,M,C,C,A,A,H,-,C,A,0,NA,NA,NA,NA,Y,Y,D,22,1,0,0,0,0,0,0,0,0,-,-,33.83707046508789,-117.30352020263672,RIVERSIDE,UNINCORPORATED,-117.30484008789063,33.83704376220703
94535631,2025,2025-01-13,9840,2025-01-09,1834,023250,NA,4,2,9,3300,0,2,4,NA,2,039,MAGNOLIA AVE,MCKINLEY ST,490,W,N,A,-,N,NA,NA,NA,NA,NA,NA,NA,NA,NA,N,3,0,1,2,A,-,01,23152,A,N,C,C,A,A,H,-,B,D,0,NA,NA,NA,NA,Y,Y,A,01,0,1,0,0,0,0,0,0,0,-,-,33.880950927734375,-117.51561737060548,RIVERSIDE,UNINCORPORATED,-117.51561737060548,33.881202697753906
94537382,2025,2025-01-14,9840,2025-01-13,1925,021943,NA,1,2,6,3315,0,1,1,NA,2,011,I-15 S/B TO SR-91 E/B,PARKRIDGE AVENUE,1650,S,N,A,-,Y,RIV,NA,15,NA,NA,41.51,H,NA,L,Y,4,0,1,3,A,-,03,22350,NA,N,C,C,A,A,H,-,C,D,0,NA,NA,NA,NA,Y,NA,A,01,0,0,1,0,0,0,0,0,0,-,-,33.88188171386719,-117.5476303100586,RIVERSIDE,CORONA,-117.54753112792967,33.88191604614258
94540461,2025,2025-01-16,9685,2025-01-09,1545,018383,NA,4,2,9,3300,0,1,3,NA,1,039,SR-79 EB,ANZA RD,2640,W,N,A,-,Y,RIV,NA,79,NA,NA,14.983,H,NA,R,N,4,0,1,2,A,-,03,22350,NA,N,C,C,A,A,H,-,A,D,0,NA,NA,NA,NA,Y,NA,A,07,0,0,1,0,0,0,0,0,0,-,-,33.490440368652344,-117.06217193603516,RIVERSIDE,UNINCORPORATED,-117.06219482421876,33.490516662597656
94541701,2024,2025-01-17,9630,2024-12-31,1605,024177,NA,2,2,9,3300,0,1,3,NA,2,086,SR-86 N/B,81ST AVENUE,150,N,N,A,-,Y,RIV,NA,86,NA,R,3.537,H,NA,R,Y,4,0,1,2,A,-,03,22350,NA,N,C,2,A,A,H,-,B,D,0,NA,NA,NA,NA,Y,NA,D,22,0,0,1,0,0,0,0,0,0,-,-,33.46331024169922,-116.09110260009766,RIVERSIDE,UNINCORPORATED,-116.09111785888672,33.46331024169922
94542553,2024,2025-01-17,9630,2024-12-29,45,021652,NA,7,3,9,3300,0,3,5,NA,2,402,DILLON RD,DOWELL LN,230,W,N,A,-,N,NA,NA,NA,NA,NA,NA,NA,NA,NA,N,2,0,1,1,A,-,01,23152,A,N,F,A,A,A,H,-,D,D,0,NA,NA,NA,NA,Y,Y,A,01,1,0,0,0,0,0,0,0,0,-,-,33.914241790771484,-116.37998962402344,RIVERSIDE,UNINCORPORATED,-116.38030242919922,33.91447067260742
94544289,2025,2025-01-21,9685,2025-01-17,2026,020989,NA,5,2,4,3342,0,1,1,NA,2,030,I-15 NORTHBOUND,WINCHESTER RD,5280,N,N,A,-,Y,RIV,NA,15,NA,NA,7.697,H,NA,R,N,4,0,1,2,A,-,03,22350,NA,N,C,C,A,A,D,-,C,D,0,NA,NA,NA,NA,Y,NA,A,01,0,0,1,0,0,0,0,0,0,-,-,33.536319732666016,-117.17195129394533,RIVERSIDE,MURRIETA,-117.17193603515624,33.53632736206055
94549273,2025,2025-01-24,9840,2025-01-09,2115,022180,NA,4,2,6,3315,0,1,3,NA,2,030,SR-91 W/B,AUTO CENTER DR,4118,W,N,A,-,Y,RIV,NA,91,NA,R,2.914,H,NA,L,N,4,0,1,2,A,-,03,22350,NA,N,C,C,A,A,D,-,C,D,0,NA,NA,NA,Y,Y,NA,G,25,0,0,1,0,0,0,0,0,0,-,-,33.88356018066406,-117.62647247314452,RIVERSIDE,CORONA,-117.6265106201172,33.88347244262695
94552062,2025,2025-01-28,9630,2025-01-20,2115,021652,NA,1,2,9,3300,0,3,5,NA,2,404,MONTEREY AVE,I-10 W/B,50,S,N,A,-,N,NA,NA,NA,NA,NA,NA,NA,NA,NA,N,4,0,1,2,A,-,08,22107,NA,M,C,C,A,A,H,-,D,D,0,NA,NA,NA,NA,Y,NA,-,99,0,0,1,0,0,0,0,0,0,-,-,33.8067512512207,-116.38804626464844,RIVERSIDE,UNINCORPORATED,-116.38818359375,33.80635452270508
94552075,2025,2025-01-28,9630,2025-01-21,1740,021652,NA,2,2,9,3300,0,1,1,NA,2,021,I-10 W/B,WASHINGTON ST,200,W,N,A,-,Y,RIV,NA,10,NA,NA,50.313,H,NA,L,Y,4,0,1,2,A,-,07,21658,A,N,C,C,A,A,H,-,D,D,0,NA,NA,NA,NA,Y,NA,A,01,0,0,1,0,0,0,0,0,0,-,-,33.761051177978516,-116.3036880493164,RIVERSIDE,UNINCORPORATED,-116.30367279052734,33.761104583740234
9455371,2022,2022-07-01,3313,2022-05-21,1550,2034,2,6,5,7,3313,0,0,0,NA,0,3R24,CANYON CREST DR,CREST PARK CR,8,S,N,A,-,N,NA,NA,NA,NA,NA,NA,NA,NA,NA,NA,2,0,1,2,A,-,09,21801,A,N,A,C,A,A,H,-,A,A,0,NA,NA,Y,NA,Y,NA,A,01,1,0,0,0,0,0,0,0,1,-,-,33.96025848388672,-117.33114624023438,RIVERSIDE,RIVERSIDE,-117.33113861083984,33.959197998046875
94555407,2025,2025-01-30,9630,2025-01-24,1052,019943,NA,5,1,9,3300,0,1,1,NA,2,302,I-10 W/B,RED CLOUD MINE RD,10560,E,N,A,-,Y,RIV,NA,10,NA,R,97.1,H,NA,L,Y,4,0,1,1,C,-,18,NA,NA,N,E,I,A,A,H,-,A,D,0,NA,NA,NA,Y,Y,NA,-,-,0,0,1,0,0,0,0,0,0,-,-,33.68424987792969,-115.53507232666016,RIVERSIDE,UNINCORPORATED,-115.53507232666016,33.68424606323242
9455639,2022,2022-06-29,3313,2022-06-15,0816,1026,2,3,5,7,3313,0,0,0,NA,0,T52,CENTRAL AV,VICTORIA AV,0,NA,Y,A,-,N,NA,NA,NA,NA,NA,NA,NA,NA,NA,Y,3,0,5,2,A,-,12,21453,A,N,D,C,A,A,H,-,A,A,0,NA,NA,NA,NA,Y,NA,A,07,0,2,3,0,0,0,0,0,0,-,-,33.95357894897461,-117.37023162841795,RIVERSIDE,RIVERSIDE,-117.37046051025392,33.95360565185547
94556973,2025,2025-01-31,9840,2025-01-20,1347,019527,NA,1,1,6,3315,0,1,S,NA,2,300,SR-91 E/B,PRADO RD,650,E,N,A,-,Y,RIV,NA,91,NA,R,1.358,H,NA,R,Y,3,0,2,5,A,-,08,22107,NA,N,E,I,A,A,H,-,A,D,0,NA,NA,NA,Y,Y,NA,A,01,0,1,1,0,0,0,0,0,0,-,-,33.88058090209961,-117.65267181396484,RIVERSIDE,CORONA,-117.65264129638672,33.88051223754883
94557232,2025,2025-01-31,9655,2025-01-24,655,019630,NA,5,1,9,3300,0,1,3,NA,1,312,STATE ROUTE 74,CORDOBA DRIVE,0,NA,Y,A,-,Y,RIV,NA,74,NA,NA,36.149,H,NA,R,N,4,0,2,2,A,-,09,21802,A,N,D,C,A,A,H,-,A,A,0,NA,NA,NA,Y,Y,NA,F,26,0,0,2,0,0,0,0,0,0,-,-,33.74380874633789,-117.0463409423828,RIVERSIDE,UNINCORPORATED,-117.0463409423828,33.743839263916016
9456519,2022,2022-06-20,3313,2022-04-15,1631,1911,5,5,5,7,3313,0,0,0,NA,0,M21,MYERS ST,CLEVELAND AV,15,N,N,A,-,N,NA,NA,NA,NA,NA,NA,NA,NA,NA,Y,4,0,3,2,D,-,00,NA,NA,N,D,C,A,A,H,-,A,A,0,NA,NA,NA,NA,Y,NA,-,-,0,0,3,0,0,0,0,0,0,-,-,33.899471282958984,-117.4348373413086,RIVERSIDE,RIVERSIDE,-117.43489837646484,33.89945602416992
94567441,2025,2025-02-06,9840,2025-01-31,730,022497,NA,5,1,7,3313,0,1,1,NA,2,023,I-215 N/B (MORENO VALLEY FREEWAY),FAIR ISLE DRIVE,1200,N,N,A,-,Y,RIV,NA,215,NA,NA,38.833,H,NA,R,Y,3,0,2,3,A,-,08,22107,NA,N,B,C,A,A,H,-,A,D,0,NA,NA,NA,NA,Y,NA,A,01,0,1,1,0,0,0,0,0,0,-,-,33.95109939575195,-117.30314636230467,RIVERSIDE,RIVERSIDE,-117.30311584472656,33.951107025146484
9456884,2022,2022-06-27,3313,2022-06-06,1813,0282,3,1,5,7,3313,0,0,0,NA,0,T48,ALESSANDRO BL,OLD 215 FRONTAGE RD,325,W,N,A,-,N,NA,NA,NA,NA,NA,NA,NA,NA,NA,Y,3,0,1,2,A,-,01,23152,A,N,C,-,A,A,H,-,A,A,0,NA,NA,NA,NA,Y,Y,A,01,0,1,0,0,0,0,0,0,0,-,-,NA,NA,RIVERSIDE,RIVERSIDE,-117.28312683105467,33.91688919067383
94569404,2025,2025-02-07,9685,2025-01-27,1745,018539,NA,1,2,4,3342,0,1,1,NA,2,030,I-15 S/B,MURRIETA HOT SPRINGS ROAD,1870,N,N,A,-,Y,RIV,NA,15,NA,NA,9.843,H,NA,L,Y,4,0,1,2,A,-,08,22107,NA,N,B,C,A,A,H,-,C,D,0,NA,NA,NA,NA,Y,NA,D,22,0,0,1,0,0,0,0,0,0,-,-,33.557960510253906,-117.19741821289063,RIVERSIDE,MURRIETA,-117.19741821289063,33.55796432495117
94570354,2024,2025-02-07,9630,2024-10-19,1038,021200,NA,6,1,9,3300,0,1,3,NA,2,015,STATE ROUTE 62 EASTBOUND,NORTH INDIAN CANYON DRIVE,5280,N,N,B,-,Y,RIV,NA,62,NA,NA,7.589,H,NA,R,Y,1,1,1,1,A,-,08,22107,NA,N,F,0,A,A,H,-,A,D,0,NA,NA,Y,NA,Y,NA,C,02,0,1,0,0,0,0,0,1,1,-,-,34.014129638671875,-116.57653045654295,RIVERSIDE,UNINCORPORATED,-116.57654571533205,34.01411819458008
94570728,2025,2025-03-24,9685,2025-01-30,1600,016096,NA,4,2,4,3307,0,1,1,NA,2,010,I-15 S/B FWY,RAILROAD CANYON RD,2500,N,N,A,-,Y,RIV,NA,15,NA,NA,19.662,H,NA,L,Y,3,0,2,5,A,-,03,22350,NA,N,C,C,A,A,H,-,A,D,0,NA,NA,NA,NA,Y,NA,E,22,0,2,0,0,0,0,0,0,0,-,-,33.66712951660156,-117.30494689941406,RIVERSIDE,LAKE ELSINORE,-117.3049087524414,33.667171478271484
94575288,2025,2025-02-12,9840,2025-02-06,728,018611,NA,4,1,9,3300,0,1,1,NA,2,040,I-215 S/B,VAN BUREN BOULEVARD,2460,S,N,A,-,Y,RIV,NA,215,NA,R,33.685,H,NA,L,Y,3,0,1,2,A,-,08,22107,NA,F,B,E,A,A,H,-,A,D,0,NA,NA,NA,NA,Y,NA,D,22,0,1,0,0,0,0,0,0,0,-,-,33.88106918334961,-117.26799774169922,RIVERSIDE,UNINCORPORATED,-117.2678680419922,33.88111114501953
94575572,2024,2025-02-12,9685,2024-12-12,1205,015906,NA,4,1,5,3335,0,1,1,NA,2,030,I-15 NORTHBOUND,WARM SRINGS UNDERCROSSNG,1003,S,N,A,-,Y,RIV,NA,15,NA,NA,7.595,H,NA,R,Y,3,0,2,2,A,-,03,22350,NA,F,C,C,A,A,D,-,A,D,0,NA,NA,NA,NA,Y,NA,D,22,0,2,0,0,0,0,0,0,0,-,-,33.53501892089844,-117.17108154296876,RIVERSIDE,TEMECULA,-117.17105865478516,33.535030364990234
94581771,2025,2025-02-17,9685,2025-02-05,1045,015906,NA,3,1,9,3300,0,1,3,NA,2,011,SR-74 (ORTEGA HIGHWAY),MAIN DIVIDE TRUCK TRAIL,68,W,N,B,C,Y,RIV,NA,74,NA,NA,5.253,H,NA,R,Y,4,0,1,1,A,-,08,22107,NA,N,F,A,A,B,H,-,A,D,0,NA,NA,NA,NA,Y,NA,A,01,0,0,1,0,0,0,0,0,0,-,-,33.637271881103516,-117.42230224609376,RIVERSIDE,UNINCORPORATED,-117.42230224609376,33.637271881103516
9458361,2022,2022-06-16,3325,2022-05-05,1503,20221,RIVER,4,5,4,3325,0,0,0,NA,0,003,DATE PALM DR,30TH AV,63,N,N,A,-,N,NA,NA,NA,NA,NA,NA,NA,NA,NA,N,4,0,1,2,A,-,03,22350,NA,N,C,C,A,A,H,-,A,A,0,NA,NA,NA,NA,Y,NA,A,01,0,0,1,0,0,0,0,0,0,-,-,NA,NA,RIVERSIDE,CATHEDRAL CITY,-116.4582061767578,33.83064270019531
9458366,2022,2022-06-16,3325,2022-05-09,2043,2724,3325,1,5,4,3325,0,0,0,NA,0,001,VAQUERO RD,35TH AV,35,N,N,A,-,N,NA,NA,NA,NA,NA,NA,NA,NA,NA,Y,4,0,1,2,A,-,01,23152,A,N,B,E,A,A,H,-,C,A,0,NA,NA,NA,NA,Y,Y,A,01,0,0,1,0,0,0,0,0,0,-,-,NA,NA,RIVERSIDE,CATHEDRAL CITY,-116.45375823974608,33.79427719116211
94584403,2025,2025-02-19,9685,2025-02-14,923,015906,NA,5,1,5,3335,0,1,1,NA,2,030,I-15 NORTHBOUND,WARM SPRINGS UNDERCROSSING,475,S,N,B,C,Y,RIV,NA,15,NA,NA,7.692,H,NA,R,Y,4,0,1,3,A,-,03,22350,NA,N,E,I,A,B,D,-,A,D,0,NA,NA,NA,NA,Y,NA,D,22,0,0,1,0,0,0,0,0,0,-,-,33.536258697509766,-117.17188262939452,RIVERSIDE,TEMECULA,-117.17188262939452,33.536258697509766
94585215,2025,2025-02-20,9655,2025-02-16,1418,021162,NA,7,2,9,3300,0,3,5,NA,2,002,MORONGO TRAIL,SEMINOLE DR,100,S,N,A,-,N,NA,NA,NA,NA,NA,NA,NA,NA,NA,N,3,0,1,2,A,-,21,22106,NA,N,C,C,A,A,H,-,A,D,0,NA,NA,NA,NA,Y,NA,D,22,0,1,0,0,0,0,0,0,0,-,-,33.92266082763672,-116.80564880371094,RIVERSIDE,UNINCORPORATED,-116.80596923828124,33.921730041503906
94585511,2025,2025-02-20,9840,2025-02-20,650,017802,NA,4,1,7,3313,0,1,3,NA,2,021,SR-91 E/B,BROCKTON AVE.,100,W,N,A,-,Y,NA,NA,NA,NA,NA,NA,NA,NA,NA,N,4,0,2,3,A,-,03,22350,NA,N,C,C,A,A,H,-,A,D,0,NA,NA,NA,NA,Y,NA,D,22,0,0,2,0,0,0,0,0,0,-,-,33.94234848022461,-117.2942123413086,RIVERSIDE,RIVERSIDE,-117.39423370361328,33.94227600097656