CASE_ID,ACCIDENT_YEAR,PROC_DATE,JURIS,COLLISION_DATE,COLLISION_TIME,OFFICER_ID,REPORTING_DISTRICT,DAY_OF_WEEK,CHP_SHIFT,POPULATION,CNTY_CITY_LOC,SPECIAL_COND,BEAT_TYPE,CHP_BEAT_TYPE,CITY_DIVISION_LAPD,CHP_BEAT_CLASS,BEAT_NUMBER,PRIMARY_RD,SECONDARY_RD,DISTANCE,DIRECTION,INTERSECTION,WEATHER_1,WEATHER_2,STATE_HWY_IND,CALTRANS_COUNTY,CALTRANS_DISTRICT,STATE_ROUTE,ROUTE_SUFFIX,POSTMILE_PREFIX,POSTMILE,LOCATION_TYPE,RAMP_INTERSECTION,SIDE_OF_HWY,TOW_AWAY,COLLISION_SEVERITY,NUMBER_KILLED,NUMBER_INJURED,PARTY_COUNT,PRIMARY_COLL_FACTOR,PCF_CODE_OF_VIOL,PCF_VIOL_CATEGORY,PCF_VIOLATION,PCF_VIOL_SUBSECTION,HIT_AND_RUN,TYPE_OF_COLLISION,MVIW,PED_ACTION,ROAD_SURFACE,ROAD_COND_1,ROAD_COND_2,LIGHTING,CONTROL_DEVICE,CHP_ROAD_TYPE,PEDESTRIAN_ACCIDENT,BICYCLE_ACCIDENT,MOTORCYCLE_ACCIDENT,TRUCK_ACCIDENT,NOT_PRIVATE_PROPERTY,ALCOHOL_INVOLVED,STWD_VEHTYPE_AT_FAULT,CHP_VEHTYPE_AT_FAULT,COUNT_SEVERE_INJ,COUNT_VISIBLE_INJ,COUNT_COMPLAINT_PAIN,COUNT_PED_KILLED,COUNT_PED_INJURED,COUNT_BICYCLIST_KILLED,COUNT_BICYCLIST_INJURED,COUNT_MC_KILLED,COUNT_MC_INJURED,PRIMARY_RAMP,SECONDARY_RAMP,LATITUDE,LONGITUDE,COUNTY,CITY,POINT_X,POINT_Y
6405774,2014,2014-06-05,3300,2014-01-04,1740,4301,012D,6,5,4,3344,0,0,0,NA,0,064,ARCHIBALD AV,BARON DR,250,S,N,A,-,N,NA,NA,NA,NA,NA,NA,NA,NA,NA,Y,2,0,2,3,A,-,-,NA,NA,N,A,C,A,A,H,-,A,D,0,NA,NA,NA,NA,Y,Y,A,01,1,1,0,0,0,0,0,0,0,-,-,NA,NA,RIVERSIDE,EASTVALE,-117.59996,33.92759
6406041,2014,2015-10-12,3300,2014-02-02,0840,4592,22F5,7,5,3,3317,0,0,0,NA,0,S22,RT 111,PETERSON,39,E,N,A,-,N,NA,NA,NA,NA,NA,NA,NA,NA,NA,Y,4,0,1,2,A,-,03,22350,NA,N,C,C,A,A,H,-,A,A,0,NA,NA,NA,NA,Y,NA,A,01,0,0,1,0,0,0,0,0,0,-,-,NA,NA,RIVERSIDE,RANCHO MIRAGE,-116.43885013,33.75974342
6406907,2014,2014-06-11,3300,2014-01-27,0935,3365,2C,1,5,6,3345,0,0,0,NA,0,020,MISSION BL,AMARILLO ST,45,W,N,A,-,N,NA,NA,NA,NA,NA,NA,NA,NA,NA,Y,2,0,1,1,A,-,03,22350,NA,N,F,I,A,A,H,-,A,D,0,NA,NA,NA,NA,Y,NA,A,01,1,0,0,0,0,0,0,0,0,-,-,NA,NA,RIVERSIDE,JURUPA VALLEY,-117.47863807,34.01178
6407129,2014,2016-03-05,9660,2014-02-09,0913,020362,NA,7,1,9,3300,0,1,1,NA,2,030,RT 10,CORN SPRINGS RD,200,W,N,A,-,Y,RIV,8,10,-,R,114,H,-,E,Y,3,0,2,1,A,-,08,22107,NA,N,F,A,A,A,H,-,A,D,1,NA,NA,NA,NA,Y,NA,A,01,0,2,0,0,0,0,0,0,0,-,-,33.68463,-115.25153,RIVERSIDE,UNINCORPORATED,-115.25013885,33.68427304
6408473,2014,2015-02-20,9630,2014-03-09,1130,19310,NA,7,1,9,3300,0,2,4,NA,2,029,WASHINGTON ST,LAS MONTANAS RD,1056,N,N,A,-,N,NA,NA,NA,NA,NA,NA,NA,NA,NA,N,2,0,1,2,A,-,03,22350,NA,N,H,G,A,A,H,-,A,D,0,NA,Y,NA,NA,Y,NA,D,22,1,0,0,0,0,0,1,0,0,-,-,33.77138,-116.30375,RIVERSIDE,UNINCORPORATED,-116.30361432,33.77155083
6410833,2014,2014-07-26,3313,2014-01-13,1537,1699,C,1,5,7,3313,0,0,0,NA,0,C330,GARFIELD ST,JACKSON ST,30,W,N,A,-,N,NA,NA,NA,NA,NA,NA,NA,NA,NA,Y,3,0,4,2,A,-,08,22107,NA,N,A,C,A,A,H,-,A,A,0,NA,NA,NA,NA,Y,NA,A,01,0,2,2,0,0,0,0,0,0,-,-,NA,NA,RIVERSIDE,RIVERSIDE,-117.44180235,33.92765479
6411179,2014,2016-03-16,9655,2014-02-28,1420,17501,NA,5,2,4,3301,0,1,1,NA,2,204,RT 10,MALKI RD,5280,W,N,C,-,Y,RIV,8,10,-,R,15.54,H,-,W,Y,4,0,1,1,A,-,08,22107,NA,N,E,I,A,B,H,-,A,D,1,NA,NA,NA,NA,Y,NA,D,22,0,0,1,0,0,0,0,0,0,-,-,33.9311,-116.83296,RIVERSIDE,BANNING,-116.83935638,33.92969443
6413486,2014,2015-10-06,9655,2014-03-01,0150,018444,NA,6,3,9,3300,0,1,3,NA,2,315,RT 79,NEWPORT RD,528,N,N,B,C,N,NA,NA,79,NA,NA,NA,NA,NA,NA,Y,3,0,1,1,A,-,01,23152,A,N,E,I,A,B,H,-,D,D,0,NA,NA,NA,NA,Y,Y,A,01,0,1,0,0,0,0,0,0,0,-,-,33.68776,-117.08411,RIVERSIDE,UNINCORPORATED,-117.08445952,33.68772751
6413548,2014,2014-06-24,3313,2014-03-11,2000,1776,C,2,5,7,3313,0,0,0,NA,0,C310,MONROE ST,MARLENE ST,0,NA,Y,A,-,N,NA,NA,NA,NA,NA,NA,NA,NA,NA,Y,3,0,2,2,A,-,-,NA,NA,N,D,C,A,A,H,-,A,A,0,NA,NA,NA,NA,Y,NA,-,NA,0,1,1,0,0,0,0,0,0,-,-,NA,NA,RIVERSIDE,RIVERSIDE,-117.42513007,33.92068008
6414758,2014,2016-03-17,9840,2014-02-28,2329,018708,NA,5,3,6,3315,0,1,1,NA,2,032,RT 15,CORONA AV,322,S,N,C,-,Y,RIV,8,15,-,-,42.39,H,-,S,Y,2,0,1,1,A,-,01,23152,A,N,E,I,A,B,H,-,C,D,1,NA,NA,NA,NA,Y,Y,D,22,1,0,0,0,0,0,0,0,0,-,-,33.89193,-117.55602,RIVERSIDE,CORONA,-117.55631618,33.89242718
6414761,2014,2016-03-16,9840,2014-03-17,2325,17481,NA,1,3,9,3300,0,1,1,NA,2,040,RT 215,VAN BUREN BL,1500,N,N,A,-,Y,RIV,8,215,-,R,34.45,H,-,S,Y,4,0,1,3,A,-,03,22350,NA,N,C,C,A,A,D,-,C,D,1,NA,NA,NA,NA,Y,NA,A,01,0,0,1,0,0,0,0,0,0,-,-,NA,NA,RIVERSIDE,UNINCORPORATED,-117.27231211,33.89155093
6417194,2014,2016-03-14,9655,2014-03-15,1650,013641,NA,6,2,9,3300,0,1,3,NA,1,110,RT 243,ROUND ROBIN DR,1584,N,N,A,-,Y,RIV,8,243,-,-,10.29,H,-,N,Y,3,0,1,1,A,-,03,22350,NA,N,F,A,A,A,H,-,A,D,0,NA,NA,NA,NA,Y,NA,A,01,0,1,0,0,0,0,0,0,0,-,-,33.78814,-116.75162,RIVERSIDE,UNINCORPORATED,-116.75145526,33.78824926
6417198,2014,2014-06-24,9655,2014-03-06,1317,17000,NA,4,1,9,3300,0,3,5,NA,2,003,DOMENIGONI PKWY,LINDENBERGER RD,3696,E,N,A,-,N,NA,NA,NA,NA,NA,NA,NA,NA,NA,Y,4,0,1,1,A,-,07,21658,A,N,E,I,A,A,H,-,A,D,0,NA,NA,NA,NA,Y,NA,-,NA,0,0,1,0,0,0,0,0,0,-,-,33.6943,-117.13236,RIVERSIDE,UNINCORPORATED,-117.13289833,33.69470535
6418199,2014,2014-06-23,3300,2014-03-11,2118,4453,507D,2,5,5,3341,0,0,0,NA,0,057,ANTELOPE RD,LA PIEDRA RD,81,S,N,A,-,N,NA,NA,NA,NA,NA,NA,NA,NA,NA,Y,4,0,3,2,A,-,08,22102,NA,N,D,C,A,A,H,-,C,A,0,NA,NA,NA,NA,Y,NA,A,01,0,0,3,0,0,0,0,0,0,-,-,NA,NA,RIVERSIDE,MENIFEE,-117.17033983,33.67674812
6419354,2014,2015-01-29,3308,2014-02-25,0737,10513,544,2,5,5,3308,0,0,0,NA,0,SOUTH,STETSON AV,SANDERSON AV,0,NA,Y,A,-,N,NA,NA,NA,NA,NA,NA,NA,NA,NA,N,3,0,1,2,A,-,05,21202,A,N,D,-,A,A,H,-,A,A,0,NA,Y,NA,NA,Y,NA,L,04,0,1,0,0,0,0,1,0,0,-,-,NA,NA,RIVERSIDE,HEMET,-117.00667006,33.72937003
6419825,2014,2014-06-26,3313,2014-03-14,1422,1523,CENTR,5,5,7,3313,0,0,0,NA,0,T44,VAN BUREN BL,INDIANA AV,0,NA,Y,A,-,N,NA,NA,NA,NA,NA,NA,NA,NA,NA,NA,2,0,1,2,A,-,12,21453,A,N,D,C,A,A,H,-,A,A,0,NA,NA,NA,NA,Y,NA,A,01,1,0,0,0,0,0,0,0,0,-,-,NA,NA,RIVERSIDE,RIVERSIDE,-117.44150005,33.91406011
6420768,2014,2016-03-16,9630,2014-02-27,2256,020645,NA,4,3,9,3300,0,1,3,NA,1,074,RT 74,VISTA POINT,6336,E,N,B,-,Y,RIV,8,74,-,-,88.65,H,-,E,Y,2,0,1,1,A,-,01,23152,A,N,F,A,A,A,H,-,D,D,0,NA,NA,Y,NA,Y,Y,C,02,1,0,0,0,0,0,0,0,1,-,-,33.65193,-116.40077,RIVERSIDE,UNINCORPORATED,-116.40158732,33.65191636
6420829,2014,2014-06-24,3313,2014-03-07,0741,1488,C,5,5,7,3313,0,0,0,NA,0,M20,MONROE ST,MAGNOLIA AV,489,S,N,A,-,N,NA,NA,NA,NA,NA,NA,NA,NA,NA,N,3,0,1,2,A,-,05,21202,A,N,D,G,A,A,H,-,A,D,0,NA,Y,NA,NA,Y,NA,L,04,0,1,0,0,0,0,1,0,0,-,-,NA,NA,RIVERSIDE,RIVERSIDE,-117.43087513,33.92771839
6423761,2014,2014-06-27,9630,2014-03-21,0530,019807,NA,5,3,9,3300,0,2,4,NA,2,053,HARRISON ST,62ND AV,18,N,N,A,-,N,NA,NA,NA,NA,NA,NA,NA,NA,NA,Y,3,0,1,2,A,-,03,22350,NA,N,D,C,A,A,H,-,D,D,0,NA,NA,NA,NA,Y,NA,D,22,0,1,0,0,0,0,0,0,0,-,-,33.59841,-116.18118,RIVERSIDE,UNINCORPORATED,-116.1812,33.59843924
6424083,2014,2014-06-30,9840,2014-02-15,0852,18248,NA,6,1,9,3300,0,2,4,NA,2,042,MOCKINGBIRD CANYON RD,MARIPOSA AV,5808,N,N,A,-,N,NA,NA,NA,NA,NA,NA,NA,NA,NA,N,3,0,1,2,A,-,03,22350,NA,N,C,G,A,A,H,-,A,D,0,NA,Y,NA,NA,Y,NA,A,01,0,1,0,0,0,0,1,0,0,-,-,33.86788,-117.38498,RIVERSIDE,UNINCORPORATED,-117.3958434,33.87562592
6424131,2014,2014-06-30,3300,2014-02-14,1525,N4883,38B3,5,5,4,3318,0,0,0,NA,0,5B86,MONTEREY AV,SHADOW RIDGE,225,S,N,A,-,N,NA,NA,NA,NA,NA,NA,NA,NA,NA,Y,4,0,2,2,A,-,03,22350,NA,N,C,C,A,A,H,-,A,D,0,NA,NA,NA,NA,Y,NA,A,01,0,0,2,0,0,0,0,0,0,-,-,NA,NA,RIVERSIDE,PALM DESERT,-116.38825457,33.78219433
6424332,2014,2015-11-03,3300,2014-02-18,1820,N2248,87E7,2,5,2,3316,0,0,0,NA,0,3J373,RT 111,INDIAN WELLS LN,151,W,N,A,-,N,NA,NA,NA,NA,NA,NA,NA,NA,NA,N,4,0,2,2,A,-,03,22350,NA,N,C,C,A,A,H,-,B,A,0,NA,NA,NA,NA,Y,NA,-,NA,0,0,2,0,0,0,0,0,0,-,-,NA,NA,RIVERSIDE,INDIAN WELLS,-116.33055443,33.7215786
6430337,2014,2014-06-23,3309,2014-03-14,1417,460,3309,5,5,4,3309,0,0,0,NA,0,005,HERITAGE PALMS DR,MILES AV,0,NA,Y,A,-,N,NA,NA,NA,NA,NA,NA,NA,NA,NA,N,3,0,1,2,A,-,09,21800,A,N,B,G,A,A,H,-,A,A,0,NA,Y,NA,NA,Y,NA,L,04,0,1,0,0,0,0,1,0,0,-,-,NA,NA,RIVERSIDE,INDIO,-116.25974001,33.72197
6430880,2014,2016-02-18,9840,2014-03-10,1500,018727,NA,1,2,6,3315,0,1,1,NA,2,034,RT 15,RT 91,1000,N,N,A,-,Y,RIV,8,15,-,-,41.71,H,-,S,Y,4,0,3,4,A,-,03,22350,NA,N,C,C,A,A,H,-,A,D,1,NA,NA,NA,Y,Y,NA,G,25,0,0,3,0,0,0,0,0,0,-,-,33.88437,-117.54921,RIVERSIDE,CORONA,-117.54936983,33.88469959
6431015,2014,2014-06-30,3309,2014-03-19,2045,346,3309,3,5,4,3309,0,0,0,NA,0,005,AVENUE 38,DUNE PALMS RD,662,E,N,A,-,N,NA,NA,NA,NA,NA,NA,NA,NA,NA,N,3,0,1,1,A,-,13,22515,A,N,G,B,A,A,H,-,B,-,0,NA,NA,NA,NA,Y,NA,A,07,0,1,0,0,0,0,0,0,0,-,-,NA,NA,RIVERSIDE,INDIO,-116.27459125,33.77292162
6432358,2014,2014-06-26,3300,2014-03-04,1531,N3162,D002,2,5,6,3345,0,0,0,NA,0,020,MISSION BL,HUNTER ST,0,NA,Y,A,-,N,NA,NA,NA,NA,NA,NA,NA,NA,NA,Y,4,0,1,2,A,-,05,21650,NA,N,D,C,A,A,H,-,A,D,0,NA,NA,NA,NA,Y,NA,A,01,0,0,1,0,0,0,0,0,0,-,-,NA,NA,RIVERSIDE,JURUPA VALLEY,-117.48961004,34.01179005
6437361,2014,2015-02-04,3300,2014-02-21,0850,2914,910T,5,5,5,3335,0,0,0,NA,0,TE70,VAIL RANCH PKWY,HARMONY LN,0,NA,Y,A,-,N,NA,NA,NA,NA,NA,NA,NA,NA,NA,N,3,0,1,2,A,-,09,21802,A,M,D,-,A,A,H,-,A,A,0,NA,Y,NA,NA,Y,NA,A,08,0,1,0,0,0,0,1,0,0,-,-,NA,NA,RIVERSIDE,TEMECULA,-117.08576002,33.47891001
6440142,2014,2016-02-22,9685,2014-03-13,1615,012466,NA,4,2,5,3335,0,1,1,NA,2,030,RT 15,RANCHO CALIFORNIA RD,2640,N,N,A,-,Y,RIV,8,15,-,-,5.48,H,-,N,Y,4,0,3,3,A,-,03,22350,NA,N,C,C,A,A,H,-,A,D,1,NA,NA,NA,NA,Y,NA,A,08,0,0,3,0,0,0,0,0,0,-,-,33.51173,-117.56262,RIVERSIDE,TEMECULA,-117.15437928,33.50777458
6440339,2014,2014-06-23,3300,2014-03-13,1716,3774,602E3,4,5,6,3394,0,0,0,NA,0,044,EUCALYPTUS AV,LASSELLE ST,0,NA,Y,A,-,N,NA,NA,NA,NA,NA,NA,NA,NA,NA,N,3,0,1,1,A,-,03,22350,NA,N,F,I,A,A,H,-,A,A,0,NA,NA,Y,NA,Y,NA,C,02,0,1,0,0,0,0,0,0,1,-,-,NA,NA,RIVERSIDE,MORENO VALLEY,-117.20894006,33.93182008
6440644,2014,2014-06-25,3300,2014-02-26,0718,N4444,12C,3,5,4,3344,0,0,0,NA,0,065,HAMNER,CITRUS,57,N,N,A,-,N,NA,NA,NA,NA,NA,NA,NA,NA,NA,Y,4,0,1,2,A,-,01,23152,A,N,B,C,A,A,H,-,A,A,0,NA,NA,NA,NA,Y,NA,-,NA,0,0,1,0,0,0,0,0,0,-,-,NA,NA,RIVERSIDE,EASTVALE,-117.55833,33.9519762
6441582,2014,2016-01-22,9630,2014-03-26,1300,15710,NA,3,1,9,3300,0,1,3,NA,2,086,RT 86,66TH AV,3168,S,N,G,-,Y,RIV,8,86,-,R,10.43,H,-,N,Y,4,0,1,2,A,-,03,22350,NA,N,C,C,A,A,H,-,A,D,5,NA,NA,NA,Y,Y,NA,D,22,0,0,1,0,0,0,0,0,0,-,-,33.5616,-116.0938,RIVERSIDE,UNINCORPORATED,-116.09388816,33.56069385
6441725,2014,2014-07-11,3300,2014-03-26,0946,N3697,30J1,3,5,4,3318,0,0,0,NA,0,T30,PALM DESERT DR N,CABRILLO AV,8,W,N,G,-,N,NA,NA,NA,NA,NA,NA,NA,NA,NA,Y,3,0,1,1,A,-,08,22107,NA,N,E,I,A,A,H,-,A,A,0,NA,NA,NA,NA,Y,NA,D,22,0,1,0,0,0,0,0,0,0,-,-,NA,NA,RIVERSIDE,PALM DESERT,-116.37084619,33.72148028
6442025,2014,2014-07-01,3300,2014-03-06,0925,N4444,011F,4,5,4,3344,0,0,0,NA,0,062,HAMNER,BELLEGRAVE,55,S,N,A,-,N,NA,NA,NA,NA,NA,NA,NA,NA,NA,N,4,0,1,3,A,-,21,22106,NA,N,C,C,A,A,H,-,A,A,0,NA,NA,NA,NA,Y,NA,-,NA,0,0,1,0,0,0,0,0,0,-,-,NA,NA,RIVERSIDE,EASTVALE,-117.55845,33.98836793
6444135,2014,2014-06-26,3300,2014-02-04,1407,2881,603C4,2,5,6,3394,0,0,0,NA,0,036,NINYA AV,EDISON POLE #4002469E,33,N,N,A,-,N,NA,NA,NA,NA,NA,NA,NA,NA,NA,Y,2,0,1,2,A,-,03,22350,NA,N,A,C,A,A,H,-,A,D,0,NA,NA,Y,NA,Y,NA,C,02,1,0,0,0,0,0,0,0,1,-,-,NA,NA,RIVERSIDE,MORENO VALLEY,NA,NA
6444690,2014,2014-07-18,3313,2014-03-08,2046,1691,E,6,5,7,3313,0,0,0,NA,0,C210,VICTORIA AV,CENTRAL AV,0,NA,Y,A,-,N,NA,NA,NA,NA,NA,NA,NA,NA,NA,Y,4,0,1,1,A,-,08,22107,NA,N,E,I,A,A,H,-,C,A,0,NA,NA,NA,NA,Y,NA,A,01,0,0,1,0,0,0,0,0,0,-,-,NA,NA,RIVERSIDE,RIVERSIDE,-117.37046012,33.95376006
6444875,2014,2015-02-04,3300,2014-02-28,2100,3293,602A2,5,5,6,3394,0,0,0,NA,0,022,DRACAEA AV,ARBOR PARK LN,0,NA,Y,C,-,N,NA,NA,NA,NA,NA,NA,NA,NA,NA,N,3,0,2,3,A,-,10,21950,A,N,G,-,B,B,H,-,C,D,0,Y,NA,NA,NA,Y,NA,A,01,0,1,1,0,2,0,0,0,0,-,-,NA,NA,RIVERSIDE,MORENO VALLEY,-117.27417004,33.92841006
6446021,2014,2016-01-21,9685,2014-03-29,1040,15743,NA,6,1,9,3300,0,1,3,NA,2,011,RT 74,TENAJA TRUCK TRL,3696,E,N,A,-,Y,RIV,8,74,-,-,3.09,H,-,W,Y,2,0,1,1,A,-,08,22107,NA,N,F,A,A,A,H,-,A,D,0,NA,NA,Y,NA,Y,NA,C,02,1,0,0,0,0,0,0,0,1,-,-,33.61888,-117.42507,RIVERSIDE,UNINCORPORATED,-117.42591106,33.61611002
6446946,2014,2016-02-20,9685,2014-03-08,1220,16884,NA,6,1,9,3300,0,1,1,NA,2,020,RT 215,SCOTT RD,1000,N,N,A,-,Y,RIV,8,215,-,R,15.71,H,-,N,Y,4,0,2,2,A,-,08,22107,NA,N,B,C,A,A,H,-,A,D,1,NA,NA,NA,NA,Y,NA,A,01,0,0,2,0,0,0,0,0,0,-,-,NA,NA,RIVERSIDE,UNINCORPORATED,-117.17107555,33.64436884
6446950,2014,2016-02-03,9685,2014-03-08,1835,16185,NA,6,2,4,3342,0,1,1,NA,2,034,RT 215,CLINTON KEITH RD,1056,N,N,A,-,Y,RIV,8,215,-,R,12.71,H,-,S,Y,3,0,2,2,A,-,07,21658,A,F,E,I,A,A,H,-,C,D,1,NA,NA,NA,NA,Y,NA,A,01,0,1,1,0,0,0,0,0,0,-,-,33.60094,-117.17321,RIVERSIDE,MURRIETA,-117.17274125,33.600988
6447737,2014,2016-04-16,9685,2014-04-13,1110,13006,NA,7,1,9,3300,0,1,3,NA,1,031,RT 79,POURROY RD,40,N,N,A,-,Y,RIV,8,79,-,R,10.18,H,-,N,Y,4,0,1,2,A,-,03,22350,NA,N,C,C,A,A,H,-,A,A,0,NA,NA,NA,NA,Y,NA,D,22,0,0,1,0,0,0,0,0,0,-,-,NA,NA,RIVERSIDE,UNINCORPORATED,-117.10370288,33.61539101
6448082,2014,2016-04-19,9685,2014-04-09,0810,14349,NA,3,1,4,3312,0,1,1,NA,2,020,RT 215,REDLANDS AV,340,S,N,A,-,Y,RIV,8,215,-,-,26.25,H,-,N,Y,3,0,1,2,A,-,07,21658,A,N,C,C,A,A,D,-,A,D,1,NA,NA,Y,NA,Y,NA,A,01,0,1,0,0,0,0,0,0,1,-,-,NA,NA,RIVERSIDE,PERRIS,-117.21530572,33.78344951
6448106,2014,2016-04-16,9685,2014-04-15,0915,12190,NA,2,1,4,3342,0,1,1,NA,2,030,RT 15,RT 79,3696,N,N,A,-,Y,RIV,8,15,-,-,7.32,H,-,S,Y,4,0,2,2,A,-,03,22350,NA,N,C,C,A,A,H,-,A,D,1,NA,NA,NA,NA,Y,NA,A,01,0,0,2,0,0,0,0,0,0,-,-,NA,NA,RIVERSIDE,MURRIETA,-117.16905726,33.53127456
6448114,2014,2016-04-16,9685,2014-04-04,1300,15750,NA,5,1,9,3300,0,1,1,NA,2,020,RT 215,MCCALL BL,1000,N,N,A,-,Y,RIV,8,215,-,-,21.03,H,-,S,Y,4,0,1,1,A,-,01,23152,A,N,E,J,A,A,H,-,A,D,1,NA,NA,NA,NA,Y,NA,A,07,0,0,1,0,0,0,0,0,0,-,-,33.71935,-117.18965,RIVERSIDE,UNINCORPORATED,-117.18928338,33.71786116
6448800,2014,2014-06-10,3300,2014-01-27,1320,4338,920J,1,5,4,3314,0,0,0,NA,0,074,SAN JACINTO AV,COMMONWEALTH AV,475,S,N,A,-,N,NA,NA,NA,NA,NA,NA,NA,NA,NA,N,4,0,1,2,A,-,09,21804,A,F,D,G,A,A,H,-,A,D,0,NA,Y,NA,NA,Y,NA,A,01,0,0,1,0,0,0,1,0,0,-,-,33.7679,-116.95869,RIVERSIDE,SAN JACINTO,-116.95877,33.76788927
6452751,2014,2014-07-19,3300,2014-03-05,1110,2764,20C5,3,5,3,3317,0,0,0,NA,0,MO828,BOB HOPE DR,RANCHO LAS PALMAS DR,0,NA,Y,A,-,N,NA,NA,NA,NA,NA,NA,NA,NA,NA,Y,3,0,1,2,A,-,09,21801,A,N,D,C,A,A,H,-,A,A,0,NA,NA,NA,NA,Y,NA,A,01,0,1,0,0,0,0,0,0,0,-,-,NA,NA,RIVERSIDE,RANCHO MIRAGE,-116.40817004,33.74285002
6455231,2014,2016-02-22,9685,2014-01-30,1825,13925,NA,4,2,5,3335,0,1,1,NA,2,030,RT 15,SANTIAGO RD,500,N,N,A,-,Y,RIV,8,15,-,-,4.22,H,-,S,Y,4,0,1,2,A,-,03,22350,NA,N,C,C,A,A,H,-,A,D,1,NA,NA,NA,NA,Y,NA,A,07,0,0,1,0,0,0,0,0,0,-,-,NA,NA,RIVERSIDE,TEMECULA,-117.14494515,33.49181367
6455558,2014,2014-07-11,9840,2014-04-10,1950,017882,NA,4,2,9,3300,0,2,4,NA,2,045,LA SIERRA AV,CAJALCO RD,2000,N,N,A,-,N,NA,NA,NA,NA,NA,NA,NA,NA,NA,Y,2,0,1,1,A,-,08,22107,NA,N,F,A,A,A,H,-,C,D,0,NA,NA,Y,NA,Y,NA,C,02,1,0,0,0,0,0,0,0,1,-,-,NA,NA,RIVERSIDE,UNINCORPORATED,-117.46101591,33.83454612
6455574,2014,2014-07-11,9840,2014-04-12,0300,017882,NA,6,3,9,3300,0,2,4,NA,2,042,VAN BUREN BL,ORANGE TERRACE PKWY,4536,E,N,A,-,N,NA,NA,NA,NA,NA,NA,NA,NA,NA,Y,3,0,1,1,A,-,08,22107,NA,N,F,A,A,A,H,-,C,D,0,NA,NA,NA,NA,Y,NA,A,01,0,1,0,0,0,0,0,0,0,-,-,NA,NA,RIVERSIDE,UNINCORPORATED,-117.28805592,33.88531373
6455594,2014,2016-04-19,9840,2014-04-08,1917,15744,NA,2,2,7,3313,0,1,1,NA,2,040,RT 215,ALESSANDRO BL,300,S,N,A,-,Y,RIV,8,215,-,R,36.36,H,-,S,Y,4,0,1,2,A,-,07,21658,A,N,B,C,A,A,H,-,A,D,1,NA,NA,NA,NA,Y,NA,A,01,0,0,1,0,0,0,0,0,0,-,-,33.91572,-117.28738,RIVERSIDE,RIVERSIDE,-117.28724327,33.91594888
6455702,2014,2014-07-07,9840,2014-03-30,2232,18677,NA,7,3,6,3345,0,1,3,NA,2,010,RT 60,RT 15,528,W,N,A,-,Y,NA,NA,NA,NA,NA,NA,NA,NA,NA,Y,3,0,1,1,A,-,01,23152,A,N,F,A,A,A,H,-,C,D,0,NA,NA,NA,NA,Y,Y,A,01,0,1,0,0,0,0,0,0,0,TO,-,34.02045,-117.55433,RIVERSIDE,JURUPA VALLEY,-117.55027972,34.02162573
6456651,2014,2016-04-16,9660,2014-04-02,1634,20715,NA,3,2,9,3300,0,1,1,NA,2,031,RT 10,WILEY WELL RD,18480,E,N,B,-,Y,RIV,8,10,-,R,138.55,H,-,E,Y,2,0,2,1,A,-,08,22107,NA,N,F,A,A,A,H,-,A,D,1,NA,NA,Y,NA,Y,NA,C,02,2,0,0,0,0,0,0,0,2,-,-,33.60968,-114.84045,RIVERSIDE,UNINCORPORATED,-114.84097273,33.6096133
6459489,2014,2014-08-04,9630,2014-05-06,1454,013270,NA,2,2,9,3300,0,3,5,NA,2,005,JOHNSON ST,62ND AV,2640,S,N,A,-,N,NA,NA,NA,NA,NA,NA,NA,NA,NA,Y,3,0,2,2,A,-,06,21751,NA,N,A,C,A,A,H,-,A,D,0,NA,NA,NA,NA,Y,NA,A,01,0,1,1,0,0,0,0,0,0,-,-,33.59183,-116.06106,RIVERSIDE,UNINCORPORATED,-116.06106661,33.59151814
6464239,2014,2016-03-11,9840,2014-03-28,1454,018248,NA,5,2,7,3313,0,1,3,NA,2,020,RT 91,PIERCE ST,528,W,N,A,-,Y,RIV,8,91,-,-,9.7,H,-,W,Y,4,0,1,3,A,-,08,22107,NA,N,B,C,A,A,H,-,A,D,1,NA,NA,NA,NA,Y,NA,A,01,0,0,1,0,0,0,0,0,0,-,-,33.89707,-117.49459,RIVERSIDE,RIVERSIDE,-117.51015754,33.89006582
6464864,2014,2016-03-17,9840,2014-03-30,1345,19242,NA,7,1,6,3315,0,1,1,NA,2,034,RT 15,MAGNOLIA AV,500,S,N,A,-,Y,RIV,8,15,-,-,40.26,H,-,N,Y,3,0,1,2,A,-,01,23152,A,N,C,C,A,A,H,-,A,D,1,NA,NA,NA,NA,Y,Y,A,01,0,1,0,0,0,0,0,0,0,-,-,33.86362,-117.5396,RIVERSIDE,CORONA,-117.54103882,33.86498844
6465263,2014,2016-04-16,9840,2014-04-06,0525,018677,NA,7,3,4,3310,0,1,1,NA,2,034,RT 15,HIDDEN VALLEY PKWY,100,S,N,A,-,Y,RIV,8,15,-,-,42.86,H,-,N,Y,4,0,1,2,A,-,07,21658,A,N,D,C,A,A,H,-,E,D,1,NA,NA,NA,NA,Y,NA,D,22,0,0,1,0,0,0,0,0,0,-,-,33.89811,-117.55939,RIVERSIDE,NORCO,-117.55962971,33.8985709
6465364,2014,2016-04-19,9840,2014-04-06,2027,15744,NA,7,2,6,3345,0,1,3,NA,2,101,RT 60,HALL AV,300,E,N,A,-,Y,RIV,8,60,-,-,10.02,H,-,E,Y,3,0,2,2,A,-,07,21658,A,N,B,C,A,A,H,-,D,D,6,NA,NA,NA,NA,Y,NA,A,01,0,2,0,0,0,0,0,0,0,-,-,34.00505,-117.39159,RIVERSIDE,JURUPA VALLEY,-117.39242943000001,34.00514874
6465443,2014,2016-04-16,9840,2014-04-04,2101,18613,NA,5,2,7,3313,0,1,3,NA,2,025,RT 60,PIGEON PASS RD,1565,W,N,A,-,Y,RIV,8,60,-,-,13.74,H,-,E,Y,4,0,1,1,A,-,08,22107,NA,N,E,I,A,A,H,-,C,D,1,NA,NA,NA,NA,Y,NA,A,07,0,0,1,0,0,0,0,0,0,-,-,33.9405,-117.26691,RIVERSIDE,RIVERSIDE,-117.27177631,33.94128016
6466457,2014,2014-06-19,3302,2014-02-17,1240,840,RIVER,1,5,3,3302,0,0,0,NA,0,001,BROOKSIDE AV,SNOWBERRY RD,0,NA,Y,A,-,N,NA,NA,NA,NA,NA,NA,NA,NA,NA,N,3,0,1,2,A,-,12,22450,A,N,H,G,A,A,H,-,A,A,0,NA,Y,NA,NA,Y,NA,A,01,0,1,0,0,0,0,1,0,0,-,-,NA,NA,RIVERSIDE,BEAUMONT,-117.00789008,33.96140004