CASE_ID,ACCIDENT_YEAR,PROC_DATE,JURIS,COLLISION_DATE,COLLISION_TIME,OFFICER_ID,REPORTING_DISTRICT,DAY_OF_WEEK,CHP_SHIFT,POPULATION,CNTY_CITY_LOC,SPECIAL_COND,BEAT_TYPE,CHP_BEAT_TYPE,CITY_DIVISION_LAPD,CHP_BEAT_CLASS,BEAT_NUMBER,PRIMARY_RD,SECONDARY_RD,DISTANCE,DIRECTION,INTERSECTION,WEATHER_1,WEATHER_2,STATE_HWY_IND,CALTRANS_COUNTY,CALTRANS_DISTRICT,STATE_ROUTE,ROUTE_SUFFIX,POSTMILE_PREFIX,POSTMILE,LOCATION_TYPE,RAMP_INTERSECTION,SIDE_OF_HWY,TOW_AWAY,COLLISION_SEVERITY,NUMBER_KILLED,NUMBER_INJURED,PARTY_COUNT,PRIMARY_COLL_FACTOR,PCF_CODE_OF_VIOL,PCF_VIOL_CATEGORY,PCF_VIOLATION,PCF_VIOL_SUBSECTION,HIT_AND_RUN,TYPE_OF_COLLISION,MVIW,PED_ACTION,ROAD_SURFACE,ROAD_COND_1,ROAD_COND_2,LIGHTING,CONTROL_DEVICE,CHP_ROAD_TYPE,PEDESTRIAN_ACCIDENT,BICYCLE_ACCIDENT,MOTORCYCLE_ACCIDENT,TRUCK_ACCIDENT,NOT_PRIVATE_PROPERTY,ALCOHOL_INVOLVED,STWD_VEHTYPE_AT_FAULT,CHP_VEHTYPE_AT_FAULT,COUNT_SEVERE_INJ,COUNT_VISIBLE_INJ,COUNT_COMPLAINT_PAIN,COUNT_PED_KILLED,COUNT_PED_INJURED,COUNT_BICYCLIST_KILLED,COUNT_BICYCLIST_INJURED,COUNT_MC_KILLED,COUNT_MC_INJURED,PRIMARY_RAMP,SECONDARY_RAMP,LATITUDE,LONGITUDE,COUNTY,CITY,POINT_X,POINT_Y
7028919,2015,2015-09-28,3313,2015-08-13,1128,1815,N,4,5,7,3313,0,0,0,NA,0,T70,ARLINGTON AV,MAGNOLIA AV,0,NA,Y,A,-,N,NA,NA,NA,NA,NA,NA,NA,NA,NA,N,4,0,2,2,A,-,03,22350,NA,M,C,C,A,A,H,-,A,A,0,NA,NA,NA,NA,Y,NA,A,01,0,0,2,0,0,0,0,0,0,-,-,NA,NA,RIVERSIDE,RIVERSIDE,-117.4011,33.94623008
7030182,2015,2017-01-14,3300,2015-08-06,1432,N4575,505A,4,5,5,3341,0,0,0,NA,0,055,RT 74,MENIFEE RD,130,W,N,B,-,Y,RIV,8,74,-,-,29.77,H,-,E,Y,4,0,1,2,A,-,03,22350,NA,N,C,C,A,A,H,-,A,A,0,NA,NA,NA,Y,Y,NA,A,07,0,0,1,0,0,0,0,0,0,-,-,NA,NA,RIVERSIDE,MENIFEE,-117.15460313,33.74308338
7030585,2015,2015-09-04,3300,2015-08-05,0935,N4575,507B,3,5,5,3341,0,0,0,NA,0,0935,NEWPORT RD,ANTELOPE RD,0,NA,Y,A,-,N,NA,NA,NA,NA,NA,NA,NA,NA,NA,Y,4,0,1,2,A,-,04,21703,NA,N,C,C,A,A,D,-,A,A,0,NA,NA,NA,NA,Y,NA,A,01,0,0,1,0,0,0,0,0,0,-,-,NA,NA,RIVERSIDE,MENIFEE,-117.16723006,33.68509003
7031290,2015,2015-09-02,3300,2015-07-28,1715,N5997,910T,2,5,5,3335,0,0,0,NA,0,070,BUTTERFIELD STAGE RD,NIGHTHAWK PASS,0,NA,Y,A,-,N,NA,NA,NA,NA,NA,NA,NA,NA,NA,N,4,0,1,3,A,-,12,21453,A,N,D,C,A,A,H,-,A,A,0,NA,NA,NA,NA,Y,NA,A,01,0,0,1,0,0,0,0,0,0,-,-,NA,NA,RIVERSIDE,TEMECULA,-117.07110007,33.47807004
7032281,2015,2017-01-20,9685,2015-08-17,1325,012187,NA,1,1,9,3300,0,1,3,NA,1,045,RT 371,LAKESHORE BL,21,E,N,A,-,Y,RIV,8,371,-,-,62.76,H,-,E,N,3,0,1,2,A,-,08,22107,NA,N,D,C,A,A,H,-,A,D,0,NA,NA,Y,NA,Y,NA,A,01,0,1,0,0,0,0,0,0,1,-,-,33.50156,-116.79829,RIVERSIDE,UNINCORPORATED,-116.79795722,33.50155722
7032972,2015,2017-01-14,9840,2015-08-06,1528,019893,NA,4,2,6,3315,0,1,3,NA,2,030,RT 91,GREEN RIVER RD,1000,E,N,A,-,Y,RIV,8,91,-,R,1.22,H,-,E,N,4,0,1,3,A,-,03,22350,NA,N,C,C,A,A,D,H,A,D,1,NA,NA,NA,NA,Y,NA,D,22,0,0,1,0,0,0,0,0,0,-,-,33.88151,-117.64766,RIVERSIDE,CORONA,-117.65486012,33.87986735
7033016,2015,2017-01-25,9840,2015-07-25,1323,018248,NA,6,1,4,3312,0,1,1,NA,2,041,RT 215,REDLANDS AV,528,N,N,A,-,Y,RIV,8,215,-,-,26.41,H,-,S,Y,4,0,1,4,A,-,03,22350,NA,N,C,C,A,A,D,H,A,D,1,NA,NA,NA,NA,Y,NA,A,01,0,0,1,0,0,0,0,0,0,-,-,NA,NA,RIVERSIDE,PERRIS,-117.21758189,33.78477846
7033045,2015,2017-01-20,9840,2015-07-23,0155,019242,NA,4,3,9,3300,0,1,1,NA,2,034,RT 15,WEIRICK RD,900,S,N,A,-,Y,RIV,8,15,-,-,35.47,H,-,N,Y,3,0,1,2,A,-,01,23152,A,M,C,C,A,A,H,-,D,D,1,NA,NA,NA,Y,Y,Y,A,01,0,1,0,0,0,0,0,0,0,-,-,33.79938,-117.50283,RIVERSIDE,UNINCORPORATED,-117.50602589,33.80470749
7033076,2015,2017-01-14,9840,2015-08-01,2345,019844,NA,6,3,6,3315,0,1,3,NA,2,030,RT 91,RT 71,1250,E,N,A,-,Y,RIV,8,91,-,R,2.33,H,-,W,Y,4,0,1,1,A,-,08,22107,NA,N,E,I,A,A,D,-,D,D,1,NA,NA,NA,NA,Y,NA,A,01,0,0,1,0,0,0,0,0,0,-,-,33.88464,-117.63714,RIVERSIDE,CORONA,-117.63662993,33.88459759
7033096,2015,2017-01-14,9840,2015-08-09,0020,019874,NA,7,3,7,3313,0,1,3,NA,2,021,RT 91,3RD ST,780,E,N,A,-,Y,RIV,8,91,-,-,21.01,H,-,E,Y,3,0,3,1,A,-,01,23152,A,N,E,I,A,A,D,-,C,D,1,NA,NA,NA,NA,Y,Y,A,01,0,3,0,0,0,0,0,0,0,-,-,33.91286,-117.19617,RIVERSIDE,RIVERSIDE,-117.36426266,33.98631017
7036453,2015,2017-01-11,9655,2015-08-01,1635,020963,NA,6,2,3,3302,0,1,1,NA,2,202,RT 10,BEAUMONT AV,750,W,N,A,-,Y,RIV,8,10,-,-,7.449,R,2,E,Y,3,0,3,2,A,-,08,22107,NA,N,D,C,A,A,H,-,A,D,1,NA,NA,Y,NA,Y,NA,A,01,0,2,1,0,0,0,0,0,2,TO,-,33.92696,-116.97969,RIVERSIDE,BEAUMONT,-116.97932083,33.92703391
7037286,2015,2015-09-03,3309,2015-06-03,2328,232,3309,3,5,4,3309,0,0,0,NA,0,002,AVE 44,PALO VERDE AV,220,E,N,A,-,N,NA,NA,NA,NA,NA,NA,NA,NA,NA,N,4,0,1,2,A,-,08,22107,NA,N,C,E,A,A,H,-,C,D,0,NA,NA,NA,NA,Y,Y,A,01,0,0,1,0,0,0,0,0,0,-,-,NA,NA,RIVERSIDE,INDIO,-116.21124968,33.72943
7037356,2015,2015-09-04,3309,2015-08-17,0714,310,3309,1,5,4,3309,0,0,0,NA,0,003,AVE 44,YUCCA LN,0,NA,Y,A,-,N,NA,NA,NA,NA,NA,NA,NA,NA,NA,N,3,0,1,2,A,-,09,21802,A,N,A,C,A,A,H,-,A,D,0,NA,NA,NA,NA,Y,NA,A,07,0,1,0,0,0,0,0,0,0,-,-,NA,NA,RIVERSIDE,INDIO,-116.2286201,33.72943005
7038336,2015,2017-01-14,9685,2015-08-12,2045,012466,NA,3,2,9,3300,0,1,1,NA,2,034,RT 79,SCOTT RD,22,N,N,A,-,Y,RIV,8,79,-,R,12.244,I,5,S,Y,4,0,1,2,A,-,09,21453,C,N,D,C,A,A,H,-,C,A,0,NA,NA,NA,NA,Y,NA,A,01,0,0,1,0,0,0,0,0,0,-,-,33.64001,-117.00541,RIVERSIDE,UNINCORPORATED,-117.08483218,33.64000648
7039359,2015,2017-01-03,9685,2015-08-16,1328,17285,NA,7,1,4,3307,0,1,1,NA,2,010,RT 15,FRANKLIN ST,500,S,N,A,-,Y,RIV,8,15,-,-,19.76,H,-,N,Y,3,0,1,1,A,-,03,22350,NA,N,F,A,A,A,H,-,A,D,1,NA,NA,Y,NA,Y,NA,C,02,0,1,0,0,0,0,0,0,1,-,-,33.66799,-117.30579,RIVERSIDE,LAKE ELSINORE,-117.30628877,33.66844208
7039412,2015,2015-09-11,3313,2015-08-07,1312,1387,N,5,5,7,3313,0,0,0,NA,0,010,MAIN ST,12TH ST,45,S,N,A,-,N,NA,NA,NA,NA,NA,NA,NA,NA,NA,Y,4,0,1,2,A,-,21,22106,NA,N,C,C,A,A,H,-,A,D,0,NA,NA,NA,NA,Y,NA,A,01,0,0,1,0,0,0,0,0,0,-,-,NA,NA,RIVERSIDE,RIVERSIDE,-117.37713381,33.97798314
7039943,2015,2016-08-03,3309,2015-07-31,2043,159,3309,5,5,4,3309,0,0,0,NA,0,002,GOLF CENTER PKWY,IID POLE 919563D,684,S,N,A,-,N,NA,NA,NA,NA,NA,NA,NA,NA,NA,N,2,0,1,2,C,-,18,NA,NA,F,G,B,E,A,H,-,E,D,0,Y,NA,NA,NA,Y,NA,-,-,1,0,0,0,1,0,0,0,0,-,-,NA,NA,RIVERSIDE,INDIO,NA,NA
7040208,2015,2015-12-28,3300,2015-08-06,0855,4097,601E1,4,5,6,3394,0,0,0,NA,0,016,IRONWOOD AV,INDIAN ST,0,NA,Y,A,-,N,NA,NA,NA,NA,NA,NA,NA,NA,NA,N,4,0,1,2,A,-,12,21453,A,N,D,D,A,A,H,-,A,A,0,NA,NA,NA,NA,Y,NA,A,01,0,0,1,0,0,0,0,0,0,-,-,NA,NA,RIVERSIDE,MORENO VALLEY,-117.23514005,33.94665008
7041188,2015,2016-04-13,3309,2015-03-06,1713,215,3309,5,5,4,3309,0,0,0,NA,0,003,VAN BUREN ST,INDIO BL,0,NA,Y,A,-,N,NA,NA,NA,NA,NA,NA,NA,NA,NA,N,3,0,1,2,A,-,11,21456,B,N,G,G,A,A,H,-,A,A,0,NA,Y,NA,NA,Y,NA,L,04,0,1,0,0,0,0,1,0,0,-,-,NA,NA,RIVERSIDE,INDIO,-116.19898012,33.70855005
7041304,2015,2015-09-10,3313,2015-08-10,1714,1537,E,1,5,7,3313,0,0,0,NA,0,T40,LINDEN ST,DOUGLASS AV,0,NA,Y,A,-,N,NA,NA,NA,NA,NA,NA,NA,NA,NA,Y,3,0,2,2,A,-,12,22450,A,N,A,C,A,A,H,-,A,A,0,NA,NA,NA,NA,Y,NA,A,01,0,1,1,0,0,0,0,0,0,-,-,NA,NA,RIVERSIDE,RIVERSIDE,-117.35535013,33.97927007
7041479,2015,2015-09-10,3308,2015-07-12,1845,8344,537,7,5,5,3308,0,0,0,NA,0,SOUTH,JOHNSTON AV,DOUGLAS CT,137,W,N,A,-,N,NA,NA,NA,NA,NA,NA,NA,NA,NA,Y,4,0,1,2,A,-,06,21751,NA,N,B,C,A,A,H,-,A,D,0,NA,NA,Y,NA,Y,NA,C,02,0,0,1,0,0,0,0,0,1,-,-,NA,NA,RIVERSIDE,HEMET,-116.96891891,33.73302111
7041775,2015,2017-01-14,3308,2015-07-22,0807,6955,524,3,5,5,3308,0,0,0,NA,0,SOUTH,FLORIDA AV,WARREN RD,138,E,N,B,-,Y,RIV,8,74,-,-,36.96,H,-,W,Y,3,0,1,2,A,-,09,21801,A,N,D,C,A,A,H,-,A,A,0,NA,NA,NA,NA,Y,NA,A,01,0,1,0,0,0,0,0,0,0,-,-,NA,NA,RIVERSIDE,HEMET,-117.03225844,33.74391554
7041779,2015,2015-09-08,3308,2015-07-19,2231,8344,507,7,5,5,3308,0,0,0,NA,0,NORTH,MENLO AV,STATE ST,27,W,N,C,-,N,NA,NA,NA,NA,NA,NA,NA,NA,NA,N,4,0,1,2,A,-,08,22100,A,F,B,C,A,B,H,-,C,A,0,NA,NA,NA,NA,Y,NA,A,07,0,0,1,0,0,0,0,0,0,-,-,NA,NA,RIVERSIDE,HEMET,-116.97187852,33.7584
7041782,2015,2015-09-04,3313,2015-07-29,2035,1499,W,3,5,7,3313,0,0,0,NA,0,2035,CYPRESS AV,PICKER ST,77,E,N,A,-,N,NA,NA,NA,NA,NA,NA,NA,NA,NA,N,3,0,1,2,A,-,11,21956,NA,N,G,B,E,A,H,-,C,D,0,Y,NA,NA,NA,Y,Y,N,60,0,1,0,0,1,0,0,0,0,-,-,NA,NA,RIVERSIDE,RIVERSIDE,-117.46230684,33.94285
7042627,2015,2015-12-09,3300,2015-07-29,2006,N4925,34E2,3,5,4,3318,0,0,0,NA,0,3T375,WASHINGTON ST,HARRIS LN,0,NA,Y,A,-,N,NA,NA,NA,NA,NA,NA,NA,NA,NA,Y,4,0,1,2,A,-,12,21453,NA,N,D,C,A,A,H,-,C,A,0,NA,NA,NA,NA,Y,NA,A,NA,0,0,1,0,0,0,0,0,0,-,-,NA,NA,RIVERSIDE,PALM DESERT,-116.30349001,33.7560801
7043902,2015,2015-09-19,3300,2015-08-01,2034,4681,920A,6,5,4,3314,0,0,0,NA,0,070,DE ANZA DR,POTRERO ST,324,E,N,A,-,N,NA,NA,NA,NA,NA,NA,NA,NA,NA,Y,2,0,1,2,A,-,01,23152,A,N,C,B,A,A,E,-,D,D,0,NA,NA,NA,NA,Y,Y,A,01,1,0,0,0,0,0,0,0,0,-,-,NA,NA,RIVERSIDE,SAN JACINTO,-116.97512097,33.79215899
7045338,2015,2015-09-21,3308,2015-07-31,1821,10530,295,5,5,5,3308,0,0,0,NA,0,NORTH,FRUITVALE AV,PUEBLO ST,62,W,N,A,-,N,NA,NA,NA,NA,NA,NA,NA,NA,NA,Y,4,0,2,2,A,-,06,21750,NA,F,D,C,A,A,H,-,A,D,0,NA,NA,NA,NA,Y,NA,D,22,0,0,2,0,0,0,0,0,0,-,-,NA,NA,RIVERSIDE,HEMET,-116.995865,33.761897
7045426,2015,2015-09-08,3311,2015-08-19,1525,15763,DESER,3,5,4,3311,0,0,0,NA,0,006,SOUTH SUNRISE WY,E TAHQUITZ CANYON WY,0,NA,Y,A,-,N,NA,NA,NA,NA,NA,NA,NA,NA,NA,Y,4,0,1,2,A,-,09,21801,A,N,B,C,A,A,H,-,A,A,0,NA,NA,NA,NA,Y,NA,A,01,0,0,1,0,0,0,0,0,0,-,-,NA,NA,RIVERSIDE,PALM SPRINGS,-116.52824003,33.82306002
7045429,2015,2015-09-08,3311,2015-08-24,1724,15842,NA,1,5,4,3311,0,0,0,NA,0,005,EAST PALM CANYON DR,SOUTH SUNRISE WY,0,NA,Y,A,-,N,NA,NA,NA,NA,NA,NA,NA,NA,NA,Y,3,0,1,2,A,-,12,21453,A,N,D,C,A,A,H,-,B,A,0,NA,NA,NA,NA,Y,NA,A,01,0,1,0,0,0,0,0,0,0,-,-,NA,NA,RIVERSIDE,PALM SPRINGS,-116.52828006,33.80140007
7045611,2015,2015-09-11,3300,2015-07-25,1240,N4224,602C4,6,5,6,3394,0,0,0,NA,0,024,ALESSANDRO BL,GRAHAM ST,0,NA,Y,A,-,N,NA,NA,NA,NA,NA,NA,NA,NA,NA,N,4,0,1,2,A,-,09,21804,A,N,H,G,A,A,H,-,A,A,0,NA,Y,NA,NA,Y,NA,A,01,0,0,1,0,0,0,1,0,0,-,-,NA,NA,RIVERSIDE,MORENO VALLEY,-117.25243012,33.91732001
7047924,2015,2015-09-10,3313,2015-08-05,0114,1373,E,3,5,7,3313,0,0,0,NA,0,A239,BLAINE ST,IOWA AV,500,W,N,A,-,N,NA,NA,NA,NA,NA,NA,NA,NA,NA,N,3,0,1,1,A,-,03,22350,NA,N,E,I,A,A,H,-,C,A,0,NA,NA,NA,NA,Y,NA,A,01,0,1,0,0,0,0,0,0,0,-,-,NA,NA,RIVERSIDE,RIVERSIDE,-117.34154428,33.98299
7048312,2015,2015-09-18,3313,2015-08-11,2041,1537,W,2,5,7,3313,0,0,0,NA,0,T40,CREST AV,CAMPBELL AV,214,N,N,A,-,N,NA,NA,NA,NA,NA,NA,NA,NA,NA,Y,2,0,1,3,A,-,01,23152,E,N,C,E,F,A,H,-,C,D,0,Y,NA,NA,NA,Y,NA,A,08,1,0,0,0,1,0,0,0,0,-,-,NA,NA,RIVERSIDE,RIVERSIDE,-117.47492332,33.93798053
7048687,2015,2015-09-14,3313,2015-08-19,1726,1499,NA,3,5,7,3313,0,0,0,NA,0,NA,MAGNOLIA AV,PARK SIERRA DR,513,W,N,A,-,N,NA,NA,NA,NA,NA,NA,NA,NA,NA,N,4,0,1,3,A,-,03,22350,NA,N,C,C,A,A,H,-,A,D,0,NA,NA,NA,NA,Y,NA,A,01,0,0,1,0,0,0,0,0,0,-,-,NA,NA,RIVERSIDE,RIVERSIDE,-117.47398094,33.90488581
7048712,2015,2015-09-14,3313,2015-08-24,1337,1816,C,1,5,7,3313,0,0,0,NA,0,T70,VICTORIA AV,VICTORIA PARK DR,105,N,N,A,-,N,NA,NA,NA,NA,NA,NA,NA,NA,NA,Y,2,0,2,1,A,-,08,22107,NA,N,E,I,A,A,H,-,A,A,0,NA,NA,NA,NA,Y,NA,A,01,2,0,0,0,0,0,0,0,0,-,-,NA,NA,RIVERSIDE,RIVERSIDE,NA,NA
7048716,2015,2015-09-14,3313,2015-08-24,1056,1686,N,1,5,7,3313,0,0,0,NA,0,T58,BROCKTON AV,13TH ST,69,N,N,A,-,N,NA,NA,NA,NA,NA,NA,NA,NA,NA,Y,4,0,1,2,A,-,03,22350,NA,N,C,C,A,A,H,-,A,A,0,NA,NA,NA,NA,Y,NA,A,01,0,0,1,0,0,0,0,0,0,-,-,NA,NA,RIVERSIDE,RIVERSIDE,-117.38230026,33.97943548
7050606,2015,2015-09-18,3300,2015-08-22,0943,2403,920E,6,5,4,3314,0,0,0,NA,0,072,STATE ST,RAMONA BL,0,NA,Y,A,-,N,NA,NA,NA,NA,NA,NA,NA,NA,NA,Y,4,0,1,2,A,-,12,21453,A,N,D,C,A,A,H,-,A,A,0,NA,NA,NA,NA,Y,NA,A,01,0,0,1,0,0,0,0,0,0,-,-,NA,NA,RIVERSIDE,SAN JACINTO,-116.97152008,33.79431004
7052835,2015,2015-09-18,3301,2015-07-26,1829,U388,35,7,5,4,3301,0,0,0,NA,0,003,MOUNTAIN AV,ELM DR,0,NA,Y,A,-,N,NA,NA,NA,NA,NA,NA,NA,NA,NA,Y,2,0,1,2,A,-,01,23152,B,N,D,C,A,A,H,-,A,A,0,NA,NA,NA,NA,Y,Y,A,01,1,0,0,0,0,0,0,0,0,-,-,NA,NA,RIVERSIDE,BANNING,-116.920521,33.934032
7054340,2015,2015-10-02,3313,2015-09-09,1718,1762,W,3,5,7,3313,0,0,0,NA,0,T44,DIANA AV,POLK ST,0,NA,Y,A,-,N,NA,NA,NA,NA,NA,NA,NA,NA,NA,N,4,0,3,2,A,-,09,21801,A,N,D,C,A,A,H,-,A,A,0,NA,NA,NA,NA,Y,NA,A,01,0,0,3,0,0,0,0,0,0,-,-,NA,NA,RIVERSIDE,RIVERSIDE,-117.46478005,33.9027701
7054505,2015,2015-09-29,9655,2015-09-14,0750,015795,NA,1,1,9,3300,0,3,5,NA,2,002,SAN TIMOTEO CANYON RD,REDLANDS BL,1200,N,N,A,-,N,NA,NA,NA,NA,NA,NA,NA,NA,NA,Y,3,0,2,2,A,-,09,21801,A,N,D,C,A,A,H,-,A,D,0,NA,NA,NA,NA,Y,NA,A,01,0,1,1,0,0,0,0,0,0,-,-,33.99368,-117.158,RIVERSIDE,UNINCORPORATED,-117.15745764,33.99368632
7055034,2015,2017-01-10,9685,2015-08-21,1715,13376,NA,5,2,5,3341,0,1,1,NA,2,020,RT 215,ETHANAC RD,5822,S,N,A,-,Y,RIV,8,215,-,-,21.65,H,-,N,Y,3,0,1,2,A,-,03,22350,NA,N,E,I,A,A,H,-,A,D,1,NA,NA,Y,NA,Y,NA,C,02,0,1,0,0,0,0,0,0,1,-,-,33.72689,-117.18917,RIVERSIDE,MENIFEE,-117.1890414,33.72685732
7055871,2015,2016-07-21,9655,2015-08-24,0645,14829,NA,1,1,9,3300,0,3,5,NA,2,002,SAN TIMOTEO CANYON RD,PALMER AV,4752,W,N,A,-,N,NA,NA,NA,NA,NA,NA,NA,NA,NA,Y,3,0,1,2,A,-,00,21751,A,N,C,C,A,A,H,-,A,D,0,NA,NA,NA,NA,Y,NA,D,22,0,1,0,0,0,0,0,0,0,-,-,33.96803,-117.07596,RIVERSIDE,UNINCORPORATED,NA,NA
7056151,2015,2017-01-03,9685,2015-09-19,1930,015757,NA,6,2,5,3335,0,1,1,NA,2,030,RT 15,TEMECULA PKWY,2112,N,N,A,-,Y,RIV,8,15,-,-,3.86,H,-,S,Y,4,0,1,3,A,-,03,22350,NA,F,C,C,A,A,H,-,D,D,1,NA,NA,NA,NA,Y,NA,-,99,0,0,1,0,0,0,0,0,0,-,-,33.48645,-117.14309,RIVERSIDE,TEMECULA,-117.14313682,33.48683286
7059371,2015,2015-10-08,3301,2015-09-18,2319,U422,28,5,5,4,3301,0,0,0,NA,0,003,N SUNSET AV,WILSON ST,1584,N,N,A,-,N,NA,NA,NA,NA,NA,NA,NA,NA,NA,N,2,0,1,1,A,-,03,22350,A,N,E,I,A,A,H,-,D,D,0,NA,NA,Y,NA,Y,NA,C,02,1,0,0,0,0,0,0,0,1,-,-,33.3249,-116.91181,RIVERSIDE,BANNING,-116.91250589,33.93673062
7062726,2015,2015-10-09,3300,2015-09-29,1700,3552,915D,2,5,4,3312,0,0,0,NA,0,035,PERRIS BL,SAN JACINTO AV,266,N,N,A,-,N,NA,NA,NA,NA,NA,NA,NA,NA,NA,N,4,0,1,2,A,-,21,22106,NA,N,C,C,A,A,H,-,A,A,0,NA,NA,NA,NA,Y,NA,A,01,0,0,1,0,0,0,0,0,0,-,-,NA,NA,RIVERSIDE,PERRIS,-117.22615,33.78728868
7063422,2015,2015-11-23,3300,2015-11-04,2241,N4654,910I,3,5,5,3335,0,0,0,NA,0,063,RANCHO CALIFORNIA RD,TEE DR,21,W,N,A,-,N,NA,NA,NA,NA,NA,NA,NA,NA,NA,Y,4,0,1,2,A,-,08,22107,NA,N,D,C,A,A,H,-,C,D,0,NA,NA,Y,NA,Y,NA,A,07,0,0,1,0,0,0,0,0,1,-,-,33.51027,-117.1119,RIVERSIDE,TEMECULA,-117.11210819,33.51050946
7063924,2015,2015-10-07,9840,2015-09-01,1515,12075,NA,2,2,9,3300,0,3,5,NA,2,004,MARKHAM ST,ALEXANDER ST,0,NA,Y,A,-,N,NA,NA,NA,NA,NA,NA,NA,NA,NA,N,3,0,1,2,A,-,05,21752,D,F,D,G,A,A,H,-,A,A,0,NA,Y,NA,NA,Y,NA,L,04,0,1,0,0,0,0,1,0,0,-,-,33.85158,-117.30506,RIVERSIDE,UNINCORPORATED,-117.30508008,33.85158011
7064402,2015,2017-01-10,9840,2015-08-23,2130,19630,NA,7,2,6,3394,0,1,3,NA,2,025,RT 60,REDLANDS BL,20,E,N,A,-,Y,RIV,8,60,-,-,20.367,R,1,W,Y,4,0,5,3,A,-,08,22107,NA,N,D,C,A,A,H,-,D,D,1,NA,NA,NA,NA,Y,NA,A,01,0,0,5,0,0,0,0,0,0,FR,-,33.87695,-117.34567,RIVERSIDE,MORENO VALLEY,-117.15676118,33.93940722
7064510,2015,2017-01-14,9840,2015-09-06,1125,18611,NA,7,1,6,3315,0,1,3,NA,2,030,RT 91,SMITH AV,950,W,N,A,-,Y,RIV,8,91,-,-,4.54,H,-,E,N,4,0,2,3,A,-,03,22350,NA,F,C,C,A,A,D,-,A,D,1,NA,NA,NA,NA,Y,NA,-,NA,0,0,2,0,0,0,0,0,0,-,-,33.88158,-117.59574,RIVERSIDE,CORONA,-117.59705646,33.88116342
7064532,2015,2017-01-23,9840,2015-09-03,1820,18949,NA,4,2,9,3300,0,1,1,NA,2,041,RT 215,NUEVO RD,2000,N,N,A,-,Y,RIV,8,15,-,R,28.27,H,-,S,Y,4,0,1,2,A,-,03,22350,NA,N,C,C,A,A,H,-,A,D,1,NA,NA,NA,NA,Y,NA,A,07,0,0,1,0,0,0,0,0,0,-,-,33.81315,-117.23839,RIVERSIDE,UNINCORPORATED,-117.42863781,33.73934389
7065150,2015,2017-01-11,9630,2015-08-09,1610,19843,NA,7,2,9,3300,0,1,1,NA,2,302,RT 10,EAGLE MOUNTAIN RD,6336,E,N,A,-,Y,RIV,8,10,-,R,103.24,H,-,W,Y,4,0,1,2,A,-,03,22350,NA,N,C,C,A,A,D,-,A,D,1,NA,NA,NA,NA,Y,NA,A,01,0,0,1,0,0,0,0,0,0,-,-,33.70716,-115.43035,RIVERSIDE,UNINCORPORATED,-115.43199913,33.70686941
7065482,2015,2017-01-14,9840,2015-08-24,0544,12608,NA,1,3,6,3315,0,1,3,NA,2,311,RT 91,BUCHANAN AV,1742,W,N,A,-,Y,RIV,8,91,-,-,9.95,H,-,W,N,4,0,1,2,A,-,03,22350,NA,F,C,C,A,A,H,-,D,D,1,NA,NA,NA,NA,Y,NA,A,01,0,0,1,0,0,0,0,0,0,-,-,33.89425,-117.50137,RIVERSIDE,CORONA,-117.50636979,33.89185286
7065721,2015,2017-01-14,9655,2015-09-07,1445,14829,NA,1,2,9,3300,0,1,1,NA,2,204,RT 10,MALKI RD,2640,E,N,A,-,Y,RIV,8,10,-,R,17.07,H,-,W,N,4,0,1,2,A,-,03,22350,NA,N,C,C,A,A,H,-,A,D,1,NA,NA,NA,NA,Y,NA,A,07,0,0,1,0,0,0,0,0,0,-,-,33.93109,-116.83501,RIVERSIDE,UNINCORPORATED,-116.81456964,33.92676024
7065750,2015,2015-09-16,9630,2015-08-28,1200,19943,NA,5,1,9,3300,0,2,4,NA,2,029,WASHINGTON ST,COYOTE SONG WY,4224,N,N,A,-,N,NA,NA,NA,NA,NA,NA,NA,NA,NA,Y,3,0,1,1,A,-,08,22107,NA,N,F,A,A,A,H,-,A,D,0,NA,NA,NA,NA,Y,NA,A,01,0,1,0,0,0,0,0,0,0,-,-,33.8091,-116.3017,RIVERSIDE,UNINCORPORATED,NA,NA
7066595,2015,2015-09-19,3300,2015-03-13,1016,4775,002D,5,5,6,3345,0,0,0,NA,0,NA,KENNETH ST,MISSION BL,0,NA,Y,A,-,N,NA,NA,NA,NA,NA,NA,NA,NA,NA,N,4,0,1,2,A,-,12,21453,A,N,D,C,A,A,H,-,A,A,0,NA,NA,NA,NA,Y,NA,-,-,0,0,1,0,0,0,0,0,0,-,-,NA,NA,RIVERSIDE,JURUPA VALLEY,-117.48523,34.01180011
7067223,2015,2015-09-18,3313,2015-08-14,1000,1026,N,5,5,7,3313,0,0,0,NA,0,T52,TIBBETTS ST,BROCKTON AV,609,W,N,A,-,N,NA,NA,NA,NA,NA,NA,NA,NA,NA,Y,3,0,2,2,A,-,09,21804,A,N,D,C,A,A,H,-,A,D,0,NA,NA,NA,NA,Y,NA,A,01,0,1,1,0,0,0,0,0,0,-,-,NA,NA,RIVERSIDE,RIVERSIDE,-117.39876212,33.94724734
7067273,2015,2017-01-10,9840,2015-08-24,1658,12608,NA,1,2,6,3345,0,1,3,NA,2,010,RT 60,VALLEY WY,1742,W,N,A,-,Y,RIV,8,60,-,-,7.2,H,-,E,N,4,0,1,2,A,-,03,22350,NA,N,C,C,A,A,H,-,A,D,1,NA,NA,NA,NA,Y,NA,D,22,0,0,1,0,0,0,0,0,0,-,-,34.01176,-117.43994000000001,RIVERSIDE,JURUPA VALLEY,-117.4397173,34.01280021
7067461,2015,2015-09-25,3300,2015-07-24,1748,4212,920D,5,5,4,3314,0,0,0,NA,0,072,RAMONA EXPWY,MAIN ST,75,N,N,A,-,N,NA,NA,NA,NA,NA,NA,NA,NA,NA,Y,4,0,1,2,A,-,01,23152,A,N,C,C,A,A,H,-,A,A,0,NA,NA,NA,NA,Y,Y,A,01,0,0,1,0,0,0,0,0,0,-,-,NA,NA,RIVERSIDE,SAN JACINTO,-116.93732301,33.78453053
7067612,2015,2015-09-30,9655,2015-09-11,0820,21008,NA,5,1,9,3300,0,2,4,NA,2,322,STETSON AV,SAN JACINTO ST,528,W,N,A,-,N,NA,NA,NA,NA,NA,NA,NA,NA,NA,N,4,0,1,2,A,-,03,22350,NA,N,C,C,A,A,H,-,A,A,0,NA,NA,NA,NA,Y,NA,A,01,0,0,1,0,0,0,0,0,0,-,-,33.72951,-116.95983,RIVERSIDE,UNINCORPORATED,-116.96028051,33.72944