CASE_ID,ACCIDENT_YEAR,PROC_DATE,JURIS,COLLISION_DATE,COLLISION_TIME,OFFICER_ID,REPORTING_DISTRICT,DAY_OF_WEEK,CHP_SHIFT,POPULATION,CNTY_CITY_LOC,SPECIAL_COND,BEAT_TYPE,CHP_BEAT_TYPE,CITY_DIVISION_LAPD,CHP_BEAT_CLASS,BEAT_NUMBER,PRIMARY_RD,SECONDARY_RD,DISTANCE,DIRECTION,INTERSECTION,WEATHER_1,WEATHER_2,STATE_HWY_IND,CALTRANS_COUNTY,CALTRANS_DISTRICT,STATE_ROUTE,ROUTE_SUFFIX,POSTMILE_PREFIX,POSTMILE,LOCATION_TYPE,RAMP_INTERSECTION,SIDE_OF_HWY,TOW_AWAY,COLLISION_SEVERITY,NUMBER_KILLED,NUMBER_INJURED,PARTY_COUNT,PRIMARY_COLL_FACTOR,PCF_CODE_OF_VIOL,PCF_VIOL_CATEGORY,PCF_VIOLATION,PCF_VIOL_SUBSECTION,HIT_AND_RUN,TYPE_OF_COLLISION,MVIW,PED_ACTION,ROAD_SURFACE,ROAD_COND_1,ROAD_COND_2,LIGHTING,CONTROL_DEVICE,CHP_ROAD_TYPE,PEDESTRIAN_ACCIDENT,BICYCLE_ACCIDENT,MOTORCYCLE_ACCIDENT,TRUCK_ACCIDENT,NOT_PRIVATE_PROPERTY,ALCOHOL_INVOLVED,STWD_VEHTYPE_AT_FAULT,CHP_VEHTYPE_AT_FAULT,COUNT_SEVERE_INJ,COUNT_VISIBLE_INJ,COUNT_COMPLAINT_PAIN,COUNT_PED_KILLED,COUNT_PED_INJURED,COUNT_BICYCLIST_KILLED,COUNT_BICYCLIST_INJURED,COUNT_MC_KILLED,COUNT_MC_INJURED,PRIMARY_RAMP,SECONDARY_RAMP,LATITUDE,LONGITUDE,COUNTY,CITY,POINT_X,POINT_Y
8091237,2016,2016-07-29,3313,2016-06-15,1218,1686,N,3,5,7,3313,0,0,0,NA,0,T58,MAGNOLIA AV,ELMWOOD CT,0,NA,Y,A,-,N,NA,NA,NA,NA,NA,NA,NA,NA,NA,Y,3,0,1,2,A,-,09,21802,A,N,D,C,A,A,H,-,A,A,0,NA,NA,NA,NA,Y,NA,D,22,0,1,0,0,0,0,0,0,0,-,-,33.96698,-117.38775,RIVERSIDE,RIVERSIDE,-117.38770008,33.9670501
8091416,2016,2016-07-29,3313,2016-06-12,1750,1816,W,7,5,7,3313,0,0,0,NA,0,C410,COLLETT AV,RIVERWALK PKWY,40,E,N,A,-,N,NA,NA,NA,NA,NA,NA,NA,NA,NA,N,3,0,1,1,A,-,08,22107,NA,N,E,I,A,A,H,-,A,A,0,NA,NA,Y,NA,Y,NA,C,02,0,1,0,0,0,0,0,0,1,-,-,33.9061,-117.49387,RIVERSIDE,RIVERSIDE,-117.49396726,33.90608637
8096119,2016,2017-03-01,3313,2016-07-03,1949,1702,NORTH,7,5,7,3313,0,0,0,NA,0,C132,MAIN ST,STODDARD AV,210,S,N,A,-,Y,RIV,8,60,-,-,11.584,R,4,W,Y,4,0,2,2,A,-,12,21453,A,N,D,C,A,A,H,-,B,A,0,NA,NA,NA,NA,Y,NA,A,01,0,0,2,0,0,0,0,0,0,-,-,33.99711,-117.36444,RIVERSIDE,RIVERSIDE,-117.36704164,33.99750736
8096981,2016,2016-08-16,3301,2016-06-01,0952,U457,43,3,5,4,3301,0,0,0,NA,0,003,SOUTH HIGHLAND SPRINGS,EAST 2ND ST,346,N,N,A,-,N,NA,NA,NA,NA,NA,NA,NA,NA,NA,N,4,0,1,2,A,-,09,21801,A,N,D,D,A,A,H,-,A,A,0,NA,NA,NA,NA,Y,NA,D,22,0,0,1,0,0,0,0,0,0,-,-,33.92358,-116.94599,RIVERSIDE,BANNING,-116.94676,33.92484744
8097067,2016,2016-08-12,3300,2016-07-29,1009,N5835,602D1,5,5,6,3394,0,0,0,NA,0,MV16,PERRIS BL,SUNNYMEAD BL,35,S,N,A,-,N,NA,NA,60,NA,NA,NA,NA,NA,NA,Y,4,0,2,2,A,-,12,21453,A,N,D,C,A,A,H,-,A,A,0,NA,NA,NA,NA,Y,NA,A,01,0,0,2,0,0,0,0,0,0,-,-,33.93909,-117.22646,RIVERSIDE,MORENO VALLEY,-117.22637502,33.93962742
8097106,2016,2016-08-12,3300,2016-07-18,1816,3536,602D2,1,5,6,3394,0,0,0,NA,0,MV26,ATWOOD AV,PERRIS BL,1700,W,N,A,-,N,NA,NA,NA,NA,NA,NA,NA,NA,NA,N,4,0,2,2,A,-,08,22103,NA,N,B,C,A,A,H,-,A,D,0,NA,NA,NA,NA,Y,NA,A,01,0,0,2,0,0,0,0,0,0,-,-,33.93,-117.2262,RIVERSIDE,MORENO VALLEY,-117.23186671,33.9299673
8098482,2016,2016-08-09,3315,2016-07-15,1340,11119,13D,5,5,6,3315,0,0,0,NA,0,NA,CALIFORNIA AV,ONTARIO AV,12,E,N,A,-,N,NA,NA,NA,NA,NA,NA,NA,NA,NA,Y,3,0,2,2,A,-,06,21755,NA,N,B,C,A,A,H,-,A,A,0,NA,NA,NA,NA,Y,NA,-,NA,0,2,0,0,0,0,0,0,0,-,-,NA,NA,RIVERSIDE,CORONA,-117.53915,33.84641
8098568,2016,2016-08-05,3315,2016-07-20,1051,1226,13C,3,5,6,3315,0,0,0,NA,0,NA,ONTARIO AV,FULLERTON AV,200,W,N,A,-,N,NA,NA,NA,NA,NA,NA,NA,NA,NA,N,3,0,1,1,A,-,04,21703,NA,N,H,A,A,A,H,-,A,A,0,NA,NA,Y,NA,Y,NA,C,03,0,1,0,0,0,0,0,0,1,-,-,NA,NA,RIVERSIDE,CORONA,-117.55186801,33.85183223
8098604,2016,2016-08-05,3315,2016-07-24,1124,2349,1I,7,5,6,3315,0,0,0,NA,0,001,RAILROAD ST,N COTA ST,0,NA,Y,A,-,N,NA,NA,NA,NA,NA,NA,NA,NA,NA,Y,3,0,1,2,A,-,12,21453,A,N,D,C,A,A,H,-,A,A,0,NA,NA,NA,NA,Y,NA,-,NA,0,1,0,0,0,0,0,0,0,-,-,NA,NA,RIVERSIDE,CORONA,-117.57278006,33.88423005
8099342,2016,2016-09-21,3309,2016-05-12,1643,180,3309,4,5,4,3309,0,0,0,NA,0,NA,CLINTON ST,PALMYRA AV,0,NA,Y,A,-,N,NA,NA,NA,NA,NA,NA,NA,NA,NA,N,4,0,2,2,A,-,12,21453,A,M,D,C,A,A,H,-,A,A,0,NA,NA,NA,NA,Y,NA,D,22,0,0,2,0,0,0,0,0,0,-,-,NA,NA,RIVERSIDE,INDIO,-116.24271004,33.7252601
8099770,2016,2016-08-11,3313,2016-07-28,2345,1819,W,4,5,7,3313,0,0,0,NA,0,C310,ARLINGTON AV,COPPER LANTERN DR,400,E,N,A,-,N,NA,NA,NA,NA,NA,NA,NA,NA,NA,Y,4,0,1,2,A,-,08,22107,NA,N,D,C,A,A,H,-,C,D,0,NA,NA,NA,NA,Y,NA,A,01,0,0,1,0,0,0,0,0,0,-,-,33.94652,-117.46025,RIVERSIDE,RIVERSIDE,-117.45879512,33.94626342
8100004,2016,2017-02-18,3313,2016-07-28,1948,1499,W,4,5,7,3313,0,0,0,NA,0,T42,TYLER ST,RT 91,24,N,N,A,-,Y,RIV,8,91,-,-,12.907,R,4,E,N,4,0,1,2,A,-,03,22350,NA,N,C,C,A,A,H,-,A,A,0,NA,NA,NA,NA,Y,NA,A,07,0,0,1,0,0,0,0,0,0,-,EF,NA,NA,RIVERSIDE,RIVERSIDE,-117.45885529,33.90511466
8100120,2016,2017-04-15,3313,2016-07-28,0338,1769,N,4,5,7,3313,0,0,0,NA,0,NA,DEWEY AV,NIDEVER AV,0,NA,Y,A,-,N,NA,NA,NA,NA,NA,NA,NA,NA,NA,N,4,0,1,2,A,-,01,23152,A,N,D,C,A,A,H,-,C,D,0,NA,NA,NA,NA,Y,Y,D,22,0,0,1,0,0,0,0,0,0,-,-,33.95722,-117.41693,RIVERSIDE,RIVERSIDE,-117.4167701,33.95703006
8100465,2016,2017-03-02,3300,2016-07-03,1615,3544,905L,7,5,4,3307,0,0,0,NA,0,L93,ORTEGA HWY,EDISON POWER POLE #4064403E,228,E,N,A,-,Y,RIV,8,74,-,-,11.74,H,-,W,Y,2,0,1,2,A,-,05,21650,NA,N,D,C,A,A,H,-,A,A,0,NA,NA,Y,NA,Y,NA,C,02,1,0,0,0,0,0,0,0,1,-,-,NA,NA,RIVERSIDE,LAKE ELSINORE,-117.37664014,33.65729911
8100894,2016,2016-08-16,3300,2016-07-17,1500,3211,603C5,7,5,6,3394,0,0,0,NA,0,MV36,RANCHO DEL LAGO,LA SALINA PL,230,N,N,A,-,N,NA,NA,NA,NA,NA,NA,NA,NA,NA,N,4,0,4,2,A,-,08,22103,NA,N,D,C,A,A,H,-,A,D,0,NA,NA,NA,NA,Y,NA,A,01,0,0,4,0,0,0,0,0,0,-,-,33.88649,-117.21374,RIVERSIDE,MORENO VALLEY,-117.21320281,33.88709367
8101950,2016,2016-08-05,3313,2016-06-29,1632,1827,W,3,5,7,3313,0,0,0,NA,0,T71,MAGNOLIA AV,PARK SIERRA DR,28,E,N,A,-,N,NA,NA,NA,NA,NA,NA,NA,NA,NA,Y,4,0,2,1,A,-,21,22106,NA,N,E,I,A,A,H,-,A,A,0,NA,NA,NA,NA,Y,NA,A,07,0,0,2,0,0,0,0,0,0,-,-,33.90542,-117.47237,RIVERSIDE,RIVERSIDE,-117.47251351,33.90572266
8102236,2016,2016-08-10,3300,2016-07-17,1600,4815,32D1,7,5,4,3318,0,0,0,NA,0,032,PANORAMA DR,CANDLEWOOD ST,112,N,N,A,-,N,NA,NA,NA,NA,NA,NA,NA,NA,NA,N,4,0,1,2,A,-,08,22107,NA,N,C,E,A,A,H,-,A,D,0,NA,NA,NA,NA,Y,NA,A,01,0,0,1,0,0,0,0,0,0,-,-,NA,NA,RIVERSIDE,PALM DESERT,-116.36742972,33.71777588
8102650,2016,2016-08-18,3313,2016-07-20,1120,1016,E,3,5,7,3313,0,0,0,NA,0,M28,ALESSANDRO BL,TRAUTWEIN RD,43,E,N,A,-,N,NA,NA,NA,NA,NA,NA,NA,NA,NA,Y,3,0,1,2,A,-,03,22350,NA,N,C,C,A,A,H,-,A,A,0,NA,NA,NA,NA,Y,Y,A,01,0,1,0,0,0,0,0,0,0,-,-,33.92016,-117.33321,RIVERSIDE,RIVERSIDE,-117.33243784,33.91858415
8103805,2016,2016-09-28,3300,2016-09-03,1905,4966,916A,6,5,4,3312,0,0,0,NA,0,031,RAMONA EXPWY,AKINA AV,372,W,N,A,-,N,NA,NA,NA,NA,NA,NA,NA,NA,NA,Y,3,0,2,2,A,-,03,22350,NA,N,C,C,A,A,H,-,B,D,0,NA,NA,NA,NA,Y,NA,A,01,0,2,0,0,0,0,0,0,0,-,-,NA,NA,RIVERSIDE,PERRIS,-117.21290126,33.8445
8104354,2016,2016-08-23,3300,2016-08-04,1605,N5791,002R,4,5,6,3345,0,0,0,NA,0,024,HOLLADAY ST,COLLINS ST,42,E,N,A,-,N,NA,NA,NA,NA,NA,NA,NA,NA,NA,N,4,0,1,2,A,-,03,22350,NA,N,C,C,A,A,H,-,A,A,0,NA,NA,NA,NA,Y,NA,D,22,0,0,1,0,0,0,0,0,0,-,-,33.97668,-117.47775,RIVERSIDE,JURUPA VALLEY,-117.47746282,33.9763696
8104649,2016,2016-08-23,3300,2016-07-29,1555,4776,002T,5,5,6,3345,0,0,0,NA,0,024,HIGH PRAIRIE TRL,GRAND VALLEY TRL,36,S,N,A,-,N,NA,NA,NA,NA,NA,NA,NA,NA,NA,N,3,0,1,2,A,-,08,22103,NA,N,D,C,A,A,H,-,A,D,0,NA,NA,NA,NA,Y,NA,A,08,0,1,0,0,0,0,0,0,0,-,-,33.97307,-117.45243,RIVERSIDE,JURUPA VALLEY,-117.45235,33.97304
8105900,2016,2016-08-31,3313,2016-08-12,0817,769,NA,5,5,7,3313,0,0,0,NA,0,NA,OAK VALLEY DR,OAK VALLEY PKWY,0,NA,Y,A,-,N,NA,NA,NA,NA,NA,NA,NA,NA,NA,N,4,0,1,3,A,-,03,22350,NA,N,C,-,A,A,H,-,A,A,0,NA,NA,NA,NA,Y,NA,-,-,0,0,1,0,0,0,0,0,0,-,-,NA,NA,RIVERSIDE,RIVERSIDE,-117.11857006,33.74793004
8107633,2016,2017-03-02,3313,2016-07-27,2214,1772,W,3,5,7,3313,0,0,0,NA,0,T45,TYLER ST,RT 91,0,NA,Y,A,-,Y,RIV,8,91,-,-,12.907,R,4,E,Y,4,0,1,2,A,-,12,21453,A,N,D,C,A,A,H,-,C,A,0,NA,NA,NA,NA,Y,NA,D,22,0,0,1,0,0,0,0,0,0,-,EF,NA,NA,RIVERSIDE,RIVERSIDE,-117.45885529,33.90511466
8110819,2016,2016-09-01,3300,2016-08-17,1711,3988,001N,3,5,6,3345,0,0,0,NA,0,016,CAMINO REAL,LINARES AV,9,N,N,A,-,N,NA,NA,NA,NA,NA,NA,NA,NA,NA,N,4,0,1,2,A,-,03,22350,NA,N,C,C,A,A,H,-,A,A,0,NA,NA,NA,Y,Y,NA,F,26,0,0,1,0,0,0,0,0,0,-,-,33.97546,-117.45056,RIVERSIDE,JURUPA VALLEY,-117.45044137,33.97549463
8112467,2016,2016-09-01,3313,2016-08-10,1728,1772,C,3,5,7,3313,0,0,0,NA,0,T45,COLORADO AV,JACKSON ST,390,E,N,A,-,N,NA,NA,NA,NA,NA,NA,NA,NA,NA,Y,4,0,2,2,A,-,09,21804,A,N,D,C,A,A,H,-,A,A,0,NA,NA,NA,NA,Y,NA,A,01,0,0,2,0,0,0,0,0,0,-,-,33.93705,-117.44921,RIVERSIDE,RIVERSIDE,-117.44825035,33.93758343
8112649,2016,2016-09-07,3300,2016-08-18,0759,4614,804A,4,5,3,3343,0,0,0,NA,0,084,BAXTER RD,BAYLESS RD,0,NA,Y,A,-,N,NA,NA,NA,NA,NA,NA,NA,NA,NA,N,4,0,1,2,A,-,03,22350,NA,N,C,C,A,A,H,-,A,D,0,NA,NA,NA,NA,Y,NA,A,07,0,0,1,0,0,0,0,0,0,-,-,NA,NA,RIVERSIDE,WILDOMAR,-117.25140007,33.61234011
8112685,2016,2016-09-06,3300,2016-08-12,1710,4923,905L,5,5,4,3307,0,0,0,NA,0,093,RIVERSIDE DR,LINCOLN AV,0,NA,Y,A,-,N,NA,NA,NA,NA,NA,NA,NA,NA,NA,N,4,0,1,4,A,-,03,22350,NA,N,C,C,A,A,H,-,A,A,0,NA,NA,NA,NA,Y,NA,A,01,0,0,1,0,0,0,0,0,0,-,-,NA,NA,RIVERSIDE,LAKE ELSINORE,-117.37405008,33.67630004
8115061,2016,2016-10-18,3315,2016-08-17,1301,001226,10C,3,5,6,3315,0,0,0,NA,0,NA,RADIO RD,SAMPSON AV,132,S,N,A,-,N,NA,NA,NA,NA,NA,NA,NA,NA,NA,Y,2,0,1,2,A,-,12,22451,A,N,H,F,A,A,H,-,A,A,0,NA,NA,NA,NA,Y,NA,D,22,1,0,0,0,0,0,0,0,0,-,-,33.87852,-117.54271,RIVERSIDE,CORONA,-117.5426905,33.87810623
8115911,2016,2016-09-02,3300,2016-07-20,1000,4024,905I,3,5,4,3307,0,0,0,NA,0,095,DEXTER AV,CENTRAL AV,180,N,N,A,-,N,NA,NA,NA,NA,NA,NA,NA,NA,NA,N,3,0,1,1,A,-,08,22107,NA,N,E,I,A,A,H,-,A,D,0,NA,NA,Y,NA,Y,NA,C,02,0,1,0,0,0,0,0,0,1,-,-,NA,NA,RIVERSIDE,LAKE ELSINORE,-117.33666211,33.69354255
8117622,2016,2016-09-09,3315,2016-08-24,1501,0775,15C,3,5,6,3315,0,0,0,NA,0,005,FOOTHILL PKWY,CALIFORNIA AV,390,W,N,A,-,N,NA,NA,NA,NA,NA,NA,NA,NA,NA,Y,4,0,1,3,A,-,03,22350,NA,N,C,C,A,A,H,-,A,D,0,NA,NA,NA,NA,Y,NA,A,01,0,0,1,0,0,0,0,0,0,-,-,NA,NA,RIVERSIDE,CORONA,-117.5440173,33.83394987
8118737,2016,2016-09-14,3311,2016-08-21,1523,16014,3311,7,5,4,3311,0,0,0,NA,0,006,PALM CANYON DR E,FARRELL DR,0,NA,Y,A,-,N,NA,NA,NA,NA,NA,NA,NA,NA,NA,N,4,0,2,2,A,-,12,21453,A,N,D,C,A,A,H,-,A,A,0,NA,NA,NA,NA,Y,NA,A,08,0,0,2,0,0,0,0,0,0,-,-,33.80146,-116.51939,RIVERSIDE,PALM SPRINGS,-116.51939009,33.8013801
8120971,2016,2016-09-16,3308,2016-07-04,1305,10620,515,1,5,5,3308,0,0,0,NA,0,NORTH,DEVONSHIRE AV,LYON AV,0,NA,Y,A,-,N,NA,NA,NA,NA,NA,NA,NA,NA,NA,Y,4,0,2,2,A,-,09,21800,A,N,D,C,A,A,H,-,A,A,0,NA,NA,NA,NA,Y,NA,D,22,0,0,2,0,0,0,0,0,0,-,-,NA,NA,RIVERSIDE,HEMET,-116.98915004,33.75104007
8122383,2016,2016-10-17,3300,2016-08-30,1135,N2646,604C2,2,5,6,3394,0,0,0,NA,0,044,CAMINO FLORES,IRIS AV,221,N,N,A,-,N,NA,NA,NA,NA,NA,NA,NA,NA,NA,N,4,0,2,2,A,-,09,21801,A,N,D,C,A,A,H,-,A,A,0,NA,NA,NA,Y,Y,NA,A,01,0,0,2,0,0,0,0,0,0,-,-,33.89179,-117.20533,RIVERSIDE,MORENO VALLEY,-117.20520382,33.89249991
8124145,2016,2016-09-21,3315,2016-08-31,0958,001874,3C,3,5,6,3315,0,0,0,NA,0,002,RIMPAU AV,MAGNOLIA AV,390,N,N,A,-,N,NA,NA,NA,NA,NA,NA,NA,NA,NA,Y,4,0,1,2,A,-,09,21804,A,N,D,C,A,A,H,-,A,D,0,NA,NA,NA,NA,Y,NA,A,01,0,0,1,0,0,0,0,0,0,-,-,NA,NA,RIVERSIDE,CORONA,-117.54549566,33.86536417
8124229,2016,2016-09-20,3315,2016-09-06,0654,001641,7A,2,5,6,3315,0,0,0,NA,0,NA,6TH ST,LINCOLN AV,165,E,N,A,-,N,NA,NA,NA,NA,NA,NA,NA,NA,NA,Y,4,0,2,2,A,-,09,21804,A,N,D,C,A,A,H,-,A,A,0,NA,NA,NA,NA,Y,NA,A,01,0,0,2,0,0,0,0,0,0,-,-,NA,NA,RIVERSIDE,CORONA,-117.58274292,33.87712845
8124370,2016,2016-09-20,3300,2016-08-30,0656,N3202,012C,2,5,4,3344,0,0,0,NA,0,065,DAIRY ST,EXCELSIOR DR,221,W,N,A,-,N,NA,NA,NA,NA,NA,NA,NA,NA,NA,N,3,0,1,2,A,-,21,22106,NA,N,G,B,F,A,H,-,A,D,0,Y,NA,NA,NA,Y,NA,A,07,0,1,0,0,1,0,0,0,0,-,-,NA,NA,RIVERSIDE,EASTVALE,-117.55981549,33.95636557
8124382,2016,2016-09-20,3300,2016-08-24,0715,3717,012E,3,5,4,3344,0,0,0,NA,0,064,ALDERWOOD AV,WINDFLOWER CT,0,NA,Y,A,-,N,NA,NA,NA,NA,NA,NA,NA,NA,NA,Y,4,0,2,2,A,-,21,22106,NA,N,D,-,A,A,H,-,A,D,0,NA,NA,NA,NA,Y,NA,-,NA,0,0,2,0,0,0,0,0,0,-,-,NA,NA,RIVERSIDE,EASTVALE,-117.58886013,33.94914004
8124723,2016,2016-09-26,3325,2016-05-03,1630,2715,DESER,2,5,4,3325,0,0,0,NA,0,002,DATE PALM DR,CORRAL RD,0,NA,Y,A,-,N,NA,NA,NA,NA,NA,NA,NA,NA,NA,Y,3,0,1,2,A,-,09,21802,A,N,D,C,A,A,H,-,A,D,0,NA,NA,NA,NA,Y,NA,A,01,0,1,0,0,0,0,0,0,0,-,-,NA,NA,RIVERSIDE,CATHEDRAL CITY,-116.45806003,33.81227009
8128742,2016,2016-09-27,3325,2016-04-27,0725,2724,3325,3,5,4,3325,0,0,0,NA,0,003,VARNER RD,POLE # 4761401E,135,W,N,A,-,N,NA,NA,NA,NA,NA,NA,NA,NA,NA,Y,4,0,1,1,A,-,03,22350,NA,N,B,I,A,A,H,-,A,D,0,NA,NA,NA,NA,Y,NA,A,01,0,0,1,0,0,0,0,0,0,-,-,NA,NA,RIVERSIDE,CATHEDRAL CITY,NA,NA
8128846,2016,2017-06-20,3325,2016-05-07,1435,557,DESER,6,5,4,3325,0,0,0,NA,0,001,EAST PALM CANYON DR,EAST PALM CANYON DR,0,NA,N,A,-,N,NA,NA,NA,NA,NA,NA,NA,NA,NA,Y,3,0,1,3,A,-,09,21801,A,N,D,-,A,A,H,-,A,D,0,NA,NA,Y,NA,Y,NA,A,01,0,1,0,0,0,0,0,0,1,-,-,NA,NA,RIVERSIDE,CATHEDRAL CITY,NA,NA
8129179,2016,2016-09-26,3313,2016-09-04,2150,1833,W,7,5,7,3313,0,0,0,NA,0,C426,ARLINGTON AV,RUTLAND AV N,400,W,N,A,-,N,NA,NA,NA,NA,NA,NA,NA,NA,NA,Y,4,0,1,2,A,-,08,22107,NA,N,B,C,A,A,H,-,B,D,0,NA,NA,Y,NA,Y,NA,A,07,0,0,1,0,0,0,0,0,1,-,-,33.94651,-117.46861,RIVERSIDE,RIVERSIDE,-117.46874,33.94672
8129837,2016,2016-12-22,3300,2016-09-07,1741,5092,916A,3,5,4,3312,0,0,0,NA,0,031,PERRIS BL,RAMONA EXPWY,0,NA,Y,A,-,N,NA,NA,NA,NA,NA,NA,NA,NA,NA,Y,4,0,1,2,A,-,12,21453,A,N,D,C,A,A,H,-,A,A,0,NA,NA,NA,NA,Y,NA,A,01,0,0,1,0,0,0,0,0,0,-,-,33.84459,-117.226,RIVERSIDE,PERRIS,-117.22620011,33.84461009
8132770,2016,2016-10-14,3315,2016-09-28,1659,2661,13D,3,5,6,3315,0,0,0,NA,0,002,ONTARIO AV,RIMPAU AV,70,E,N,A,-,N,NA,NA,NA,NA,NA,NA,NA,NA,NA,N,4,0,2,2,A,-,09,21804,A,N,D,C,A,A,H,-,A,D,0,NA,NA,NA,NA,Y,NA,-,NA,0,0,2,0,0,0,0,0,0,-,-,NA,NA,RIVERSIDE,CORONA,-117.54455364,33.84891543
8133420,2016,2016-10-04,3313,2016-09-02,2105,1772,E,5,5,7,3313,0,0,0,NA,0,T45,UNIVERSITY AV,CRANFORD AV,283,W,N,A,-,N,NA,NA,NA,NA,NA,NA,NA,NA,NA,Y,4,0,1,2,A,-,01,23152,A,N,D,C,A,A,H,-,C,A,0,NA,NA,NA,NA,Y,Y,A,01,0,0,1,0,0,0,0,0,0,-,-,33.97552,-117.3441,RIVERSIDE,RIVERSIDE,-117.34513066,33.97573
8133934,2016,2016-10-04,3300,2016-09-17,0622,N4925,36H1,6,5,4,3318,0,0,0,NA,0,1T375,W HOVLEY CT,W HOVLEY LN,54,N,N,A,-,N,NA,NA,NA,NA,NA,NA,NA,NA,NA,Y,4,0,1,2,A,-,09,21802,A,N,D,C,A,B,H,-,A,A,0,NA,NA,NA,NA,Y,NA,A,01,0,0,1,0,0,0,0,0,0,-,-,NA,NA,RIVERSIDE,PALM DESERT,-116.39052,33.75241
8134124,2016,2016-10-04,3300,2016-09-19,1355,5372,LA,1,5,3,3392,0,0,0,NA,0,042,AVENUE 50,MOON RIVER DR,393,W,N,B,-,N,NA,NA,NA,NA,NA,NA,NA,NA,NA,N,4,0,1,2,A,-,07,21658,A,N,C,C,A,A,H,-,A,D,0,NA,NA,NA,NA,Y,NA,A,01,0,0,1,0,0,0,0,0,0,-,-,NA,NA,RIVERSIDE,LA QUINTA,NA,NA
8134927,2016,2016-11-30,3313,2016-09-08,1700,1825,W,4,5,7,3313,0,0,0,NA,0,C410,MAGNOLIA AV,HUGHES ALY,350,W,N,A,-,N,NA,NA,NA,NA,NA,NA,NA,NA,NA,N,4,0,1,2,A,-,03,22350,NA,N,C,C,A,A,H,-,A,D,0,NA,NA,NA,NA,Y,NA,A,01,0,0,1,0,0,0,0,0,0,-,-,33.91413,-117.45796,RIVERSIDE,RIVERSIDE,-117.45861848,33.91339973
8135815,2016,2016-10-06,3300,2016-08-12,1644,4121,916A,5,5,4,3312,0,0,0,NA,0,031,HARLEY KNOX,NORTH PERRIS BL,0,NA,Y,A,-,N,NA,NA,NA,NA,NA,NA,NA,NA,NA,Y,4,0,2,2,A,-,12,21453,A,N,D,C,A,A,H,-,A,A,0,NA,NA,NA,NA,Y,NA,A,01,0,0,2,0,0,0,0,0,0,-,-,33.85684,-117.22614,RIVERSIDE,PERRIS,-117.22606006,33.85730007
81359784,2020,2020-12-07,3315,2020-11-13,0141,003427,1D,5,5,6,3315,0,0,0,NA,0,001,RIVER RD,COTA ST,140,E,N,A,-,N,NA,NA,NA,NA,NA,NA,NA,NA,NA,Y,3,0,2,1,A,-,08,22107,NA,N,E,I,A,A,H,-,C,D,0,NA,NA,NA,NA,Y,Y,-,99,0,2,0,0,0,0,0,0,0,-,-,33.892520904541016,-117.56844329833984,RIVERSIDE,CORONA,-117.56822967529295,33.892086029052734
81360733,2020,2020-12-08,3300,2020-10-11,0918,N4883,002M,7,5,6,3345,0,0,0,NA,0,022,ETIWANDA AV,RYDER RD,12,N,N,A,-,N,NA,NA,NA,NA,NA,NA,NA,NA,NA,Y,4,0,2,2,A,-,12,21453,A,N,D,C,A,A,H,-,A,A,0,NA,NA,NA,NA,Y,NA,A,01,0,0,2,0,0,0,0,0,0,-,-,NA,NA,RIVERSIDE,JURUPA VALLEY,-117.5245361328125,34.00179672241211
8136215,2016,2016-10-06,3313,2016-09-10,1623,1772,C,6,5,7,3313,0,0,0,NA,0,T46,CALIFORNIA AV,MELROSE ST,0,NA,Y,A,-,N,NA,NA,NA,NA,NA,NA,NA,NA,NA,N,4,0,1,2,A,-,09,21801,A,N,D,C,A,A,H,-,A,A,0,NA,NA,NA,NA,Y,NA,A,01,0,0,1,0,0,0,0,0,0,-,-,33.9453,-117.41811,RIVERSIDE,RIVERSIDE,-117.41849004,33.94547002
8136288,2016,2016-10-06,3313,2016-09-04,0553,1815,W,7,5,7,3313,0,0,0,NA,0,A439,CAMPBELL AV,NORWOOD AV,52,W,N,A,-,N,NA,NA,NA,NA,NA,NA,NA,NA,NA,Y,4,0,3,1,A,-,08,22107,NA,N,F,I,A,A,H,-,B,D,0,NA,NA,NA,NA,Y,NA,A,01,0,0,3,0,0,0,0,0,0,-,-,NA,NA,RIVERSIDE,RIVERSIDE,-117.48720153,33.93558404
81362881,2020,2020-12-10,3315,2020-11-28,0910,003152,7C,6,5,6,3315,0,0,0,NA,0,004,SMITH AV,SIXTH ST,341,S,N,A,-,N,NA,NA,NA,NA,NA,NA,NA,NA,NA,Y,4,0,1,2,A,-,01,23152,B,N,A,C,A,A,H,-,A,D,0,NA,NA,NA,NA,Y,Y,A,01,0,0,1,0,0,0,0,0,0,-,-,33.877689361572266,-117.59441375732422,RIVERSIDE,CORONA,-117.59410858154295,33.87751007080078
81363501,2020,2020-12-10,3349,2020-07-06,0917,321,NA,1,5,5,3341,0,0,0,NA,0,002,SCOTT RD,ANTELOPE RD,0,NA,Y,A,-,N,NA,NA,NA,NA,NA,NA,NA,NA,NA,Y,3,0,3,2,A,-,12,21453,A,N,D,C,A,A,H,-,A,A,0,NA,NA,NA,NA,Y,NA,A,01,0,1,2,0,0,0,0,0,0,-,-,NA,NA,RIVERSIDE,MENIFEE,-117.16800689697266,33.64152908325195
81363502,2020,2020-12-10,3349,2020-07-06,1808,330,NA,1,5,5,3341,0,0,0,NA,0,004,NEWPORT RD,HAUN RD,100,E,N,A,-,N,NA,NA,NA,NA,NA,NA,NA,NA,NA,Y,3,0,2,3,A,-,03,22350,NA,N,C,C,A,A,H,-,A,A,0,NA,NA,NA,NA,Y,NA,A,01,0,1,1,0,0,0,0,0,0,-,-,33.6851692199707,-117.17562103271484,RIVERSIDE,MENIFEE,-117.17520904541016,33.68497848510742
81363504,2020,2020-12-10,3349,2020-07-07,0142,321,ME346,2,5,5,3341,0,0,0,NA,0,003,NEWPORT RD,EVANS RD,111,E,N,A,-,N,NA,NA,NA,NA,NA,NA,NA,NA,NA,N,2,0,1,2,A,-,11,21954,A,N,G,B,E,A,H,-,C,A,0,Y,NA,NA,NA,Y,NA,N,60,1,0,0,0,1,0,0,0,0,-,-,33.685089111328125,-117.19731903076172,RIVERSIDE,MENIFEE,-117.19693756103516,33.68505096435547
81363525,2020,2020-12-10,3349,2020-07-18,1234,343,NA,6,5,5,3341,0,0,0,NA,0,004,MURRIETA RD,RIDGEMOOR RD,0,NA,Y,A,-,N,NA,NA,NA,NA,NA,NA,NA,NA,NA,N,3,0,1,3,A,-,12,21453,A,N,D,C,A,A,H,-,A,A,0,NA,NA,NA,NA,Y,NA,A,01,0,1,0,0,0,0,0,0,0,-,-,NA,NA,RIVERSIDE,MENIFEE,-117.20606231689452,33.699729919433594