CASE_ID,ACCIDENT_YEAR,PROC_DATE,JURIS,COLLISION_DATE,COLLISION_TIME,OFFICER_ID,REPORTING_DISTRICT,DAY_OF_WEEK,CHP_SHIFT,POPULATION,CNTY_CITY_LOC,SPECIAL_COND,BEAT_TYPE,CHP_BEAT_TYPE,CITY_DIVISION_LAPD,CHP_BEAT_CLASS,BEAT_NUMBER,PRIMARY_RD,SECONDARY_RD,DISTANCE,DIRECTION,INTERSECTION,WEATHER_1,WEATHER_2,STATE_HWY_IND,CALTRANS_COUNTY,CALTRANS_DISTRICT,STATE_ROUTE,ROUTE_SUFFIX,POSTMILE_PREFIX,POSTMILE,LOCATION_TYPE,RAMP_INTERSECTION,SIDE_OF_HWY,TOW_AWAY,COLLISION_SEVERITY,NUMBER_KILLED,NUMBER_INJURED,PARTY_COUNT,PRIMARY_COLL_FACTOR,PCF_CODE_OF_VIOL,PCF_VIOL_CATEGORY,PCF_VIOLATION,PCF_VIOL_SUBSECTION,HIT_AND_RUN,TYPE_OF_COLLISION,MVIW,PED_ACTION,ROAD_SURFACE,ROAD_COND_1,ROAD_COND_2,LIGHTING,CONTROL_DEVICE,CHP_ROAD_TYPE,PEDESTRIAN_ACCIDENT,BICYCLE_ACCIDENT,MOTORCYCLE_ACCIDENT,TRUCK_ACCIDENT,NOT_PRIVATE_PROPERTY,ALCOHOL_INVOLVED,STWD_VEHTYPE_AT_FAULT,CHP_VEHTYPE_AT_FAULT,COUNT_SEVERE_INJ,COUNT_VISIBLE_INJ,COUNT_COMPLAINT_PAIN,COUNT_PED_KILLED,COUNT_PED_INJURED,COUNT_BICYCLIST_KILLED,COUNT_BICYCLIST_INJURED,COUNT_MC_KILLED,COUNT_MC_INJURED,PRIMARY_RAMP,SECONDARY_RAMP,LATITUDE,LONGITUDE,COUNTY,CITY,POINT_X,POINT_Y
82263666,2023,2023-12-18,3300,2023-12-11,1530,N6297,910M,1,5,5,3335,0,0,0,NA,0,067,DARTOLO RD,MARGARITA RD,30,W,N,A,-,N,NA,NA,NA,NA,NA,NA,NA,NA,NA,N,4,0,1,2,A,-,03,22350,NA,M,C,C,A,A,H,-,A,A,0,NA,NA,NA,NA,Y,NA,A,01,0,0,1,0,0,0,0,0,0,-,-,33.48126983642578,-117.10186767578124,RIVERSIDE,TEMECULA,-117.10204315185548,33.48129653930664
82263876,2023,2023-12-18,3313,2023-10-25,1700,1830,4,3,5,7,3313,0,0,0,NA,0,T41,INDIANA AVE,MADISON ST,0,NA,Y,A,-,N,NA,NA,NA,NA,NA,NA,NA,NA,NA,Y,4,0,1,2,A,-,12,21453,A,M,D,C,A,A,H,-,A,A,0,NA,NA,NA,NA,Y,NA,D,22,0,0,1,0,0,0,0,0,0,-,-,33.93415069580078,-117.40463256835938,RIVERSIDE,RIVERSIDE,-117.40437316894533,33.935203552246094
82263888,2023,2023-12-18,3313,2023-11-17,1430,2133,5,5,5,7,3313,0,0,0,NA,0,T41,COLLETT AVE,STONEWALL DR,0,NA,Y,A,-,N,NA,NA,NA,NA,NA,NA,NA,NA,NA,N,4,0,1,2,A,-,09,21801,A,N,D,C,A,A,H,-,A,D,0,NA,NA,NA,NA,Y,NA,A,08,0,0,1,0,0,0,0,0,0,-,-,33.910301208496094,-117.48561096191406,RIVERSIDE,RIVERSIDE,-117.4858169555664,33.91035461425781
82263891,2023,2023-12-18,3313,2023-11-29,1039,1686,1,3,5,7,3313,0,0,0,NA,0,T58,LIME ST,SIXTH ST,147,N,N,A,-,N,NA,NA,NA,NA,NA,NA,NA,NA,NA,Y,3,0,3,2,A,-,08,22107,NA,N,A,C,A,A,H,-,A,D,0,NA,NA,NA,NA,Y,NA,D,22,0,2,1,0,0,0,0,0,0,-,-,33.98094940185547,-117.3692626953125,RIVERSIDE,RIVERSIDE,-117.36943817138672,33.98263168334961
82264062,2023,2023-12-18,3308,2023-11-26,1329,10899,545,7,5,5,3308,0,0,0,NA,0,SOUTH,JOHNSTON AVE,SANTA TERESA WAY,0,NA,Y,A,-,N,NA,NA,NA,NA,NA,NA,NA,NA,NA,Y,3,0,3,2,A,-,03,22350,NA,N,C,C,A,A,H,-,A,A,0,NA,NA,NA,NA,Y,NA,A,01,0,1,2,0,0,0,0,0,0,-,-,33.73094177246094,-116.98748779296876,RIVERSIDE,HEMET,-116.99081420898438,33.732872009277344
82264181,2023,2023-12-18,3313,2023-10-31,1440,1798,4,2,5,7,3313,0,0,0,NA,0,M23,CENTRAL AVE,CARLO DR,500,W,N,A,-,N,NA,NA,NA,NA,NA,NA,NA,NA,NA,Y,4,0,2,3,A,-,03,22350,NA,N,C,C,A,A,H,-,A,D,0,NA,NA,NA,NA,Y,NA,A,01,0,0,2,0,0,0,0,0,0,-,-,33.952430725097656,-117.4098663330078,RIVERSIDE,RIVERSIDE,-117.41149139404295,33.953399658203125
82266933,2023,2023-12-20,3313,2023-11-26,1205,2136,5,7,5,7,3313,0,0,0,NA,0,1R57,MAGNOLIA AVE,COMMERCIAL CENTER,0,NA,Y,A,-,N,NA,NA,NA,NA,NA,NA,NA,NA,NA,N,2,0,1,2,A,-,11,21955,NA,F,G,B,B,A,H,-,C,A,0,Y,NA,NA,NA,Y,NA,N,60,1,0,0,0,1,0,0,0,0,-,-,33.90821838378906,-117.4673309326172,RIVERSIDE,RIVERSIDE,NA,NA
82267747,2023,2023-12-21,3300,2023-12-16,1105,5212,011A,6,5,4,3344,0,0,0,NA,0,060,BELLEGRAVE AV,HAMNER AVE.,34,E,N,A,-,N,NA,NA,NA,NA,NA,NA,NA,NA,NA,Y,4,0,1,2,C,-,18,NA,NA,N,C,C,A,A,H,-,A,A,0,NA,NA,NA,NA,Y,NA,-,-,0,0,1,0,0,0,0,0,0,-,-,NA,NA,RIVERSIDE,EASTVALE,-117.55835723876952,33.988521575927734
82267759,2023,2023-12-21,3300,2023-12-17,1332,6235,002,7,5,6,3345,0,0,0,NA,0,NA,MISSION BL,PYRITE ST,0,NA,Y,A,-,Y,NA,NA,NA,NA,NA,NA,NA,NA,NA,N,2,0,1,1,A,-,07,21658,A,N,E,I,A,A,H,-,A,A,0,NA,NA,Y,NA,Y,NA,C,03,1,0,0,0,0,0,0,0,1,-,-,34.01179885864258,-117.4623565673828,RIVERSIDE,JURUPA VALLEY,-117.46236419677734,34.011802673339844
82267831,2023,2023-12-21,3311,2023-12-03,750,15950,NA,7,5,4,3311,0,0,0,NA,0,003,RAMON ROAD,AVENIDA CABALLEROS,12,E,N,A,-,N,NA,NA,NA,NA,NA,NA,NA,NA,NA,Y,2,0,2,2,A,-,10,21950,A,N,G,B,B,A,H,-,A,A,0,Y,NA,NA,NA,Y,NA,A,01,1,1,0,0,1,0,0,0,0,-,-,33.815818786621094,-116.5368881225586,RIVERSIDE,PALM SPRINGS,-116.53690338134766,33.81589126586914
82268849,2023,2023-12-22,3311,2023-12-04,1418,15690,NA,1,5,4,3311,0,0,0,NA,0,004,FARRELL DRIVE,SR 111 (VISTA CHINO),0,NA,Y,A,-,Y,RIV,NA,111,NA,T,52.377,H,NA,R,Y,4,0,1,2,A,-,12,21453,A,N,D,C,A,A,H,-,A,A,0,NA,NA,NA,NA,Y,NA,A,01,0,0,1,0,0,0,0,0,0,-,-,33.844940185546875,-116.51953887939452,RIVERSIDE,PALM SPRINGS,-116.51953887939452,33.84489059448242
82273019,2023,2023-12-28,3300,2023-11-27,504,3786,002W,1,5,6,3345,0,0,0,NA,0,026,TRAIL CANYON DR,HUMBER DR,195,S,N,A,-,N,NA,NA,NA,NA,NA,NA,NA,NA,NA,Y,3,0,1,2,A,-,01,23152,A,N,C,E,A,A,H,-,C,D,0,NA,NA,NA,NA,Y,Y,A,01,0,1,0,0,0,0,0,0,0,-,-,33.99195861816406,-117.5312728881836,RIVERSIDE,JURUPA VALLEY,-117.53121948242188,33.99151611328125
82273074,2023,2023-12-28,3300,2023-12-19,1610,4867,601 D,2,5,6,3394,0,0,0,NA,0,MV14,IRONWOOD AVE,CHESAPEAKE RD,83,W,N,B,-,N,NA,NA,NA,NA,NA,NA,NA,NA,NA,Y,4,0,2,2,A,-,09,21802,A,N,C,C,A,A,H,-,B,A,0,NA,NA,NA,NA,Y,NA,A,07,0,0,2,0,0,0,0,0,0,-,-,33.946590423583984,-117.25765991210938,RIVERSIDE,MORENO VALLEY,-117.25799560546876,33.946590423583984
82273080,2023,2023-12-28,3300,2023-12-24,2253,5680,603 C,7,5,6,3394,0,0,0,NA,0,MV36,RIO BRAVO RD,BRODIAEA AVE,13,N,N,B,-,N,NA,NA,NA,NA,NA,NA,NA,NA,NA,N,4,0,2,1,A,-,12,22450,A,N,E,I,A,A,H,-,C,A,0,NA,NA,NA,NA,Y,NA,A,01,0,0,2,0,0,0,0,0,0,-,-,33.94350814819336,-117.21833801269533,RIVERSIDE,MORENO VALLEY,-117.2182388305664,33.9136962890625
82273146,2023,2023-12-28,3300,2023-12-13,824,4872,22H2,3,5,3,3317,0,0,0,NA,0,S22,BOB HOPE DR,COLUMBIA DR,648,S,N,A,-,N,NA,NA,NA,NA,NA,NA,NA,NA,NA,N,4,0,1,2,A,-,10,21950,A,N,G,B,C,A,H,-,A,D,0,Y,NA,NA,NA,Y,NA,A,01,0,0,1,0,1,0,0,0,0,-,-,33.76329040527344,-116.40814208984376,RIVERSIDE,RANCHO MIRAGE,-116.40823364257813,33.76153564453125
82273305,2023,2023-12-28,3342,2023-12-26,2008,P1003,NA,2,5,4,3342,0,0,0,NA,0,004,25560 MADISON AVE,MADISON AVE,450,E,N,A,-,N,NA,NA,NA,NA,NA,NA,NA,NA,NA,N,4,0,1,2,B,-,22,NA,NA,N,B,C,A,A,H,-,C,D,0,NA,NA,NA,NA,Y,NA,A,01,0,0,1,0,0,0,0,0,0,-,-,NA,NA,RIVERSIDE,MURRIETA,NA,NA
82275507,2023,2024-01-01,3342,2023-12-24,1446,P898,277,7,5,4,3342,0,0,0,NA,0,002,MONROE AVE,CALIFORNIA OAKS RD,269,N,N,A,-,N,NA,NA,NA,NA,NA,NA,NA,NA,NA,Y,4,0,1,2,A,-,09,21804,A,N,D,C,A,A,H,-,A,D,0,NA,NA,NA,NA,Y,NA,A,01,0,0,1,0,0,0,0,0,0,-,-,33.568851470947266,-117.20542144775392,RIVERSIDE,MURRIETA,-117.20644378662108,33.569149017333984
82278569,2023,2024-01-04,3300,2023-12-29,804,5212,011A,5,5,4,3344,0,0,0,NA,0,060,CANTU GALLEANO RANCH RD,GOODMAN RD.,0,NA,Y,A,-,N,NA,NA,NA,NA,NA,NA,NA,NA,NA,N,4,0,2,2,A,-,03,22350,NA,N,D,C,A,A,H,-,A,A,0,NA,NA,NA,NA,Y,NA,-,-,0,0,2,0,0,0,0,0,0,-,-,NA,NA,RIVERSIDE,EASTVALE,-117.55474853515624,34.000999450683594
82278612,2023,2024-01-04,3300,2023-11-02,1039,4024,905I,4,5,4,3307,0,0,0,NA,0,095,DEXTER AVE,3RD ST,0,NA,Y,A,-,N,NA,NA,NA,NA,NA,NA,NA,NA,NA,Y,4,0,3,2,A,-,12,22450,A,N,D,C,A,A,H,-,A,A,0,NA,NA,NA,NA,Y,NA,A,01,0,0,3,0,0,0,0,0,0,-,-,33.690120697021484,-117.33364868164063,RIVERSIDE,LAKE ELSINORE,-117.33363342285156,33.69023895263672
82278617,2023,2024-01-04,3300,2023-11-09,1212,4024,905D,4,5,4,3307,0,0,0,NA,0,091,DIAMOND DR,MISSION TRL,0,NA,Y,A,-,N,NA,NA,NA,NA,NA,NA,NA,NA,NA,Y,4,0,4,2,A,-,09,21453,C,N,A,C,A,A,H,-,A,A,0,NA,NA,NA,NA,Y,NA,A,01,0,0,4,0,0,0,0,0,0,-,-,33.66127014160156,-117.30001831054688,RIVERSIDE,LAKE ELSINORE,-117.30027770996094,33.65994644165039
82278648,2023,2024-01-04,3300,2023-11-14,1106,4254,805A,2,5,3,3343,0,0,0,NA,0,085,MISSION TRL,COMO ST,62,S,N,A,-,N,NA,NA,NA,NA,NA,NA,NA,NA,NA,Y,3,0,1,2,A,-,03,22350,NA,N,C,C,A,A,H,-,A,D,0,NA,NA,NA,NA,Y,NA,D,22,0,1,0,0,0,0,0,0,0,-,-,33.61753845214844,-117.28997039794922,RIVERSIDE,WILDOMAR,-117.28982543945313,33.617530822753906
82278710,2023,2024-01-04,3306,2023-12-20,1527,783,NA,3,5,3,3306,0,0,0,NA,0,NA,PALM DR,HACIENDA AVE,500,S,N,A,-,N,NA,NA,NA,NA,NA,NA,NA,NA,NA,N,3,0,1,2,A,-,03,22350,NA,N,C,C,A,A,H,-,A,A,0,NA,NA,NA,NA,Y,NA,A,01,0,1,0,0,0,0,0,0,0,-,-,33.954158782958984,-116.50132751464844,RIVERSIDE,DESERT HOT SPRINGS,-116.50131225585938,33.952781677246094
82279867,2023,2024-01-05,3300,2023-12-08,441,5347,916B,5,5,4,3312,0,0,0,NA,0,032,NUEVO RD,EVANS RD,0,NA,Y,A,-,N,NA,NA,NA,NA,NA,NA,NA,NA,NA,Y,4,0,1,2,A,-,09,21453,C,N,A,C,A,A,H,-,C,A,0,NA,NA,NA,NA,Y,NA,A,01,0,0,1,0,0,0,0,0,0,-,-,33.801170349121094,-117.20004272460938,RIVERSIDE,PERRIS,-117.19988250732422,33.80115509033203
82279953,2023,2024-01-08,3300,2023-09-28,1542,3774,604 A,4,5,6,3394,0,0,0,NA,0,MV42,LASSELLE ST,ALESSANDRO BLVD,0,NA,Y,A,-,N,NA,NA,NA,NA,NA,NA,NA,NA,NA,N,3,0,1,2,A,-,11,21950,B,N,G,B,B,A,H,-,A,A,0,Y,NA,NA,NA,Y,NA,N,60,0,1,0,0,1,0,0,0,0,-,-,33.94718933105469,-117.22640228271484,RIVERSIDE,MORENO VALLEY,-117.20893096923828,33.9173469543457
82282289,2024,2024-01-09,3300,2024-01-01,2033,5680,603 D,1,5,6,3394,0,0,0,NA,0,MV38,LASSELLE ST,KRAMERIA AVE,35,S,N,A,-,N,NA,NA,NA,NA,NA,NA,NA,NA,NA,N,4,0,2,2,A,-,09,21453,B,N,B,C,A,A,H,-,C,A,0,NA,NA,NA,NA,Y,NA,A,01,0,0,2,0,0,0,0,0,0,-,-,33.882240295410156,-117.20794677734376,RIVERSIDE,MORENO VALLEY,-117.20757293701172,33.88222885131836
82284359,2023,2024-01-11,3300,2023-10-30,814,4972,011M,1,5,4,3344,0,0,0,NA,0,063,HUMMINGBIRD CI,SONG SPARROW RD,0,NA,Y,A,-,N,NA,NA,NA,NA,NA,NA,NA,NA,NA,N,3,0,1,2,C,-,18,NA,NA,N,G,B,D,A,H,-,A,D,0,Y,NA,NA,NA,Y,NA,-,-,0,1,0,0,1,0,0,0,0,-,-,33.963531494140625,-117.58133697509766,RIVERSIDE,EASTVALE,-117.58170318603516,33.963687896728516
82284567,2023,2024-01-11,3349,2023-11-12,1724,466,ME450,7,5,5,3341,0,0,0,NA,0,004,HAUN RD,HOLLAND RD,27,E,N,A,-,N,NA,NA,NA,NA,NA,NA,NA,NA,NA,N,4,0,1,2,A,-,03,22350,NA,F,C,C,A,A,H,-,B,A,0,NA,NA,NA,NA,Y,NA,A,01,0,0,1,0,0,0,0,0,0,-,-,NA,NA,RIVERSIDE,MENIFEE,-117.17568206787108,33.6704216003418
82284569,2023,2024-01-11,3349,2023-12-02,1715,466,NA,6,5,5,3341,0,0,0,NA,0,001,SHERMAN AVE,WATSON ROAD,0,NA,Y,A,-,N,NA,NA,NA,NA,NA,NA,NA,NA,NA,N,2,0,1,2,A,-,10,21950,A,N,G,B,B,A,H,-,D,A,0,Y,NA,NA,NA,Y,NA,D,22,1,0,0,0,1,0,0,0,0,-,-,NA,NA,RIVERSIDE,MENIFEE,-117.1804428100586,33.75029754638672
82289752,2024,2024-01-18,3300,2024-01-10,1149,N6764,NA,3,5,3,3317,0,0,0,NA,0,S20,HWY 111,BOB HOPE DR,15,N,N,A,-,N,NA,NA,NA,NA,NA,NA,NA,NA,NA,Y,3,0,1,3,A,-,03,22350,NA,N,C,C,A,A,H,-,A,A,0,NA,NA,NA,NA,Y,NA,A,01,0,1,0,0,0,0,0,0,0,-,-,33.73733901977539,-116.4091567993164,RIVERSIDE,RANCHO MIRAGE,-116.40918731689452,33.737483978271484
82292618,2024,2024-01-22,3308,2024-01-03,1358,10379,NA,3,5,5,3308,0,0,0,NA,0,NORTH,STATE ST,DEVONSHIRE AVE,71,N,N,B,-,N,NA,NA,NA,NA,NA,NA,NA,NA,NA,N,4,0,1,3,A,-,03,22350,NA,N,C,C,A,A,H,-,A,A,0,NA,NA,NA,NA,Y,NA,A,01,0,0,1,0,0,0,0,0,0,-,-,33.749080657958984,-116.96826171875,RIVERSIDE,HEMET,-116.9717025756836,33.7513542175293
82293023,2024,2024-01-22,3313,2024-01-01,1839,2095,NA,1,5,7,3313,0,0,0,NA,0,T43,ARLINGTON AVE,HAROLD ST,0,NA,Y,A,-,N,NA,NA,NA,NA,NA,NA,NA,NA,NA,Y,4,0,2,2,A,-,09,21802,A,N,D,C,A,A,H,-,C,A,0,NA,NA,NA,NA,Y,NA,A,01,0,0,2,0,0,0,0,0,0,-,-,33.94546890258789,-117.45632934570313,RIVERSIDE,RIVERSIDE,-117.45622253417967,33.9459228515625
82294215,2024,2024-01-23,3306,2024-01-19,1627,2877,NA,5,5,3,3306,0,0,0,NA,0,NA,8TH ST,MESQUITE AVE,0,NA,Y,A,-,N,NA,NA,NA,NA,NA,NA,NA,NA,NA,Y,4,0,3,3,A,-,09,21801,A,N,A,C,A,A,H,-,A,A,0,NA,NA,NA,NA,Y,NA,A,01,0,0,3,0,0,0,0,0,0,-,-,33.96873092651367,-116.49697113037108,RIVERSIDE,DESERT HOT SPRINGS,-116.49703216552734,33.968727111816406
82295413,2023,2024-01-24,3300,2023-08-27,227,6046,NA,7,5,6,3345,0,0,0,NA,0,016,MISSION BL,RUBIDOUX BL,200,E,N,A,-,N,NA,NA,NA,NA,NA,NA,NA,NA,NA,Y,4,0,1,1,D,-,00,NA,NA,N,E,I,A,A,H,-,C,D,0,NA,NA,NA,NA,Y,NA,-,-,0,0,1,0,0,0,0,0,0,-,-,33.99721908569336,-117.40730285644533,RIVERSIDE,JURUPA VALLEY,-117.40664672851563,33.99677658081055
82296471,2023,2024-01-25,3300,2023-11-28,1702,6318,NA,2,5,3,3343,0,0,0,NA,0,086,BUNDY CANYON RD,ANGELS LANE,0,NA,Y,A,-,N,NA,NA,NA,NA,NA,NA,NA,NA,NA,Y,4,0,2,2,A,-,01,23152,C,N,B,C,A,A,H,-,C,D,0,NA,NA,NA,NA,Y,NA,A,01,0,0,2,0,0,0,0,0,0,-,-,NA,NA,RIVERSIDE,WILDOMAR,-117.27687072753906,33.62689971923828
82296505,2024,2024-02-07,3300,2024-01-23,817,4456,602 D,2,5,6,3394,0,0,0,NA,0,MV26,HEACOCK ST,ALESSANDRO BLVD,0,NA,Y,B,-,N,NA,NA,NA,NA,NA,NA,NA,NA,NA,N,3,0,1,2,A,-,12,21453,A,N,D,G,A,B,H,-,A,A,0,NA,Y,NA,NA,Y,Y,L,04,0,1,0,0,0,0,1,0,0,-,-,33.917259216308594,-117.24373626708984,RIVERSIDE,MORENO VALLEY,-117.24373626708984,33.91718292236328
82297619,2024,2024-01-26,3342,2024-01-25,910,P1199,NA,4,5,4,3342,0,0,0,NA,0,002,HANCOCK AVE,LOS ALAMOS RD,0,NA,Y,A,-,N,NA,NA,NA,NA,NA,NA,NA,NA,NA,N,4,0,1,3,A,-,07,21658,A,N,C,C,A,A,H,-,A,A,0,NA,NA,Y,NA,Y,NA,C,06,0,0,1,0,0,0,0,0,1,-,-,33.56996154785156,-117.18422698974608,RIVERSIDE,MURRIETA,-117.18422698974608,33.5705680847168
82298527,2024,2024-01-29,3308,2024-01-04,810,10610,NA,4,5,5,3308,0,0,0,NA,0,SOUTH,FLORIDA AVE,SANTA FE ST,0,NA,Y,A,-,Y,NA,NA,NA,NA,NA,NA,NA,NA,NA,Y,3,0,2,2,A,-,12,21453,A,N,D,C,A,A,D,-,A,A,0,NA,NA,NA,NA,Y,NA,A,01,0,2,0,0,0,0,0,0,0,-,-,NA,NA,RIVERSIDE,HEMET,-116.96299743652344,33.747589111328125
82298998,2023,2024-01-29,3300,2023-12-26,608,4695,NA,2,5,6,3394,0,0,0,NA,0,MV28,PERRIS BLVD,BAY AVE,47,S,N,A,-,N,NA,NA,NA,NA,NA,NA,NA,NA,NA,Y,3,0,2,3,A,-,03,22350,NA,F,C,C,A,A,H,-,C,A,0,NA,NA,NA,NA,Y,NA,A,01,0,1,1,0,0,0,0,0,0,-,-,33.950809478759766,-117.22641754150392,RIVERSIDE,MORENO VALLEY,-117.22640991210938,33.920780181884766
82302462,2024,2024-02-01,3300,2024-01-12,1059,4300,NA,5,5,4,3314,0,0,0,NA,0,074,SAN JACINTO AVE,SHAVER ST,0,NA,Y,A,-,N,NA,NA,NA,NA,NA,NA,NA,NA,NA,N,4,0,1,2,A,-,09,21802,B,M,A,C,A,A,H,-,A,A,0,NA,NA,NA,NA,Y,NA,A,01,0,0,1,0,0,0,0,0,0,-,-,33.77779006958008,-116.95889282226563,RIVERSIDE,SAN JACINTO,-116.95883941650392,33.77773666381836
82304556,2023,2024-02-05,3313,2023-12-11,2246,2136,5,1,5,7,3313,0,0,0,NA,0,1R57,MAGNOLIA AVE,HUGHES ALY,42,E,N,A,-,N,NA,NA,NA,NA,NA,NA,NA,NA,NA,N,3,0,1,2,A,-,03,22350,NA,N,C,C,A,A,H,-,C,A,0,NA,NA,NA,NA,Y,NA,A,01,0,1,0,0,0,0,0,0,0,-,-,33.91413116455078,-117.4579620361328,RIVERSIDE,RIVERSIDE,-117.45755004882813,33.91399383544922
82304971,2024,2024-02-05,3300,2024-01-28,1551,6236,420,7,5,2,3336,0,0,0,NA,0,020,SINGLETON RD,LARIAT ROAD,0,NA,Y,A,-,N,NA,NA,NA,NA,NA,NA,NA,NA,NA,Y,4,0,1,2,A,-,03,22350,NA,N,C,C,A,A,H,-,A,A,0,NA,NA,NA,NA,Y,NA,A,01,0,0,1,0,0,0,0,0,0,-,-,NA,NA,RIVERSIDE,CALIMESA,-117.03526306152344,33.99217224121094
82306368,2024,2024-02-06,3349,2024-01-26,530,327,NA,5,5,5,3341,0,0,0,NA,0,001,MCCALL BLVD,ENCANTO DR,0,NA,Y,E,-,N,NA,NA,NA,NA,NA,NA,NA,NA,NA,Y,4,0,1,3,A,-,12,21453,A,N,D,C,A,B,H,-,C,A,0,NA,NA,NA,NA,Y,NA,A,01,0,0,1,0,0,0,0,0,0,-,-,33.714988708496094,-117.18594360351563,RIVERSIDE,MENIFEE,-117.18598175048828,33.71510696411133
82307550,2024,2024-02-07,3311,2024-01-11,756,16128,NA,4,5,4,3311,0,0,0,NA,0,006,RAMON ROAD,SAN LUIS REY DRIVE,0,NA,Y,A,-,N,NA,NA,NA,NA,NA,NA,NA,NA,NA,Y,4,0,1,2,A,-,03,22350,NA,N,D,C,A,A,H,-,A,A,0,NA,NA,NA,NA,Y,NA,A,07,0,0,1,0,0,0,0,0,0,-,-,33.81586837768555,-116.48854064941406,RIVERSIDE,PALM SPRINGS,-116.48851013183594,33.815773010253906
82307624,2024,2024-02-07,3315,2024-01-23,2217,005134,2A,2,5,6,3315,0,0,0,NA,0,002,MAIN ST,PARKRIDGE AV,246,N,N,A,-,N,NA,NA,NA,NA,NA,NA,NA,NA,NA,Y,4,0,1,3,A,-,07,21658,A,N,B,C,A,A,H,-,C,A,0,NA,NA,NA,NA,Y,NA,A,01,0,0,1,0,0,0,0,0,0,-,-,33.89208984375,-117.56340789794922,RIVERSIDE,CORONA,-117.56356048583984,33.89374923706055
82308486,2023,2024-02-08,3300,2023-12-12,1147,4060,NA,2,5,6,3394,0,0,0,NA,0,MV32,HEACOCK ST,BRODIAEA AVE,0,NA,Y,A,-,N,NA,NA,NA,NA,NA,NA,NA,NA,NA,Y,4,0,2,2,A,-,12,21453,A,F,D,C,A,A,H,-,A,A,0,NA,NA,NA,NA,Y,NA,A,01,0,0,2,0,0,0,0,0,0,-,-,33.913631439208984,-117.24376678466795,RIVERSIDE,MORENO VALLEY,-117.24362182617188,33.91362762451172
82308528,2024,2024-02-08,3311,2024-01-20,2209,16436,NA,6,5,4,3311,0,0,0,NA,0,006,RAMON ROAD,CALLE SANTA CRUZ,26,W,N,A,-,N,NA,NA,NA,NA,NA,NA,NA,NA,NA,Y,4,0,1,2,A,-,01,23152,A,N,C,C,A,A,H,-,C,D,0,NA,NA,NA,NA,Y,Y,A,07,0,0,1,0,0,0,0,0,0,-,-,33.815521240234375,-116.50005340576172,RIVERSIDE,PALM SPRINGS,-116.49968719482422,33.81584930419922
82308658,2024,2024-02-08,3349,2024-01-15,1822,466,ME340,1,5,5,3341,0,0,0,NA,0,003,MENIFEE RD,SCOTT RD,25,E,N,A,-,N,NA,NA,NA,NA,NA,NA,NA,NA,NA,N,4,0,2,2,A,-,08,22107,NA,N,B,C,A,A,H,-,C,A,0,NA,NA,NA,NA,Y,NA,D,22,0,0,2,0,0,0,0,0,0,-,-,NA,NA,RIVERSIDE,MENIFEE,-117.15402221679688,33.641448974609375
82309696,2024,2024-02-09,3300,2024-01-04,1440,5771,NA,4,5,6,3345,0,0,0,NA,0,012,VALLEY WY,36TH ST,0,NA,Y,A,-,N,NA,NA,NA,NA,NA,NA,NA,NA,NA,Y,4,0,1,3,A,-,03,22350,NA,N,D,C,A,A,H,-,A,D,0,NA,NA,Y,NA,Y,NA,C,02,0,0,1,0,0,0,0,0,1,-,-,34.01293182373047,-117.43134307861328,RIVERSIDE,JURUPA VALLEY,-117.43135833740234,34.013240814208984
82309698,2024,2024-02-09,3300,2024-01-30,1432,5771,NA,2,5,6,3345,0,0,0,NA,0,022,VAN BUREN BL,ETIWANDA AV,0,NA,Y,A,-,N,NA,NA,NA,NA,NA,NA,NA,NA,NA,Y,2,0,1,2,A,-,12,21453,A,N,D,C,A,A,H,-,A,B,0,NA,NA,NA,Y,Y,NA,G,26,1,0,0,0,0,0,0,0,0,-,-,34.01654815673828,-117.52420806884766,RIVERSIDE,JURUPA VALLEY,-117.52451324462892,34.01646423339844
82311060,2024,2024-02-12,3313,2024-01-30,1956,1499,2,2,5,7,3313,0,0,0,NA,0,M34,WOOD RD,MARIPOSA AVE,17,S,N,A,-,N,NA,NA,NA,NA,NA,NA,NA,NA,NA,Y,4,0,1,2,A,-,12,22450,A,N,D,C,A,A,H,-,C,A,0,NA,NA,NA,NA,Y,NA,A,01,0,0,1,0,0,0,0,0,0,-,-,NA,NA,RIVERSIDE,RIVERSIDE,-117.33135223388672,33.87267303466797
82314587,2023,2024-02-15,3313,2023-12-01,2343,2040,1,5,5,7,3313,0,0,0,NA,0,1R13,PINE ST,UNIVERSITY AVE,0,NA,Y,A,-,N,NA,NA,NA,NA,NA,NA,NA,NA,NA,Y,2,0,2,1,A,-,00,23103,NA,N,E,I,A,A,H,-,C,A,0,NA,NA,NA,NA,Y,NA,A,01,1,1,0,0,0,0,0,0,0,-,-,33.984458923339844,-117.38217926025392,RIVERSIDE,RIVERSIDE,-117.38265228271484,33.98569107055664
82316487,2024,2024-02-19,3311,2024-01-14,2036,16442,NA,7,5,4,3311,0,0,0,NA,0,001,PALM CANYON DRIVE N,W STEVENS RD,238,N,N,A,-,N,NA,NA,NA,NA,NA,NA,NA,NA,NA,Y,3,0,1,5,A,-,07,21658,A,N,C,E,A,A,H,-,C,D,0,NA,NA,NA,NA,Y,NA,A,01,0,1,0,0,0,0,0,0,0,-,-,33.84272003173828,-116.54702758789063,RIVERSIDE,PALM SPRINGS,-116.54676818847656,33.843650817871094