CASE_ID,ACCIDENT_YEAR,PROC_DATE,JURIS,COLLISION_DATE,COLLISION_TIME,OFFICER_ID,REPORTING_DISTRICT,DAY_OF_WEEK,CHP_SHIFT,POPULATION,CNTY_CITY_LOC,SPECIAL_COND,BEAT_TYPE,CHP_BEAT_TYPE,CITY_DIVISION_LAPD,CHP_BEAT_CLASS,BEAT_NUMBER,PRIMARY_RD,SECONDARY_RD,DISTANCE,DIRECTION,INTERSECTION,WEATHER_1,WEATHER_2,STATE_HWY_IND,CALTRANS_COUNTY,CALTRANS_DISTRICT,STATE_ROUTE,ROUTE_SUFFIX,POSTMILE_PREFIX,POSTMILE,LOCATION_TYPE,RAMP_INTERSECTION,SIDE_OF_HWY,TOW_AWAY,COLLISION_SEVERITY,NUMBER_KILLED,NUMBER_INJURED,PARTY_COUNT,PRIMARY_COLL_FACTOR,PCF_CODE_OF_VIOL,PCF_VIOL_CATEGORY,PCF_VIOLATION,PCF_VIOL_SUBSECTION,HIT_AND_RUN,TYPE_OF_COLLISION,MVIW,PED_ACTION,ROAD_SURFACE,ROAD_COND_1,ROAD_COND_2,LIGHTING,CONTROL_DEVICE,CHP_ROAD_TYPE,PEDESTRIAN_ACCIDENT,BICYCLE_ACCIDENT,MOTORCYCLE_ACCIDENT,TRUCK_ACCIDENT,NOT_PRIVATE_PROPERTY,ALCOHOL_INVOLVED,STWD_VEHTYPE_AT_FAULT,CHP_VEHTYPE_AT_FAULT,COUNT_SEVERE_INJ,COUNT_VISIBLE_INJ,COUNT_COMPLAINT_PAIN,COUNT_PED_KILLED,COUNT_PED_INJURED,COUNT_BICYCLIST_KILLED,COUNT_BICYCLIST_INJURED,COUNT_MC_KILLED,COUNT_MC_INJURED,PRIMARY_RAMP,SECONDARY_RAMP,LATITUDE,LONGITUDE,COUNTY,CITY,POINT_X,POINT_Y
8434084,2018,2018-12-12,3313,2018-11-21,1154,1907,4,3,5,7,3313,0,0,0,NA,0,T72,COLORADO AV,COLORADO AV 9190,9,N,N,A,-,N,NA,NA,NA,NA,NA,NA,NA,NA,NA,Y,4,0,1,2,A,-,03,22350,A,N,C,C,A,A,H,-,A,D,0,NA,NA,NA,NA,Y,NA,A,01,0,0,1,0,0,0,0,0,0,-,-,NA,NA,RIVERSIDE,RIVERSIDE,NA,NA
8434382,2019,2019-05-14,3313,2019-03-22,0745,1914,3313,5,5,7,3313,0,0,0,NA,0,2R17,14TH ST,MULBERRY ST,0,NA,Y,A,-,N,NA,NA,NA,NA,NA,NA,NA,NA,NA,NA,3,0,1,2,A,-,12,21453,A,N,D,C,A,A,H,-,A,A,0,NA,NA,NA,NA,Y,NA,A,01,0,1,0,0,0,0,0,0,0,-,-,NA,NA,RIVERSIDE,RIVERSIDE,-117.37371063232422,33.97397994995117
8435105,2017,2017-08-29,3300,2017-07-19,1200,3216,002U,3,5,6,3345,0,0,0,NA,0,024,VAN BUREN BL,CLAY ST,29,N,N,A,-,N,NA,NA,NA,NA,NA,NA,NA,NA,NA,N,3,0,3,2,A,-,03,22350,NA,N,C,C,A,A,H,-,A,A,0,NA,NA,NA,NA,Y,NA,A,07,0,1,2,0,0,0,0,0,0,-,-,33.96732,-117.46681,RIVERSIDE,JURUPA VALLEY,-117.46667805,33.96720864
8435304,2017,2017-08-24,3300,2017-08-03,1757,3747,001G,4,5,6,3345,0,0,0,NA,0,014,RUBIDOUX BL,34TH ST,410,N,N,A,-,N,NA,NA,NA,NA,NA,NA,NA,NA,NA,N,4,0,1,2,A,-,08,22107,NA,N,B,C,A,A,H,-,A,D,0,NA,NA,NA,NA,Y,NA,A,01,0,0,1,0,0,0,0,0,0,-,-,34.00076,-117.4041,RIVERSIDE,JURUPA VALLEY,-117.40308338,34.00172088
84356430,2024,2024-08-16,3300,2024-08-09,648,N8226,NA,5,5,6,3345,0,0,0,NA,0,024,LIMONITE AV,CLAY ST,0,NA,Y,A,-,N,NA,NA,NA,NA,NA,NA,NA,NA,NA,Y,3,0,1,2,A,-,12,21453,A,N,D,C,A,A,H,-,A,A,0,NA,NA,NA,NA,Y,NA,A,01,0,1,0,0,0,0,0,0,0,-,-,33.97726821899414,-117.46251678466795,RIVERSIDE,JURUPA VALLEY,-117.4625244140625,33.977359771728516
84359321,2024,2024-08-19,3313,2024-07-24,1725,1830,NA,3,5,7,3313,0,0,0,NA,0,T41,ARLINGTON AVE,ADAMS ST,140,W,N,A,-,N,NA,NA,NA,NA,NA,NA,NA,NA,NA,N,4,0,1,2,A,-,03,22350,NA,M,C,C,A,A,H,-,A,A,0,NA,NA,NA,NA,Y,NA,A,01,0,0,1,0,0,0,0,0,0,-,-,33.9451789855957,-117.43498992919922,RIVERSIDE,RIVERSIDE,-117.43508911132813,33.94594192504883
84360980,2024,2024-08-20,3300,2024-08-12,742,6447,NA,1,5,7,3313,0,0,0,NA,0,031,RAMONA EXPRESSWAY,REDLANDS AV,454,W,N,A,-,N,NA,NA,NA,NA,NA,NA,NA,NA,NA,N,4,0,3,3,A,-,03,22350,NA,N,C,C,A,A,H,-,A,A,0,NA,NA,NA,NA,Y,NA,A,07,0,0,3,0,0,0,0,0,0,-,-,33.84437942504883,-117.21614837646484,RIVERSIDE,RIVERSIDE,-117.21839141845705,33.84450149536133
84360985,2024,2024-08-20,3300,2024-08-13,1951,5199,NA,2,5,5,3335,0,0,0,NA,0,062,RANCHO CALIFORNIA RD,HOPE WY,310,E,N,A,-,N,NA,NA,NA,NA,NA,NA,NA,NA,NA,Y,3,0,1,1,A,-,03,22350,NA,N,E,I,A,A,H,-,C,D,0,NA,NA,Y,NA,Y,NA,C,02,0,1,0,0,0,0,0,0,1,-,-,33.50455856323242,-117.14588928222656,RIVERSIDE,TEMECULA,-117.1452178955078,33.50499725341797
84362906,2024,2024-08-21,3300,2024-08-18,1410,N4544,NA,7,5,6,3345,0,0,0,NA,0,022,MISSION BL,WINEVILLE RD,0,NA,Y,A,-,N,NA,NA,NA,NA,NA,NA,NA,NA,NA,Y,3,0,1,1,A,-,03,22350,NA,N,E,I,A,A,H,-,A,A,0,NA,NA,NA,NA,Y,NA,D,22,0,1,0,0,0,0,0,0,0,-,-,34.02473831176758,-117.54135894775392,RIVERSIDE,JURUPA VALLEY,-117.54184722900392,34.02475357055664
84366865,2024,2024-08-23,3311,2024-03-03,531,16409,NA,7,5,4,3311,0,0,0,NA,0,006,RAMON ROAD,EL CIELO ROAD,0,NA,Y,A,-,N,NA,NA,NA,NA,NA,NA,NA,NA,NA,Y,3,0,1,2,A,-,12,21453,A,N,D,C,A,A,D,-,B,A,0,NA,NA,NA,NA,Y,NA,A,07,0,1,0,0,0,0,0,0,0,-,-,33.815940856933594,-116.51065063476563,RIVERSIDE,PALM SPRINGS,-116.50180816650392,33.815860748291016
84366888,2024,2024-08-23,3311,2024-03-21,1044,16403,NA,4,5,4,3311,0,0,0,NA,0,006,RAMON ROAD,SAN LUIS REY DRIVE,94,W,N,A,-,N,NA,NA,NA,NA,NA,NA,NA,NA,NA,Y,4,0,1,2,A,-,04,21703,NA,N,C,C,A,A,H,-,A,D,0,NA,NA,NA,NA,Y,NA,D,22,0,0,1,0,0,0,0,0,0,-,-,33.81547927856445,-116.48899841308594,RIVERSIDE,PALM SPRINGS,-116.4888153076172,33.815765380859375
84366928,2024,2025-02-10,3311,2024-04-06,743,16552,NA,6,5,4,3311,0,0,0,NA,0,004,VISTA CHINO,CLUBHOUSE VIEW,1626,E,N,A,-,N,NA,NA,NA,NA,NA,NA,NA,NA,NA,N,2,0,1,2,A,-,11,21954,A,N,G,B,E,A,H,-,A,D,0,Y,NA,NA,NA,Y,NA,N,60,1,0,0,0,1,0,0,0,0,-,-,33.844871520996094,-116.5022201538086,RIVERSIDE,PALM SPRINGS,-116.49672698974608,33.84492874145508
84366949,2024,2024-08-23,3311,2024-04-18,933,15690,NA,4,5,4,3311,0,0,0,NA,0,006,SUNRISE WAY,MESQUITE AVENUE,33,S,N,A,-,N,NA,NA,NA,NA,NA,NA,NA,NA,NA,Y,3,0,2,2,A,-,08,22100,A,N,D,C,A,A,H,-,A,A,0,NA,NA,NA,NA,Y,NA,A,01,0,1,1,0,0,0,0,0,0,-,-,33.80870056152344,-116.52822875976563,RIVERSIDE,PALM SPRINGS,-116.52822113037108,33.80855941772461
84366970,2024,2024-08-23,3311,2024-05-02,815,16168,NA,4,5,4,3311,0,0,0,NA,0,NA,SUNRISE WAY,SR 111 (VISTA CHINO),0,NA,Y,A,-,Y,RIV,NA,111,NA,T,52.879,H,NA,R,N,3,0,1,2,A,-,11,21954,A,N,G,B,B,A,H,-,A,A,0,Y,NA,NA,NA,Y,NA,N,60,0,1,0,0,1,0,0,0,0,-,-,33.845069885253906,-116.52818298339844,RIVERSIDE,PALM SPRINGS,-116.52825164794922,33.84487533569336
84366990,2024,2024-08-23,3311,2024-05-17,2237,16144,NA,5,5,4,3311,0,0,0,NA,0,BIK,INDIAN CANYON DRIVE N,TAHQUITZ CANYON WAY,0,NA,Y,A,-,N,NA,NA,NA,NA,NA,NA,NA,NA,NA,Y,2,0,1,2,A,-,01,23153,A,F,D,C,A,A,H,-,D,A,0,NA,NA,Y,NA,Y,Y,A,01,1,0,0,0,0,0,0,0,1,-,-,33.82297134399414,-116.54566192626952,RIVERSIDE,PALM SPRINGS,-116.54557037353516,33.82307815551758
84367012,2024,2024-08-23,3311,2024-06-03,1641,16505,NA,1,5,4,3311,0,0,0,NA,0,004,FARRELL DRIVE,ALEJO ROAD,0,NA,Y,A,-,N,NA,NA,NA,NA,NA,NA,NA,NA,NA,Y,4,0,1,2,A,-,12,21453,A,N,D,C,A,A,H,-,A,A,0,NA,NA,NA,NA,Y,NA,D,22,0,0,1,0,0,0,0,0,0,-,-,33.83041000366211,-116.51824951171876,RIVERSIDE,PALM SPRINGS,-116.51824188232422,33.830379486083984
84367039,2024,2024-08-23,3311,2024-06-27,1012,16168,NA,4,5,4,3311,0,0,0,NA,0,001,SR 111 (PALM CANYON DRIVE N),YORBA ROAD,0,NA,Y,A,-,Y,RIV,NA,111,NA,NA,54.769,H,NA,R,Y,4,0,1,2,A,-,03,22350,NA,N,D,C,A,A,H,-,A,D,0,NA,NA,NA,NA,Y,NA,A,01,0,0,1,0,0,0,0,0,0,-,-,33.85622024536133,-116.55538940429688,RIVERSIDE,PALM SPRINGS,-116.55538940429688,33.85622024536133
84367040,2024,2024-08-23,3311,2024-06-28,722,16128,NA,5,5,4,3311,0,0,0,NA,0,001,PALM CANYON DRIVE N,STEVENS ROAD,14,N,N,A,-,N,NA,NA,NA,NA,NA,NA,NA,NA,NA,Y,4,0,1,2,A,-,08,22107,NA,N,B,C,A,A,H,-,A,D,0,NA,NA,NA,NA,Y,NA,A,01,0,0,1,0,0,0,0,0,0,-,-,33.84299087524414,-116.54685974121094,RIVERSIDE,PALM SPRINGS,-116.54676818847656,33.84303665161133
84367047,2024,2024-08-23,3311,2024-07-03,1023,16168,NA,3,5,4,3311,0,0,0,NA,0,006,VISTA CHINO,SR 111 (GENE AUTRY TRAIL),63,E,N,A,-,N,NA,NA,NA,NA,NA,NA,NA,NA,NA,N,4,0,1,2,A,-,17,22111,C,N,C,G,A,A,H,-,A,D,0,NA,Y,NA,NA,Y,NA,L,04,0,0,1,0,0,0,1,0,0,-,-,33.8449592590332,-116.5058135986328,RIVERSIDE,PALM SPRINGS,-116.54655456542967,33.8448600769043
84370390,2024,2024-08-27,3300,2024-08-22,1921,5779,NA,4,5,6,3394,0,0,0,NA,0,MV22,COURAGE ST,BAY AVE,153,S,N,A,-,N,NA,NA,NA,NA,NA,NA,NA,NA,NA,N,3,0,1,2,A,-,09,21801,A,F,D,C,A,A,H,-,B,D,0,NA,NA,NA,NA,Y,NA,A,01,0,1,0,0,0,0,0,0,0,-,-,33.91997146606445,-117.26506805419922,RIVERSIDE,MORENO VALLEY,-117.2650909423828,33.919559478759766
84370507,2024,2024-08-27,3300,2024-08-19,1640,5059,NA,1,5,3,3392,0,0,0,NA,0,LA41,HWY 111,ADAMS ST,0,NA,Y,A,-,N,NA,NA,NA,NA,NA,NA,NA,NA,NA,N,3,0,1,2,A,-,11,21950,B,N,D,G,A,A,H,-,A,A,0,NA,Y,NA,NA,Y,NA,L,04,0,1,0,0,0,0,1,0,0,-,-,33.70820999145508,-116.28616333007813,RIVERSIDE,LA QUINTA,-116.28619384765624,33.708412170410156
84376072,2024,2024-08-30,3300,2024-08-27,754,3552,NA,2,5,4,3312,0,0,0,NA,0,035,4TH ST,F ST,171,W,N,A,-,N,NA,NA,NA,NA,NA,NA,NA,NA,NA,Y,4,0,1,2,A,-,09,21801,A,N,D,C,A,A,A,-,A,D,0,NA,NA,NA,NA,Y,NA,A,07,0,0,1,0,0,0,0,0,0,-,-,33.782310485839844,-117.223876953125,RIVERSIDE,PERRIS,-117.22447967529295,33.782379150390625
84376183,2024,2024-08-30,3300,2024-08-28,1150,N5073,NA,3,5,4,3318,0,0,0,NA,0,T38,MONTEREY AVE,COUNTRY CLUB DR,74,N,N,A,-,N,NA,NA,NA,NA,NA,NA,NA,NA,NA,Y,4,0,1,2,A,-,03,22350,NA,N,C,C,A,A,H,-,A,A,0,NA,NA,NA,NA,Y,NA,A,01,0,0,1,0,0,0,0,0,0,-,-,33.7578010559082,-116.39111328125,RIVERSIDE,PALM DESERT,-116.39126586914063,33.75800323486328
84376357,2024,2024-08-30,3349,2024-08-14,1720,682,NA,3,5,5,3341,0,0,0,NA,0,003,NEWPORT RD,WESTLINK DR,19,E,N,A,-,N,NA,NA,NA,NA,NA,NA,NA,NA,NA,N,3,0,1,2,A,-,03,22350,NA,N,C,C,A,A,H,-,A,A,0,NA,NA,NA,NA,Y,NA,A,07,0,1,0,0,0,0,0,0,0,-,-,NA,NA,RIVERSIDE,MENIFEE,-117.16282653808594,33.68510055541992
8437997,2017,2017-08-25,3300,2017-07-16,0127,3775,601E5,7,5,6,3394,0,0,0,NA,0,MV16,IRONWOOD DR,PERRIS BL,45,E,N,A,-,N,NA,NA,NA,NA,NA,NA,NA,NA,NA,N,4,0,1,2,A,-,03,22350,NA,F,C,C,A,A,H,-,C,A,0,NA,NA,NA,NA,Y,NA,-,99,0,0,1,0,0,0,0,0,0,-,-,33.94665,-117.22639,RIVERSIDE,MORENO VALLEY,-117.22628209,33.94667
84380306,2024,2024-09-04,3300,2024-08-18,2117,N8312,NA,7,5,4,3312,0,0,0,NA,0,032,FRONTAGE RD W,PLACENTIA AV,0,NA,Y,A,-,N,NA,NA,NA,NA,NA,NA,NA,NA,NA,Y,3,0,4,2,A,-,09,21801,A,N,A,C,A,A,H,-,C,A,0,NA,NA,NA,NA,Y,NA,-,-,0,3,1,0,0,0,0,0,0,-,-,33.823238372802734,-117.24201965332033,RIVERSIDE,PERRIS,-117.2391357421875,33.82307052612305
84383217,2024,2024-09-06,3300,2024-08-20,2140,N8257,NA,2,5,4,3312,0,0,0,NA,0,032,SAN JACINTO AV,DUNLAP DR,863,W,N,A,-,N,NA,NA,NA,NA,NA,NA,NA,NA,NA,N,3,0,1,1,A,-,08,22107,NA,N,E,I,A,A,H,-,C,D,0,NA,NA,NA,NA,Y,NA,A,01,0,1,0,0,0,0,0,0,0,-,-,NA,NA,RIVERSIDE,PERRIS,-117.19422912597656,33.786651611328125
84383271,2024,2024-09-06,3300,2024-08-27,717,N6519,NA,2,5,6,3394,0,0,0,NA,0,MV32,CACTUS AVE,OLD I-215 FRONTAGE RD,34,W,N,A,-,Y,NA,NA,NA,NA,NA,NA,NA,NA,NA,N,3,0,2,3,A,-,12,21453,A,N,A,C,A,A,H,-,A,D,0,NA,NA,NA,NA,Y,NA,A,01,0,1,1,0,0,0,0,0,0,-,-,33.90943908691406,-117.27835083007813,RIVERSIDE,MORENO VALLEY,-117.27835083007813,33.90940475463867
84383509,2024,2024-09-06,3313,2024-08-22,2014,2026,NA,4,5,7,3313,0,0,0,NA,0,3R30,VAN BUREN BLVD,BARTON ST,0,NA,Y,A,-,N,NA,NA,NA,NA,NA,NA,NA,NA,NA,N,3,0,1,2,A,-,08,22107,NA,N,A,C,A,A,H,-,C,A,0,NA,NA,Y,NA,Y,NA,C,02,0,1,0,0,0,0,0,0,1,-,-,33.88808059692383,-117.31405639648438,RIVERSIDE,RIVERSIDE,-117.31388092041016,33.88809585571289
8438445,2017,2017-08-30,3315,2017-08-18,1600,002661,10C,5,5,6,3315,0,0,0,NA,0,002,6TH ST,EL CAMINO AV,75,W,N,A,-,N,NA,NA,NA,NA,NA,NA,NA,NA,NA,N,4,0,1,2,A,-,08,22100,A,N,B,C,A,A,D,-,A,D,0,NA,NA,NA,NA,Y,NA,-,NA,0,0,1,0,0,0,0,0,0,-,-,NA,NA,RIVERSIDE,CORONA,-117.54064608,33.87425035
84385442,2024,2024-09-09,3313,2024-08-21,830,2266,NA,3,5,7,3313,0,0,0,NA,0,T75,JACKSON ST,INDIANA AVE,664,S,N,A,-,N,NA,NA,NA,NA,NA,NA,NA,NA,NA,N,4,0,1,3,A,-,03,22350,NA,N,C,C,A,A,H,-,A,D,0,NA,NA,NA,NA,Y,NA,A,07,0,0,1,0,0,0,0,0,0,-,-,33.91822814941406,-117.43418121337892,RIVERSIDE,RIVERSIDE,-117.43280792236328,33.91682434082031
84385557,2024,2024-09-09,3300,2024-06-18,1830,5486,NA,2,5,6,3394,0,0,0,NA,0,NA,SUNNYMEAD RANCH PKWY,HYACINTH LN,30,W,N,A,-,N,NA,NA,NA,NA,NA,NA,NA,NA,NA,N,4,0,1,1,A,-,01,23152,A,N,E,J,A,A,H,-,A,D,0,NA,NA,NA,NA,Y,Y,A,01,0,0,1,0,0,0,0,0,0,-,-,33.96746826171875,-117.23419952392578,RIVERSIDE,MORENO VALLEY,-117.23485565185548,33.96751022338867
84387433,2024,2024-09-10,3300,2024-09-04,2210,3613,NA,3,5,5,3335,0,0,0,NA,0,062,WINCHESTER RD,YNEZ RD,237,W,N,A,-,Y,NA,NA,NA,NA,NA,NA,NA,NA,NA,Y,3,0,1,2,A,-,17,22109,NA,N,C,C,A,A,H,-,C,D,0,NA,NA,Y,NA,Y,NA,C,02,0,1,0,0,0,0,0,0,1,-,-,33.52465057373047,-117.16008758544922,RIVERSIDE,TEMECULA,-117.1609344482422,33.52421951293945
84387451,2024,2024-09-10,3300,2024-09-08,708,3786,NA,7,5,6,3345,0,0,0,NA,0,020,COUNTRY VILLAGE RD,COUNTRY CLUB DR,701,N,N,A,-,N,NA,NA,NA,NA,NA,NA,NA,NA,NA,N,4,0,1,1,A,-,08,22107,NA,N,E,I,A,A,H,-,A,D,0,NA,NA,NA,NA,Y,NA,A,01,0,0,1,0,0,0,0,0,0,-,-,34.023250579833984,-117.50742340087892,RIVERSIDE,JURUPA VALLEY,-117.50702667236328,34.024940490722656
84387462,2024,2024-09-10,3300,2024-09-06,1054,4867,NA,5,5,6,3394,0,0,0,NA,0,MV24,HEACOCK ST,FIR AVE,258,S,N,A,-,N,NA,NA,NA,NA,NA,NA,NA,NA,NA,Y,3,0,1,2,A,-,21,22106,NA,F,C,C,A,A,H,-,A,A,0,NA,NA,NA,NA,Y,NA,A,01,0,1,0,0,0,0,0,0,0,-,-,33.93545150756836,-117.24375152587892,RIVERSIDE,MORENO VALLEY,-117.24378967285156,33.93468475341797
84389366,2024,2024-09-11,3300,2024-08-02,2108,5162,NA,5,5,6,3345,0,0,0,NA,0,024,CAMINO REAL,CANYON TERRACE DR,0,NA,Y,A,-,N,NA,NA,NA,NA,NA,NA,NA,NA,NA,Y,3,0,3,1,A,-,01,23152,F,N,E,I,A,A,H,-,D,D,0,NA,NA,NA,NA,Y,NA,A,01,0,2,1,0,0,0,0,0,0,-,-,33.98060989379883,-117.45253753662108,RIVERSIDE,JURUPA VALLEY,-117.45252227783205,33.980552673339844
84392517,2024,2024-09-13,3300,2024-09-05,800,5212,NA,4,5,4,3344,0,0,0,NA,0,065,CITRUS ST,COUNTRY FAIR DR,0,NA,Y,A,-,N,NA,NA,NA,NA,NA,NA,NA,NA,NA,N,3,0,1,2,A,-,05,21650,1,N,D,G,A,A,H,-,A,D,0,NA,Y,NA,NA,Y,NA,L,04,0,1,0,0,0,0,1,0,0,-,-,33.951839447021484,-117.57235717773438,RIVERSIDE,EASTVALE,-117.57225036621094,33.951778411865234
84392521,2024,2024-09-13,3300,2024-07-26,2213,3319,NA,5,5,6,3345,0,0,0,NA,0,020,MISSION BL,RT 60 WB ONRAMP,0,NA,Y,A,-,N,NA,NA,NA,NA,NA,NA,NA,NA,NA,Y,4,0,1,2,A,-,01,23152,G,N,D,C,A,A,H,-,D,A,0,NA,NA,NA,Y,Y,Y,A,01,0,0,1,0,0,0,0,0,0,-,-,34.018341064453125,-117.52918243408205,RIVERSIDE,JURUPA VALLEY,-117.50678253173828,34.01897430419922
84392567,2024,2024-09-13,3300,2024-09-12,1230,N5073,NA,4,5,4,3318,0,0,0,NA,0,T32,FRED WARING DR,TOWN CENTER WAY,49,W,N,A,-,N,NA,NA,NA,NA,NA,NA,NA,NA,NA,N,4,0,1,2,A,-,03,22350,NA,N,C,C,A,A,H,-,A,A,0,NA,NA,NA,NA,Y,NA,A,01,0,0,1,0,0,0,0,0,0,-,-,33.728660583496094,-116.39849853515624,RIVERSIDE,PALM DESERT,-116.39852905273438,33.728538513183594
84392681,2024,2024-09-13,3313,2024-08-28,800,2266,NA,3,5,7,3313,0,0,0,NA,0,T75,CENTRAL AVE,ACORN ST,10,E,N,A,-,N,NA,NA,NA,NA,NA,NA,NA,NA,NA,N,2,0,1,2,A,-,09,21801,A,N,D,G,A,A,H,-,A,D,0,NA,Y,NA,NA,Y,NA,A,01,1,0,0,0,0,0,1,0,0,-,-,33.95576095581055,-117.45395660400392,RIVERSIDE,RIVERSIDE,-117.45393371582033,33.956382751464844
84396277,2024,2024-09-17,3300,2024-09-12,1645,6164,NA,4,5,6,3345,0,0,0,NA,0,024,BEACH ST,53RD ST,0,NA,Y,A,-,N,NA,NA,NA,NA,NA,NA,NA,NA,NA,Y,4,0,1,2,A,-,12,22450,A,F,D,C,A,A,H,-,A,D,0,NA,NA,NA,NA,Y,Y,A,01,0,0,1,0,0,0,0,0,0,-,-,33.99085998535156,-117.49497985839844,RIVERSIDE,JURUPA VALLEY,-117.49490356445313,33.99089431762695
84396537,2024,2024-09-17,3315,2024-09-10,1534,004349,NA,2,5,6,3315,0,0,0,NA,0,001,SMITH AV,SIXTH ST,0,NA,Y,A,-,N,NA,NA,NA,NA,NA,NA,NA,NA,NA,N,4,0,1,2,A,-,10,21950,A,N,G,B,B,A,H,-,A,A,0,Y,NA,NA,NA,Y,NA,A,01,0,0,1,0,1,0,0,0,0,-,-,33.877689361572266,-117.59441375732422,RIVERSIDE,CORONA,-117.59440612792967,33.878395080566406
84399706,2024,2024-09-19,3300,2024-09-06,2151,4121,NA,5,5,4,3312,0,0,0,NA,0,031,REDLANDS AV,MORGAN ST,28,N,N,A,-,N,NA,NA,NA,NA,NA,NA,NA,NA,NA,N,4,0,1,2,A,-,04,21703,NA,N,C,C,A,B,H,-,C,A,0,NA,NA,NA,NA,Y,NA,A,07,0,0,1,0,0,0,0,0,0,-,-,33.83729934692383,-117.21688842773438,RIVERSIDE,PERRIS,-117.21690368652344,33.837345123291016
84399876,2024,2024-09-19,3342,2024-09-02,1726,P1491,NA,1,5,4,3342,0,0,0,NA,0,006,MURRIETA HOT SPRINGS RD,VILLA DRIVE,9,E,N,A,-,N,NA,NA,NA,NA,NA,NA,NA,NA,NA,Y,3,0,4,3,D,-,00,NA,NA,N,D,C,A,A,H,-,A,A,0,NA,NA,NA,NA,Y,NA,-,-,0,3,1,0,0,0,0,0,0,-,-,NA,NA,RIVERSIDE,MURRIETA,-117.16029357910156,33.55690383911133
84403136,2024,2024-09-23,3300,2024-09-16,607,4695,NA,1,5,6,3394,0,0,0,NA,0,MV32,CACTUS AVE,PERRIS BLVD,0,NA,Y,B,-,N,NA,NA,NA,NA,NA,NA,NA,NA,NA,Y,3,0,1,1,A,-,03,22349,A,N,H,A,A,A,H,-,B,A,0,NA,NA,Y,NA,Y,NA,C,02,0,1,0,0,0,0,0,0,1,-,-,33.9399299621582,-117.22644805908205,RIVERSIDE,MORENO VALLEY,-117.22633361816406,33.9100456237793
84405292,2024,2024-09-24,3300,2024-09-16,1652,N7126,NA,1,5,4,3318,0,0,0,NA,0,T36,FRED WARING DR,TOWN CENTER WAY,0,NA,Y,A,-,N,NA,NA,NA,NA,NA,NA,NA,NA,NA,N,4,0,1,2,A,-,12,21453,A,N,D,C,A,A,H,-,A,A,0,NA,NA,NA,NA,Y,NA,A,01,0,0,1,0,0,0,0,0,0,-,-,33.728668212890625,-116.39830017089844,RIVERSIDE,PALM DESERT,-116.39836883544922,33.72854232788086
84408478,2024,2024-09-26,3300,2024-09-09,1508,3536,NA,1,5,6,3394,0,0,0,NA,0,MV16,IRONWOOD AVE,TUSCOLA ST,0,NA,Y,A,-,N,NA,NA,NA,NA,NA,NA,NA,NA,NA,Y,3,0,1,2,A,-,09,21802,A,N,D,C,A,A,H,-,A,A,0,NA,NA,Y,NA,Y,NA,A,07,0,1,0,0,0,0,0,0,1,-,-,33.946590423583984,-117.21550750732422,RIVERSIDE,MORENO VALLEY,-117.21549224853516,33.946685791015625
8440998,2017,2017-09-11,3300,2017-08-15,1450,N3373,910S,2,5,5,3335,0,0,0,NA,0,070,TEMECULA PKWY,MARGARITA RD,47,E,N,A,-,N,NA,NA,NA,NA,NA,NA,NA,NA,NA,Y,4,0,2,2,A,-,09,21453,C,N,D,C,A,A,H,-,A,A,0,NA,NA,NA,NA,Y,NA,A,01,0,0,2,0,0,0,0,0,0,-,-,NA,NA,RIVERSIDE,TEMECULA,-117.10135639,33.48044454
84410147,2024,2024-09-27,3300,2024-09-17,935,6332,NA,2,5,4,3312,0,0,0,NA,0,035,PERRIS BL,6TH ST (N),0,NA,Y,A,-,N,NA,NA,NA,NA,NA,NA,NA,NA,NA,N,3,0,1,2,A,-,09,21802,A,N,D,C,A,A,H,-,A,A,0,NA,NA,NA,NA,Y,NA,A,01,0,1,0,0,0,0,0,0,0,-,-,33.84449005126953,-117.22599792480467,RIVERSIDE,PERRIS,-117.22608184814452,33.78025817871094
84410251,2024,2024-09-27,3308,2024-08-21,2300,11023,NA,3,5,5,3308,0,0,0,NA,0,SOUTH,JUANITA ST,WHITTIER AVE,50,S,N,A,-,Y,NA,NA,NA,NA,NA,NA,NA,NA,NA,Y,2,0,1,4,A,-,01,23152,A,N,B,E,A,A,H,-,C,A,0,NA,NA,NA,NA,Y,Y,A,01,1,0,0,0,0,0,0,0,0,-,-,33.73455810546875,-116.96497344970705,RIVERSIDE,HEMET,-116.96853637695313,33.736534118652344
84411714,2024,2024-09-30,3313,2024-08-10,1102,2164,NA,6,5,7,3313,0,0,0,NA,0,003,ALESSANDRO BLVD,MISSION GROVE PKWY S,0,S,Y,A,-,N,NA,NA,NA,NA,NA,NA,NA,NA,NA,N,4,0,2,2,D,-,00,NA,NA,N,C,C,A,A,H,-,A,A,0,NA,NA,NA,NA,Y,Y,-,-,0,0,2,0,0,0,0,0,0,-,-,NA,NA,RIVERSIDE,RIVERSIDE,-117.32473754882813,33.91630172729492