CASE_ID,ACCIDENT_YEAR,PROC_DATE,JURIS,COLLISION_DATE,COLLISION_TIME,OFFICER_ID,REPORTING_DISTRICT,DAY_OF_WEEK,CHP_SHIFT,POPULATION,CNTY_CITY_LOC,SPECIAL_COND,BEAT_TYPE,CHP_BEAT_TYPE,CITY_DIVISION_LAPD,CHP_BEAT_CLASS,BEAT_NUMBER,PRIMARY_RD,SECONDARY_RD,DISTANCE,DIRECTION,INTERSECTION,WEATHER_1,WEATHER_2,STATE_HWY_IND,CALTRANS_COUNTY,CALTRANS_DISTRICT,STATE_ROUTE,ROUTE_SUFFIX,POSTMILE_PREFIX,POSTMILE,LOCATION_TYPE,RAMP_INTERSECTION,SIDE_OF_HWY,TOW_AWAY,COLLISION_SEVERITY,NUMBER_KILLED,NUMBER_INJURED,PARTY_COUNT,PRIMARY_COLL_FACTOR,PCF_CODE_OF_VIOL,PCF_VIOL_CATEGORY,PCF_VIOLATION,PCF_VIOL_SUBSECTION,HIT_AND_RUN,TYPE_OF_COLLISION,MVIW,PED_ACTION,ROAD_SURFACE,ROAD_COND_1,ROAD_COND_2,LIGHTING,CONTROL_DEVICE,CHP_ROAD_TYPE,PEDESTRIAN_ACCIDENT,BICYCLE_ACCIDENT,MOTORCYCLE_ACCIDENT,TRUCK_ACCIDENT,NOT_PRIVATE_PROPERTY,ALCOHOL_INVOLVED,STWD_VEHTYPE_AT_FAULT,CHP_VEHTYPE_AT_FAULT,COUNT_SEVERE_INJ,COUNT_VISIBLE_INJ,COUNT_COMPLAINT_PAIN,COUNT_PED_KILLED,COUNT_PED_INJURED,COUNT_BICYCLIST_KILLED,COUNT_BICYCLIST_INJURED,COUNT_MC_KILLED,COUNT_MC_INJURED,PRIMARY_RAMP,SECONDARY_RAMP,LATITUDE,LONGITUDE,COUNTY,CITY,POINT_X,POINT_Y
84474623,2024,2024-11-19,3300,2024-09-26,1742,5920,NA,4,5,3,3392,0,0,0,NA,0,LA44,JEFFERSON ST,AVE 50,0,NA,Y,A,-,N,NA,NA,NA,NA,NA,NA,NA,NA,NA,Y,3,0,3,3,D,-,00,NA,NA,N,D,D,A,A,D,-,A,C,0,NA,NA,NA,NA,Y,NA,-,-,0,1,2,0,0,0,0,0,0,-,-,33.68537139892578,-116.26870727539063,RIVERSIDE,LA QUINTA,-116.26880645751952,33.68537139892578
84476234,2024,2024-11-20,3300,2024-11-11,1625,N7940,NA,1,5,3,3317,0,0,0,NA,0,NA,HWY 111,RANCHO LAS PALMAS DR,489,S,N,A,-,N,NA,NA,NA,NA,NA,NA,NA,NA,NA,N,4,0,1,2,A,-,08,22107,NA,N,B,C,A,A,H,-,A,A,0,NA,NA,NA,NA,Y,NA,A,01,0,0,1,0,0,0,0,0,0,-,-,33.741329193115234,-116.41255950927734,RIVERSIDE,RANCHO MIRAGE,-116.4114227294922,33.740360260009766
84476412,2024,2024-11-20,3342,2024-11-15,2307,P1403,NA,5,5,4,3342,0,0,0,NA,0,004,MURRIETA HOT SPRINGS RD,NB I-15 OFFRAMP,0,NA,Y,A,-,Y,NA,NA,NA,NA,NA,NA,NA,NA,NA,Y,3,0,2,2,A,-,12,21453,A,N,-,C,A,A,H,-,C,A,0,NA,NA,NA,NA,Y,NA,A,01,0,1,1,0,0,0,0,0,0,-,-,NA,NA,RIVERSIDE,MURRIETA,-117.19245147705078,33.554752349853516
8447953,2017,2017-11-29,3313,2017-10-31,0815,1389,NA,2,5,7,3313,0,0,0,NA,0,NA,PARK AV,20TH ST,0,NA,Y,A,-,N,NA,NA,NA,NA,NA,NA,NA,NA,NA,N,4,0,2,2,A,-,12,22450,A,N,D,C,A,A,H,-,A,A,0,NA,NA,NA,NA,Y,NA,A,01,0,0,2,0,0,0,0,0,0,-,-,33.97353,-117.36709,RIVERSIDE,RIVERSIDE,NA,NA
8448127,2017,2017-10-02,3315,2017-08-30,1604,003166,9A,3,5,6,3315,0,0,0,NA,0,002,HIDDEN VALLEY PKWY,VIA BLAIRO,590,E,N,A,-,N,NA,NA,NA,NA,NA,NA,NA,NA,NA,Y,4,0,3,2,A,-,05,21460,A,N,D,C,A,A,H,-,A,A,0,NA,NA,NA,NA,Y,NA,A,01,0,0,3,0,0,0,0,0,0,-,-,NA,NA,RIVERSIDE,CORONA,-117.55178537,33.8966414
84481493,2024,2024-11-25,3300,2024-11-01,1735,N8611,NA,5,5,2,3316,0,0,0,NA,0,J87,HWY 111,MILES AVE,0,NA,Y,A,-,N,NA,NA,NA,NA,NA,NA,NA,NA,NA,N,4,0,1,2,C,-,18,NA,NA,N,A,C,A,A,H,-,B,A,0,NA,NA,NA,NA,Y,NA,-,-,0,0,1,0,0,0,0,0,0,-,-,33.72100830078125,-116.31768035888672,RIVERSIDE,INDIAN WELLS,-116.3176498413086,33.72099304199219
8448290,2017,2017-09-29,3300,2017-08-28,1525,4821,809A,1,5,3,3343,0,0,0,NA,0,089,FREDERICK ST,TWINFLOWER,12,S,N,A,-,N,NA,NA,NA,NA,NA,NA,NA,NA,NA,Y,3,0,1,2,A,-,03,22350,NA,N,E,I,A,A,H,-,A,D,0,NA,NA,NA,NA,Y,Y,A,01,0,1,0,0,0,0,0,0,0,-,-,NA,NA,RIVERSIDE,WILDOMAR,-117.2582004,33.60183713
84483325,2024,2024-11-26,3300,2024-11-20,1940,N4187,NA,3,5,4,3312,0,0,0,NA,0,035,ETHANAC RD,TRUMBLE RD,430,W,N,A,-,N,NA,NA,NA,NA,NA,NA,NA,NA,NA,N,4,0,1,2,A,-,09,21802,A,N,D,C,A,A,H,-,C,A,0,NA,NA,NA,NA,Y,NA,A,01,0,0,1,0,0,0,0,0,0,-,-,33.743080139160156,-117.18470764160156,RIVERSIDE,PERRIS,-117.186279296875,33.74296951293945
8448421,2017,2017-09-14,3315,2017-08-18,1847,002661,4A,5,5,6,3315,0,0,0,NA,0,004,BORDER AV,10TH ST,45,S,N,A,-,N,NA,NA,NA,NA,NA,NA,NA,NA,NA,Y,4,0,1,4,A,-,03,22350,NA,N,C,C,A,A,H,-,A,A,0,NA,NA,NA,NA,Y,NA,-,NA,0,0,1,0,0,0,0,0,0,-,-,33.87391,-117.58922,RIVERSIDE,CORONA,-117.58933638,33.87377865
8448435,2017,2017-09-28,3313,2017-08-18,0122,1868,1,5,5,7,3313,0,0,0,NA,0,1R19,MARKET ST,FAIRMOUNT BL,507,S,N,A,-,N,NA,NA,NA,NA,NA,NA,NA,NA,NA,Y,4,0,1,1,A,-,01,23152,A,N,E,I,A,A,H,-,C,A,0,NA,NA,NA,NA,Y,Y,A,01,0,0,1,0,0,0,0,0,0,-,-,33.99682,-117.37042,RIVERSIDE,RIVERSIDE,-117.37068646,33.99547545
84485040,2024,2024-11-27,3300,2024-11-03,1921,4121,NA,7,5,4,3312,0,0,0,NA,0,031,RAMONA EXPRESSWAY,LAKE PERRIS DRIVE,0,NA,Y,A,-,N,NA,NA,NA,NA,NA,NA,NA,NA,NA,N,4,0,1,2,A,-,12,21453,A,N,D,C,A,A,H,-,C,A,0,NA,NA,NA,NA,Y,NA,A,01,0,0,1,0,0,0,0,0,0,-,-,NA,NA,RIVERSIDE,PERRIS,-117.20413208007813,33.844669342041016
84487753,2024,2024-12-02,3300,2024-10-22,1554,N4809,NA,2,5,4,3314,0,0,0,NA,0,070,SANDERSON AVE,ESPLANADE CENTER,0,NA,Y,A,-,N,NA,NA,NA,NA,NA,NA,NA,NA,NA,Y,4,0,1,2,A,-,12,21453,A,N,D,C,A,A,H,-,A,A,0,NA,NA,NA,NA,Y,NA,-,-,0,0,1,0,0,0,0,0,0,-,-,NA,NA,RIVERSIDE,SAN JACINTO,-117.00669097900392,33.77277755737305
84489733,2024,2024-12-03,3300,2024-11-09,2218,6201,NA,6,5,6,3394,0,0,0,NA,0,MV22,DAY ST,CANYON SPRINGS PRKWY,38,S,N,A,-,N,NA,NA,NA,NA,NA,NA,NA,NA,NA,Y,4,0,2,2,A,-,03,22350,NA,N,C,C,A,A,H,-,C,A,0,NA,NA,NA,NA,Y,NA,A,01,0,0,2,0,0,0,0,0,0,-,-,33.93960952758789,-117.27899932861328,RIVERSIDE,MORENO VALLEY,-117.27877807617188,33.939456939697266
84489894,2024,2024-12-03,3349,2024-10-16,735,331,NA,3,5,5,3341,0,0,0,NA,0,003,TULITA LN,MENIFEE RD,10,W,N,B,-,N,NA,NA,NA,NA,NA,NA,NA,NA,NA,N,3,0,1,2,A,-,17,21208,A,M,H,G,A,A,H,-,A,A,0,NA,Y,NA,NA,Y,NA,M,91,0,1,0,0,0,0,1,0,0,-,-,NA,NA,RIVERSIDE,MENIFEE,-117.15411376953124,33.63526916503906
84491213,2024,2024-12-04,3300,2024-12-02,1058,3552,NA,1,5,4,3312,0,0,0,NA,0,035,I 215 SB OFRP,BONNIE DR,0,NA,Y,F,-,N,NA,NA,NA,NA,NA,NA,NA,NA,NA,Y,3,0,2,2,A,-,09,21453,C,N,D,C,A,A,H,-,A,A,0,NA,NA,NA,NA,Y,NA,A,07,0,1,1,0,0,0,0,0,0,-,-,33.75640869140625,-117.19033050537108,RIVERSIDE,PERRIS,NA,NA
84491231,2024,2024-12-04,3300,2024-12-02,751,4323,NA,1,5,5,3335,0,0,0,NA,0,069,WOLF VALLEY RD,WOLF CREEK DR N,50,E,N,A,-,N,NA,NA,NA,NA,NA,NA,NA,NA,NA,Y,3,0,1,2,C,-,18,NA,NA,N,C,C,A,A,H,-,A,A,0,NA,NA,NA,NA,Y,NA,-,-,0,1,0,0,0,0,0,0,0,-,-,33.46139144897461,-117.10576629638672,RIVERSIDE,TEMECULA,-117.10581207275392,33.46141052246094
84492747,2024,2024-12-05,3300,2024-11-10,1731,N8038,NA,7,5,4,3344,0,0,0,NA,0,060,HAMNER AV,RIVERSIDE DRIVE,0,W,Y,A,-,N,NA,NA,NA,NA,NA,NA,NA,NA,NA,Y,3,0,3,4,A,-,03,22350,NA,N,C,C,A,A,H,-,C,A,0,NA,NA,NA,NA,Y,NA,A,01,0,3,0,0,0,0,0,0,0,-,-,NA,NA,RIVERSIDE,EASTVALE,-117.55828094482422,34.01889419555664
84492748,2024,2024-12-05,3300,2024-11-18,553,6235,NA,1,5,4,3344,0,0,0,NA,0,061,LIMONITE AV,I 15  N,0,NA,Y,A,-,Y,NA,NA,NA,NA,NA,NA,NA,NA,NA,Y,3,0,1,2,A,-,08,22107,NA,N,D,C,A,A,H,-,B,A,0,NA,NA,NA,NA,Y,NA,A,01,0,1,0,0,0,0,0,0,0,-,-,33.974708557128906,-117.54817962646484,RIVERSIDE,EASTVALE,-117.54905700683594,33.975162506103516
84495625,2024,2024-12-09,3313,2024-10-19,130,2130,NA,6,5,7,3313,0,0,0,NA,0,1R45,VAN BUREN BLVD,ARLINGTON AVE,0,NA,Y,A,-,N,NA,NA,NA,NA,NA,NA,NA,NA,NA,N,4,0,1,2,A,-,08,22107,NA,F,B,C,A,A,H,-,C,A,0,NA,NA,NA,NA,Y,NA,A,01,0,0,1,0,0,0,0,0,0,-,-,33.94585037231445,-117.45417022705078,RIVERSIDE,RIVERSIDE,-117.45403289794922,33.94573974609375
84495705,2024,2024-12-09,3313,2024-11-14,1730,2222,NA,4,5,7,3313,0,0,0,NA,0,T40,JURUPA AVE,PALM AVE,354,W,N,A,-,N,NA,NA,NA,NA,NA,NA,NA,NA,NA,N,3,0,1,2,A,-,11,21954,A,N,G,B,D,A,H,-,B,A,0,Y,NA,NA,NA,Y,NA,N,60,0,1,0,0,1,0,0,0,0,-,-,33.96110916137695,-117.40119934082033,RIVERSIDE,RIVERSIDE,-117.40224456787108,33.961097717285156
84495838,2024,2024-12-19,3306,2024-11-05,1102,783,NA,2,5,3,3306,0,0,0,NA,0,NA,RT 62,PIERSON BLVD (W),0,NA,Y,A,-,Y,RIV,NA,62,NA,R,3.347,H,NA,R,Y,1,1,2,2,A,-,09,21802,A,N,D,C,A,A,H,-,A,A,0,NA,NA,NA,NA,Y,NA,A,01,1,1,0,0,0,0,0,0,0,-,-,33.961360931396484,-116.59052276611328,RIVERSIDE,DESERT HOT SPRINGS,-116.59046173095705,33.96134948730469
84496196,2024,2024-12-11,3313,2024-11-22,1301,2097,NA,5,5,7,3313,0,0,0,NA,0,2R45,ARLINGTON AVE,VIA SAN JOSE,250,W,N,A,-,N,NA,NA,NA,NA,NA,NA,NA,NA,NA,Y,3,0,1,2,A,-,01,23152,A,N,C,C,A,A,H,-,A,D,0,NA,NA,NA,NA,Y,Y,M,96,0,1,0,0,0,0,0,0,0,-,-,33.94581985473633,-117.4260711669922,RIVERSIDE,RIVERSIDE,-117.4270248413086,33.94599914550781
84497699,2024,2024-12-13,3300,2024-10-21,1219,N6635,NA,1,5,4,3344,0,0,0,NA,0,063,LIMONITE AV,HELLMAN AV,0,NA,Y,A,-,N,NA,NA,NA,NA,NA,NA,NA,NA,NA,N,3,0,1,2,A,-,12,21453,A,N,D,C,A,A,H,-,A,A,0,NA,NA,NA,NA,Y,NA,A,01,0,1,0,0,0,0,0,0,0,-,-,NA,NA,RIVERSIDE,EASTVALE,-117.61100769042967,33.968719482421875
84497719,2024,2025-01-03,3300,2024-11-15,1656,4867,NA,5,5,6,3394,0,0,0,NA,0,MV22,DAY ST,COTTONWOOD AVE,110,N,N,A,-,N,NA,NA,NA,NA,NA,NA,NA,NA,NA,Y,3,0,4,4,A,-,01,23152,A,N,C,C,A,A,H,-,B,A,0,NA,NA,NA,NA,Y,NA,A,01,0,3,1,0,0,0,0,0,0,-,-,33.92417907714844,-117.27880096435548,RIVERSIDE,MORENO VALLEY,-117.2787857055664,33.92443084716797
84499375,2024,2024-12-13,3300,2024-12-02,1605,N7114,NA,1,5,6,3345,0,0,0,NA,0,022,VAN BUREN BL,ETIWANDA AV,1001,E,N,A,-,N,NA,NA,NA,NA,NA,NA,NA,NA,NA,Y,4,0,4,4,A,-,03,22350,NA,N,C,C,A,A,H,-,A,A,0,NA,NA,NA,NA,Y,NA,A,01,0,0,4,0,0,0,0,0,0,-,-,34.01654815673828,-117.52420806884766,RIVERSIDE,JURUPA VALLEY,-117.52165985107422,34.01510238647461
84499423,2024,2024-12-13,3300,2024-12-02,1710,3986,NA,1,5,4,3318,0,0,0,NA,0,T32,PANORAMA DR,CANDLEWOOD ST,131,N,N,A,-,N,NA,NA,NA,NA,NA,NA,NA,NA,NA,N,3,0,1,2,A,-,10,21950,A,N,G,B,D,A,H,-,D,D,0,Y,Y,NA,NA,Y,NA,L,04,0,1,0,0,1,0,0,0,0,-,-,33.71754837036133,-116.36727142333984,RIVERSIDE,PALM DESERT,-116.3674545288086,33.71782302856445
84499558,2024,2024-12-13,3315,2024-11-27,1853,001709,NA,3,5,6,3315,0,0,0,NA,0,001,RIVER RD,COTA ST,477,W,N,A,-,N,NA,NA,NA,NA,NA,NA,NA,NA,NA,Y,2,0,1,2,A,-,11,21954,A,N,G,B,D,A,H,-,C,D,0,Y,NA,NA,NA,Y,NA,N,60,1,0,0,0,1,0,0,0,0,-,-,33.89152908325195,-117.56828308105467,RIVERSIDE,CORONA,-117.56949615478516,33.89339828491211
84500973,2024,2024-12-13,3300,2024-12-04,1203,N6519,NA,3,5,6,3394,0,0,0,NA,0,MV32,CACTUS AVE,ELSWORTH ST,0,NA,Y,A,-,N,NA,NA,NA,NA,NA,NA,NA,NA,NA,N,4,0,3,2,A,-,09,21801,A,N,D,C,A,A,H,-,A,D,0,NA,NA,NA,NA,Y,NA,A,07,0,0,3,0,0,0,0,0,0,-,-,33.91006088256836,-117.27030181884766,RIVERSIDE,MORENO VALLEY,-117.27017974853516,33.91013717651367
8450262,2017,2017-10-03,3300,2017-08-27,2248,N3765,22J1,7,5,3,3317,0,0,0,NA,0,3J371,FRANK SINATRA DR,MONTEREY AV,0,NA,Y,A,-,N,NA,NA,NA,NA,NA,NA,NA,NA,NA,Y,4,0,1,2,A,-,12,21453,A,N,D,C,A,A,H,-,C,A,0,NA,NA,NA,NA,Y,NA,-,-,0,0,1,0,0,0,0,0,0,-,-,NA,NA,RIVERSIDE,RANCHO MIRAGE,-116.39090005,33.77260006
84502655,2024,2024-12-13,3308,2024-09-24,807,10877,NA,2,5,5,3308,0,0,0,NA,0,NORTH,SAN JACINTO ST,OAKLAND AVE,318,N,N,A,-,N,NA,NA,NA,NA,NA,NA,NA,NA,NA,Y,3,0,2,2,A,-,08,22107,NA,N,B,C,A,A,H,-,A,D,0,NA,NA,NA,NA,Y,NA,A,01,0,2,0,0,0,0,0,0,0,-,-,NA,NA,RIVERSIDE,HEMET,-116.95867919921876,33.75572967529297
84503916,2024,2024-12-16,3300,2024-08-27,2311,5585,NA,2,5,6,3345,0,0,0,NA,0,024,LIMONITE AV,CAMINO REAL,300,E,N,A,-,N,NA,NA,NA,NA,NA,NA,NA,NA,NA,N,3,0,1,1,A,-,08,22107,NA,N,E,I,A,A,H,-,C,D,0,NA,NA,Y,NA,Y,Y,C,02,0,1,0,0,0,0,0,0,1,-,-,33.97848129272461,-117.45166778564452,RIVERSIDE,JURUPA VALLEY,-117.45075225830078,33.9786491394043
84506358,2024,2024-12-17,3300,2024-12-04,855,6118,NA,3,5,3,3305,0,0,0,NA,0,Y83,AVE 52,TRIPOLI WAY,0,NA,Y,A,-,N,NA,NA,NA,NA,NA,NA,NA,NA,NA,Y,4,0,1,2,A,-,09,21802,A,F,D,C,A,A,H,-,A,A,0,NA,NA,NA,NA,Y,NA,A,01,0,0,1,0,0,0,0,0,0,-,-,NA,NA,RIVERSIDE,COACHELLA,-116.17950439453124,33.67091751098633
84507875,2024,2024-12-18,3300,2024-12-05,1134,5836,NA,4,5,4,3344,0,0,0,NA,0,063,LIMONITE AV,SUMNER AV,0,NA,Y,A,-,N,NA,NA,NA,NA,NA,NA,NA,NA,NA,Y,3,0,1,1,A,-,08,22107,NA,N,F,A,A,A,H,-,A,A,0,NA,NA,Y,NA,Y,NA,C,02,0,1,0,0,0,0,0,0,1,-,-,33.97550964355469,-117.57576751708984,RIVERSIDE,EASTVALE,-117.57578277587892,33.975341796875
84511001,2024,2024-12-23,3300,2024-05-14,255,5486,NA,2,5,6,3394,0,0,0,NA,0,MV32,CACTUS AVE,HARBOR FREIGHT,0,NA,Y,A,-,N,NA,NA,NA,NA,NA,NA,NA,NA,NA,Y,2,0,1,1,A,-,03,22350,NA,N,E,I,A,A,H,-,C,A,0,NA,NA,NA,NA,Y,NA,D,22,1,0,0,0,0,0,0,0,0,-,-,33.91004180908203,-117.25684356689452,RIVERSIDE,MORENO VALLEY,NA,NA
84511128,2024,2024-12-20,3300,2024-12-05,1734,5545,NA,4,5,3,3392,0,0,0,NA,0,LA41,WASHINGTON ST,CHANNEL DR,45,N,N,A,-,N,NA,NA,NA,NA,NA,NA,NA,NA,NA,N,4,0,2,4,A,-,03,22350,NA,N,C,C,A,A,H,-,C,A,0,NA,NA,NA,NA,Y,NA,A,01,0,0,2,0,0,0,0,0,0,-,-,33.71691131591797,-116.29506683349608,RIVERSIDE,LA QUINTA,-116.29498291015624,33.716983795166016
84512835,2024,2024-12-23,3313,2024-10-22,1415,2103,NA,2,5,7,3313,0,0,0,NA,0,T70,FILLMORE ST,QUEENSBOROUGH ST,253,S,N,A,-,N,NA,NA,NA,NA,NA,NA,NA,NA,NA,Y,3,0,1,3,A,-,08,22107,NA,N,C,E,A,A,H,-,A,D,0,NA,NA,NA,NA,Y,NA,A,07,0,1,0,0,0,0,0,0,0,-,-,33.89567947387695,-117.48078918457033,RIVERSIDE,RIVERSIDE,-117.48030090332033,33.89517593383789
84512849,2024,2024-12-23,3313,2024-11-12,1351,2046,NA,2,5,7,3313,0,0,0,NA,0,T76,VICTORIA AVE,GRATTON ST,6,E,N,A,-,N,NA,NA,NA,NA,NA,NA,NA,NA,NA,Y,4,0,1,2,A,-,12,22450,A,N,D,C,A,A,H,-,A,D,0,NA,NA,NA,NA,Y,NA,A,01,0,0,1,0,0,0,0,0,0,-,-,33.91511917114258,-117.41497802734376,RIVERSIDE,RIVERSIDE,-117.41527557373048,33.91537094116211
84512855,2024,2024-12-23,3313,2024-11-21,1254,2046,NA,4,5,7,3313,0,0,0,NA,0,T76,INDIANA AVE,MOTOR CIRCLE DR (W),18,W,N,A,-,N,NA,NA,NA,NA,NA,NA,NA,NA,NA,Y,3,0,2,2,A,-,08,22107,NA,F,E,I,A,A,H,-,A,A,0,NA,NA,NA,NA,Y,NA,A,01,0,2,0,0,0,0,0,0,0,-,-,33.927589416503906,-117.41731262207033,RIVERSIDE,RIVERSIDE,-117.41736602783205,33.92782211303711
84512862,2024,2024-12-23,3313,2024-11-26,1405,2232,NA,2,5,7,3313,0,0,0,NA,0,T74,PALMYRITA AVE,MICHIGAN AVE,0,NA,Y,B,-,N,NA,NA,NA,NA,NA,NA,NA,NA,NA,N,4,0,2,2,A,-,09,21801,A,N,D,C,A,A,H,-,A,A,0,NA,NA,NA,NA,Y,NA,A,01,0,0,2,0,0,0,0,0,0,-,-,34.00299835205078,-117.32166290283205,RIVERSIDE,RIVERSIDE,-117.32241821289063,34.00470733642578
84512863,2024,2024-12-23,3313,2024-11-27,600,2286,NA,3,5,7,3313,0,0,0,NA,0,T73,LA SIERRA AVE,NEBRASKA AVE,0,NA,Y,B,-,N,NA,NA,NA,NA,NA,NA,NA,NA,NA,N,3,0,1,2,A,-,09,21453,C,N,A,C,A,A,H,-,B,A,0,NA,NA,NA,NA,Y,NA,A,01,0,1,0,0,0,0,0,0,0,-,-,33.920379638671875,-117.49004364013672,RIVERSIDE,RIVERSIDE,-117.48967742919922,33.92055892944336
84512875,2024,2024-12-23,3313,2024-12-01,1839,2171,NA,7,5,7,3313,0,0,0,NA,0,3R54,INDIANA AVE,LA SIERRA AVE,285,W,N,A,-,N,NA,NA,NA,NA,NA,NA,NA,NA,NA,N,3,0,1,2,A,-,08,22107,NA,N,D,C,A,A,H,-,C,B,0,NA,NA,Y,NA,Y,NA,C,02,0,1,0,0,0,0,0,0,1,-,-,33.89704895019531,-117.47109222412108,RIVERSIDE,RIVERSIDE,-117.47195434570313,33.89677429199219
84512880,2024,2024-12-23,3313,2024-12-03,2156,1935,NA,2,5,7,3313,0,0,0,NA,0,3R54,VAN BUREN BLVD,CENTRAL AVE,0,NA,Y,A,-,N,NA,NA,NA,NA,NA,NA,NA,NA,NA,N,3,0,1,2,A,-,09,21453,C,N,D,C,A,A,H,-,C,A,0,NA,NA,NA,NA,Y,NA,A,01,0,1,0,0,0,0,0,0,0,-,-,33.95555877685547,-117.4570770263672,RIVERSIDE,RIVERSIDE,-117.45703887939452,33.95545959472656
84517390,2024,2024-12-27,3300,2024-12-23,1349,4449,NA,1,5,6,3345,0,0,0,NA,0,024,HUDSON ST,60TH ST,0,NA,Y,A,-,N,NA,NA,NA,NA,NA,NA,NA,NA,NA,Y,4,0,2,2,A,-,09,21802,A,N,D,C,A,A,H,-,A,D,0,NA,NA,NA,NA,Y,NA,A,01,0,0,2,0,0,0,0,0,0,-,-,33.97945022583008,-117.4797821044922,RIVERSIDE,JURUPA VALLEY,-117.4797592163086,33.979156494140625
84517413,2024,2024-12-27,3300,2024-12-22,1151,4060,NA,7,5,6,3394,0,0,0,NA,0,MV22,TOWN CIR,CAMPUS PKWY,90,N,N,A,-,N,NA,NA,NA,NA,NA,NA,NA,NA,NA,N,3,0,1,2,A,-,09,21801,A,N,D,C,A,A,H,-,A,A,0,NA,NA,NA,NA,Y,NA,A,01,0,1,0,0,0,0,0,0,0,-,-,33.93854904174805,-117.27525329589844,RIVERSIDE,MORENO VALLEY,-117.27528381347656,33.93875503540039
84517586,2024,2024-12-27,3313,2024-12-14,1700,2176,NA,6,5,7,3313,0,0,0,NA,0,3R14,BROCKTON AVE,BEATTY DR (N),0,NA,Y,A,-,N,NA,NA,NA,NA,NA,NA,NA,NA,NA,N,4,0,1,2,A,-,08,22101,D,N,D,C,A,A,H,-,B,A,0,NA,NA,NA,NA,Y,NA,A,01,0,0,1,0,0,0,0,0,0,-,-,33.955589294433594,-117.39697265625,RIVERSIDE,RIVERSIDE,-117.39678192138672,33.955299377441406
84520817,2024,2024-12-31,3300,2024-11-30,151,5486,NA,6,5,6,3394,0,0,0,NA,0,MV16,PERRIS BLVD,SH-60 WBON/R,0,NA,Y,A,-,N,NA,NA,NA,NA,NA,NA,NA,NA,NA,N,4,0,2,2,A,-,12,21453,A,F,A,C,A,A,H,-,A,A,0,NA,NA,NA,NA,Y,NA,A,07,0,0,2,0,0,0,0,0,0,-,-,33.94023895263672,-117.22644805908205,RIVERSIDE,MORENO VALLEY,-117.226471,33.940316
84520829,2024,2024-12-31,3300,2024-12-28,652,5665,NA,6,5,6,3394,0,0,0,NA,0,MV26,PERRIS BLVD,DRACAEA AVE,0,NA,Y,B,-,N,NA,NA,NA,NA,NA,NA,NA,NA,NA,Y,3,0,2,2,A,-,09,21453,C,N,A,C,A,A,H,-,A,A,0,NA,NA,NA,NA,Y,NA,A,01,0,1,1,0,0,0,0,0,0,-,-,33.92818069458008,-117.22621917724608,RIVERSIDE,MORENO VALLEY,-117.22628021240234,33.928165435791016
8452111,2017,2017-09-22,3300,2017-09-03,1411,3490,508B,7,5,5,3341,0,0,0,NA,0,058,BUNDY CANYON RD,WRIGHT RD,0,NA,Y,B,-,N,NA,NA,NA,NA,NA,NA,NA,NA,NA,N,4,0,2,2,A,-,03,22350,NA,N,C,C,A,A,H,-,A,D,0,NA,NA,NA,NA,Y,NA,D,22,0,0,2,0,0,0,0,0,0,-,-,NA,NA,RIVERSIDE,MENIFEE,-117.21740007,33.64174005
84522291,2024,2025-01-01,3300,2024-12-22,2312,4121,NA,7,5,4,3312,0,0,0,NA,0,034,RIVER RD,MOUNTAIN AV,14,N,N,A,-,N,NA,NA,NA,NA,NA,NA,NA,NA,NA,Y,4,0,1,1,A,-,03,22350,NA,N,E,I,A,A,H,-,C,D,0,NA,NA,NA,NA,Y,NA,A,01,0,0,1,0,0,0,0,0,0,-,-,33.76485824584961,-117.240966796875,RIVERSIDE,PERRIS,-117.24080657958984,33.76479721069336
84522296,2024,2025-01-01,3300,2024-12-18,817,3290,NA,3,5,4,3344,0,0,0,NA,0,062,SCHOLAR WY,65TH ST,0,NA,Y,A,-,N,NA,NA,NA,NA,NA,NA,NA,NA,NA,N,3,0,1,2,A,-,09,21802,A,N,D,C,A,A,H,-,A,A,0,NA,NA,NA,NA,Y,NA,M,94,0,1,0,0,0,0,0,0,0,-,-,33.966880798339844,-117.56665802001952,RIVERSIDE,EASTVALE,-117.56705474853516,33.96718978881836
84522421,2024,2025-01-01,3300,2024-12-14,749,3618,NA,6,5,4,3314,0,0,0,NA,0,072,STATE ST,DE ANZA DR,0,NA,Y,A,-,N,NA,NA,NA,NA,NA,NA,NA,NA,NA,N,3,0,1,2,A,-,12,21453,A,N,E,J,A,A,H,-,A,A,0,NA,NA,Y,NA,Y,NA,A,01,0,1,0,0,0,0,1,0,1,-,-,33.78953170776367,-116.97176361083984,RIVERSIDE,SAN JACINTO,-116.97190856933594,33.789527893066406
84522676,2024,2025-01-02,3300,2024-12-07,1421,3618,NA,6,5,4,3314,0,0,0,NA,0,074,ESPLANADE AVE,SAN JACINTO AVE,64,E,N,A,-,N,NA,NA,NA,NA,NA,NA,NA,NA,NA,Y,4,0,1,3,A,-,03,22350,NA,N,C,C,A,A,H,-,A,A,0,NA,NA,NA,NA,Y,NA,A,07,0,0,1,0,0,0,0,0,0,-,-,NA,NA,RIVERSIDE,SAN JACINTO,-116.95880889892578,33.77299118041992
84524226,2024,2025-01-03,3300,2024-12-31,1343,6503,NA,2,5,4,3312,0,0,0,NA,0,031,RAMONA EXPRESSWAY,EVANS RD,313,E,N,A,-,N,NA,NA,NA,NA,NA,NA,NA,NA,NA,N,4,0,3,3,A,-,03,22350,NA,N,C,C,A,A,H,-,A,A,0,NA,NA,NA,NA,Y,NA,A,01,0,0,3,0,0,0,0,0,0,-,-,33.84431838989258,-117.2079620361328,RIVERSIDE,PERRIS,-117.20771026611328,33.84465026855469