CASE_ID,ACCIDENT_YEAR,PROC_DATE,JURIS,COLLISION_DATE,COLLISION_TIME,OFFICER_ID,REPORTING_DISTRICT,DAY_OF_WEEK,CHP_SHIFT,POPULATION,CNTY_CITY_LOC,SPECIAL_COND,BEAT_TYPE,CHP_BEAT_TYPE,CITY_DIVISION_LAPD,CHP_BEAT_CLASS,BEAT_NUMBER,PRIMARY_RD,SECONDARY_RD,DISTANCE,DIRECTION,INTERSECTION,WEATHER_1,WEATHER_2,STATE_HWY_IND,CALTRANS_COUNTY,CALTRANS_DISTRICT,STATE_ROUTE,ROUTE_SUFFIX,POSTMILE_PREFIX,POSTMILE,LOCATION_TYPE,RAMP_INTERSECTION,SIDE_OF_HWY,TOW_AWAY,COLLISION_SEVERITY,NUMBER_KILLED,NUMBER_INJURED,PARTY_COUNT,PRIMARY_COLL_FACTOR,PCF_CODE_OF_VIOL,PCF_VIOL_CATEGORY,PCF_VIOLATION,PCF_VIOL_SUBSECTION,HIT_AND_RUN,TYPE_OF_COLLISION,MVIW,PED_ACTION,ROAD_SURFACE,ROAD_COND_1,ROAD_COND_2,LIGHTING,CONTROL_DEVICE,CHP_ROAD_TYPE,PEDESTRIAN_ACCIDENT,BICYCLE_ACCIDENT,MOTORCYCLE_ACCIDENT,TRUCK_ACCIDENT,NOT_PRIVATE_PROPERTY,ALCOHOL_INVOLVED,STWD_VEHTYPE_AT_FAULT,CHP_VEHTYPE_AT_FAULT,COUNT_SEVERE_INJ,COUNT_VISIBLE_INJ,COUNT_COMPLAINT_PAIN,COUNT_PED_KILLED,COUNT_PED_INJURED,COUNT_BICYCLIST_KILLED,COUNT_BICYCLIST_INJURED,COUNT_MC_KILLED,COUNT_MC_INJURED,PRIMARY_RAMP,SECONDARY_RAMP,LATITUDE,LONGITUDE,COUNTY,CITY,POINT_X,POINT_Y
84720738,2025,2025-06-11,3300,2025-06-03,1300,N6297,NA,2,5,5,3335,0,0,0,NA,0,070,VAIL RANCH PKY,TEHACHAPI PASS,0,NA,Y,A,-,N,NA,NA,NA,NA,NA,NA,NA,NA,NA,N,4,0,2,2,-,-,-,NA,NA,N,D,C,A,A,H,-,A,A,0,NA,NA,NA,NA,Y,NA,-,-,0,0,2,0,0,0,0,0,0,-,-,33.46963882446289,-117.07679748535156,RIVERSIDE,TEMECULA,-117.07640838623048,33.47020721435547
84724230,2025,2025-06-16,3300,2025-04-17,19,5486,NA,4,5,6,3394,0,0,0,NA,0,MV28,KITCHING ST,COTTONWOOD AVE,0,NA,Y,A,-,N,NA,NA,NA,NA,NA,NA,NA,NA,NA,N,2,0,1,2,A,-,12,21453,A,N,A,C,A,A,H,-,C,A,0,NA,NA,Y,NA,Y,NA,C,02,1,0,0,0,0,0,0,0,1,-,-,33.92449951171875,-117.21762084960938,RIVERSIDE,MORENO VALLEY,-117.21763610839844,33.9245719909668
84724241,2025,2025-06-13,3300,2025-05-28,650,N7713,NA,3,5,4,3318,0,0,0,NA,0,T32,HWY 74,HAYSTACK RD,0,NA,Y,A,-,Y,NA,NA,NA,NA,NA,NA,NA,NA,NA,Y,4,0,1,2,A,-,12,21453,A,N,D,C,A,A,H,-,A,A,0,NA,NA,NA,Y,Y,NA,A,01,0,0,1,0,0,0,0,0,0,-,-,33.70283126831055,-116.3974609375,RIVERSIDE,PALM DESERT,-116.39739990234376,33.70273208618164
84724242,2025,2025-06-13,3300,2025-06-02,2050,N7132,NA,1,5,4,3318,0,0,0,NA,0,T34,WASHINGTON ST,FRED WARING DR,0,NA,Y,A,-,N,NA,NA,NA,NA,NA,NA,NA,NA,NA,N,4,0,6,3,A,-,03,22350,NA,N,C,C,A,A,H,-,C,A,0,NA,NA,NA,NA,Y,NA,A,01,0,0,6,0,0,0,0,0,0,-,-,33.7288703918457,-116.30404663085938,RIVERSIDE,PALM DESERT,-116.3039779663086,33.7289924621582
84724454,2025,2025-06-13,3300,2025-05-23,1643,5059,NA,5,5,3,3305,0,0,0,NA,0,Y84,GRAPEFRUIT BL,49TH AV,266,N,N,A,-,N,NA,NA,NA,NA,NA,NA,NA,NA,NA,N,4,0,2,2,A,-,06,21755,NA,N,C,C,A,A,H,-,A,A,0,NA,NA,NA,NA,Y,NA,A,01,0,0,2,0,0,0,0,0,0,-,-,33.69306182861328,-116.18521118164063,RIVERSIDE,COACHELLA,-116.18562316894533,33.6934700012207
84725376,2025,2025-06-16,3300,2025-05-15,1835,6172,NA,4,5,4,3344,0,0,0,NA,0,064,CHANDLER ST,HALL AV,438,E,N,A,-,N,NA,NA,NA,NA,NA,NA,NA,NA,NA,N,2,0,1,2,A,-,03,22350,NA,N,C,G,A,A,H,-,A,D,0,NA,Y,NA,NA,Y,NA,M,91,1,0,0,0,0,0,1,0,0,-,-,33.94635009765625,-117.60439300537108,RIVERSIDE,EASTVALE,-117.60303497314452,33.94627380371094
84725569,2025,2025-06-16,3300,2025-04-13,1526,6353,NA,7,5,3,3305,0,0,0,NA,0,Y84,MERITAGE LN,SONOMA LN,20,N,N,A,-,N,NA,NA,NA,NA,NA,NA,NA,NA,NA,N,3,0,1,1,A,-,03,22350,NA,N,F,A,A,A,H,-,A,D,0,NA,NA,Y,NA,Y,NA,C,03,0,1,0,0,0,0,0,0,1,-,-,NA,NA,RIVERSIDE,COACHELLA,-116.15909576416016,33.716453552246094
8472711,2017,2017-11-06,3300,2017-09-05,1801,N3864,603B1,2,5,6,3394,0,0,0,NA,0,034,INDIAN ST,IRIS AV,0,NA,Y,A,-,N,NA,NA,NA,NA,NA,NA,NA,NA,NA,N,4,0,1,2,A,-,08,22107,NA,N,D,C,A,A,H,-,A,D,0,NA,NA,NA,NA,Y,NA,A,07,0,0,1,0,0,0,0,0,0,-,-,33.88832,-117.23492,RIVERSIDE,MORENO VALLEY,-117.23491009,33.88829001
8472739,2017,2017-11-03,3300,2017-09-12,1423,4406,602A7,2,5,6,3394,0,0,0,NA,0,022,ALESSANDRO BL,FREDERICK ST,290,W,N,A,-,N,NA,NA,NA,NA,NA,NA,NA,NA,NA,Y,3,0,1,1,A,-,01,23152,A,N,E,I,A,A,H,-,A,A,0,NA,NA,NA,NA,Y,Y,A,01,0,1,0,0,0,0,0,0,0,-,-,33.91718,-117.26113,RIVERSIDE,MORENO VALLEY,-117.26208258,33.91725848
84728034,2025,2025-08-22,3306,2025-06-02,1523,2877,NA,1,5,3,3306,0,0,0,NA,0,NA,TWO BUNCH PALMS TRL,EL CAJON DR,0,NA,Y,A,-,N,NA,NA,NA,NA,NA,NA,NA,NA,NA,Y,3,0,1,2,A,-,01,23152,A,N,D,C,A,A,H,-,A,D,0,NA,NA,NA,NA,Y,Y,B,07,0,1,0,0,0,0,0,0,0,-,-,NA,NA,RIVERSIDE,DESERT HOT SPRINGS,-116.50462341308594,33.94675827026367
84731237,2025,2025-06-19,3300,2025-06-12,1514,N8056,NA,4,5,6,3394,0,0,0,NA,0,MV24,HEACOCK ST,COTTONWOOD AVE,0,NA,Y,A,-,N,NA,NA,NA,NA,NA,NA,NA,NA,NA,Y,3,0,2,2,D,-,00,NA,NA,N,C,C,A,A,H,-,A,A,0,NA,NA,NA,NA,Y,NA,-,-,0,1,1,0,0,0,0,0,0,-,-,33.92451095581055,-117.24368286132813,RIVERSIDE,MORENO VALLEY,-117.24375915527344,33.92454528808594
84732939,2025,2025-06-20,3300,2025-06-06,1123,3481,NA,5,5,4,3314,0,0,0,NA,0,074,HEWITT ST,COMMONWEALTH AVE,0,NA,Y,A,-,N,NA,NA,NA,NA,NA,NA,NA,NA,NA,Y,3,0,3,2,A,-,12,21453,A,N,D,C,A,A,H,-,A,A,0,NA,NA,NA,NA,Y,NA,A,07,0,2,1,0,0,0,0,0,0,-,-,33.769248962402344,-116.95086669921876,RIVERSIDE,SAN JACINTO,-116.95093536376952,33.76927947998047
84733163,2025,2025-06-20,3349,2025-06-07,1315,340,NA,6,5,5,3341,0,0,0,NA,0,006,MURRIETA RD,MCCALL BLVD,0,NA,Y,A,-,N,NA,NA,NA,NA,NA,NA,NA,NA,NA,Y,3,0,2,5,A,-,01,23152,A,N,D,C,A,A,H,-,A,A,0,NA,NA,NA,NA,Y,Y,D,22,0,1,1,0,0,0,0,0,0,-,-,33.71445083618164,-117.20628356933594,RIVERSIDE,MENIFEE,-117.20626831054688,33.71443176269531
84738254,2025,2025-06-25,3300,2025-06-24,820,4323,NA,2,5,5,3335,0,0,0,NA,0,062,WINCHESTER RD,NICOLAS RD,500,W,N,A,-,N,NA,NA,NA,NA,NA,NA,NA,NA,NA,N,3,0,1,2,A,-,05,21650,1,N,D,G,A,A,H,-,A,A,0,NA,Y,NA,NA,Y,NA,L,04,0,1,0,0,0,0,1,0,0,-,-,33.539371490478516,-117.14469146728516,RIVERSIDE,TEMECULA,-117.14513397216795,33.53798294067383
84738258,2025,2025-06-25,3300,2025-05-31,606,6574,NA,6,5,4,3310,0,0,0,NA,0,051,HAMNER AV,THE WEST CURBLINE OF HAMNER AVENUE,30,E,N,A,-,N,NA,NA,NA,NA,NA,NA,NA,NA,NA,N,3,0,1,2,A,-,08,22107,NA,N,D,C,A,A,H,-,A,D,0,NA,NA,NA,NA,Y,NA,-,31,0,1,0,0,0,0,0,0,0,-,-,33.9090690612793,-117.56163787841795,RIVERSIDE,NORCO,NA,NA
84738278,2025,2025-06-25,3300,2025-06-04,542,N7728,NA,3,5,6,3394,0,0,0,NA,0,MV42,CACTUS AVE,LASSELLE ST,101,E,N,B,-,N,NA,NA,NA,NA,NA,NA,NA,NA,NA,N,4,0,1,2,A,-,03,22350,NA,N,B,C,A,A,H,-,A,A,0,NA,NA,NA,NA,Y,NA,A,07,0,0,1,0,0,0,0,0,0,-,-,33.9097785949707,-117.20899963378906,RIVERSIDE,MORENO VALLEY,-117.20864868164063,33.910099029541016
84741499,2025,2025-06-27,3300,2025-05-29,1619,5162,NA,4,5,6,3345,0,0,0,NA,0,016,MISSION BL,AVALON ST,180,E,N,A,-,N,NA,NA,NA,NA,NA,NA,NA,NA,NA,N,3,0,1,2,A,-,06,21755,A,N,B,C,A,A,H,-,A,D,0,NA,NA,NA,NA,Y,NA,M,94,0,1,0,0,0,0,0,0,0,-,-,33.99842834472656,-117.40994262695313,RIVERSIDE,JURUPA VALLEY,-117.40934753417967,33.998023986816406
8474233,2017,2017-10-25,3313,2017-09-18,0915,1026,N,1,5,7,3313,0,0,0,NA,0,T52,3RD ST,KANSAS AV,0,NA,Y,A,-,N,NA,NA,NA,NA,NA,NA,NA,NA,NA,Y,3,0,2,2,A,-,12,21453,A,N,D,C,A,A,H,-,A,A,0,NA,NA,NA,NA,Y,NA,-,-,0,2,0,0,0,0,0,0,0,-,-,33.98292,-117.35701,RIVERSIDE,RIVERSIDE,-117.35724007,33.98295008
84744965,2025,2025-07-01,3300,2025-05-07,730,4145,NA,3,5,6,3394,0,0,0,NA,0,MV24,SUNNYMEAD BLVD,GRAHAM ST,0,NA,Y,A,-,N,NA,NA,NA,NA,NA,NA,NA,NA,NA,N,4,0,2,2,A,-,01,23152,A,N,D,C,A,A,H,-,A,A,0,NA,NA,NA,NA,Y,Y,A,01,0,0,2,0,0,0,0,0,0,-,-,33.93899154663086,-117.25269317626952,RIVERSIDE,MORENO VALLEY,-117.2527084350586,33.93893814086914
84744971,2025,2025-07-01,3300,2025-06-27,1035,6571,NA,5,5,6,3394,0,0,0,NA,0,MV32,CACTUS AVE,HARBOR FREIGHT,0,NA,Y,A,-,N,NA,NA,NA,NA,NA,NA,NA,NA,NA,Y,4,0,1,2,A,-,12,21453,A,N,D,C,A,A,H,-,A,A,0,NA,NA,NA,NA,Y,NA,A,01,0,0,1,0,0,0,0,0,0,-,-,33.91004180908203,-117.25684356689452,RIVERSIDE,MORENO VALLEY,NA,NA
84746736,2025,2025-07-07,3300,2025-06-28,1718,6599,NA,6,5,6,3394,0,0,0,NA,0,MV36,IRIS AVE,LOS CABOS DR,30,E,N,A,-,N,NA,NA,NA,NA,NA,NA,NA,NA,NA,N,4,0,2,3,A,-,03,22350,NA,F,C,C,A,A,H,-,A,A,0,NA,NA,NA,NA,Y,NA,A,01,0,0,2,0,0,0,0,0,0,-,-,33.88877868652344,-117.21212005615234,RIVERSIDE,MORENO VALLEY,-117.21178436279295,33.889156341552734
84750224,2024,2025-07-07,3300,2024-12-12,1843,3904,NA,4,5,3,3392,0,0,0,NA,0,LA41,JEFFERSON ST,HWY 111,411,N,N,A,-,N,NA,NA,NA,NA,NA,NA,NA,NA,NA,N,4,0,1,2,A,-,05,21650,NA,N,D,G,A,A,H,-,C,D,0,NA,Y,NA,NA,Y,NA,L,04,0,0,1,0,0,0,1,0,0,-,-,33.707271575927734,-116.26866149902344,RIVERSIDE,LA QUINTA,-116.26882934570313,33.708553314208984
84752574,2025,2025-07-08,3300,2025-05-15,2022,N8038,NA,4,5,4,3344,0,0,0,NA,0,064,CHANDLER ST,WALNUT GROVE AV,0,NA,Y,A,-,N,NA,NA,NA,NA,NA,NA,NA,NA,NA,N,4,0,1,2,A,-,12,22450,A,N,B,C,A,A,H,-,C,D,0,NA,NA,NA,NA,Y,NA,-,-,0,0,1,0,0,0,0,0,0,-,-,33.94620895385742,-117.58876800537108,RIVERSIDE,EASTVALE,-117.5888900756836,33.9463005065918
84752601,2025,2025-07-08,3300,2025-06-18,1949,N8467,NA,3,5,6,3394,0,0,0,NA,0,MV14,PIGEON PASS RD,HARLAND DR,0,NA,Y,-,-,N,NA,NA,NA,NA,NA,NA,NA,NA,NA,N,4,0,1,2,A,-,09,21802,A,F,E,I,A,A,H,-,B,A,0,NA,NA,NA,NA,Y,Y,A,01,0,0,1,0,0,0,0,0,0,-,-,33.954410552978516,-117.2602767944336,RIVERSIDE,MORENO VALLEY,-117.2602081298828,33.954227447509766
84752604,2025,2025-07-08,3300,2025-06-23,1927,5486,NA,1,5,6,3394,0,0,0,NA,0,MV34,INDIAN ST,NANDINA AVE,0,NA,Y,A,-,N,NA,NA,NA,NA,NA,NA,NA,NA,NA,N,4,0,1,3,A,-,12,21453,A,N,A,C,A,A,H,-,A,A,0,NA,NA,NA,NA,Y,NA,-,-,0,0,1,0,0,0,0,0,0,-,-,33.86275863647461,-117.23493194580078,RIVERSIDE,MORENO VALLEY,-117.23479461669922,33.866512298583984
84752611,2025,2025-07-08,3300,2025-07-01,1620,6571,NA,2,5,6,3394,0,0,0,NA,0,MV24,EUCALYPTUS AVE,TIERRA CANYON DR,0,NA,Y,A,-,N,NA,NA,NA,NA,NA,NA,NA,NA,NA,Y,4,0,2,2,A,-,09,21801,A,N,D,C,A,A,H,-,A,D,0,NA,NA,NA,NA,Y,NA,A,01,0,0,2,0,0,0,0,0,0,-,-,33.93178939819336,-117.25395965576172,RIVERSIDE,MORENO VALLEY,-117.254150390625,33.93169021606445
84752661,2025,2025-07-08,3308,2025-04-23,1316,11035,NA,3,5,5,3308,0,0,0,NA,0,NORTH,FLORIDA AVE,PROMENADE DR,269,E,N,A,-,N,NA,NA,NA,NA,NA,NA,NA,NA,NA,N,4,0,1,2,A,-,08,22107,NA,N,G,B,C,A,H,-,A,D,0,Y,NA,NA,NA,Y,NA,D,22,0,0,1,0,1,0,0,0,0,-,-,NA,NA,RIVERSIDE,HEMET,NA,NA
84752964,2025,2025-07-08,3349,2025-06-27,701,340,NA,5,5,5,3341,0,0,0,NA,0,002,MENIFEE RD,COASTLINE AVE,10,N,N,A,-,N,NA,NA,NA,NA,NA,NA,NA,NA,NA,Y,3,0,1,2,A,-,01,23152,A,N,G,B,F,A,H,-,A,A,0,Y,NA,NA,NA,Y,Y,A,01,0,1,0,0,1,0,0,0,0,-,-,33.71065139770508,-117.15387725830078,RIVERSIDE,MENIFEE,-117.15393829345705,33.71059799194336
84752965,2025,2025-07-08,3349,2025-06-28,2155,343,NA,6,5,5,3341,0,0,0,NA,0,003,MENIFEE RD,REVIERE DR,21,N,N,A,-,N,NA,NA,NA,NA,NA,NA,NA,NA,NA,N,4,0,1,3,A,-,03,22350,NA,N,C,C,A,A,H,-,C,A,0,NA,NA,NA,NA,Y,NA,A,01,0,0,1,0,0,0,0,0,0,-,-,33.68172073364258,-117.15387725830078,RIVERSIDE,MENIFEE,-117.15383911132813,33.681758880615234
84754711,2025,2025-07-09,3342,2025-06-12,1446,P481,NA,4,5,4,3342,0,0,0,NA,0,004,MURRIETA HOT SPRINGS RD,RT 15 NB ONRAMP (E),188,W,N,A,-,N,NA,NA,NA,NA,NA,NA,NA,NA,NA,Y,4,0,1,3,A,-,05,21650,NA,N,B,C,A,A,H,-,A,A,0,NA,NA,NA,Y,Y,NA,G,26,0,0,1,0,0,0,0,0,0,-,-,33.555091857910156,-117.18991088867188,RIVERSIDE,MURRIETA,-117.19248962402344,33.55474090576172
84757506,2025,2025-07-11,3306,2025-07-08,2335,2927,NA,2,5,3,3306,0,0,0,NA,0,NA,PALM DR,20TH AVE,0,NA,Y,A,-,N,NA,NA,NA,NA,NA,NA,NA,NA,NA,Y,3,0,1,1,A,-,03,22350,NA,N,H,A,A,A,H,-,D,D,0,NA,NA,Y,NA,Y,NA,C,02,0,1,0,0,0,0,0,0,1,-,-,NA,NA,RIVERSIDE,DESERT HOT SPRINGS,-116.5015869140625,33.90321731567383
84759348,2025,2025-07-14,3308,2025-05-27,1242,10379,NA,2,5,5,3308,0,0,0,NA,0,SOUTH,STETSON AVE,ELK ST,0,NA,Y,A,-,N,NA,NA,NA,NA,NA,NA,NA,NA,NA,Y,4,0,3,3,A,-,12,21453,A,N,D,C,A,A,H,-,A,A,0,NA,NA,NA,NA,Y,NA,A,01,0,0,3,0,0,0,0,0,0,-,-,33.72945022583008,-116.98516082763672,RIVERSIDE,HEMET,-116.98509979248048,33.72936248779297
8476712,2017,2017-11-01,3300,2017-09-23,2100,4867,603B5,6,5,6,3394,0,0,0,NA,0,MV34,PERRIS BL,RED MAPLE LN,0,NA,Y,A,-,N,NA,NA,NA,NA,NA,NA,NA,NA,NA,Y,4,0,1,2,A,-,12,21453,A,N,D,C,A,A,H,-,C,A,0,NA,NA,NA,NA,Y,NA,D,22,0,0,1,0,0,0,0,0,0,-,-,33.88471,-117.22624,RIVERSIDE,MORENO VALLEY,-117.22630004,33.8846801
8476974,2017,2017-11-28,3300,2017-09-29,2048,4309,506F,5,5,5,3341,0,0,0,NA,0,056,NEWPORT RD,HAUN RD,250,E,N,A,-,N,NA,NA,NA,NA,NA,NA,NA,NA,NA,N,4,0,1,3,A,-,03,22350,NA,N,C,C,A,A,H,-,C,A,0,NA,NA,NA,NA,Y,NA,A,01,0,0,1,0,0,0,0,0,0,-,-,33.68522,-117.1755,RIVERSIDE,MENIFEE,-117.17471788,33.68498
84773193,2025,2025-07-23,3300,2025-07-07,432,5739,NA,1,5,6,3394,0,0,0,NA,0,MV36,ALESSANDRO BLVD,KITCHING ST,868,E,N,A,-,N,NA,NA,NA,NA,NA,NA,NA,NA,NA,Y,3,0,1,2,A,-,08,22107,NA,N,C,E,A,A,H,-,D,D,0,NA,NA,NA,NA,Y,NA,A,01,0,1,0,0,0,0,0,0,0,-,-,33.94712829589844,-117.21768188476563,RIVERSIDE,MORENO VALLEY,-117.21475982666016,33.91733932495117
84773303,2025,2025-07-23,3300,2025-07-11,1145,6501,NA,5,5,4,3314,0,0,0,NA,0,072,RAMONA BLVD,2ND ST,0,NA,Y,A,-,Y,NA,NA,NA,NA,NA,NA,NA,NA,NA,N,2,0,1,2,A,-,09,21804,A,N,D,C,A,A,H,-,A,D,0,NA,NA,Y,NA,Y,NA,A,01,1,0,0,0,0,0,0,0,1,-,-,33.785789489746094,-116.96112823486328,RIVERSIDE,SAN JACINTO,-116.96116638183594,33.78578567504883
84775216,2025,2025-08-04,3300,2025-07-01,1911,6238,NA,2,5,2,3336,0,0,0,NA,0,021,CHERRY VALLEY BLVD,CALIMESA BLVD,0,NA,Y,A,D,N,NA,NA,NA,NA,NA,NA,NA,NA,NA,Y,3,0,2,2,A,-,01,23153,A,N,C,C,A,A,H,-,A,A,0,NA,NA,NA,NA,Y,Y,A,01,0,2,0,0,0,0,0,0,0,-,-,33.96846008300781,-117.03360748291016,RIVERSIDE,CALIMESA,-117.03370666503906,33.968467712402344
84776333,2025,2025-07-25,3300,2025-07-16,1008,N7117,NA,3,5,4,3312,0,0,0,NA,0,031,REDLANDS AV,SB I215 ON RAMP,0,NA,Y,A,-,N,NA,NA,NA,NA,NA,NA,NA,NA,NA,Y,3,0,2,2,A,-,09,21453,C,N,D,C,A,A,H,-,A,A,0,NA,NA,NA,NA,Y,NA,A,01,0,2,0,0,0,0,0,0,0,-,-,33.7835693359375,-117.216552734375,RIVERSIDE,PERRIS,-117.21640777587892,33.783966064453125
84778610,2025,2025-07-28,3308,2025-06-20,1723,11102,NA,5,5,5,3308,0,0,0,NA,0,NA,STATE ST,DOMENIGONI PKWY,1233,N,N,A,-,N,NA,NA,NA,NA,NA,NA,NA,NA,NA,N,4,0,1,2,A,-,03,22350,NA,N,C,C,A,A,H,-,A,D,0,NA,NA,NA,Y,Y,NA,A,01,0,0,1,0,0,0,0,0,0,-,-,33.702980041503906,-116.97161865234376,RIVERSIDE,HEMET,-116.97139739990234,33.70638656616211
8477981,2017,2017-11-01,3300,2017-09-25,0256,4298,916B,1,5,4,3312,0,0,0,NA,0,032,NUEVO RD,GLENVIEW DR,95,W,N,A,-,N,NA,NA,NA,NA,NA,NA,NA,NA,NA,Y,4,0,2,1,A,-,03,22350,NA,N,E,I,A,A,H,-,C,D,0,NA,NA,NA,NA,Y,NA,A,01,0,0,2,0,0,0,0,0,0,-,-,33.80107,-117.2148,RIVERSIDE,PERRIS,-117.21507126,33.80111585
84780173,2025,2025-07-30,3300,2025-06-28,418,N8101,NA,6,5,4,3312,0,0,0,NA,0,035,4TH ST,A ST,46,E,N,A,-,N,NA,NA,NA,NA,NA,NA,NA,NA,NA,N,4,0,1,2,A,-,03,22350,NA,N,C,C,A,A,H,-,C,A,0,NA,NA,NA,NA,Y,Y,A,01,0,0,1,0,0,0,0,0,0,-,-,33.782379150390625,-117.2347412109375,RIVERSIDE,PERRIS,-117.23461151123048,33.7823486328125
8478194,2017,2017-12-04,3300,2017-10-10,0600,N2646,603A,2,5,6,3394,0,0,0,NA,0,032,CACTUS AV,GRAHAM ST,59,E,N,A,-,N,NA,NA,NA,NA,NA,NA,NA,NA,NA,N,4,0,1,2,A,-,03,22350,NA,M,C,C,A,A,H,-,C,A,0,NA,NA,NA,NA,Y,NA,A,01,0,0,1,0,0,0,0,0,0,-,-,33.91012,-117.2525,RIVERSIDE,MORENO VALLEY,-117.25215617,33.91025731
84781962,2025,2025-07-30,3300,2025-07-27,2345,6562,NA,7,5,6,3394,0,0,0,NA,0,MV16,PERRIS BLVD,KALMIA ST,0,NA,Y,A,-,N,NA,NA,NA,NA,NA,NA,NA,NA,NA,Y,4,0,1,2,A,-,12,21453,A,N,A,C,A,A,H,-,C,A,0,NA,NA,NA,NA,Y,NA,-,-,0,0,1,0,0,0,0,0,0,-,-,33.95376968383789,-117.2260971069336,RIVERSIDE,MORENO VALLEY,-117.22637939453124,33.95401382446289
8478206,2017,2017-12-04,3300,2017-10-10,0815,3774,603A4,2,5,6,3394,0,0,0,NA,0,032,HEACOCK ST,POPPYSTONE DR,371,N,N,A,-,N,NA,NA,NA,NA,NA,NA,NA,NA,NA,Y,4,0,1,2,A,-,08,22100,B,N,B,C,A,A,H,-,A,D,0,NA,NA,NA,NA,Y,NA,M,59,0,0,1,0,0,0,0,0,0,-,-,33.8987,-117.24356,RIVERSIDE,MORENO VALLEY,-117.24357,33.89967633
84782326,2025,2025-07-30,3315,2025-07-11,859,004546,NA,5,5,6,3315,0,0,0,NA,0,003,COMPTON AV,ONTARIO AV,920,N,N,A,-,N,NA,NA,NA,NA,NA,NA,NA,NA,NA,N,4,0,1,2,A,-,09,21804,A,N,D,C,A,A,H,-,A,D,0,NA,NA,NA,NA,Y,NA,A,01,0,0,1,0,0,0,0,0,0,-,-,33.84476852416992,-117.53621673583984,RIVERSIDE,CORONA,-117.53668212890624,33.84516906738281
84783589,2025,2025-07-31,3300,2025-07-09,953,N5095,NA,3,5,2,3316,0,0,0,NA,0,J87,INDIAN WELLS LN,HWY 111,744,N,N,A,-,N,NA,NA,NA,NA,NA,NA,NA,NA,NA,N,3,0,1,2,A,-,03,22350,NA,N,C,E,A,A,H,-,A,D,0,NA,NA,NA,NA,Y,NA,A,01,0,1,0,0,0,0,0,0,0,-,-,33.721500396728516,-116.33007049560548,RIVERSIDE,INDIAN WELLS,-116.3295669555664,33.72350311279297
84785279,2025,2025-08-01,3300,2025-07-12,1408,6405,NA,6,5,4,3318,0,0,0,NA,0,T38,FRANK SINATRA DR,TAMARISK ROW DR,0,NA,Y,A,-,N,NA,NA,NA,NA,NA,NA,NA,NA,NA,Y,3,0,2,1,A,-,03,22350,NA,N,E,I,A,A,H,-,A,D,0,NA,NA,NA,NA,Y,NA,A,01,0,2,0,0,0,0,0,0,0,-,-,33.77272033691406,-116.33415985107422,RIVERSIDE,PALM DESERT,-116.33425903320313,33.772789001464844
84786673,2025,2025-08-04,3300,2025-07-26,1259,6583,NA,6,5,5,3335,0,0,0,NA,0,067,JEDEDIAH SMITH RD,YNEZ RD,20,S,N,A,-,N,NA,NA,NA,NA,NA,NA,NA,NA,NA,N,4,0,1,2,A,-,03,22350,NA,N,C,C,A,A,H,-,A,D,0,NA,NA,NA,NA,Y,NA,A,01,0,0,1,0,0,0,0,0,0,-,-,33.47856903076172,-117.1226806640625,RIVERSIDE,TEMECULA,-117.12264251708984,33.4785270690918
84786680,2025,2025-09-11,3300,2025-07-25,1520,5329,NA,5,5,6,3345,0,0,0,NA,0,020,RUTILE ST,GALENA ST (N),0,NA,Y,A,-,N,NA,NA,NA,NA,NA,NA,NA,NA,NA,Y,3,0,1,1,A,-,01,23152,A,M,E,I,A,A,H,-,A,D,0,NA,NA,NA,NA,Y,Y,A,01,0,1,0,0,0,0,0,0,0,-,-,34.00448989868164,-117.49706268310548,RIVERSIDE,JURUPA VALLEY,-117.4981689453125,34.0031623840332
84787734,2025,2025-08-07,3300,2025-07-08,1855,N8604,NA,2,5,3,3392,0,0,0,NA,0,LA40,WASHINGTON ST,FRED WARING DR,0,NA,Y,A,-,N,NA,NA,NA,NA,NA,NA,NA,NA,NA,N,3,0,1,2,A,-,09,21453,C,N,A,C,A,A,H,-,A,A,0,NA,NA,NA,NA,Y,NA,A,07,0,1,0,0,0,0,0,0,0,-,-,33.728981018066406,-116.30390167236328,RIVERSIDE,LA QUINTA,-116.3039779663086,33.7289924621582
84789130,2025,2025-08-05,3300,2025-07-02,2222,6137,NA,3,5,5,3335,0,0,0,NA,0,064,MEADOWS PKY,MCCABE DR,0,NA,Y,A,-,N,NA,NA,NA,NA,NA,NA,NA,NA,NA,N,2,0,1,2,D,-,00,NA,NA,N,A,C,A,A,H,-,C,A,0,NA,NA,NA,NA,Y,NA,-,-,1,0,0,0,0,0,0,0,0,-,-,33.501319885253906,-117.09583282470705,RIVERSIDE,TEMECULA,-117.09564208984376,33.501312255859375
8479035,2017,2017-10-30,3300,2017-10-04,1230,N600,507G,3,5,5,3341,0,0,0,NA,0,057,MENIFEE RD,REVIERE DR,0,NA,Y,A,-,N,NA,NA,NA,NA,NA,NA,NA,NA,NA,Y,4,0,1,2,A,-,09,21802,A,N,D,C,A,A,H,-,A,A,0,NA,NA,NA,NA,Y,NA,A,07,0,0,1,0,0,0,0,0,0,-,-,33.68173,-117.15385,RIVERSIDE,MENIFEE,-117.15389001,33.6817001
8480168,2017,2018-06-08,3300,2017-10-17,2031,N3765,89A1,2,5,2,3316,0,0,0,NA,0,3J37,RT 111,VILLAGE CENTER DR,42,W,N,A,-,N,NA,NA,NA,NA,NA,NA,NA,NA,NA,Y,3,0,3,2,A,-,01,23152,A,N,C,C,A,A,H,-,C,A,0,NA,NA,NA,NA,Y,Y,A,01,0,2,1,0,0,0,0,0,0,-,-,NA,NA,RIVERSIDE,INDIAN WELLS,-116.35903749,33.72135714