CASE_ID,ACCIDENT_YEAR,PROC_DATE,JURIS,COLLISION_DATE,COLLISION_TIME,OFFICER_ID,REPORTING_DISTRICT,DAY_OF_WEEK,CHP_SHIFT,POPULATION,CNTY_CITY_LOC,SPECIAL_COND,BEAT_TYPE,CHP_BEAT_TYPE,CITY_DIVISION_LAPD,CHP_BEAT_CLASS,BEAT_NUMBER,PRIMARY_RD,SECONDARY_RD,DISTANCE,DIRECTION,INTERSECTION,WEATHER_1,WEATHER_2,STATE_HWY_IND,CALTRANS_COUNTY,CALTRANS_DISTRICT,STATE_ROUTE,ROUTE_SUFFIX,POSTMILE_PREFIX,POSTMILE,LOCATION_TYPE,RAMP_INTERSECTION,SIDE_OF_HWY,TOW_AWAY,COLLISION_SEVERITY,NUMBER_KILLED,NUMBER_INJURED,PARTY_COUNT,PRIMARY_COLL_FACTOR,PCF_CODE_OF_VIOL,PCF_VIOL_CATEGORY,PCF_VIOLATION,PCF_VIOL_SUBSECTION,HIT_AND_RUN,TYPE_OF_COLLISION,MVIW,PED_ACTION,ROAD_SURFACE,ROAD_COND_1,ROAD_COND_2,LIGHTING,CONTROL_DEVICE,CHP_ROAD_TYPE,PEDESTRIAN_ACCIDENT,BICYCLE_ACCIDENT,MOTORCYCLE_ACCIDENT,TRUCK_ACCIDENT,NOT_PRIVATE_PROPERTY,ALCOHOL_INVOLVED,STWD_VEHTYPE_AT_FAULT,CHP_VEHTYPE_AT_FAULT,COUNT_SEVERE_INJ,COUNT_VISIBLE_INJ,COUNT_COMPLAINT_PAIN,COUNT_PED_KILLED,COUNT_PED_INJURED,COUNT_BICYCLIST_KILLED,COUNT_BICYCLIST_INJURED,COUNT_MC_KILLED,COUNT_MC_INJURED,PRIMARY_RAMP,SECONDARY_RAMP,LATITUDE,LONGITUDE,COUNTY,CITY,POINT_X,POINT_Y
84848953,2025,2025-09-18,3300,2025-09-06,2241,4121,NA,6,5,4,3312,0,0,0,NA,0,031,PERRIS BL,RIDER ST,0,NA,Y,A,-,N,NA,NA,NA,NA,NA,NA,NA,NA,NA,Y,4,0,1,2,A,-,12,21453,A,N,D,C,A,A,H,-,C,A,0,NA,NA,NA,NA,Y,NA,A,01,0,0,1,0,0,0,0,0,0,-,-,33.83012008666992,-117.22614288330078,RIVERSIDE,PERRIS,-117.22607421875,33.830081939697266
84850571,2025,2025-09-19,3300,2025-09-14,2136,6053,NA,7,5,4,3312,0,0,0,NA,0,035,GOETZ RD,MAPES RD,0,NA,Y,A,-,N,NA,NA,NA,NA,NA,NA,NA,NA,NA,N,3,0,2,2,A,-,09,21453,C,N,A,C,A,A,H,-,C,A,0,NA,NA,NA,NA,Y,NA,D,22,0,1,1,0,0,0,0,0,0,-,-,33.75754165649414,-117.22348022460938,RIVERSIDE,PERRIS,-117.22364807128906,33.75750732421875
84850995,2025,2025-09-19,3313,2025-09-03,1314,2018,NA,3,5,7,3313,0,0,0,NA,0,T47,MINIER AVE,WHITFORD AVE,296,S,-,A,-,N,NA,NA,NA,NA,NA,NA,NA,NA,NA,N,4,0,1,2,A,-,08,22107,NA,N,B,C,A,A,H,-,A,D,0,NA,NA,NA,NA,Y,NA,D,22,0,0,1,0,0,0,0,0,0,-,-,NA,NA,RIVERSIDE,RIVERSIDE,-117.48526763916016,33.9168586730957
84852435,2025,2025-09-22,3300,2025-09-11,810,N8056,NA,4,5,6,3394,0,0,0,NA,0,MV10,CAHUILLA DR,LASSELLE ST,0,NA,Y,A,-,N,NA,NA,NA,NA,NA,NA,NA,NA,NA,N,4,0,1,2,A,-,17,21208,B,N,E,J,A,A,H,-,A,A,0,NA,NA,NA,NA,Y,NA,M,94,0,0,1,0,0,0,0,0,0,-,-,33.88544845581055,-117.2058334350586,RIVERSIDE,MORENO VALLEY,-117.20526885986328,33.88553237915039
84852791,2025,2025-09-22,3313,2025-09-02,1458,1860,NA,2,5,7,3313,0,0,0,NA,0,T40,ARLINGTON AVE,BARCELONA WAY,149,W,-,A,-,N,NA,NA,NA,NA,NA,NA,NA,NA,NA,N,2,0,2,3,A,-,08,22107,NA,N,B,C,A,A,H,-,A,A,0,NA,NA,Y,NA,Y,NA,A,01,1,0,1,0,0,0,0,0,1,-,-,NA,NA,RIVERSIDE,RIVERSIDE,-117.41472625732422,33.94609069824219
84853845,2025,2025-09-22,3342,2025-09-05,1805,P1357,NA,5,5,4,3342,0,0,0,NA,0,001,KALMIA ST,WASHINGTON AVE,860,E,N,A,-,N,NA,NA,NA,NA,NA,NA,NA,NA,NA,N,3,0,1,2,A,-,03,22350,NA,F,C,C,A,A,H,-,A,D,0,NA,NA,NA,Y,Y,Y,F,26,0,1,0,0,0,0,0,0,0,-,-,33.556400299072266,-117.21729278564452,RIVERSIDE,MURRIETA,-117.21505737304688,33.55796813964844
84855343,2025,2025-09-23,3300,2025-06-14,1724,6320,NA,6,5,6,3345,0,0,0,NA,0,026,LIMONITE AV,PATS RANCH RD,843,W,N,A,-,N,NA,NA,NA,NA,NA,NA,NA,NA,NA,Y,4,0,2,3,A,-,03,22350,NA,N,C,C,A,A,H,-,A,D,0,NA,NA,NA,NA,Y,NA,D,22,0,0,2,0,0,0,0,0,0,-,-,33.97536087036133,-117.5466537475586,RIVERSIDE,JURUPA VALLEY,-117.54648590087892,33.97517013549805
84857147,2025,2025-09-24,3300,2025-05-15,1316,4024,NA,4,5,4,3307,0,0,0,NA,0,093,LAKESHORE DR,WISE ST,194,S,N,A,-,N,NA,NA,NA,NA,NA,NA,NA,NA,NA,Y,2,0,2,2,A,-,09,21804,A,N,D,C,A,A,H,-,A,A,0,NA,NA,NA,NA,Y,NA,A,08,1,1,0,0,0,0,0,0,0,-,-,33.68886947631836,-117.36981201171876,RIVERSIDE,LAKE ELSINORE,-117.369873046875,33.68656921386719
84860637,2025,2025-09-26,3300,2025-09-19,1450,N4187,NA,5,5,4,3312,0,0,0,NA,0,035,4TH ST,PERRIS BL,0,NA,Y,A,-,N,NA,NA,NA,NA,NA,NA,NA,NA,NA,N,3,0,1,2,A,-,09,21800,A,N,D,G,A,A,H,-,A,A,0,NA,Y,NA,NA,Y,NA,D,22,0,1,0,0,0,0,1,0,0,-,-,33.782318115234375,-117.22605895996094,RIVERSIDE,PERRIS,-117.2260971069336,33.782371520996094
84860671,2025,2025-09-26,3300,2025-09-24,614,N8589,NA,3,5,6,3345,0,0,0,NA,0,022,DULLES DR,DE FOREST CIR,1100,N,N,A,-,N,NA,NA,NA,NA,NA,NA,NA,NA,NA,N,3,0,1,2,A,-,08,22107,NA,N,B,E,A,A,H,-,A,D,0,NA,NA,NA,Y,Y,NA,A,07,0,1,0,0,0,0,0,0,0,-,-,34.0205192565918,-117.51789093017578,RIVERSIDE,JURUPA VALLEY,-117.5180206298828,34.024105072021484
84862706,2025,2025-09-29,3313,2025-09-10,1230,1026,NA,3,5,7,3313,0,0,0,NA,0,T52,ARLINGTON AVE,LA SIERRA AVE,347,E,-,A,-,N,NA,NA,NA,NA,NA,NA,NA,NA,NA,N,4,0,1,2,A,-,12,21453,A,M,E,I,A,A,H,-,A,A,0,NA,NA,NA,NA,Y,NA,A,07,0,0,1,0,0,0,0,0,0,-,-,NA,NA,RIVERSIDE,RIVERSIDE,-117.50057983398438,33.94470977783203
84865315,2025,2025-09-30,3300,2025-09-17,1912,N8467,NA,3,5,6,3394,0,0,0,NA,0,MV42,EUCALYPTUS AVE,BARBAZON DR,0,NA,Y,A,-,N,NA,NA,NA,NA,NA,NA,NA,NA,NA,N,4,0,2,2,A,-,09,21804,A,N,A,C,A,A,H,-,D,A,0,NA,NA,NA,NA,Y,NA,A,01,0,0,2,0,0,0,0,0,0,-,-,33.931800842285156,-117.20366668701172,RIVERSIDE,MORENO VALLEY,-117.20376586914063,33.93183517456055
8486615,2017,2017-11-29,3300,2017-10-08,0646,N2646,601E5,7,5,6,3394,0,0,0,NA,0,016,PERRIS BL,IRONWOOD AV,292,N,N,A,-,N,NA,NA,NA,NA,NA,NA,NA,NA,NA,N,4,0,2,2,A,-,09,21801,A,N,D,C,A,A,H,-,A,D,0,NA,NA,NA,NA,Y,NA,A,01,0,0,2,0,0,0,0,0,0,-,-,33.94666,-117.22651,RIVERSIDE,MORENO VALLEY,-117.22647194,33.94746911
84869301,2025,2025-10-02,3315,2025-09-27,2008,005225,NA,6,5,6,3315,0,0,0,NA,0,004,SHIRLEY DR,CRESTVIEW ST,222,S,N,A,-,N,NA,NA,NA,NA,NA,NA,NA,NA,NA,N,3,0,1,1,A,-,13,22515,A,N,E,I,A,B,H,-,C,A,0,NA,NA,NA,NA,Y,NA,D,22,0,1,0,0,0,0,0,0,0,-,-,33.86534881591797,-117.57562255859376,RIVERSIDE,CORONA,-117.57569885253906,33.86474609375
84870653,2025,2025-10-06,3300,2025-09-19,1545,N4187,NA,5,5,4,3312,0,0,0,NA,0,034,4TH ST,D ST,88,E,N,B,-,N,NA,NA,NA,NA,NA,NA,NA,NA,NA,N,2,0,1,2,C,-,18,NA,NA,N,G,B,E,A,H,-,A,A,0,Y,NA,NA,Y,Y,NA,-,-,1,0,0,0,1,0,0,0,0,-,-,33.78240966796875,-117.2285614013672,RIVERSIDE,PERRIS,-117.22859191894533,33.78242111206055
84870676,2025,2025-10-03,3300,2025-09-16,543,3786,NA,2,5,6,3345,0,0,0,NA,0,024,LIMONITE AVE,FELSPAR ST,0,NA,Y,A,-,N,NA,NA,NA,NA,NA,NA,NA,NA,NA,Y,3,0,2,3,A,-,17,21457,B,N,A,C,A,A,H,-,C,A,0,NA,NA,NA,NA,Y,NA,D,22,0,1,1,0,0,0,0,0,0,-,-,33.97584915161133,-117.48416137695313,RIVERSIDE,JURUPA VALLEY,-117.48410034179688,33.97553253173828
84872401,2025,2025-10-06,3300,2025-09-12,1426,N8467,NA,5,5,6,3394,0,0,0,NA,0,MV16,HEACOCK ST,HEMLOCK AVE,251,N,N,A,-,N,NA,NA,NA,NA,NA,NA,NA,NA,NA,N,4,0,1,2,A,-,08,22107,NA,N,D,C,A,A,H,-,A,A,0,NA,NA,NA,NA,Y,NA,A,01,0,0,1,0,0,0,0,0,0,-,-,33.94266128540039,-117.24373626708984,RIVERSIDE,MORENO VALLEY,-117.24378967285156,33.943336486816406
84872655,2025,2025-10-06,3313,2025-09-10,1633,2290,NA,3,5,7,3313,0,0,0,NA,0,T75,SPRUCE ST,IOWA AVE,184,W,-,A,-,N,NA,NA,NA,NA,NA,NA,NA,NA,NA,N,3,0,1,2,A,-,05,21650,1,M,G,G,A,A,H,-,A,D,0,NA,Y,NA,NA,Y,NA,L,04,0,1,0,0,0,0,1,0,0,-,-,NA,NA,RIVERSIDE,RIVERSIDE,-117.34044647216795,33.9902229309082
84875220,2025,2025-10-07,3300,2025-07-25,2148,6376,NA,5,5,5,3335,0,0,0,NA,0,070,REDHAWK PKY,WOLF VALLEY RD,40,N,N,A,-,N,NA,NA,NA,NA,NA,NA,NA,NA,NA,Y,4,0,3,2,A,-,09,21453,C,N,A,C,A,A,H,-,C,A,0,NA,NA,NA,NA,Y,NA,A,01,0,0,3,0,0,0,0,0,0,-,-,33.46799850463867,-117.09564208984376,RIVERSIDE,TEMECULA,-117.09595489501952,33.46809768676758
84877100,2025,2025-10-08,3300,2025-09-14,2240,5680,NA,7,5,6,3394,0,0,0,NA,0,MV22,COTTONWOOD AVE,PAN AM BLVD,110,E,N,A,-,N,NA,NA,NA,NA,NA,NA,NA,NA,NA,Y,3,0,1,3,A,-,01,23152,A,N,C,E,A,A,H,-,C,D,0,NA,NA,NA,NA,Y,Y,A,07,0,1,0,0,0,0,0,0,0,-,-,33.92464828491211,-117.26479339599608,RIVERSIDE,MORENO VALLEY,-117.26445770263672,33.92447280883789
8487947,2017,2017-11-14,3313,2017-10-30,1030,581,5,1,5,7,3313,0,0,0,NA,0,M25,CYPRESS DR,CYPRESS DR 8036,0,NA,N,B,-,N,NA,NA,NA,NA,NA,NA,NA,NA,NA,N,3,0,1,1,B,-,22,NA,NA,N,E,I,A,A,H,-,A,D,0,NA,NA,Y,NA,Y,NA,C,02,0,1,0,0,0,0,0,0,1,-,-,NA,NA,RIVERSIDE,RIVERSIDE,NA,NA
8488040,2017,2017-11-15,3313,2017-10-27,2001,1772,4,5,5,7,3313,0,0,0,NA,0,T45,VAN BUREN BL,CHALLEN AV,37,S,N,A,-,N,NA,NA,NA,NA,NA,NA,NA,NA,NA,Y,3,0,2,2,A,-,03,22350,NA,N,C,C,A,A,H,-,C,A,0,NA,NA,NA,NA,Y,NA,A,01,0,2,0,0,0,0,0,0,0,-,-,33.92903,-117.45359,RIVERSIDE,RIVERSIDE,-117.45358139,33.92879629
84880940,2025,2025-10-10,3315,2025-10-03,1602,004243,NA,5,5,6,3315,0,0,0,NA,0,001,SIXTH ST,LINCOLN AV,0,S,Y,A,-,N,NA,NA,NA,NA,NA,NA,NA,NA,NA,N,3,0,1,2,A,-,21,22106,NA,N,B,C,A,A,H,-,A,A,0,NA,NA,Y,NA,Y,NA,A,07,0,1,0,0,0,0,0,0,0,-,-,33.87725067138672,-117.58329010009766,RIVERSIDE,CORONA,-117.58328247070313,33.87718963623047
84881997,2025,2025-10-13,3300,2025-09-23,1525,N7728,NA,2,5,6,3394,0,0,0,NA,0,MV34,PERRIS BLVD,JOHN F KENNEDY DR,0,NA,Y,A,-,N,NA,NA,NA,NA,NA,NA,NA,NA,NA,N,3,0,1,2,A,-,12,21453,A,N,G,B,B,A,H,-,A,A,0,Y,NA,NA,NA,Y,NA,A,01,0,1,0,0,1,0,0,0,0,-,-,33.90264129638672,-117.22647094726563,RIVERSIDE,MORENO VALLEY,-117.22630310058594,33.902767181396484
84882001,2025,2025-10-13,3300,2025-10-09,1627,N8467,NA,4,5,6,3394,0,0,0,NA,0,MV32,FINLEY DR,BRODIAEA AVE,0,NA,Y,A,-,N,NA,NA,NA,NA,NA,NA,NA,NA,NA,N,4,0,2,2,A,-,09,21802,A,N,D,C,A,A,H,-,A,A,0,NA,NA,NA,NA,Y,NA,A,01,0,0,2,0,0,0,0,0,0,-,-,33.91361999511719,-117.2375030517578,RIVERSIDE,MORENO VALLEY,-117.23764038085938,33.91362762451172
84882740,2025,2025-10-13,3313,2025-09-27,1358,2018,NA,6,5,7,3313,0,0,0,NA,0,T47,IOWA AVE,BLAINE ST,396,S,-,A,-,N,NA,NA,NA,NA,NA,NA,NA,NA,NA,N,4,0,1,2,A,-,09,21804,A,F,D,C,A,A,H,-,A,A,0,NA,NA,NA,NA,Y,NA,D,22,0,0,1,0,0,0,0,0,0,-,-,NA,NA,RIVERSIDE,RIVERSIDE,-117.33989715576172,33.98191452026367
84883244,2025,2025-10-13,3313,2025-10-01,2210,2277,NA,3,5,7,3313,0,0,0,NA,0,1R35,ALESSANDRO BLVD,MISSION GROVE PKWY S,0,NA,-,A,-,N,NA,NA,NA,NA,NA,NA,NA,NA,NA,Y,3,0,2,2,A,-,01,23152,A,N,D,C,A,A,H,-,C,D,0,NA,NA,NA,NA,Y,Y,A,01,0,2,0,0,0,0,0,0,0,-,-,NA,NA,RIVERSIDE,RIVERSIDE,-117.32473754882813,33.91630172729492
84884691,2025,2025-10-14,3300,2025-10-07,1915,5783,NA,2,5,4,3344,0,0,0,NA,0,NA,65TH ST,SUMNER AVE,0,NA,Y,A,-,N,NA,NA,NA,NA,NA,NA,NA,NA,NA,Y,4,0,4,2,A,-,09,21803,A,N,A,C,A,A,H,-,C,A,0,NA,NA,NA,NA,Y,NA,A,07,0,0,4,0,0,0,0,0,0,-,-,33.96784973144531,-117.57534790039063,RIVERSIDE,EASTVALE,-117.57575988769533,33.96807861328125
84884753,2025,2025-10-14,3300,2025-09-25,1700,N7669,NA,4,5,6,3394,0,0,0,NA,0,MV24,SUNNYMEAD BLVD,LORAINE TER,130,W,N,A,-,N,NA,NA,NA,NA,NA,NA,NA,NA,NA,N,4,0,2,2,A,-,09,21804,A,N,D,C,A,A,H,-,A,D,0,NA,NA,NA,NA,Y,NA,A,01,0,0,2,0,0,0,0,0,0,-,-,33.939048767089844,-117.24545288085938,RIVERSIDE,MORENO VALLEY,-117.245849609375,33.93901443481445
8488494,2017,2017-12-05,3300,2017-10-25,0004,5192,NA,3,5,5,3335,0,0,0,NA,0,NA,JEFFERSON AV,VIA MONTEZUMA,180,S,N,A,-,N,NA,NA,NA,NA,NA,NA,NA,NA,NA,N,3,0,1,2,A,-,11,21954,A,N,G,B,D,A,H,-,C,D,0,Y,NA,NA,NA,Y,NA,N,60,0,1,0,0,1,0,0,0,0,-,-,33.51135,-117.15824,RIVERSIDE,TEMECULA,-117.15775029,33.51101353
8488501,2017,2017-11-22,3309,2017-09-17,2500,294,3309,7,5,4,3309,0,0,0,NA,0,001,FARGO ST,INDIO BL,0,NA,Y,A,-,N,NA,NA,NA,NA,NA,NA,NA,NA,NA,Y,4,0,1,1,A,-,01,23152,NA,N,E,I,A,A,H,-,A,D,0,NA,NA,NA,NA,Y,Y,A,01,0,0,1,0,0,0,0,0,0,-,-,NA,NA,RIVERSIDE,INDIO,-116.21688006,33.72099001
8488509,2017,2017-11-22,3309,2017-09-20,1802,180,3309,3,5,4,3309,0,0,0,NA,0,002,AVE 44,YUCCA ST,0,NA,Y,A,-,N,NA,NA,NA,NA,NA,NA,NA,NA,NA,Y,4,0,2,2,A,-,09,21804,A,N,A,C,A,A,H,-,A,D,0,NA,NA,NA,NA,Y,NA,A,01,0,0,2,0,0,0,0,0,0,-,-,NA,NA,RIVERSIDE,INDIO,-116.2286201,33.72943005
8488622,2017,2017-12-07,3300,2017-10-23,0530,N4815,508B,1,5,5,3341,0,0,0,NA,0,058,BUNDY CANYON RD,WRIGHT RD,603,E,N,A,-,N,NA,NA,NA,NA,NA,NA,NA,NA,NA,Y,3,0,1,1,A,-,08,22107,NA,N,E,I,A,A,H,-,D,D,0,NA,NA,NA,NA,Y,NA,A,01,0,1,0,0,0,0,0,0,0,-,-,33.6415,-117.20645,RIVERSIDE,MENIFEE,-117.21547252,33.64209958
84888647,2025,2025-10-16,3300,2025-10-09,2102,N6763,NA,4,5,3,3392,0,0,0,NA,0,LA41,WASHINGTON ST,HWY 111,0,NA,Y,A,-,N,NA,NA,NA,NA,NA,NA,NA,NA,NA,Y,3,0,2,2,A,-,09,21453,C,N,D,C,A,A,H,-,C,A,0,NA,NA,NA,NA,Y,NA,A,01,0,2,0,0,0,0,0,0,0,-,-,33.71514892578125,-116.29502868652344,RIVERSIDE,LA QUINTA,-116.29499053955078,33.71527862548828
84888651,2025,2025-10-16,3300,2025-10-10,2057,N6763,NA,5,5,3,3392,0,0,0,NA,0,LA43,CALLE CHIHUAHUA,AVENIDA RAMIREZ,0,NA,Y,A,-,N,NA,NA,NA,NA,NA,NA,NA,NA,NA,N,3,0,2,2,A,-,09,21800,A,N,D,C,A,A,H,-,D,A,0,NA,NA,NA,NA,Y,NA,A,07,0,1,1,0,0,0,0,0,0,-,-,33.66341018676758,-116.3115005493164,RIVERSIDE,LA QUINTA,-116.31150817871094,33.66341018676758
84890402,2025,2025-10-17,3300,2025-10-11,2023,5779,NA,6,5,6,3394,0,0,0,NA,0,MV22,VALLEY SPRINGS PKWY,EUCALYPTUS AVE,0,NA,Y,A,-,N,NA,NA,NA,NA,NA,NA,NA,NA,NA,N,4,0,1,2,A,-,03,22350,NA,F,C,C,A,A,H,-,C,A,0,NA,NA,NA,NA,Y,NA,A,01,0,0,1,0,0,0,0,0,0,-,-,33.93143081665039,-117.28572845458984,RIVERSIDE,MORENO VALLEY,-117.28575134277344,33.93141174316406
8489611,2017,2017-11-21,3308,2017-08-23,0815,10673,504,3,5,5,3308,0,0,0,NA,0,NORTH,MENLO AV,BRISBANE ST,0,NA,Y,A,-,N,NA,NA,NA,NA,NA,NA,NA,NA,NA,N,4,0,1,2,A,-,10,21950,A,N,G,B,B,A,H,-,A,A,0,Y,NA,NA,NA,Y,NA,D,22,0,0,1,0,1,0,0,0,0,-,-,33.75636,-117.00762,RIVERSIDE,HEMET,-117.01116012,33.75813001
84896904,2025,2025-10-22,3300,2025-09-18,147,5585,NA,4,5,6,3345,0,0,0,NA,0,014,MISSION BLVD,GOLDEN WEST AVE,181,E,N,A,-,N,NA,NA,NA,NA,NA,NA,NA,NA,NA,Y,3,0,1,1,A,-,08,22107,NA,N,E,I,A,B,H,-,C,D,0,NA,NA,NA,NA,Y,NA,A,01,0,1,0,0,0,0,0,0,0,-,-,34.008419036865234,-117.42960357666016,RIVERSIDE,JURUPA VALLEY,-117.42900848388672,34.00796890258789
84898638,2025,2025-10-23,3300,2025-10-17,820,4867,NA,5,5,6,3394,0,0,0,NA,0,MV32,SUN VALLEY RD,PEPPER CT,0,NA,Y,A,-,N,NA,NA,NA,NA,NA,NA,NA,NA,NA,Y,4,0,2,3,A,-,09,21800,B,N,D,C,A,A,H,-,A,D,0,NA,NA,NA,NA,Y,NA,A,08,0,0,2,0,0,0,0,0,0,-,-,33.90324020385742,-117.23985290527344,RIVERSIDE,MORENO VALLEY,-117.23990631103516,33.90325164794922
8489996,2017,2017-12-19,3313,2017-10-25,1711,1073,2,3,5,7,3313,0,0,0,NA,0,M31,PARK AV,13TH ST,0,NA,Y,A,-,N,NA,NA,NA,NA,NA,NA,NA,NA,NA,N,4,0,2,2,A,-,09,21800,A,N,D,C,A,A,H,-,A,A,0,NA,NA,NA,NA,Y,NA,-,-,0,0,2,0,0,0,0,0,0,-,-,33.97259,-117.36777,RIVERSIDE,RIVERSIDE,-117.36783006,33.97255
8490107,2017,2017-11-17,3300,2017-08-28,1801,5009,901D,1,5,4,3310,0,0,0,NA,0,051,HAMNER AV,2ND ST,505,S,N,A,-,N,NA,NA,NA,NA,NA,NA,NA,NA,NA,Y,3,0,1,2,A,-,08,22107,NA,N,A,C,A,A,H,-,A,D,0,NA,NA,NA,NA,Y,NA,A,01,0,1,0,0,0,0,0,0,0,-,-,NA,NA,RIVERSIDE,NORCO,-117.56135419,33.90811679
84901937,2025,2025-10-27,3300,2025-10-15,1424,5104,NA,3,5,5,3335,0,0,0,NA,0,NA,MARGARITA RD,RANCHO CALIFORNIA RD,380,S,N,A,-,N,NA,NA,NA,NA,NA,NA,NA,NA,NA,N,3,0,1,1,A,-,03,22350,NA,N,H,A,A,A,H,-,A,D,0,NA,Y,NA,NA,Y,NA,L,04,0,1,0,0,0,0,1,0,0,-,-,33.50783157348633,-117.12451171875,RIVERSIDE,TEMECULA,-117.12456512451172,33.50697326660156
8490263,2017,2017-11-29,3300,2017-10-07,0900,3819,905C,6,5,4,3307,0,0,0,NA,0,090,RAILROAD CANYON RD,SUMMERHILL DR,0,NA,Y,A,-,N,NA,NA,NA,NA,NA,NA,NA,NA,NA,N,4,0,1,2,A,-,12,21453,A,N,D,C,A,A,H,-,A,A,0,NA,NA,NA,NA,Y,NA,A,07,0,0,1,0,0,0,0,0,0,-,-,33.66347,-117.29771,RIVERSIDE,LAKE ELSINORE,-117.2978901,33.66351002
8490276,2017,2017-11-28,3311,2017-10-28,0301,16067,DESER,6,5,4,3311,0,0,0,NA,0,005,SOUTH SUNRISE WY,OCOTILLO AV,117,N,N,A,-,N,NA,NA,NA,NA,NA,NA,NA,NA,NA,N,2,0,1,2,A,-,03,22350,NA,F,G,G,A,A,H,-,D,D,0,NA,Y,NA,NA,Y,NA,A,07,1,0,0,0,0,0,1,0,0,-,-,NA,NA,RIVERSIDE,PALM SPRINGS,-116.52824,33.80718022
84902797,2025,2025-10-27,3313,2025-10-09,2045,2095,NA,4,5,7,3313,0,0,0,NA,0,3R44,ARLINGTON AVE,MC MAHON ST,0,NA,-,A,-,N,NA,NA,NA,NA,NA,NA,NA,NA,NA,N,4,0,4,2,A,-,09,21801,A,N,D,C,A,A,H,-,C,D,0,NA,NA,NA,NA,Y,NA,A,01,0,0,4,0,0,0,0,0,0,-,-,NA,NA,RIVERSIDE,RIVERSIDE,-117.38346099853516,33.94636154174805
8490280,2017,2017-11-29,3311,2017-10-28,0204,16067,3311,6,5,4,3311,0,0,0,NA,0,005,EAST TWIN PALMS DR,SOUTH PALM CANYON DR,54,E,N,A,-,N,NA,NA,NA,NA,NA,NA,NA,NA,NA,Y,2,0,5,1,A,-,01,23152,A,N,E,I,A,A,H,-,D,D,0,NA,NA,NA,NA,Y,Y,A,01,1,0,4,0,0,0,0,0,0,-,-,NA,NA,RIVERSIDE,PALM SPRINGS,-116.54543298,33.80002148
84902975,2025,2025-10-27,3306,2025-10-04,1917,2927,NA,6,5,3,3306,0,0,0,NA,0,NA,LITTLE MORONGO RD,PIERSON BLVD,0,NA,N,A,-,N,NA,NA,NA,NA,NA,NA,NA,NA,NA,N,3,0,1,2,A,-,03,22350,NA,N,C,C,A,A,H,-,D,D,0,NA,NA,Y,NA,Y,NA,C,03,0,1,0,0,0,0,0,0,1,-,-,33.96144104003906,-116.52767181396484,RIVERSIDE,DESERT HOT SPRINGS,-116.52767181396484,33.961490631103516
84906934,2025,2025-10-29,3315,2025-10-28,1242,005573,NA,2,5,6,3315,0,0,0,NA,0,002,GRIFFIN WY,MCKINLEY ST,261,E,N,A,-,N,NA,NA,NA,NA,NA,NA,NA,NA,NA,N,4,0,2,2,A,-,09,21801,A,N,D,C,A,A,H,-,A,D,0,NA,NA,NA,NA,Y,NA,A,07,0,0,2,0,0,0,0,0,0,-,-,33.88703918457031,-117.51947021484376,RIVERSIDE,CORONA,-117.5188446044922,33.88893508911133
84911490,2025,2025-11-04,3300,2025-10-21,1154,5199,NA,2,5,5,3335,0,0,0,NA,0,067,DE PORTOLA RD,MARGARITA RD,0,NA,Y,A,-,N,NA,NA,NA,NA,NA,NA,NA,NA,NA,Y,3,0,4,3,A,-,12,21453,A,N,D,C,A,A,H,-,A,A,0,NA,NA,NA,NA,Y,NA,D,22,0,1,3,0,0,0,0,0,0,-,-,33.48398971557617,-117.10285186767578,RIVERSIDE,TEMECULA,-117.10299682617188,33.48410415649414
84911948,2025,2025-11-05,3315,2025-09-24,2045,003282,NA,3,5,6,3315,0,0,0,NA,0,004,VIA DEL RIO,AVENIDA DEL VISTA,0,NA,Y,A,-,N,NA,NA,NA,NA,NA,NA,NA,NA,NA,Y,3,0,1,3,A,-,09,21801,A,N,A,C,A,A,H,-,C,A,0,NA,NA,NA,NA,Y,NA,A,01,0,1,0,0,0,0,0,0,0,-,-,33.87118911743164,-117.60179901123048,RIVERSIDE,CORONA,-117.60169219970705,33.871131896972656
84912043,2025,2025-11-05,3309,2025-08-22,33,W2406,NA,5,5,4,3309,0,0,0,NA,0,003,MONROE ST,DOCTOR CARREON BL,0,NA,Y,-,-,N,NA,NA,NA,NA,NA,NA,NA,NA,NA,N,2,0,1,2,A,-,05,21202,NA,N,D,G,A,A,H,-,C,A,0,NA,Y,NA,NA,Y,NA,L,04,1,0,0,0,0,0,1,0,0,-,-,33.70743179321289,-116.23387908935548,RIVERSIDE,INDIO,-116.23387145996094,33.707401275634766
84912045,2025,2025-11-05,3309,2025-09-10,1324,W2408,NA,3,5,4,3309,0,0,0,NA,0,001,SMURR ST,INDIO BLV,0,NA,Y,A,-,N,NA,NA,NA,NA,NA,NA,NA,NA,NA,Y,3,0,1,2,A,-,05,21650,1,N,D,G,A,A,H,-,A,A,0,NA,Y,NA,NA,Y,NA,L,04,0,1,0,0,0,0,1,0,0,-,-,33.72174072265625,-116.21810913085938,RIVERSIDE,INDIO,-116.21813201904295,33.721622467041016
84912354,2025,2025-11-05,3313,2025-10-17,1353,2294,NA,5,5,7,3313,0,0,0,NA,0,T71,RIVERSIDE AVE,CENTRAL AVE,0,NA,-,A,-,N,NA,NA,NA,NA,NA,NA,NA,NA,NA,N,4,0,1,2,C,-,18,NA,NA,N,D,C,A,A,H,-,A,A,0,NA,NA,NA,NA,Y,NA,-,-,0,0,1,0,0,0,0,0,0,-,-,NA,NA,RIVERSIDE,RIVERSIDE,-117.387939453125,33.95357894897461
84912544,2025,2025-11-06,3309,2025-09-24,710,W2409,NA,3,5,4,3309,0,0,0,NA,0,003,DOCTOR CARREON BL,MONROE ST,693,E,N,A,-,N,NA,NA,NA,NA,NA,NA,NA,NA,NA,Y,2,0,1,2,A,-,17,21208,B,N,C,G,A,A,H,-,A,A,0,NA,Y,NA,NA,Y,NA,L,04,1,0,0,0,0,0,1,0,0,-,-,33.707420349121094,-116.23387145996094,RIVERSIDE,INDIO,-116.23160552978516,33.707420349121094