CASE_ID,ACCIDENT_YEAR,PROC_DATE,JURIS,COLLISION_DATE,COLLISION_TIME,OFFICER_ID,REPORTING_DISTRICT,DAY_OF_WEEK,CHP_SHIFT,POPULATION,CNTY_CITY_LOC,SPECIAL_COND,BEAT_TYPE,CHP_BEAT_TYPE,CITY_DIVISION_LAPD,CHP_BEAT_CLASS,BEAT_NUMBER,PRIMARY_RD,SECONDARY_RD,DISTANCE,DIRECTION,INTERSECTION,WEATHER_1,WEATHER_2,STATE_HWY_IND,CALTRANS_COUNTY,CALTRANS_DISTRICT,STATE_ROUTE,ROUTE_SUFFIX,POSTMILE_PREFIX,POSTMILE,LOCATION_TYPE,RAMP_INTERSECTION,SIDE_OF_HWY,TOW_AWAY,COLLISION_SEVERITY,NUMBER_KILLED,NUMBER_INJURED,PARTY_COUNT,PRIMARY_COLL_FACTOR,PCF_CODE_OF_VIOL,PCF_VIOL_CATEGORY,PCF_VIOLATION,PCF_VIOL_SUBSECTION,HIT_AND_RUN,TYPE_OF_COLLISION,MVIW,PED_ACTION,ROAD_SURFACE,ROAD_COND_1,ROAD_COND_2,LIGHTING,CONTROL_DEVICE,CHP_ROAD_TYPE,PEDESTRIAN_ACCIDENT,BICYCLE_ACCIDENT,MOTORCYCLE_ACCIDENT,TRUCK_ACCIDENT,NOT_PRIVATE_PROPERTY,ALCOHOL_INVOLVED,STWD_VEHTYPE_AT_FAULT,CHP_VEHTYPE_AT_FAULT,COUNT_SEVERE_INJ,COUNT_VISIBLE_INJ,COUNT_COMPLAINT_PAIN,COUNT_PED_KILLED,COUNT_PED_INJURED,COUNT_BICYCLIST_KILLED,COUNT_BICYCLIST_INJURED,COUNT_MC_KILLED,COUNT_MC_INJURED,PRIMARY_RAMP,SECONDARY_RAMP,LATITUDE,LONGITUDE,COUNTY,CITY,POINT_X,POINT_Y
8497827,2017,2017-12-18,3313,2017-11-16,1450,1523,4,4,5,7,3313,0,0,0,NA,0,M22,VAN BUREN BL,PRIMROSE DR,63,N,N,B,-,N,NA,NA,NA,NA,NA,NA,NA,NA,NA,N,4,0,1,2,A,-,03,22350,NA,M,C,C,A,A,H,-,A,A,0,NA,NA,NA,NA,Y,NA,A,01,0,0,1,0,0,0,0,0,0,-,-,33.91713,-117.4441,RIVERSIDE,RIVERSIDE,-117.4440278,33.91726197
84978660,2025,2025-12-19,3300,2025-11-28,2300,N7168,NA,5,5,3,3305,0,0,0,NA,0,Y80,AVE 50TH X VAN BUREN ST,CALLE PUERTA DEL SOL,0,NA,Y,A,-,N,NA,NA,NA,NA,NA,NA,NA,NA,NA,N,3,0,1,2,A,-,08,22107,NA,F,D,G,A,A,H,-,C,D,0,NA,Y,NA,NA,Y,NA,-,99,0,1,0,0,0,0,1,0,0,-,-,NA,NA,RIVERSIDE,COACHELLA,NA,NA
84978779,2025,2025-12-19,3313,2025-11-22,2030,2301,NA,6,5,7,3313,0,0,0,NA,0,3R48,VAN BUREN BLVD,JURUPA AVE,0,NA,-,B,-,N,NA,NA,NA,NA,NA,NA,NA,NA,NA,Y,3,0,2,2,A,-,08,22107,NA,N,D,C,A,A,H,-,C,A,0,NA,NA,NA,NA,Y,NA,A,01,0,1,1,0,0,0,0,0,0,-,-,NA,NA,RIVERSIDE,RIVERSIDE,-117.4616470336914,33.9587287902832
84978797,2025,2025-12-19,3313,2025-12-06,1739,2123,NA,6,5,7,3313,0,0,0,NA,0,3R40,JURUPA AVE,COLUMBUS AVE (E),0,NA,-,A,-,N,NA,NA,NA,NA,NA,NA,NA,NA,NA,Y,4,0,1,2,A,-,08,22107,NA,N,D,C,A,A,H,-,C,A,0,NA,NA,NA,NA,Y,NA,A,01,0,0,1,0,0,0,0,0,0,-,-,NA,NA,RIVERSIDE,RIVERSIDE,-117.4415283203125,33.960670471191406
84978822,2025,2025-12-19,3315,2025-12-12,1838,004243,NA,5,5,6,3315,0,0,0,NA,0,004,AVENIDA DEL VISTA,DAWN RIDGE DR,0,NA,Y,A,-,N,NA,NA,NA,NA,NA,NA,NA,NA,NA,N,3,0,1,2,A,-,09,21802,A,N,D,G,A,A,H,-,A,D,0,NA,Y,NA,NA,Y,NA,A,01,0,1,0,0,0,0,1,0,0,-,-,33.86708068847656,-117.60353088378906,RIVERSIDE,CORONA,-117.6033935546875,33.867637634277344
84980077,2025,2025-12-22,3300,2025-12-05,1619,6201,NA,5,5,6,3394,0,0,0,NA,0,MV12,RECHE VISTA DR,HEACOCK ST,144,N,N,A,-,N,NA,NA,NA,NA,NA,NA,NA,NA,NA,Y,3,0,4,4,A,-,03,22350,NA,N,C,C,A,A,H,-,B,A,0,NA,NA,NA,NA,Y,NA,A,01,0,4,0,0,0,0,0,0,0,-,-,33.97595977783203,-117.2341079711914,RIVERSIDE,MORENO VALLEY,-117.23432159423828,33.97627639770508
84980129,2025,2025-12-22,3308,2025-11-17,1456,11046,NA,1,5,5,3308,0,0,0,NA,0,SOUTH,MAYBERRY AVE,TAHQUITZ AVE (W),52,W,N,A,-,N,NA,NA,NA,NA,NA,NA,NA,NA,NA,N,3,0,1,2,A,-,05,21202,NA,N,B,E,A,A,H,-,A,D,0,NA,Y,NA,NA,Y,NA,L,04,0,1,0,0,0,0,1,0,0,-,-,NA,NA,RIVERSIDE,HEMET,-116.97860717773438,33.74022674560547
84980308,2025,2025-12-22,3342,2025-12-01,1115,P1288,NA,1,5,4,3342,0,0,0,NA,0,003,WHITEWOOD RD,BAXTER RD,0,NA,Y,A,-,N,NA,NA,NA,NA,NA,NA,NA,NA,NA,Y,3,0,1,2,A,-,12,21453,A,N,D,C,A,A,H,-,A,A,0,NA,NA,NA,NA,Y,NA,A,01,0,1,0,0,0,0,0,0,0,-,-,33.61220932006836,-117.16246795654295,RIVERSIDE,MURRIETA,-117.16259765625,33.61222839355469
84980335,2025,2025-12-22,3313,2025-11-24,1931,1860,NA,1,5,7,3313,0,0,0,NA,0,T40,EAST LA CADENA DR,THORNTON ST,0,NA,-,A,-,N,NA,NA,NA,NA,NA,NA,NA,NA,NA,N,4,0,1,2,A,-,09,21802,A,N,D,C,A,A,H,-,C,A,0,NA,NA,NA,NA,Y,NA,A,01,0,0,1,0,0,0,0,0,0,-,-,NA,NA,RIVERSIDE,RIVERSIDE,-117.35552978515624,33.9954948425293
8498182,2017,2017-12-12,3315,2017-11-06,1045,002504,3A,1,5,6,3315,0,0,0,NA,0,002,VICTORIA AV,8TH ST,0,NA,Y,B,-,N,NA,NA,NA,NA,NA,NA,NA,NA,NA,Y,4,0,2,2,A,-,12,22450,A,N,D,C,A,A,H,-,A,A,0,NA,NA,NA,NA,Y,NA,A,01,0,0,2,0,0,0,0,0,0,-,-,NA,NA,RIVERSIDE,CORONA,-117.56423009,33.87300006
84983226,2025,2025-12-23,3313,2025-12-08,1700,2320,NA,1,5,7,3313,0,0,0,NA,0,T74,MAGNOLIA AVE,TIBBBETTS ST,0,NA,-,A,-,N,NA,NA,NA,NA,NA,NA,NA,NA,NA,Y,4,0,2,3,A,-,12,21453,A,N,D,C,A,A,H,-,C,A,0,NA,NA,NA,NA,Y,NA,A,01,0,0,2,0,0,0,0,0,0,-,-,NA,NA,RIVERSIDE,RIVERSIDE,-117.40035247802734,33.94738006591797
84984668,2025,2025-12-24,3300,2025-11-22,1932,N8589,NA,6,5,4,3344,0,0,0,NA,0,062,SUMNER AVE,65TH ST,0,NA,Y,A,-,N,NA,NA,NA,NA,NA,NA,NA,NA,NA,N,3,0,2,2,A,-,08,22107,NA,N,D,C,A,A,H,-,C,A,0,NA,NA,NA,NA,Y,NA,D,22,0,2,0,0,0,0,0,0,0,-,-,33.968170166015625,-117.5756378173828,RIVERSIDE,EASTVALE,-117.57575988769533,33.96807861328125
84984685,2025,2025-12-24,3300,2025-12-14,1901,6164,NA,7,5,6,3345,0,0,0,NA,0,026,LIMONITE AVE,ETIWANDA AVE,154,E,N,A,-,N,NA,NA,NA,NA,NA,NA,NA,NA,NA,Y,3,0,1,2,A,-,09,21804,A,N,D,C,A,A,H,-,C,D,0,NA,NA,Y,NA,Y,NA,A,01,0,1,0,0,0,0,0,0,1,-,-,33.975589752197266,-117.52337646484376,RIVERSIDE,JURUPA VALLEY,-117.52280426025392,33.97544860839844
84986496,2025,2025-12-25,3315,2025-12-22,1305,005439,NA,1,5,6,3315,0,0,0,NA,0,002,SIXTH ST,EL SOBRANTE RD,0,NA,Y,A,-,N,NA,NA,NA,NA,NA,NA,NA,NA,NA,Y,3,0,2,3,A,-,12,21453,A,N,D,C,A,A,H,-,A,A,0,NA,NA,NA,NA,Y,NA,A,01,0,1,1,0,0,0,0,0,0,-,-,33.87419891357422,-117.54606628417967,RIVERSIDE,CORONA,-117.5461196899414,33.87431716918945
84986672,2025,2025-12-26,3300,2025-12-12,50,6616,NA,5,5,4,3318,0,0,0,NA,0,S20,HWY 111,OCOTILLO DR,77,W,N,A,-,Y,NA,NA,NA,NA,NA,NA,NA,NA,NA,Y,3,0,1,1,A,-,08,22107,NA,N,E,I,A,A,H,-,C,A,0,NA,NA,NA,NA,Y,Y,A,07,0,1,0,0,0,0,0,0,0,-,-,33.73836135864258,-116.4098892211914,RIVERSIDE,PALM DESERT,-116.41020965576172,33.738643646240234
84988210,2025,2025-12-29,3313,2025-12-16,750,2364,NA,2,5,7,3313,0,0,0,NA,0,T74,JURUPA AVE,PALM AVE,859,W,-,A,-,N,NA,NA,NA,NA,NA,NA,NA,NA,NA,Y,4,0,1,2,A,-,08,22107,NA,N,B,D,A,A,H,-,A,D,0,NA,NA,NA,NA,Y,NA,A,01,0,0,1,0,0,0,0,0,0,-,-,NA,NA,RIVERSIDE,RIVERSIDE,-117.40390014648438,33.9611930847168
84988428,2025,2025-12-29,3309,2025-12-08,801,W2113,NA,1,5,4,3309,0,0,0,NA,0,005,CLINTON ST,FRED WARING DR,282,S,N,A,-,N,NA,NA,NA,NA,NA,NA,NA,NA,NA,N,4,0,1,2,A,-,11,21954,A,N,G,B,D,A,H,-,A,A,0,Y,NA,NA,NA,Y,NA,N,60,0,0,1,0,1,0,0,0,0,-,-,33.729400634765625,-116.24278259277344,RIVERSIDE,INDIO,-116.24273681640624,33.72850036621094
84992748,2024,2026-01-01,3300,2024-11-12,1847,5585,NA,2,5,6,3345,0,0,0,NA,0,014,OPAL ST,MISSION BLVD,473,S,N,A,-,N,NA,NA,NA,NA,NA,NA,NA,NA,NA,Y,1,1,0,2,A,-,11,21954,A,N,G,B,D,A,H,-,C,D,0,Y,NA,NA,NA,Y,NA,N,60,0,0,0,1,0,0,0,0,0,-,-,34.0041389465332,-117.42392730712892,RIVERSIDE,JURUPA VALLEY,-117.4253158569336,34.00461959838867
84993158,2025,2025-12-31,3313,2025-11-26,1319,2018,NA,3,5,7,3313,0,0,0,NA,0,T47,VAN BUREN BLVD,LINCOLN AVE,345,N,-,B,-,N,NA,NA,NA,NA,NA,NA,NA,NA,NA,N,4,0,1,2,A,-,08,22107,NA,N,B,C,A,A,H,-,A,A,0,NA,NA,NA,NA,Y,NA,A,01,0,0,1,0,0,0,0,0,0,-,-,NA,NA,RIVERSIDE,RIVERSIDE,-117.43706512451172,33.908653259277344
8499362,2017,2017-12-07,3313,2017-11-01,1835,1772,2,3,5,7,3313,0,0,0,NA,0,T45,BLAINE ST,IOWA AV,114,W,N,A,-,N,NA,NA,NA,NA,NA,NA,NA,NA,NA,N,4,0,1,2,A,-,03,22350,NA,M,C,C,A,A,H,-,B,A,0,NA,NA,NA,NA,Y,NA,A,01,0,0,1,0,0,0,0,0,0,-,-,33.98304,-117.34004,RIVERSIDE,RIVERSIDE,-117.34027485,33.98299365
84996909,2025,2026-01-05,3309,2025-12-10,2124,W2107,NA,3,5,4,3309,0,0,0,NA,0,004,HIGHWAY 111,JEFFERSON ST,50,W,N,A,-,N,NA,NA,NA,NA,NA,NA,NA,NA,NA,N,4,0,1,3,A,-,03,22350,NA,N,C,C,A,A,H,-,C,A,0,NA,NA,NA,NA,Y,NA,D,22,0,0,1,0,0,0,0,0,0,-,-,33.707401275634766,-116.26873779296876,RIVERSIDE,INDIO,-116.26900482177734,33.707435607910156
84996924,2025,2026-01-05,3300,2025-12-26,1153,N6000,NA,5,5,3,3343,0,0,0,NA,0,083,WILDOMAR TRAIL,I-15 SB OFFRAMP,550,W,N,B,C,N,NA,NA,NA,NA,NA,NA,NA,NA,NA,N,3,0,1,2,A,-,09,21802,A,N,D,C,A,B,H,-,A,A,0,NA,NA,NA,NA,Y,NA,A,07,0,1,0,0,0,0,0,0,0,-,-,NA,NA,RIVERSIDE,WILDOMAR,-117.26148223876952,33.61235046386719
84999835,2025,2026-01-06,3300,2025-12-16,851,6107,NA,2,5,6,3394,0,0,0,NA,0,NA,LASSELLE ST,JOHN F KENNEDY DR,0,NA,Y,A,-,N,NA,NA,NA,NA,NA,NA,NA,NA,NA,Y,4,0,3,2,A,-,12,21453,A,N,D,C,A,A,H,-,A,A,0,NA,NA,NA,NA,Y,Y,A,01,0,0,3,0,0,0,0,0,0,-,-,33.90279006958008,-117.20919036865234,RIVERSIDE,MORENO VALLEY,-117.20893096923828,33.902801513671875
85003543,2025,2026-01-08,3300,2025-12-27,1756,5486,NA,6,5,6,3394,0,0,0,NA,0,MV22,EUCALYPTUS AVE,OLD I-215 FRONTAGE RD,0,NA,Y,A,-,N,NA,NA,NA,NA,NA,NA,NA,NA,NA,N,4,0,1,1,C,-,18,NA,NA,N,E,I,A,A,H,-,C,A,0,NA,NA,NA,NA,Y,NA,-,-,0,0,1,0,0,0,0,0,0,-,-,33.93143081665039,-117.28572845458984,RIVERSIDE,MORENO VALLEY,-117.28575134277344,33.93141174316406
85007997,2025,2026-01-12,3300,2025-12-29,2017,3826,NA,1,5,3,3392,0,0,0,NA,0,LA41,WASHINGTON ST,HWY 111,0,NA,Y,A,-,N,NA,NA,NA,NA,NA,NA,NA,NA,NA,Y,2,0,2,2,A,-,09,21453,C,N,A,C,A,A,H,-,C,A,0,NA,NA,NA,NA,Y,NA,A,07,2,0,0,0,0,0,0,0,0,-,-,33.71514892578125,-116.29502868652344,RIVERSIDE,LA QUINTA,-116.29499053955078,33.71527862548828
85008044,2025,2026-01-12,3313,2025-12-06,2029,2018,NA,6,5,7,3313,0,0,0,NA,0,T47,MISSION INN AVE,MOUNT RUBIDOUX DR,0,NA,-,A,-,N,NA,NA,NA,NA,NA,NA,NA,NA,NA,Y,1,1,0,1,A,-,03,22350,NA,N,E,I,A,A,H,-,C,D,0,NA,NA,Y,NA,Y,NA,C,02,0,0,0,0,0,0,0,1,0,-,-,NA,NA,RIVERSIDE,RIVERSIDE,-117.38591003417967,33.98824691772461
85008257,2025,2026-01-12,3306,2025-12-29,2219,3023,NA,1,5,3,3306,0,0,0,NA,0,NA,HACIENDA AVE,VERBENA DR,100,E,N,A,-,N,NA,NA,NA,NA,NA,NA,NA,NA,NA,N,4,0,1,1,A,-,03,22350,NA,N,E,I,A,A,E,-,D,D,0,NA,NA,NA,NA,Y,NA,A,07,0,0,1,0,0,0,0,0,0,-,-,33.95415115356445,-116.49256134033205,RIVERSIDE,DESERT HOT SPRINGS,-116.4922332763672,33.95413589477539
85008259,2025,2026-01-12,3306,2025-12-21,1957,3047,NA,7,5,3,3306,0,0,0,NA,0,NA,PALM DR,IRONWOOD DR,155,S,N,A,-,N,NA,NA,NA,NA,NA,NA,NA,NA,NA,Y,3,0,2,2,A,-,01,23152,A,N,D,C,A,A,H,-,C,A,0,NA,NA,NA,NA,Y,Y,A,01,0,1,1,0,0,0,0,0,0,-,-,33.95050811767578,-116.50132751464844,RIVERSIDE,DESERT HOT SPRINGS,-116.50129699707033,33.95004653930664
8500861,2017,2017-12-21,3300,2017-11-20,0740,3406,9101,1,5,5,3335,0,0,0,NA,0,064,MARGARITA RD,YUKON RD,67,N,N,A,-,N,NA,NA,NA,NA,NA,NA,NA,NA,NA,Y,4,0,1,2,A,-,01,23152,A,N,C,C,A,A,H,-,A,A,0,NA,NA,NA,NA,Y,Y,A,01,0,0,1,0,0,0,0,0,0,-,-,NA,NA,RIVERSIDE,TEMECULA,-117.1240618,33.51044902
85012334,2025,2026-01-14,3300,2025-12-03,1017,N7728,NA,3,5,6,3394,0,0,0,NA,0,MV32,ALESSANDRO BLVD,INDIAN ST,0,NA,Y,A,-,N,NA,NA,NA,NA,NA,NA,NA,NA,NA,N,3,0,1,2,A,-,10,21950,C,F,G,B,B,A,H,-,A,D,0,Y,NA,NA,NA,Y,Y,-,99,0,1,0,0,1,0,0,0,0,-,-,33.917198181152344,-117.23503875732422,RIVERSIDE,MORENO VALLEY,-117.23497772216795,33.91719436645508
8501597,2017,2017-12-18,3300,2017-11-26,1130,5056,920H,7,5,4,3314,0,0,0,NA,0,074,ESPLANADE AV,MERIDIAN ST,8,N,N,A,-,N,NA,NA,NA,NA,NA,NA,NA,NA,NA,N,4,0,1,2,A,-,09,21802,A,N,D,C,A,A,H,-,A,A,0,NA,NA,NA,NA,Y,NA,D,22,0,0,1,0,0,0,0,0,0,-,-,33.76943,-116.93215,RIVERSIDE,SAN JACINTO,-116.9321038,33.76941111
85016679,2025,2026-01-16,3313,2025-10-26,31,2063,NA,7,5,7,3313,0,0,0,NA,0,1R51,ARLINGTON AVE,LA SIERRA AVE,0,NA,-,A,-,N,NA,NA,NA,NA,NA,NA,NA,NA,NA,Y,3,0,1,2,A,-,01,23152,B,N,E,I,A,A,H,-,C,A,0,NA,NA,NA,NA,Y,Y,A,01,0,1,0,0,0,0,0,0,0,-,-,NA,NA,RIVERSIDE,RIVERSIDE,-117.50171661376952,33.944732666015625
8501767,2017,2017-12-18,3313,2017-11-25,2205,1829,5,6,5,7,3313,0,0,0,NA,0,4R52,ARLINGTON AV,VAN BUREN BL,1321,W,N,A,-,N,NA,NA,NA,NA,NA,NA,NA,NA,NA,N,4,0,1,2,A,-,03,22350,NA,F,C,C,A,A,H,-,C,D,0,NA,NA,NA,NA,Y,NA,-,NA,0,0,1,0,0,0,0,0,0,-,-,33.94585,-117.45417,RIVERSIDE,RIVERSIDE,-117.4562381,33.94592241
85017684,2025,2026-01-19,3300,2025-11-14,1619,4024,NA,5,5,4,3307,0,0,0,NA,0,093,LAKESHORE DR,ILLINOIS ST,50,N,N,B,C,N,NA,NA,NA,NA,NA,NA,NA,NA,NA,N,3,0,1,2,A,-,11,21956,NA,N,G,B,D,B,H,-,A,D,0,Y,NA,NA,NA,Y,NA,N,60,0,1,0,0,1,0,0,0,0,-,-,33.6838493347168,-117.36506652832033,RIVERSIDE,LAKE ELSINORE,-117.36542510986328,33.683982849121094
8501840,2017,2017-12-16,3313,2017-11-23,1839,1880,4,4,5,7,3313,0,0,0,NA,0,4R48,VAN BUREN BL,LINCOLN AV,681,S,N,A,-,N,NA,NA,NA,NA,NA,NA,NA,NA,NA,Y,2,0,2,2,A,-,05,21650,A,N,A,C,A,A,H,-,C,A,0,NA,NA,NA,NA,Y,NA,A,01,1,0,1,0,0,0,0,0,0,-,-,33.90797,-117.43623,RIVERSIDE,RIVERSIDE,-117.43517603,33.90632447
85025921,2025,2026-01-23,3313,2025-12-05,807,2079,NA,5,5,7,3313,0,0,0,NA,0,2R23,IOWA AVE,SPRUCE ST,316,S,-,B,-,N,NA,NA,NA,NA,NA,NA,NA,NA,NA,Y,3,0,4,2,A,-,09,21801,A,N,D,C,A,B,H,-,A,D,0,NA,NA,NA,NA,Y,NA,D,22,0,4,0,0,0,0,0,0,0,-,-,NA,NA,RIVERSIDE,RIVERSIDE,-117.33985137939452,33.98936462402344
85027606,2025,2026-01-26,3313,2025-12-26,1640,1949,NA,5,5,7,3313,0,0,0,NA,0,T44,MITCHELL AVE,GRAMERCY PL,311,S,-,C,-,N,NA,NA,NA,NA,NA,NA,NA,NA,NA,N,4,0,1,3,A,-,08,22107,NA,M,G,B,F,B,H,-,A,D,0,Y,NA,NA,NA,Y,NA,A,07,0,0,1,0,1,0,0,0,0,-,-,NA,NA,RIVERSIDE,RIVERSIDE,-117.4899444580078,33.92778778076172
85028621,2025,2026-01-26,3313,2025-12-22,2146,1919,NA,1,5,7,3313,0,0,0,NA,0,3R48,VAN BUREN BLVD,CITRUS HEIGHTS DR,0,NA,-,A,-,N,NA,NA,NA,NA,NA,NA,NA,NA,NA,N,3,0,5,2,A,-,12,21453,A,N,D,C,A,A,H,-,B,A,0,NA,NA,NA,NA,Y,NA,A,01,0,1,4,0,0,0,0,0,0,-,-,NA,NA,RIVERSIDE,RIVERSIDE,-117.41890716552734,33.892669677734375
8503570,2017,2017-11-27,3308,2017-08-30,1253,10664,507,3,5,5,3308,0,0,0,NA,0,NORTH,OAKLAND AV,WESTON PL,162,W,N,A,-,N,NA,NA,NA,NA,NA,NA,NA,NA,NA,Y,4,0,2,2,A,-,09,21801,A,N,D,C,A,A,H,-,A,A,0,NA,NA,NA,NA,Y,NA,A,01,0,0,2,0,0,0,0,0,0,-,-,33.75475,-116.95984,RIVERSIDE,HEMET,-116.9603011,33.75483676
8503581,2017,2017-11-27,3308,2017-07-29,0943,10578,517,6,5,5,3308,0,0,0,NA,0,NORTH,STATE ST,DEVONSHIRE AV,70,N,N,A,-,N,NA,NA,NA,NA,NA,NA,NA,NA,NA,Y,4,0,1,1,C,-,18,NA,NA,N,E,I,A,A,H,-,A,A,0,NA,NA,NA,NA,Y,Y,-,-,0,0,1,0,0,0,0,0,0,-,-,33.75113,-116.9717,RIVERSIDE,HEMET,-116.9717,33.7513517
85036710,2025,2026-01-30,3313,2025-12-27,1315,2252,NA,6,5,7,3313,0,0,0,NA,0,2R53,BRUCE AVE,RUTLAND AVE,0,NA,-,A,-,N,NA,NA,NA,NA,NA,NA,NA,NA,NA,N,4,0,1,2,A,-,12,22450,A,N,D,C,A,A,H,-,A,A,0,NA,NA,NA,NA,Y,NA,A,08,0,0,1,0,0,0,0,0,0,-,-,NA,NA,RIVERSIDE,RIVERSIDE,-117.46771240234376,33.94953918457031
8503715,2017,2018-06-26,3308,2017-10-04,1437,10610,516,3,5,5,3308,0,0,0,NA,0,SOUTH,FLORIDA AV,GILBERT ST,122,W,N,A,-,Y,RIV,8,74,-,-,40.32,H,-,E,N,4,0,2,2,A,-,21,22106,NA,N,C,C,A,A,A,-,A,A,0,NA,NA,NA,NA,Y,NA,A,01,0,0,2,0,0,0,0,0,0,-,-,33.7476,-116.97613,RIVERSIDE,HEMET,-116.97635114,33.74746962
85038353,2025,2026-02-02,3300,2025-11-06,1650,N8561,NA,4,5,4,3307,0,0,0,NA,0,090,CANYON ESTATES DR,RIDGECREST DR,14,N,N,A,-,N,NA,NA,NA,NA,NA,NA,NA,NA,NA,N,3,0,1,2,A,-,09,21801,A,N,A,C,A,A,H,-,A,D,0,NA,NA,NA,NA,Y,NA,A,01,0,1,0,0,0,0,0,0,0,-,-,33.668251037597656,-117.30039215087892,RIVERSIDE,LAKE ELSINORE,-117.30081939697266,33.66693115234375
85038361,2025,2026-02-02,3300,2025-12-02,1400,6626,NA,2,5,3,3343,0,0,0,NA,0,NA,WANKI AVE,SUPA CT,110,N,N,A,-,N,NA,NA,NA,NA,NA,NA,NA,NA,NA,N,3,0,1,2,A,-,08,22107,NA,N,D,C,A,A,H,-,A,D,0,NA,NA,NA,NA,Y,NA,A,01,0,1,0,0,0,0,0,0,0,-,-,33.604251861572266,-117.26190185546876,RIVERSIDE,WILDOMAR,-117.26164245605467,33.6043701171875
8504031,2017,2018-06-08,3300,2017-11-30,2044,N6265,NA,4,5,6,3345,0,0,0,NA,0,NA,RUBIDOUX BL,36TH ST,0,NA,Y,A,-,N,NA,NA,NA,NA,NA,NA,NA,NA,NA,N,4,0,3,2,A,-,08,22107,NA,N,D,C,A,A,H,-,C,D,0,NA,NA,NA,NA,Y,NA,A,01,0,0,3,0,0,0,0,0,0,-,-,33.99925,-117.40575,RIVERSIDE,JURUPA VALLEY,-117.40556008,33.9993101
85040333,2025,2026-02-03,3300,2025-12-17,1045,6211,NA,3,5,6,3394,0,0,0,NA,0,MV42,DRACAEA AVE,MORRISON ST,0,NA,Y,A,-,N,NA,NA,NA,NA,NA,NA,NA,NA,NA,N,4,0,1,2,A,-,01,23152,A,F,A,C,A,A,H,-,A,A,0,NA,NA,NA,NA,Y,Y,A,01,0,0,1,0,0,0,0,0,0,-,-,33.928218841552734,-117.20010375976563,RIVERSIDE,MORENO VALLEY,-117.20020294189452,33.92820739746094
8504846,2017,2018-06-08,3300,2017-12-30,0855,3945,910D,6,5,5,3335,0,0,0,NA,0,069,TEMECULA PKWY,KEVIN PL,0,NA,Y,A,-,N,NA,NA,NA,NA,NA,NA,NA,NA,NA,N,4,0,1,2,A,-,03,22350,NA,N,C,C,A,A,H,-,A,A,0,NA,NA,NA,NA,Y,NA,A,01,0,0,1,0,0,0,0,0,0,-,-,33.47646,-117.11624,RIVERSIDE,TEMECULA,-117.116199,33.476454
85064150,2025,2026-02-20,3308,2025-08-06,1448,11135,NA,3,5,5,3308,0,0,0,NA,0,NORTH,FLORIDA AVE,CARMALITA ST,35,E,N,A,-,Y,NA,NA,NA,NA,NA,NA,NA,NA,NA,N,3,0,2,2,A,-,03,22350,NA,N,C,C,A,A,H,-,A,A,0,NA,NA,NA,NA,Y,NA,A,01,0,2,0,0,0,0,0,0,0,-,-,NA,NA,RIVERSIDE,HEMET,-116.96938323974608,33.74753952026367
8506729,2017,2018-06-26,3311,2017-11-29,0621,10987,3311,3,5,4,3311,0,0,0,NA,0,001,RT 111,GATEWAY DR,750,S,N,A,-,Y,RIV,8,111,-,-,55.12,H,-,N,Y,4,0,1,1,A,-,07,21658,A,N,F,I,A,A,H,-,B,A,0,NA,NA,NA,NA,Y,NA,A,01,0,0,1,0,0,0,0,0,0,-,-,33.84481,-116.54682,RIVERSIDE,PALM SPRINGS,-116.55933988,33.86023193
8506869,2017,2018-06-08,3311,2017-11-28,1558,15842,NA,2,5,4,3311,0,0,0,NA,0,006,RAMON RD,RT 111,474,E,N,B,-,N,NA,NA,NA,NA,NA,NA,NA,NA,NA,N,4,0,1,2,A,-,03,22350,NA,N,C,C,A,A,H,-,B,A,0,NA,NA,NA,NA,Y,NA,A,01,0,0,1,0,0,0,0,0,0,-,-,33.81588,-116.49288,RIVERSIDE,PALM SPRINGS,-116.491468,33.815749
85076222,2025,2026-02-27,3349,2025-09-09,1850,361,NA,2,5,5,3341,0,0,0,NA,0,004,NEWPORT RD,WINTER HAWK RD,49,E,N,A,-,Y,NA,NA,NA,NA,NA,NA,NA,NA,NA,Y,3,0,1,3,A,-,01,23152,A,N,C,C,A,A,H,-,A,A,0,NA,NA,NA,NA,Y,Y,A,01,0,1,0,0,0,0,0,0,0,-,-,NA,NA,RIVERSIDE,MENIFEE,-117.19280242919922,33.685035705566406
85076270,2025,2026-02-27,3349,2025-10-05,1909,807,NA,7,5,5,3341,0,0,0,NA,0,004,HAUN RD,VILLAGE ROAD,0,NA,Y,A,-,N,NA,NA,NA,NA,NA,NA,NA,NA,NA,Y,4,0,1,2,A,-,12,21453,A,N,D,C,A,A,H,-,C,A,0,NA,NA,NA,NA,Y,NA,-,-,0,0,1,0,0,0,0,0,0,-,-,NA,NA,RIVERSIDE,MENIFEE,-117.1756591796875,33.68325424194336
85076282,2025,2026-02-27,3349,2025-10-10,1250,331,NA,5,5,5,3341,0,0,0,NA,0,001,MENIFEE RD,ROUSE RD,16,N,N,A,-,N,NA,NA,NA,NA,NA,NA,NA,NA,NA,Y,3,0,1,2,A,-,08,22107,NA,N,B,C,A,A,H,-,A,D,0,NA,NA,Y,NA,Y,NA,C,02,0,1,0,0,0,0,0,0,1,-,-,NA,NA,RIVERSIDE,MENIFEE,-117.15402221679688,33.72867202758789
85076297,2025,2026-03-02,3349,2025-10-17,433,816,NA,5,5,5,3341,0,0,0,NA,0,003,ANTELOPE RD,ASPENWOOD WAY,576,N,N,A,-,N,NA,NA,NA,NA,NA,NA,NA,NA,NA,Y,4,0,1,2,A,-,01,23152,A,N,E,I,A,A,H,-,C,D,0,NA,NA,NA,NA,Y,Y,A,01,0,0,1,0,0,0,0,0,0,-,-,NA,NA,RIVERSIDE,MENIFEE,-117.1703872680664,33.668418884277344
85076326,2025,2026-02-27,3349,2025-11-01,217,816,NA,6,5,5,3341,0,0,0,NA,0,004,NEWPORT RD,NB I 215 OFF,0,NA,Y,A,-,N,NA,NA,NA,NA,NA,NA,NA,NA,NA,Y,3,0,4,2,A,-,01,23152,A,N,C,C,A,A,H,-,C,A,0,NA,NA,NA,NA,Y,Y,D,22,0,1,3,0,0,0,0,0,0,-,-,NA,NA,RIVERSIDE,MENIFEE,-117.17137145996094,33.68513870239258