CASE_ID,ACCIDENT_YEAR,PROC_DATE,JURIS,COLLISION_DATE,COLLISION_TIME,OFFICER_ID,REPORTING_DISTRICT,DAY_OF_WEEK,CHP_SHIFT,POPULATION,CNTY_CITY_LOC,SPECIAL_COND,BEAT_TYPE,CHP_BEAT_TYPE,CITY_DIVISION_LAPD,CHP_BEAT_CLASS,BEAT_NUMBER,PRIMARY_RD,SECONDARY_RD,DISTANCE,DIRECTION,INTERSECTION,WEATHER_1,WEATHER_2,STATE_HWY_IND,CALTRANS_COUNTY,CALTRANS_DISTRICT,STATE_ROUTE,ROUTE_SUFFIX,POSTMILE_PREFIX,POSTMILE,LOCATION_TYPE,RAMP_INTERSECTION,SIDE_OF_HWY,TOW_AWAY,COLLISION_SEVERITY,NUMBER_KILLED,NUMBER_INJURED,PARTY_COUNT,PRIMARY_COLL_FACTOR,PCF_CODE_OF_VIOL,PCF_VIOL_CATEGORY,PCF_VIOLATION,PCF_VIOL_SUBSECTION,HIT_AND_RUN,TYPE_OF_COLLISION,MVIW,PED_ACTION,ROAD_SURFACE,ROAD_COND_1,ROAD_COND_2,LIGHTING,CONTROL_DEVICE,CHP_ROAD_TYPE,PEDESTRIAN_ACCIDENT,BICYCLE_ACCIDENT,MOTORCYCLE_ACCIDENT,TRUCK_ACCIDENT,NOT_PRIVATE_PROPERTY,ALCOHOL_INVOLVED,STWD_VEHTYPE_AT_FAULT,CHP_VEHTYPE_AT_FAULT,COUNT_SEVERE_INJ,COUNT_VISIBLE_INJ,COUNT_COMPLAINT_PAIN,COUNT_PED_KILLED,COUNT_PED_INJURED,COUNT_BICYCLIST_KILLED,COUNT_BICYCLIST_INJURED,COUNT_MC_KILLED,COUNT_MC_INJURED,PRIMARY_RAMP,SECONDARY_RAMP,LATITUDE,LONGITUDE,COUNTY,CITY,POINT_X,POINT_Y
8546256,2018,2018-02-09,3300,2018-01-15,1515,5035,80A7,1,5,3,3305,0,0,0,NA,0,080,AVENUE 50,FREDERICK ST,0,NA,Y,A,-,N,NA,NA,NA,NA,NA,NA,NA,NA,NA,Y,4,0,3,2,A,-,12,21453,A,N,D,C,A,A,H,-,A,A,0,NA,NA,NA,NA,Y,NA,A,01,0,0,3,0,0,0,0,0,0,-,-,NA,NA,RIVERSIDE,COACHELLA,-116.19026184082033,33.68545150756836
8546350,2018,2018-02-08,3300,2018-01-16,0802,3481,920H,2,5,4,3314,0,0,0,NA,0,074,ESPLANADE AV,SAN JACINTO AV,68,E,N,A,-,N,NA,NA,NA,NA,NA,NA,NA,NA,NA,N,4,0,2,2,A,-,21,22106,NA,F,C,C,A,A,H,-,A,A,0,NA,NA,NA,NA,Y,NA,A,01,0,0,2,0,0,0,0,0,0,-,-,33.77299880981445,-116.95868682861328,RIVERSIDE,SAN JACINTO,-116.95858764648438,33.77299118041992
8546868,2018,2018-02-07,3300,2018-01-12,1121,4430,34C3,5,5,4,3318,0,0,0,NA,0,MO874,HOVLEY LN EAST,EL DORADO DR,440,E,N,A,-,N,NA,NA,NA,NA,NA,NA,NA,NA,NA,Y,2,0,1,2,A,-,01,23152,F,N,C,I,A,A,H,-,A,D,0,NA,NA,NA,NA,Y,NA,A,07,1,0,0,0,0,0,0,0,0,-,-,33.74348831176758,-116.33879852294922,RIVERSIDE,PALM DESERT,-116.33745574951172,33.743587493896484
8546932,2018,2018-02-12,3313,2018-01-26,2248,1722,5,5,5,7,3313,0,0,0,NA,0,1R55,BUCHANAN ST,SAMPSON AV,0,NA,Y,A,-,N,NA,NA,NA,NA,NA,NA,NA,NA,NA,Y,4,0,1,2,A,-,01,23152,A,N,D,D,A,A,H,-,C,A,0,NA,NA,NA,NA,Y,Y,A,01,0,0,1,0,0,0,0,0,0,-,-,33.89194869995117,-117.4993896484375,RIVERSIDE,RIVERSIDE,-117.49936676025392,33.891849517822266
8550571,2018,2018-02-12,3313,2018-01-23,0843,1887,1,2,5,7,3313,0,0,0,NA,0,T70,CENTRAL AV,RIVERSIDE AV,238,W,N,A,-,N,NA,NA,NA,NA,NA,NA,NA,NA,NA,N,4,0,1,2,A,-,08,22107,NA,N,C,C,A,A,H,-,A,A,0,NA,NA,NA,NA,Y,NA,A,01,0,0,1,0,0,0,0,0,0,-,-,33.95362854003906,-117.38780212402344,RIVERSIDE,RIVERSIDE,-117.38872528076172,33.95357894897461
8554540,2016,2018-03-03,3342,2016-02-13,2015,665,376,6,5,4,3342,0,0,0,NA,0,00C,MURRIETA HOT SPRINGS RD,ALTA MURRIETA DR,35,E,N,A,-,N,NA,NA,NA,NA,NA,NA,NA,NA,NA,N,4,0,2,2,A,-,21,22106,NA,N,C,C,A,A,H,-,C,A,0,NA,NA,NA,NA,Y,NA,A,01,0,0,2,0,0,0,0,0,0,-,-,33.5564,-117.17738,RIVERSIDE,MURRIETA,-117.1773756,33.55644424
8554543,2016,2018-03-03,3342,2016-03-31,1340,419,560,4,5,4,3342,0,0,0,NA,0,00E,MURRIETA HOT SPRINGS,VIA PRINCESSA E,287,W,N,A,-,N,NA,NA,NA,NA,NA,NA,NA,NA,NA,Y,4,0,1,2,A,-,03,22350,NA,N,C,C,A,A,D,-,A,A,0,NA,NA,Y,NA,Y,NA,C,02,0,0,1,0,0,0,0,0,1,-,-,NA,NA,RIVERSIDE,MURRIETA,-117.1612145,33.5566632
8557069,2018,2018-08-14,3300,2018-02-12,0739,5035,8404,1,5,3,3305,0,0,0,NA,0,08Y,RT 86,AVENUE 50,122,S,N,A,-,Y,RIV,8,86,-,R,20.41,H,-,N,Y,3,0,3,2,A,-,03,22350,NA,N,C,C,A,A,H,-,A,A,0,NA,NA,NA,NA,Y,NA,A,01,0,1,2,0,0,0,0,0,0,-,-,NA,NA,RIVERSIDE,COACHELLA,-116.16365814208984,33.68734359741211
8558756,2018,2018-02-20,3308,2018-01-14,1914,10620,296,7,5,5,3308,0,0,0,NA,0,NORTH,PALM AV,FRUITVALE AV,52,N,N,A,-,N,NA,NA,NA,NA,NA,NA,NA,NA,NA,Y,3,0,1,1,A,-,08,22107,NA,N,E,I,A,A,H,-,C,D,0,NA,NA,NA,NA,Y,NA,A,01,0,1,0,0,0,0,0,0,0,-,-,33.76203155517578,-116.98045349121094,RIVERSIDE,HEMET,-116.98046112060548,33.762123107910156
8558764,2018,2018-02-20,3308,2018-01-28,1110,10636,295,7,5,5,3308,0,0,0,NA,0,NORTH,SANDERSON AV,COMMONWEALTH AV,28,N,N,A,-,N,NA,NA,NA,NA,NA,NA,NA,NA,NA,Y,4,0,1,2,A,-,12,22450,A,N,D,C,A,A,H,-,A,A,0,NA,NA,NA,NA,Y,NA,A,01,0,0,1,0,0,0,0,0,0,-,-,33.76932144165039,-117.00656127929688,RIVERSIDE,HEMET,-117.00666809082033,33.76914596557617
8558780,2018,2018-02-20,3308,2018-01-25,1507,10470,545,4,5,5,3308,0,0,0,NA,0,SOUTH,STETSON AV,KIRBY ST,0,NA,Y,A,-,N,NA,NA,NA,NA,NA,NA,NA,NA,NA,Y,3,0,3,2,A,-,12,21453,A,N,D,C,A,A,A,-,A,A,0,NA,NA,NA,NA,Y,NA,A,01,0,1,2,0,0,0,0,0,0,-,-,33.72930145263672,-116.99765014648438,RIVERSIDE,HEMET,-116.9976806640625,33.72935104370117
8559841,2018,2018-02-20,3300,2018-01-05,0108,3552,916A,5,5,4,3312,0,0,0,NA,0,031,RAMONA EXPWY,BRENNAN AV,390,W,N,A,-,N,NA,NA,NA,NA,NA,NA,NA,NA,NA,Y,3,0,2,2,A,-,01,23152,B,N,B,C,A,A,D,-,D,D,0,NA,NA,NA,NA,Y,Y,A,07,0,1,1,0,0,0,0,0,0,-,-,NA,NA,RIVERSIDE,PERRIS,-117.2418212890625,33.84463119506836
8561094,2018,2018-03-20,3300,2018-01-28,0820,4449,002X,7,5,6,3345,0,0,0,NA,0,025,LIMONITE AV,PATS RANCH RD,0,NA,Y,A,-,N,NA,NA,NA,NA,NA,NA,NA,NA,NA,N,4,0,1,2,A,-,12,21453,A,N,D,C,A,A,H,-,A,D,0,NA,NA,NA,NA,Y,NA,-,-,0,0,1,0,0,0,0,0,0,-,-,33.97505187988281,-117.54367065429688,RIVERSIDE,JURUPA VALLEY,-117.54366302490234,33.9752311706543
8561270,2018,2018-02-22,3300,2018-01-11,1455,3611,604A1,4,5,6,3394,0,0,0,NA,0,MV42,MORRISON ST,DRACAEA AV,393,N,N,A,-,N,NA,NA,NA,NA,NA,NA,NA,NA,NA,Y,3,0,1,2,A,-,08,22107,NA,N,C,E,A,A,H,-,A,D,0,NA,NA,NA,NA,Y,NA,A,01,0,1,0,0,0,0,0,0,0,-,-,33.928218841552734,-117.20010375976563,RIVERSIDE,MORENO VALLEY,-117.20020294189452,33.92928695678711
8561490,2018,2018-02-28,3308,2018-02-05,2209,10530,518,1,5,5,3308,0,0,0,NA,0,SOUTH,SAN JACINTO ST,EL NITA LN,39,S,N,A,-,N,NA,NA,NA,NA,NA,NA,NA,NA,NA,Y,4,0,1,1,A,-,01,23152,A,N,E,I,A,A,H,-,D,A,0,NA,NA,NA,NA,Y,Y,A,01,0,0,1,0,0,0,0,0,0,-,-,33.74618148803711,-116.95855712890624,RIVERSIDE,HEMET,-116.95863342285156,33.74616241455078
8562140,2017,2018-02-27,3300,2017-04-22,0006,3099,002,6,5,6,3345,0,0,0,NA,0,024,LIMONITE AV,CAMINO REAL,0,NA,Y,A,-,N,NA,NA,NA,NA,NA,NA,NA,NA,NA,Y,2,0,2,2,A,-,01,23153,B,F,A,C,A,A,H,-,C,A,0,NA,NA,NA,NA,Y,Y,A,01,1,1,0,0,0,0,0,0,0,-,-,NA,NA,RIVERSIDE,JURUPA VALLEY,-117.45174003,33.97864007
8562866,2018,2018-03-24,3313,2018-02-02,1309,1389,1,5,5,7,3313,0,0,0,NA,0,T53,14TH ST,ORANGE ST (E),0,NA,Y,A,-,N,NA,NA,NA,NA,NA,NA,NA,NA,NA,Y,3,0,1,2,A,-,12,21453,A,N,D,C,A,A,H,-,A,A,0,NA,NA,NA,NA,Y,NA,D,23,0,1,0,0,0,0,0,0,0,-,-,33.975738525390625,-117.37703704833984,RIVERSIDE,RIVERSIDE,-117.37751007080078,33.97578048706055
8563051,2018,2018-03-08,3308,2018-02-15,1754,10377,505,4,5,5,3308,0,0,0,NA,0,NORTH,KIRBY ST,MENLO AV,9,S,N,A,-,N,NA,NA,NA,NA,NA,NA,NA,NA,NA,N,3,0,1,2,A,-,10,21950,A,N,G,B,B,A,H,-,C,A,0,Y,NA,NA,NA,Y,NA,A,07,0,1,0,0,1,0,0,0,0,-,-,33.7584114074707,-116.99787139892578,RIVERSIDE,HEMET,-116.99788665771484,33.758243560791016
8563288,2018,2018-02-28,3315,2018-02-01,1256,11119,12B,4,5,6,3315,0,0,0,NA,0,NA,SKYLINE DR,CHASE DR,245,S,N,A,-,N,NA,NA,NA,NA,NA,NA,NA,NA,NA,N,2,0,1,1,A,-,08,22107,NA,N,F,A,A,A,H,-,A,D,0,NA,NA,Y,NA,Y,NA,C,03,1,0,0,0,0,0,0,0,1,-,-,33.84450149536133,-117.59686279296876,RIVERSIDE,CORONA,-117.59707641601563,33.84388732910156
8563834,2018,2018-03-09,3313,2018-02-13,1806,1499,1,2,5,7,3313,0,0,0,NA,0,T42,MISSION INN AV,LOCUST ST,15,E,N,A,-,N,NA,NA,NA,NA,NA,NA,NA,NA,NA,Y,4,0,1,2,A,-,09,21801,A,N,D,C,A,A,H,-,C,D,0,NA,NA,NA,NA,Y,NA,A,01,0,0,1,0,0,0,0,0,0,-,-,NA,NA,RIVERSIDE,RIVERSIDE,-117.37960052490234,33.98564147949219
8563848,2018,2018-03-05,3311,2018-02-08,1612,15302,NA,4,5,4,3311,0,0,0,NA,0,001,INDIAN CANYON DR N,TAMARISK RD,150,S,N,A,-,N,NA,NA,NA,NA,NA,NA,NA,NA,NA,Y,4,0,2,2,A,-,09,21804,A,N,D,C,A,A,H,-,A,D,0,NA,NA,NA,NA,Y,NA,A,01,0,0,2,0,0,0,0,0,0,-,-,33.83401870727539,-116.54563903808594,RIVERSIDE,PALM SPRINGS,-116.5456085205078,33.833580017089844
8566660,2018,2018-03-19,3300,2018-02-22,0542,4406,603C5,4,5,6,3394,0,0,0,NA,0,036,JOHN F KENNEDY DR,KITCHING ST,83,W,N,A,-,N,NA,NA,NA,NA,NA,NA,NA,NA,NA,Y,3,0,1,1,A,-,03,22350,NA,N,E,I,A,A,H,-,A,D,0,NA,NA,NA,NA,Y,NA,A,01,0,1,0,0,0,0,0,0,0,-,-,33.90285110473633,-117.21765899658205,RIVERSIDE,MORENO VALLEY,-117.21758270263672,33.90277862548828
8566707,2018,2018-03-14,3313,2018-03-01,0849,1868,E,4,5,7,3313,0,0,0,NA,0,T79,12TH ST,PARK AV,0,NA,Y,A,-,N,NA,NA,NA,NA,NA,NA,NA,NA,NA,Y,3,0,2,2,A,-,12,22450,A,N,D,C,A,A,H,-,A,A,0,NA,NA,NA,NA,Y,NA,A,07,0,1,1,0,0,0,0,0,0,-,-,33.97352981567383,-117.36708831787108,RIVERSIDE,RIVERSIDE,-117.3671875,33.97343826293945
8566842,2018,2018-03-13,3313,2018-02-23,1901,1869,4,5,5,7,3313,0,0,0,NA,0,T45,INDIANA AV,ARROWHEAD ST,248,W,N,A,-,N,NA,NA,NA,NA,NA,NA,NA,NA,NA,Y,4,0,1,4,A,-,08,22100,B,N,D,C,A,A,H,-,C,A,0,NA,NA,NA,NA,Y,NA,A,01,0,0,1,0,0,0,0,0,0,-,-,33.92007827758789,-117.4308624267578,RIVERSIDE,RIVERSIDE,-117.43143463134766,33.919822692871094
8567153,2018,2018-03-07,3300,2018-01-11,2131,N3864,602D2,4,5,6,3394,0,0,0,NA,0,026,SUNNYMEAD BL,INDIAN ST,0,NA,Y,A,-,N,NA,NA,NA,NA,NA,NA,NA,NA,NA,Y,4,0,2,2,A,-,12,21453,A,N,C,C,A,A,H,-,C,A,0,NA,NA,NA,NA,Y,NA,A,01,0,0,2,0,0,0,0,0,0,-,-,33.939048767089844,-117.23497009277344,RIVERSIDE,MORENO VALLEY,-117.23506927490234,33.93906021118164
8567343,2018,2018-03-14,3300,2018-01-17,1040,3098,910Q,3,5,5,3335,0,0,0,NA,0,069,PECHANGA PKWY,VIA CONSUELO,15,N,N,A,-,N,NA,NA,NA,NA,NA,NA,NA,NA,NA,N,4,0,1,2,A,-,12,21453,A,N,C,C,A,A,H,-,A,A,0,NA,NA,NA,NA,Y,NA,D,22,0,0,1,0,0,0,0,0,0,-,-,33.465301513671875,-117.11553955078124,RIVERSIDE,TEMECULA,-117.11544799804688,33.465328216552734
8568106,2018,2018-03-14,3311,2018-02-28,1235,15842,NA,3,5,4,3311,0,0,0,NA,0,002,INDIAN CANYON DR N,PALM SPRINGS STATION RD,300,N,N,A,G,N,NA,NA,NA,NA,NA,NA,NA,NA,NA,N,3,0,1,2,A,-,16,24002,A,N,E,C,A,A,H,-,A,D,0,NA,NA,Y,NA,Y,NA,D,22,0,1,0,0,0,0,0,0,1,-,-,33.892799377441406,-116.54522705078124,RIVERSIDE,PALM SPRINGS,NA,NA
8568189,2018,2018-03-13,3313,2018-02-24,1336,1886,5,6,5,7,3313,0,0,0,NA,0,2R55,CYPRESS AV,VAN BUREN BL,200,W,N,A,-,N,NA,NA,NA,NA,NA,NA,NA,NA,NA,N,4,0,3,2,A,-,09,21804,A,N,A,C,A,A,H,-,A,D,0,NA,NA,NA,NA,Y,NA,A,01,0,0,3,0,0,0,0,0,0,-,-,33.942901611328125,-117.45379638671876,RIVERSIDE,RIVERSIDE,-117.45469665527344,33.94279479980469
8570842,2018,2018-08-07,3342,2018-01-08,1615,419,570,1,5,4,3342,0,0,0,NA,0,00E,RT 79,MURRIETA HOT SPRINGS,86,N,N,B,-,Y,RIV,8,79,-,R,4.8,H,-,S,Y,4,0,1,2,C,-,18,NA,NA,N,B,C,A,B,H,-,A,A,0,NA,NA,NA,NA,Y,NA,-,-,0,0,1,0,0,0,0,0,0,-,-,33.552978515625,-117.19570159912108,RIVERSIDE,MURRIETA,-117.14031219482422,33.55293273925781
8570970,2016,2018-03-09,3342,2016-09-11,1335,480,42315,7,5,4,3342,0,0,0,NA,0,00C,ANTELOPE RD,SCOTT RD,83,S,N,A,-,N,NA,NA,NA,NA,NA,NA,NA,NA,NA,N,4,0,2,2,A,-,03,22350,NA,N,C,C,A,A,H,-,A,A,0,NA,NA,NA,NA,Y,NA,A,01,0,0,2,0,0,0,0,0,0,-,-,33.64151,-117.16791,RIVERSIDE,MURRIETA,-117.16804225,33.64130425
8571019,2016,2018-03-09,3342,2016-10-31,1329,659,280,1,5,4,3342,0,0,0,NA,0,00B,SKYVIEW RIDGE DR,CALIFORNIA OAKS RD,170,S,N,A,-,N,NA,NA,NA,NA,NA,NA,NA,NA,NA,Y,4,0,1,3,A,-,06,21750,NA,N,C,E,A,A,H,-,A,A,0,NA,NA,NA,NA,Y,NA,A,01,0,0,1,0,0,0,0,0,0,-,-,33.57913,-117.19945,RIVERSIDE,MURRIETA,-117.19894183,33.57895213
8573474,2018,2018-03-22,3308,2018-02-19,1630,10636,514,1,5,5,3308,0,0,0,NA,0,NORTH,DEVONSHIRE AV,CAWSTON AV,0,NA,Y,A,-,N,NA,NA,NA,NA,NA,NA,NA,NA,NA,Y,3,0,2,2,A,-,17,21451,A,N,D,C,A,A,H,-,B,A,0,NA,NA,NA,NA,Y,NA,A,01,0,1,1,0,0,0,0,0,0,-,-,33.74911880493164,-117.01188659667967,RIVERSIDE,HEMET,-117.01535034179688,33.75088882446289
8573695,2018,2018-04-03,3306,2018-01-26,1816,139,3306,5,5,3,3306,0,0,0,NA,0,NA,HACIENDA AV,OCATILLO RD,248,W,N,A,-,N,NA,NA,NA,NA,NA,NA,NA,NA,NA,Y,3,0,1,2,A,-,09,21804,NA,N,D,C,A,A,H,-,A,D,0,NA,NA,NA,NA,Y,NA,A,01,0,1,0,0,0,0,0,0,0,-,-,NA,NA,RIVERSIDE,DESERT HOT SPRINGS,-116.4998779296875,33.95415115356445
8574160,2016,2018-03-19,3342,2016-07-28,1830,543,585,4,5,4,3342,0,0,0,NA,0,00E,DATE,MARGARITA,700,E,N,A,-,N,NA,NA,NA,NA,NA,NA,NA,NA,NA,Y,4,0,1,2,A,-,03,22350,NA,N,C,C,A,A,H,-,A,D,0,NA,NA,Y,NA,Y,NA,A,01,0,0,1,0,0,0,0,0,0,-,-,NA,NA,RIVERSIDE,MURRIETA,-117.15302102,33.54653507
8575099,2016,2018-03-13,3342,2016-12-02,2048,933,A147,5,5,4,3342,0,0,0,NA,0,00A,WASHINGTON AV,CALLE DEL OSO ORO,200,S,N,A,-,N,NA,NA,NA,NA,NA,NA,NA,NA,NA,Y,4,0,1,2,A,-,08,22107,NA,N,D,C,A,A,H,-,C,A,0,NA,NA,NA,NA,Y,NA,A,01,0,0,1,0,0,0,0,0,0,-,-,33.57245,-117.23457,RIVERSIDE,MURRIETA,-117.23422336,33.57214184
8575116,2016,2018-03-13,3342,2016-06-04,1248,547,170,6,5,4,3342,0,0,0,NA,0,00A,WASHINGTON AV,LEMON AV,63,N,N,A,-,N,NA,NA,NA,NA,NA,NA,NA,NA,NA,N,4,0,2,2,A,-,03,22350,NA,N,C,C,A,A,H,-,A,A,0,NA,NA,NA,NA,Y,NA,A,01,0,0,2,0,0,0,0,0,0,-,-,NA,NA,RIVERSIDE,MURRIETA,-117.22309917,33.56185732
8575238,2018,2018-07-06,3300,2018-02-24,1238,4546,910B,6,5,5,3335,0,0,0,NA,0,062,NICHOLAS RD,WINCHESTER RD,0,NA,Y,A,-,N,NA,NA,NA,NA,NA,NA,NA,NA,NA,N,4,0,1,3,A,-,03,22350,NA,N,A,C,A,A,H,-,A,A,0,NA,NA,NA,NA,Y,NA,A,01,0,0,1,0,0,0,0,0,0,-,-,NA,NA,RIVERSIDE,TEMECULA,-117.14456,33.53928
8575399,2018,2018-03-13,3315,2018-02-14,0750,001874,8E,3,5,6,3315,0,0,0,NA,0,004,GREEN RIVER RD,CHICORY LN,0,NA,Y,B,-,N,NA,NA,NA,NA,NA,NA,NA,NA,NA,N,2,0,1,2,A,-,06,21755,NA,N,D,C,A,A,H,-,A,A,0,NA,NA,Y,NA,Y,NA,C,02,1,0,0,0,0,0,0,0,1,-,-,NA,NA,RIVERSIDE,CORONA,-117.62023162841795,33.86920166015625
8576673,2016,2018-03-19,3342,2016-07-04,1901,893,376,1,5,4,3342,0,0,0,NA,0,00C,MURRIETA HOT SPRINGS RD,ALTA MURRIETA DR,0,NA,Y,A,-,N,NA,NA,NA,NA,NA,NA,NA,NA,NA,Y,3,0,1,4,A,-,01,23152,A,N,B,C,A,A,H,-,A,A,0,NA,NA,NA,NA,Y,NA,A,01,0,1,0,0,0,0,0,0,0,-,-,33.5564,-117.17738,RIVERSIDE,MURRIETA,-117.17749007,33.55644006
8576722,2018,2018-03-27,3313,2018-02-14,0913,1641,2,3,5,7,3313,0,0,0,NA,0,T55,CENTRAL AV,RUMSEY DR,0,NA,Y,A,-,N,NA,NA,NA,NA,NA,NA,NA,NA,NA,Y,4,0,1,2,A,-,12,21453,A,N,D,C,A,A,H,-,A,A,0,NA,NA,NA,NA,Y,NA,-,-,0,0,1,0,0,0,0,0,0,-,-,33.9536018371582,-117.37349700927734,RIVERSIDE,RIVERSIDE,-117.37364959716795,33.953731536865234
8579313,2018,2018-08-07,3308,2018-02-12,1311,10702,514,1,5,5,3308,0,0,0,NA,0,SOUTH,FLORIDA AV,GOLDEN VILLAGE,110,W,N,B,-,Y,RIV,8,74,-,-,38.2,H,-,E,Y,4,0,4,3,A,-,03,22350,NA,N,C,C,A,A,H,-,A,A,0,NA,NA,NA,NA,Y,NA,A,01,0,0,4,0,0,0,0,0,0,-,-,33.74501037597656,-117.00742340087892,RIVERSIDE,HEMET,-117.01132965087892,33.74663162231445
8579350,2017,2018-07-06,3308,2017-10-07,1317,10678,524,6,5,5,3308,0,0,0,NA,0,SOUTH,FLORIDA AV,SANDERSON AV,705,W,N,A,-,Y,RIV,8,74,-,-,38.33,H,-,E,Y,4,0,1,2,A,-,09,21801,A,N,D,C,A,A,H,-,A,A,0,NA,NA,NA,NA,Y,NA,A,01,0,0,1,0,0,0,0,0,0,-,-,33.74763,-117.00664,RIVERSIDE,HEMET,-117.0092101,33.74724253
8580001,2018,2018-03-20,3300,2018-01-26,2136,N4722,910E,5,5,5,3335,0,0,0,NA,0,061,JEFFERSON AV,SANBORN AV,270,S,N,A,-,N,NA,NA,NA,NA,NA,NA,NA,NA,NA,Y,4,0,1,2,A,-,09,21802,A,N,D,C,A,A,H,-,C,A,0,NA,NA,NA,NA,Y,NA,A,01,0,0,1,0,0,0,0,0,0,-,-,33.524200439453125,-117.168212890625,RIVERSIDE,TEMECULA,-117.16762542724608,33.52360534667969
8580046,2018,2018-03-21,3300,2018-02-06,2034,N3373,910E,2,5,5,3335,0,0,0,NA,0,061,JEFFERSON AV,VIA MONTEZUMA,870,N,N,A,-,N,NA,NA,NA,NA,NA,NA,NA,NA,NA,Y,4,0,1,2,A,-,09,21804,A,N,A,C,A,A,H,-,C,D,0,NA,NA,Y,NA,Y,Y,C,02,0,0,1,0,0,0,0,0,1,-,-,33.511348724365234,-117.15824127197266,RIVERSIDE,TEMECULA,-117.15904998779295,33.513545989990234
8580722,2018,2018-03-22,3313,2018-02-25,2230,1562,C,7,5,7,3313,0,0,0,NA,0,1R47,VAN BUREN BL,JURUPA AV,0,NA,Y,A,-,N,NA,NA,NA,NA,NA,NA,NA,NA,NA,N,3,0,2,2,A,-,12,21453,A,N,D,D,A,A,H,-,C,A,0,NA,NA,NA,NA,Y,NA,A,01,0,1,1,0,0,0,0,0,0,-,-,33.95878982543945,-117.4615478515625,RIVERSIDE,RIVERSIDE,-117.4616470336914,33.9587287902832
8581260,2018,2018-03-20,3300,2018-02-17,1644,3775,603D1,6,5,6,3394,0,0,0,NA,0,MV38,PERRIS BL,RED MAPLE LN,0,NA,Y,A,-,N,NA,NA,NA,NA,NA,NA,NA,NA,NA,N,3,0,1,2,A,-,10,21950,A,N,G,G,A,A,H,-,A,A,0,NA,Y,NA,NA,Y,NA,A,01,0,1,0,0,0,0,1,0,0,-,-,33.884708404541016,-117.22624206542967,RIVERSIDE,MORENO VALLEY,-117.22630310058594,33.884681701660156
8581763,2018,2018-04-05,3300,2018-03-08,1430,N4187,916B,4,5,4,3312,0,0,0,NA,0,032,MILDRED ST,REDLANDS AV,325,W,N,A,-,N,NA,NA,NA,NA,NA,NA,NA,NA,NA,N,4,0,1,2,A,-,08,22107,NA,N,D,C,A,A,H,-,A,D,0,NA,NA,NA,NA,Y,NA,A,01,0,0,1,0,0,0,0,0,0,-,-,33.79563903808594,-117.21749114990234,RIVERSIDE,PERRIS,-117.21846771240234,33.7956428527832
8582401,2018,2018-04-06,3300,2018-03-06,1415,3747,001L4,2,5,6,3345,0,0,0,NA,0,016,MENNES AV,42ND ST,463,N,N,A,-,N,NA,NA,NA,NA,NA,NA,NA,NA,NA,N,4,0,1,2,A,-,21,22106,NA,N,D,C,A,A,H,-,A,D,0,NA,NA,NA,NA,Y,NA,A,07,0,0,1,0,0,0,0,0,0,-,-,NA,NA,RIVERSIDE,JURUPA VALLEY,-117.40708923339844,33.99094009399414
8583048,2017,2018-03-28,3300,2017-10-23,1800,4145,002T2,1,5,6,3345,0,0,0,NA,0,024,VAN BUREN BL,CLAY ST,352,S,N,A,-,N,NA,NA,NA,NA,NA,NA,NA,NA,NA,N,3,0,1,3,A,-,07,21658,A,N,B,C,A,A,H,-,C,A,0,NA,NA,NA,NA,Y,NA,-,NA,0,1,0,0,0,0,0,0,0,-,-,33.96732,-117.46681,RIVERSIDE,JURUPA VALLEY,-117.46618624,33.96625293
8584544,2018,2018-03-29,3300,2018-02-22,2150,3747,001G,4,5,6,3345,0,0,0,NA,0,014,MISSION BL,OPAL ST,34,W,N,C,-,N,NA,NA,NA,NA,NA,NA,NA,NA,NA,Y,4,0,1,2,A,-,03,22350,NA,N,C,C,A,B,H,-,C,A,0,NA,NA,NA,NA,Y,NA,A,01,0,0,1,0,0,0,0,0,0,-,-,34.00614929199219,-117.42491149902344,RIVERSIDE,JURUPA VALLEY,-117.42499542236328,34.00592041015625
8585855,2018,2018-04-11,3313,2018-03-23,1609,1222,3,5,5,7,3313,0,0,0,NA,0,M36,MAGNOLIA AV,MONROE ST,0,NA,Y,A,-,N,NA,NA,NA,NA,NA,NA,NA,NA,NA,Y,3,0,2,2,A,-,09,21453,C,N,D,C,A,A,H,-,A,A,0,NA,NA,NA,NA,Y,NA,A,01,0,1,1,0,0,0,0,0,0,-,-,33.92866897583008,-117.43173217773438,RIVERSIDE,RIVERSIDE,-117.43179321289063,33.9288215637207
8586292,2018,2018-04-18,3313,2018-03-21,1339,1762,5,3,5,7,3313,0,0,0,NA,0,T44,LA SIERRA AV,VISTA TERRACE,250,N,N,A,-,N,NA,NA,NA,NA,NA,NA,NA,NA,NA,N,4,0,1,2,A,-,09,21804,A,N,D,C,A,A,H,-,A,A,0,NA,NA,Y,NA,Y,NA,A,07,0,0,1,0,0,0,0,0,1,-,-,33.895450592041016,-117.46981811523438,RIVERSIDE,RIVERSIDE,-117.47032165527344,33.89616775512695
8586869,2017,2018-04-02,3306,2017-12-03,1742,142,NA,7,5,3,3306,0,0,0,NA,0,001,PIERSON BL,LITTLE MORONGO RD,0,NA,Y,A,-,N,NA,NA,NA,NA,NA,NA,NA,NA,NA,Y,3,0,1,2,A,-,12,22450,A,N,A,C,A,A,H,-,B,D,0,NA,NA,NA,NA,Y,NA,A,01,0,1,0,0,0,0,0,0,0,-,-,NA,NA,RIVERSIDE,DESERT HOT SPRINGS,-116.52767002,33.96149011