CASE_ID,ACCIDENT_YEAR,PROC_DATE,JURIS,COLLISION_DATE,COLLISION_TIME,OFFICER_ID,REPORTING_DISTRICT,DAY_OF_WEEK,CHP_SHIFT,POPULATION,CNTY_CITY_LOC,SPECIAL_COND,BEAT_TYPE,CHP_BEAT_TYPE,CITY_DIVISION_LAPD,CHP_BEAT_CLASS,BEAT_NUMBER,PRIMARY_RD,SECONDARY_RD,DISTANCE,DIRECTION,INTERSECTION,WEATHER_1,WEATHER_2,STATE_HWY_IND,CALTRANS_COUNTY,CALTRANS_DISTRICT,STATE_ROUTE,ROUTE_SUFFIX,POSTMILE_PREFIX,POSTMILE,LOCATION_TYPE,RAMP_INTERSECTION,SIDE_OF_HWY,TOW_AWAY,COLLISION_SEVERITY,NUMBER_KILLED,NUMBER_INJURED,PARTY_COUNT,PRIMARY_COLL_FACTOR,PCF_CODE_OF_VIOL,PCF_VIOL_CATEGORY,PCF_VIOLATION,PCF_VIOL_SUBSECTION,HIT_AND_RUN,TYPE_OF_COLLISION,MVIW,PED_ACTION,ROAD_SURFACE,ROAD_COND_1,ROAD_COND_2,LIGHTING,CONTROL_DEVICE,CHP_ROAD_TYPE,PEDESTRIAN_ACCIDENT,BICYCLE_ACCIDENT,MOTORCYCLE_ACCIDENT,TRUCK_ACCIDENT,NOT_PRIVATE_PROPERTY,ALCOHOL_INVOLVED,STWD_VEHTYPE_AT_FAULT,CHP_VEHTYPE_AT_FAULT,COUNT_SEVERE_INJ,COUNT_VISIBLE_INJ,COUNT_COMPLAINT_PAIN,COUNT_PED_KILLED,COUNT_PED_INJURED,COUNT_BICYCLIST_KILLED,COUNT_BICYCLIST_INJURED,COUNT_MC_KILLED,COUNT_MC_INJURED,PRIMARY_RAMP,SECONDARY_RAMP,LATITUDE,LONGITUDE,COUNTY,CITY,POINT_X,POINT_Y
8620480,2018,2018-06-04,3300,2018-05-04,1657,5059,601Z1,5,5,6,3394,0,0,0,NA,0,014,IRONWOOD AV,DAY ST,462,W,N,A,-,N,NA,NA,NA,NA,NA,NA,NA,NA,NA,Y,4,0,3,2,A,-,17,21209,A,N,D,C,A,A,H,-,A,D,0,NA,NA,NA,NA,Y,NA,A,01,0,0,3,0,0,0,0,0,0,-,-,33.94657897949219,-117.27899932861328,RIVERSIDE,MORENO VALLEY,-117.27899932861328,33.946590423583984
8621932,2018,2018-09-17,3309,2018-05-09,1429,443,3309,3,5,4,3309,0,0,0,NA,0,001,RT 111,MONROE ST,717,E,N,A,-,Y,RIV,8,10,-,R,54.89,H,-,E,Y,4,0,1,2,A,-,12,21453,A,N,D,C,A,A,H,-,A,A,0,NA,NA,NA,NA,Y,NA,A,01,0,0,1,0,0,0,0,0,0,-,-,NA,NA,RIVERSIDE,INDIO,-116.23139190673828,33.739139556884766
8623548,2018,2018-06-04,3300,2018-04-20,0730,N2988,602D1,5,5,6,3394,0,0,0,NA,0,MV12,SUNNYMEAD BL,RT 60,321,W,N,A,-,N,NA,NA,NA,NA,NA,NA,NA,NA,NA,N,4,0,2,2,A,-,09,21804,A,F,D,C,A,A,H,-,A,D,0,NA,NA,NA,NA,Y,NA,A,01,0,0,2,0,0,0,0,0,0,-,EF,NA,NA,RIVERSIDE,MORENO VALLEY,-117.26248931884766,33.93988800048828
8623564,2018,2018-05-30,3300,2018-04-12,1931,5059,602D3,4,5,6,3394,0,0,0,NA,0,026,ALESSANDRO BL,RAMSDELL DR,0,NA,Y,A,-,N,NA,NA,NA,NA,NA,NA,NA,NA,NA,Y,4,0,4,2,A,-,08,22107,NA,N,C,D,A,A,H,-,A,D,0,NA,NA,NA,NA,Y,NA,A,01,0,0,4,0,0,0,0,0,0,-,-,33.91725158691406,-117.24195861816406,RIVERSIDE,MORENO VALLEY,-117.2419662475586,33.91733932495117
8624489,2018,2018-08-20,3313,2018-05-04,2306,1783,4,5,5,7,3313,0,0,0,NA,0,1R41,MADISON ST,INDIANA AV,150,N,N,A,-,Y,RIV,8,91,-,-,16.515,R,4,E,N,4,0,1,2,A,-,08,22107,NA,F,B,C,A,A,H,-,C,A,0,NA,NA,NA,NA,Y,NA,A,01,0,0,1,0,0,0,0,0,0,-,-,33.93539047241211,-117.40444183349608,RIVERSIDE,RIVERSIDE,-117.40692138671876,33.93461990356445
8626540,2018,2018-06-06,3315,2018-05-14,1439,002504,3E,1,5,6,3315,0,0,0,NA,0,003,ONTARIO AV,COMPTON AV,0,NA,Y,A,-,N,NA,NA,NA,NA,NA,NA,NA,NA,NA,Y,3,0,1,3,A,-,12,21453,A,N,D,C,A,A,H,-,A,A,0,NA,NA,NA,NA,Y,NA,A,01,0,1,0,0,0,0,0,0,0,-,-,NA,NA,RIVERSIDE,CORONA,-117.53668212890624,33.84516906738281
8628959,2018,2018-06-18,3300,2018-05-17,2114,5059,604D2,4,5,6,3394,0,0,0,NA,0,046,MORENO BEACH DR,COTTONWOOD AV,493,N,N,A,-,N,NA,NA,NA,NA,NA,NA,NA,NA,NA,Y,4,0,2,2,A,-,05,21650,NA,N,B,C,A,A,H,-,D,D,0,NA,NA,NA,NA,Y,NA,A,01,0,0,2,0,0,0,0,0,0,-,-,33.9244499206543,-117.17400360107422,RIVERSIDE,MORENO VALLEY,-117.17418670654295,33.92597198486328
8630652,2018,2018-06-04,3300,2018-03-27,0210,2931,508C,2,5,5,3341,0,0,0,NA,0,058,MURRIETA RD,SCOTT RD,0,NA,Y,A,-,N,NA,NA,NA,NA,NA,NA,NA,NA,NA,Y,3,0,1,1,A,-,03,22350,NA,N,E,I,A,D,A,-,D,D,0,NA,NA,NA,NA,Y,Y,A,01,0,1,0,0,0,0,0,0,0,-,-,33.64149856567383,-117.20645141601563,RIVERSIDE,MENIFEE,-117.20620727539063,33.64154052734375
8630843,2018,2018-06-06,3300,2018-05-18,0951,4323,910A,5,5,5,3335,0,0,0,NA,0,061,WINCHESTER RD,JEFFERSON AV,0,NA,Y,B,-,N,NA,NA,NA,NA,NA,NA,NA,NA,NA,Y,4,0,2,2,A,-,09,21453,C,N,D,C,A,A,H,-,A,A,0,NA,NA,NA,NA,Y,NA,A,01,0,0,2,0,0,0,0,0,0,-,-,NA,NA,RIVERSIDE,TEMECULA,-117.16507720947266,33.52090072631836
8632282,2018,2018-08-01,3300,2018-05-16,1452,3945,910A,3,5,5,3335,0,0,0,NA,0,063,WINCHESTER RD,NICOLAS RD,65,W,N,A,-,N,NA,NA,NA,NA,NA,NA,NA,NA,NA,N,4,0,1,3,A,-,08,22107,NA,N,D,C,A,A,H,-,A,A,0,NA,NA,NA,NA,Y,NA,A,01,0,0,1,0,0,0,0,0,0,-,-,33.539371490478516,-117.14469146728516,RIVERSIDE,TEMECULA,-117.14478302001952,33.53913497924805
8632387,2018,2018-06-13,3300,2018-05-21,0646,4767,501D,1,5,5,3341,0,0,0,NA,0,051,MENIFEE RD,MAPES RD,0,NA,Y,B,-,N,NA,NA,NA,NA,NA,NA,NA,NA,NA,Y,4,0,1,2,A,-,09,21804,A,N,D,C,A,A,H,-,A,D,0,NA,NA,NA,NA,Y,NA,D,22,0,0,1,0,0,0,0,0,0,-,-,NA,NA,RIVERSIDE,MENIFEE,-117.15415191650392,33.7575798034668
8632663,2018,2018-06-12,3300,2018-05-17,2236,N6567,916B,4,5,4,3312,0,0,0,NA,0,032,REDLANDS AV,ORANGE AV,0,NA,Y,A,-,N,NA,NA,NA,NA,NA,NA,NA,NA,NA,Y,4,0,2,2,A,-,01,23152,A,N,D,C,A,A,H,-,C,A,0,NA,NA,NA,NA,Y,Y,A,01,0,0,2,0,0,0,0,0,0,-,-,33.815799713134766,-117.21736907958984,RIVERSIDE,PERRIS,-117.21739196777344,33.815608978271484
8632671,2018,2018-06-12,3300,2018-05-12,1323,N6188,916A,6,5,4,3312,0,0,0,NA,0,031,PERRIS BL,RAMONA EXPWY,304,N,N,A,-,N,NA,NA,NA,NA,NA,NA,NA,NA,NA,N,4,0,1,2,A,-,03,22350,NA,N,C,C,A,A,H,-,A,A,0,NA,NA,NA,NA,Y,NA,A,01,0,0,1,0,0,0,0,0,0,-,-,33.84458923339844,-117.22599792480467,RIVERSIDE,PERRIS,-117.22617340087892,33.84544372558594
8632679,2018,2018-06-12,3300,2018-05-23,0135,3552,916A,3,5,4,3312,0,0,0,NA,0,031,RIDER ST,LAKE VIEW DR,86,W,N,B,-,N,NA,NA,NA,NA,NA,NA,NA,NA,NA,Y,4,0,1,1,A,-,08,22107,NA,N,F,I,A,A,H,-,C,D,0,NA,NA,NA,NA,Y,NA,A,07,0,0,1,0,0,0,0,0,0,-,-,33.83012008666992,-117.22332763671876,RIVERSIDE,PERRIS,-117.22353363037108,33.830169677734375
8633958,2018,2018-06-07,3315,2018-05-18,1453,11119,12E,5,5,6,3315,0,0,0,NA,0,NA,MAIN ST,ONTARIO AV,530,S,N,A,-,N,NA,NA,NA,NA,NA,NA,NA,NA,NA,Y,4,0,1,2,A,-,09,21804,A,N,D,C,A,A,H,-,A,D,0,NA,NA,NA,NA,Y,NA,A,01,0,0,1,0,0,0,0,0,0,-,-,NA,NA,RIVERSIDE,CORONA,-117.5695571899414,33.854835510253906
8634372,2018,2018-06-13,3313,2018-05-25,1319,1389,1,5,5,7,3313,0,0,0,NA,0,T53,BROCKTON AV,TIBBETTS ST,14,S,N,A,-,N,NA,NA,NA,NA,NA,NA,NA,NA,NA,N,4,0,1,2,A,-,09,21801,A,N,D,C,A,A,H,-,A,D,0,NA,NA,NA,NA,Y,NA,D,22,0,0,1,0,0,0,0,0,0,-,-,33.94742965698242,-117.396728515625,RIVERSIDE,RIVERSIDE,-117.39675903320313,33.94721984863281
8634376,2018,2018-06-13,3313,2018-05-16,1415,1772,2,3,5,7,3313,0,0,0,NA,0,T45,3RD ST,TRADE CENTER DR,427,E,N,A,-,N,NA,NA,NA,NA,NA,NA,NA,NA,NA,Y,3,0,1,2,A,-,09,21804,A,N,D,C,A,A,H,-,A,A,0,NA,NA,NA,NA,Y,NA,A,08,0,1,0,0,0,0,0,0,0,-,-,33.98310852050781,-117.34625244140624,RIVERSIDE,RIVERSIDE,-117.34466552734376,33.983009338378906
8634418,2018,2018-06-13,3313,2018-05-24,1315,1772,1,4,5,7,3313,0,0,0,NA,0,T45,MARKET ST,9TH ST,0,NA,Y,A,-,N,NA,NA,NA,NA,NA,NA,NA,NA,NA,Y,4,0,3,2,D,-,00,NA,NA,N,A,C,A,A,H,-,A,A,0,NA,NA,NA,NA,Y,NA,-,-,0,0,3,0,0,0,0,0,0,-,-,33.98149871826172,-117.37651824951172,RIVERSIDE,RIVERSIDE,-117.37641143798828,33.98147964477539
8635033,2018,2018-06-14,3300,2018-04-23,1435,3536,602D3,1,5,6,3394,0,0,0,NA,0,MV26,BAY AV,MORENO WY,36,E,N,A,-,N,NA,NA,NA,NA,NA,NA,NA,NA,NA,N,3,0,2,3,A,-,10,21950,A,N,G,B,D,A,H,-,A,D,0,Y,NA,NA,NA,Y,NA,A,01,0,1,1,0,2,0,0,0,0,-,-,33.950828552246094,-117.22921752929688,RIVERSIDE,MORENO VALLEY,-117.22906494140624,33.9209098815918
8635331,2018,2018-08-01,3309,2018-05-22,1617,356,3309,2,5,4,3309,0,0,0,NA,0,001,JACKSON ST,RT 111,8,N,N,A,-,N,NA,NA,NA,NA,NA,NA,NA,NA,NA,N,4,0,1,2,A,-,10,21950,A,N,H,G,A,A,H,-,A,A,0,NA,Y,NA,NA,Y,NA,A,08,0,0,1,0,0,0,1,0,0,-,-,NA,NA,RIVERSIDE,INDIO,-116.216254,33.714998
8635414,2018,2018-06-25,3313,2018-05-30,1446,1772,3,3,5,7,3313,0,0,0,NA,0,T45,VAN BUREN BL,BOUNTIFUL ST,43,E,N,A,-,N,NA,NA,NA,NA,NA,NA,NA,NA,NA,N,4,0,1,2,A,-,03,22350,NA,N,C,C,A,A,H,-,A,A,0,NA,NA,NA,NA,Y,NA,A,01,0,0,1,0,0,0,0,0,0,-,-,33.88761901855469,-117.32781982421876,RIVERSIDE,RIVERSIDE,-117.32781982421876,33.8878173828125
8635423,2018,2018-06-21,3313,2018-06-02,0613,1855,2,6,5,7,3313,0,0,0,NA,0,1R25,UNIVERSITY AV,PARK AV,215,W,N,A,-,N,NA,NA,NA,NA,NA,NA,NA,NA,NA,Y,3,0,1,1,A,-,08,22107,NA,N,E,I,A,A,H,-,B,D,0,NA,NA,NA,NA,Y,NA,A,08,0,1,0,0,0,0,0,0,0,-,-,33.97732925415039,-117.36443328857422,RIVERSIDE,RIVERSIDE,-117.36518096923828,33.97757339477539
8635897,2018,2018-06-25,3302,2018-06-05,0842,1046,NA,2,5,3,3302,0,0,0,NA,0,002,6TH ST,HIGHLAND SPRINGS AV,0,NA,Y,A,-,N,NA,NA,NA,NA,NA,NA,NA,NA,NA,N,3,0,1,2,A,-,08,22107,NA,N,D,G,A,A,H,-,A,A,0,NA,Y,NA,NA,Y,NA,L,04,0,1,0,0,0,0,1,0,0,-,-,33.92937088012695,-116.94686889648438,RIVERSIDE,BEAUMONT,-116.94690704345705,33.92945861816406
8636330,2018,2018-07-11,3300,2018-05-19,0500,5378,43A3,6,5,3,3392,0,0,0,NA,0,043,AVENIDA HERRERA,CALLE ARROBA,303,S,N,A,-,N,NA,NA,NA,NA,NA,NA,NA,NA,NA,Y,3,0,1,2,A,-,03,22350,NA,N,A,E,A,A,H,-,A,D,0,NA,NA,NA,NA,Y,NA,-,NA,0,1,0,0,0,0,0,0,0,-,-,NA,NA,RIVERSIDE,LA QUINTA,-116.309814453125,33.657142639160156
8636633,2018,2018-06-26,3300,2018-05-08,1515,4339,602C3,2,5,6,3394,0,0,0,NA,0,024,COTTONWOOD AV,NAGAI DR,20,W,N,A,-,N,NA,NA,NA,NA,NA,NA,NA,NA,NA,N,3,0,1,2,A,-,11,21954,A,N,G,B,E,A,H,-,A,D,0,Y,NA,NA,NA,Y,NA,N,60,0,1,0,0,1,0,0,0,0,-,-,33.92451095581055,-117.25556182861328,RIVERSIDE,MORENO VALLEY,-117.25571441650392,33.924530029296875
8638097,2018,2019-01-18,3313,2018-06-07,1323,1772,2,4,5,7,3313,0,0,0,NA,0,T45,CENTRAL AV,CANYON CREST DR,0,NA,Y,A,-,N,NA,NA,NA,NA,NA,NA,NA,NA,NA,Y,3,0,2,2,A,-,12,21453,A,N,D,C,A,A,H,-,A,A,0,NA,NA,NA,NA,Y,NA,-,-,0,1,1,0,0,0,0,0,0,-,-,33.95500183105469,-117.32904815673828,RIVERSIDE,RIVERSIDE,-117.32908630371094,33.95499038696289
8638362,2018,2018-06-21,3315,2018-05-25,2320,002661,13C,5,5,6,3315,0,0,0,NA,0,003,TABER RD,SANTANA WY,80,W,N,A,-,N,NA,NA,NA,NA,NA,NA,NA,NA,NA,N,4,0,1,2,A,-,01,23152,B,M,A,C,A,A,H,-,C,D,0,NA,NA,NA,NA,Y,Y,-,NA,0,0,1,0,0,0,0,0,0,-,-,33.84585189819336,-117.54496002197266,RIVERSIDE,CORONA,-117.54505920410156,33.84593200683594
8638386,2018,2018-06-21,3300,2018-05-31,1545,N6426,910K,4,5,5,3335,0,0,0,NA,0,064,MARGARITA RD,PAUBA RD,957,N,N,A,-,N,NA,NA,NA,NA,NA,NA,NA,NA,NA,N,4,0,1,2,A,-,03,22350,NA,N,C,C,A,A,H,-,A,D,0,NA,NA,NA,NA,Y,NA,A,01,0,0,1,0,0,0,0,0,0,-,-,NA,NA,RIVERSIDE,TEMECULA,-117.1181182861328,33.49982833862305
8638900,2018,2018-08-20,3311,2018-05-18,2007,15953,NA,5,5,4,3311,0,0,0,NA,0,006,GOLF CLUB DR,RT 111,0,NA,Y,A,-,Y,RIV,8,111,-,-,47.252,I,5,N,N,4,0,2,2,A,-,12,21453,A,N,D,C,A,A,H,-,C,A,0,NA,NA,NA,NA,Y,NA,A,07,0,0,2,0,0,0,0,0,0,-,-,33.79090881347656,-116.4864501953125,RIVERSIDE,PALM SPRINGS,-116.48648834228516,33.79085159301758
8640283,2018,2018-06-25,3300,2018-06-06,2200,4732,800A,3,5,3,3343,0,0,0,NA,0,080,LOST RD,LINNY CT,500,N,N,A,-,N,NA,NA,NA,NA,NA,NA,NA,NA,NA,Y,3,0,1,2,A,-,05,21650,NA,F,B,C,A,A,H,-,D,-,0,NA,NA,NA,NA,Y,Y,-,NA,0,1,0,0,0,0,0,0,0,-,-,NA,NA,RIVERSIDE,WILDOMAR,-117.25809478759766,33.651912689208984
8640423,2018,2018-06-27,3315,2018-05-18,1953,11119,4A,5,5,6,3315,0,0,0,NA,0,NA,LINCOLN AV,CITRON ST,19,S,N,A,-,N,NA,NA,NA,NA,NA,NA,NA,NA,NA,Y,4,0,1,1,A,-,01,23152,F,N,E,I,A,A,H,-,C,A,0,NA,NA,NA,NA,Y,NA,A,01,0,0,1,0,0,0,0,0,0,-,-,33.86383056640625,-117.58534240722656,RIVERSIDE,CORONA,-117.58531951904295,33.863807678222656
8640456,2018,2018-07-20,3300,2018-05-25,0835,N3672,916C,5,5,4,3312,0,0,0,NA,0,034,2ND ST,B ST,102,E,N,A,-,N,NA,NA,NA,NA,NA,NA,NA,NA,NA,N,4,0,1,2,A,-,06,21750,NA,M,B,C,A,A,H,-,A,A,0,NA,NA,NA,NA,Y,NA,-,NA,0,0,1,0,0,0,0,0,0,-,-,NA,NA,RIVERSIDE,PERRIS,-117.23196411132813,33.784420013427734
8641202,2018,2018-07-02,3313,2018-06-14,1911,1489,3,4,5,7,3313,0,0,0,NA,0,3R34,CANYON CREST DR,COUNTRY CLUB DR,1239,S,N,A,-,N,NA,NA,NA,NA,NA,NA,NA,NA,NA,N,4,0,2,2,A,-,05,21650,NA,N,A,C,A,A,A,-,A,D,0,NA,NA,NA,NA,Y,NA,A,01,0,0,2,0,0,0,0,0,0,-,-,33.947181701660156,-117.3325424194336,RIVERSIDE,RIVERSIDE,-117.33153533935548,33.94384765625
8643443,2018,2018-06-27,3313,2018-06-14,1600,1384,2,4,5,7,3313,0,0,0,NA,0,M17,LINDEN ST,ANDERSON AV,119,W,N,A,-,N,NA,NA,NA,NA,NA,NA,NA,NA,NA,Y,3,0,1,2,A,-,09,21804,A,N,D,G,A,A,H,-,A,D,0,NA,Y,NA,NA,Y,NA,L,04,0,1,0,0,0,0,1,0,0,-,-,33.9792594909668,-117.35104370117188,RIVERSIDE,RIVERSIDE,-117.35159301757813,33.97931671142578
8647429,2018,2018-07-06,3313,2018-06-11,1231,1819,E,1,5,7,3313,0,0,0,NA,0,2R23,CENTRAL AV,CANYON CREST DR,0,NA,Y,A,-,N,NA,NA,NA,NA,NA,NA,NA,NA,NA,N,3,0,1,2,A,-,03,22350,NA,N,C,C,A,A,H,-,A,A,0,NA,NA,NA,NA,Y,NA,A,01,0,1,0,0,0,0,0,0,0,-,-,33.95500183105469,-117.32904815673828,RIVERSIDE,RIVERSIDE,-117.32908630371094,33.95499038696289
8648131,2018,2020-05-26,3311,2018-06-02,2135,15975,NA,6,5,4,3311,0,0,0,NA,0,005,PALM CANYON DR,SUNNY DUNES RD,234,S,N,A,-,N,NA,NA,NA,NA,NA,NA,NA,NA,NA,Y,1,1,0,5,A,-,07,21658,A,N,E,I,A,A,H,-,C,D,0,NA,NA,Y,NA,Y,Y,C,02,0,0,0,0,0,0,0,1,0,-,-,33.812068939208984,-116.54496002197266,RIVERSIDE,PALM SPRINGS,-116.54457855224608,33.811519622802734
8649557,2018,2018-08-22,3315,2018-06-30,0840,003224,3C,6,5,6,3315,0,0,0,NA,0,002,EL SOBRANTE RD,MAGNOLIA AV,16,N,N,A,-,N,NA,NA,NA,NA,NA,NA,NA,NA,NA,Y,4,0,1,2,A,-,12,21453,A,N,D,C,A,A,H,-,A,A,0,NA,NA,NA,NA,Y,NA,-,NA,0,0,1,0,0,0,0,0,0,-,-,NA,NA,RIVERSIDE,CORONA,-117.5434341430664,33.86525344848633
8650048,2018,2018-09-11,3342,2018-06-03,1355,421,275,7,5,4,3342,0,0,0,NA,0,00B,LOS ALAMOS RD,RT 215,0,NA,Y,A,-,Y,RIV,8,215,-,R,10.834,R,4,S,Y,4,0,1,2,A,-,09,21806,A,N,D,C,A,A,H,-,A,A,0,NA,NA,NA,NA,Y,NA,A,07,0,0,1,0,0,0,0,0,0,-,SF,33.57202911376953,-117.18251800537108,RIVERSIDE,MURRIETA,-117.18100738525392,33.57555389404297
8651091,2018,2018-09-05,3325,2018-02-05,0711,1701,3325,1,5,4,3325,0,0,0,NA,0,001,DATE PALM DR,PASEO REAL,0,NA,Y,A,-,N,NA,NA,NA,NA,NA,NA,NA,NA,NA,Y,4,0,1,2,A,-,09,21801,A,N,D,C,A,A,H,-,A,D,0,NA,NA,NA,NA,Y,NA,A,01,0,0,1,0,0,0,0,0,0,-,-,NA,NA,RIVERSIDE,CATHEDRAL CITY,-116.45812225341795,33.78963851928711
8652206,2018,2018-08-23,3308,2018-06-03,1319,10702,514,7,5,5,3308,0,0,0,NA,0,NORTH,FLORIDA AV,SANDERSON AV,470,E,N,A,-,Y,RIV,8,74,-,-,30.87,H,-,E,Y,3,0,3,2,A,-,09,21804,A,N,A,C,A,A,H,-,A,A,0,NA,NA,NA,NA,Y,NA,A,01,0,1,2,0,0,0,0,0,0,-,-,33.74763107299805,-117.0066375732422,RIVERSIDE,HEMET,-117.1355209350586,33.74312973022461
8652286,2018,2018-08-20,3300,2018-05-28,1543,3624,905L,1,5,4,3307,0,0,0,NA,0,093,ORTEGA HWY,GRAND AV,1030,W,N,A,-,Y,RIV,8,74,-,-,11.635,H,-,E,Y,2,0,1,1,A,-,03,22350,NA,N,E,I,A,A,H,-,A,D,0,NA,NA,Y,NA,Y,Y,C,02,1,0,0,0,0,0,0,0,1,-,-,NA,NA,RIVERSIDE,LAKE ELSINORE,-117.3777313232422,33.65607452392578
8652731,2017,2018-07-03,3300,2017-09-23,0043,5068,002,6,5,6,3345,0,0,0,NA,0,020,JURUPA RD,PEDLEY RD,892,W,N,A,-,N,NA,NA,NA,NA,NA,NA,NA,NA,NA,N,4,0,1,2,A,-,11,21954,A,F,G,B,E,A,H,-,D,D,0,Y,NA,NA,NA,Y,NA,N,60,0,0,1,0,1,0,0,0,0,-,-,NA,NA,RIVERSIDE,JURUPA VALLEY,-117.47826396,33.99882525
8653170,2018,2018-07-05,3300,2018-06-19,0628,4423,506C,2,5,5,3341,0,0,0,NA,0,056,NEWPORT RD,EVANS RD,0,NA,Y,A,-,N,NA,NA,NA,NA,NA,NA,NA,NA,NA,Y,4,0,1,2,A,-,12,21453,A,N,D,C,A,A,H,-,A,A,0,NA,NA,NA,NA,Y,NA,A,07,0,0,1,0,0,0,0,0,0,-,-,33.684940338134766,-117.19705200195313,RIVERSIDE,MENIFEE,-117.19730377197266,33.68505096435547
8655882,2018,2018-07-12,3300,2018-04-16,1130,N4883,001L,1,5,6,3345,0,0,0,NA,0,016,MISSION BL,WALLACE ST,7,W,N,A,-,N,NA,NA,NA,NA,NA,NA,NA,NA,NA,N,3,0,1,2,A,-,10,21950,C,N,G,G,A,A,H,-,A,A,0,NA,Y,NA,NA,Y,NA,A,01,0,1,0,0,0,0,1,0,0,-,-,33.994529724121094,-117.40231323242188,RIVERSIDE,JURUPA VALLEY,-117.4022216796875,33.994510650634766
8656612,2018,2018-09-14,3300,2018-07-16,2316,5195,916A,1,5,4,3312,0,0,0,NA,0,031,RAMONA EXPWY,INDIAN AV,0,NA,Y,A,-,N,NA,NA,NA,NA,NA,NA,NA,NA,NA,Y,3,0,3,2,A,-,12,21453,A,N,A,C,A,A,H,-,C,A,0,NA,NA,NA,NA,Y,NA,-,-,0,1,2,0,0,0,0,0,0,-,-,33.844669342041016,-117.23468780517578,RIVERSIDE,PERRIS,-117.23475646972656,33.84461975097656
8656906,2018,2018-08-14,3309,2018-03-22,1752,180,3309,4,5,4,3309,0,0,0,NA,0,002,VAN BUREN ST,ENTERPRISE WY,1101,N,N,A,-,N,NA,NA,NA,NA,NA,NA,NA,NA,NA,Y,2,0,1,2,A,-,08,22107,NA,N,D,C,A,A,H,-,A,D,0,NA,NA,Y,NA,Y,NA,C,06,1,0,0,0,0,0,0,0,1,-,-,NA,NA,RIVERSIDE,INDIO,-116.19908142089844,33.71800231933594
8657033,2018,2018-08-27,3308,2018-07-25,1522,10610,547,3,5,5,3308,0,0,0,NA,0,SOUTH,STETSON AV,BUENA VISTA ST,69,E,N,A,-,N,NA,NA,NA,NA,NA,NA,NA,NA,NA,Y,4,0,2,3,A,-,03,22350,NA,N,C,C,A,A,H,-,A,A,0,NA,NA,NA,NA,Y,NA,A,01,0,0,2,0,0,0,0,0,0,-,-,33.72938919067383,-116.9672622680664,RIVERSIDE,HEMET,-116.96697235107422,33.729427337646484
8658279,2018,2018-08-15,3300,2018-06-10,0219,4692,916A,7,5,4,3312,0,0,0,NA,0,031,FRONTAGE RD,PLACENTIA AV,700,N,N,A,-,N,NA,NA,NA,NA,NA,NA,NA,NA,NA,Y,4,0,1,1,A,-,08,22107,NA,N,F,A,A,A,H,-,D,D,0,NA,NA,NA,NA,Y,NA,A,01,0,0,1,0,0,0,0,0,0,-,-,NA,NA,RIVERSIDE,PERRIS,-117.23948669433594,33.82494354248047
8658315,2018,2018-08-15,3300,2018-06-23,0708,4468,905C,6,5,4,3307,0,0,0,NA,0,090,RAILROAD CANYON RD,FIRE STATION,0,NA,Y,A,-,N,NA,NA,NA,NA,NA,NA,NA,NA,NA,Y,4,0,3,2,A,-,03,22350,NA,N,C,C,A,A,H,-,A,A,0,NA,NA,NA,NA,Y,NA,A,01,0,0,3,0,0,0,0,0,0,-,-,NA,NA,RIVERSIDE,LAKE ELSINORE,NA,NA
8659803,2018,2018-07-18,3300,2018-05-09,2239,4024,806A,3,5,3,3343,0,0,0,NA,0,086,CLINTON KEITH RD,GEORGE AV,0,NA,Y,A,-,N,NA,NA,NA,NA,NA,NA,NA,NA,NA,Y,4,0,1,2,A,-,12,21453,A,N,D,C,A,A,H,-,C,A,0,NA,NA,NA,NA,Y,NA,D,22,0,0,1,0,0,0,0,0,0,-,-,33.59775924682617,-117.24115753173828,RIVERSIDE,WILDOMAR,-117.24082946777344,33.59770965576172
8659953,2018,2018-07-19,3300,2018-06-19,1120,3505,41B5,2,5,3,3392,0,0,0,NA,0,041,RT 111,DUNE PALMS RD,70,E,N,A,-,N,NA,NA,NA,NA,NA,NA,NA,NA,NA,N,4,0,1,2,A,-,03,22350,NA,N,C,C,A,A,H,-,A,A,0,NA,NA,NA,NA,Y,NA,A,01,0,0,1,0,0,0,0,0,0,-,-,NA,NA,RIVERSIDE,LA QUINTA,-116.27724456787108,33.70743942260742
8660301,2018,2018-07-16,3300,2018-06-03,0128,4491,905M,7,5,4,3307,0,0,0,NA,0,093,STRICKLAND AV,FOSTER ST,681,W,N,A,-,N,NA,NA,NA,NA,NA,NA,NA,NA,NA,Y,3,0,2,1,A,-,03,22350,NA,N,E,J,A,A,H,-,C,D,0,NA,NA,NA,NA,Y,NA,A,07,0,1,1,0,0,0,0,0,0,-,-,33.68571853637695,-117.34712982177734,RIVERSIDE,LAKE ELSINORE,-117.34898376464844,33.686275482177734
8662687,2018,2018-07-25,3342,2018-03-03,1202,898,280,6,5,4,3342,0,0,0,NA,0,00B,HANCOCK AV,RIDGEWOOD RD,27,N,N,A,-,N,NA,NA,NA,NA,NA,NA,NA,NA,NA,Y,4,0,1,2,A,-,03,22350,NA,N,C,C,A,A,H,-,A,A,0,NA,NA,NA,NA,Y,NA,A,01,0,0,1,0,0,0,0,0,0,-,-,33.579490661621094,-117.19522094726563,RIVERSIDE,MURRIETA,-117.19522094726563,33.57941436767578