CASE_ID,ACCIDENT_YEAR,PROC_DATE,JURIS,COLLISION_DATE,COLLISION_TIME,OFFICER_ID,REPORTING_DISTRICT,DAY_OF_WEEK,CHP_SHIFT,POPULATION,CNTY_CITY_LOC,SPECIAL_COND,BEAT_TYPE,CHP_BEAT_TYPE,CITY_DIVISION_LAPD,CHP_BEAT_CLASS,BEAT_NUMBER,PRIMARY_RD,SECONDARY_RD,DISTANCE,DIRECTION,INTERSECTION,WEATHER_1,WEATHER_2,STATE_HWY_IND,CALTRANS_COUNTY,CALTRANS_DISTRICT,STATE_ROUTE,ROUTE_SUFFIX,POSTMILE_PREFIX,POSTMILE,LOCATION_TYPE,RAMP_INTERSECTION,SIDE_OF_HWY,TOW_AWAY,COLLISION_SEVERITY,NUMBER_KILLED,NUMBER_INJURED,PARTY_COUNT,PRIMARY_COLL_FACTOR,PCF_CODE_OF_VIOL,PCF_VIOL_CATEGORY,PCF_VIOLATION,PCF_VIOL_SUBSECTION,HIT_AND_RUN,TYPE_OF_COLLISION,MVIW,PED_ACTION,ROAD_SURFACE,ROAD_COND_1,ROAD_COND_2,LIGHTING,CONTROL_DEVICE,CHP_ROAD_TYPE,PEDESTRIAN_ACCIDENT,BICYCLE_ACCIDENT,MOTORCYCLE_ACCIDENT,TRUCK_ACCIDENT,NOT_PRIVATE_PROPERTY,ALCOHOL_INVOLVED,STWD_VEHTYPE_AT_FAULT,CHP_VEHTYPE_AT_FAULT,COUNT_SEVERE_INJ,COUNT_VISIBLE_INJ,COUNT_COMPLAINT_PAIN,COUNT_PED_KILLED,COUNT_PED_INJURED,COUNT_BICYCLIST_KILLED,COUNT_BICYCLIST_INJURED,COUNT_MC_KILLED,COUNT_MC_INJURED,PRIMARY_RAMP,SECONDARY_RAMP,LATITUDE,LONGITUDE,COUNTY,CITY,POINT_X,POINT_Y
8783722,2019,2019-02-02,3311,2019-01-10,2057,15970,NA,4,5,4,3311,0,0,0,NA,0,003,CALLE ENCILIA,SATURNINO RD,0,NA,Y,A,-,N,NA,NA,NA,NA,NA,NA,NA,NA,NA,Y,4,0,1,2,A,-,09,21802,A,N,D,C,A,A,H,-,C,A,0,NA,NA,NA,NA,Y,NA,A,01,0,0,1,0,0,0,0,0,0,-,-,33.81816864013672,-116.54364776611328,RIVERSIDE,PALM SPRINGS,-116.54373931884766,33.818328857421875
8785104,2018,2019-01-26,3313,2018-12-23,1743,1539,4,7,5,7,3313,0,0,0,NA,0,3R44,HERMOSA DR,WASHINGTON ST,300,W,N,A,-,N,NA,NA,NA,NA,NA,NA,NA,NA,NA,Y,4,0,1,1,A,-,08,22107,NA,N,F,A,A,A,H,-,D,D,0,NA,NA,NA,NA,Y,NA,A,01,0,0,1,0,0,0,0,0,0,-,-,33.90167999267578,-117.38343811035156,RIVERSIDE,RIVERSIDE,-117.38434600830078,33.90162658691406
8785220,2019,2019-02-05,3313,2019-01-03,1007,1097,1,4,5,7,3313,0,0,0,NA,0,M39,10TH ST,MARKET ST,183,E,N,A,-,N,NA,NA,NA,NA,NA,NA,NA,NA,NA,N,3,0,1,2,A,-,09,21804,A,N,G,G,A,A,H,-,A,A,0,NA,Y,NA,NA,Y,NA,L,04,0,1,0,0,0,0,1,0,0,-,-,33.98054885864258,-117.37716674804688,RIVERSIDE,RIVERSIDE,-117.37651824951172,33.980281829833984
8785290,2018,2019-01-31,3313,2018-12-21,1944,1798,5,5,5,7,3313,0,0,0,NA,0,T47,LA SIERRA AV,SCHUYLER AV,0,NA,Y,A,-,N,NA,NA,NA,NA,NA,NA,NA,NA,NA,N,3,0,1,2,A,-,05,21202,A,N,H,G,A,A,H,-,C,A,0,NA,Y,NA,NA,Y,NA,L,04,0,1,0,0,0,0,1,0,0,-,-,33.915000915527344,-117.48600006103516,RIVERSIDE,RIVERSIDE,-117.48605346679688,33.915401458740234
8785821,2018,2019-02-01,3300,2018-10-28,2353,4859,011M,7,5,4,3344,0,0,0,NA,0,063,WILDLUPINE RD,BLUE NIGHT WY,440,S,N,A,-,N,NA,NA,NA,NA,NA,NA,NA,NA,NA,Y,4,0,1,1,A,-,03,22350,NA,N,E,I,A,A,H,-,C,D,0,NA,NA,NA,NA,Y,NA,A,01,0,0,1,0,0,0,0,0,0,-,-,NA,NA,RIVERSIDE,EASTVALE,-117.605639,33.961575
8785966,2018,2019-01-31,3313,2018-06-30,2003,N5426,2,6,5,7,3313,0,0,0,NA,0,U84,IOWA AV,MASSACHUSETTS AV,30,S,N,A,-,N,NA,NA,NA,NA,NA,NA,NA,NA,NA,N,4,0,3,4,A,-,03,22350,NA,N,C,C,A,A,H,-,C,A,0,NA,NA,NA,NA,Y,NA,A,01,0,0,3,0,0,0,0,0,0,-,-,33.986000061035156,-117.33899688720705,RIVERSIDE,RIVERSIDE,-117.3398895263672,33.986549377441406
8789474,2019,2019-02-05,3300,2019-01-23,1736,3854,910E,3,5,5,3335,0,0,0,NA,0,061,JEFFERSON AV,WINCHESTER RD,870,S,N,A,-,N,NA,NA,NA,NA,NA,NA,NA,NA,NA,Y,4,0,4,5,A,-,03,22350,NA,N,C,C,A,A,H,-,C,D,0,NA,NA,NA,NA,Y,NA,A,01,0,0,4,0,0,0,0,0,0,-,-,33.52096176147461,-117.16500091552734,RIVERSIDE,TEMECULA,-117.1633071899414,33.51903533935547
8789557,2019,2019-02-05,3300,2019-01-17,0612,4657,901D,4,5,4,3310,0,0,0,NA,0,051,HAMNER AV,2ND ST,270,S,N,C,-,N,NA,NA,NA,NA,NA,NA,NA,NA,NA,N,4,0,1,2,A,-,09,21804,A,N,D,C,A,B,H,-,A,D,0,NA,NA,NA,NA,Y,NA,A,01,0,0,1,0,0,0,0,0,0,-,-,33.909549713134766,-117.56136322021484,RIVERSIDE,NORCO,-117.5612564086914,33.908756256103516
8790480,2018,2019-02-01,3300,2018-11-25,1835,2913,502B,7,5,5,3341,0,0,0,NA,0,052,LAZY CLOUD WY,RED RIVER DR,0,NA,Y,A,-,N,NA,NA,NA,NA,NA,NA,NA,NA,NA,Y,4,0,1,2,A,-,03,22350,NA,N,D,E,A,A,H,-,C,D,0,NA,NA,NA,NA,Y,NA,A,01,0,0,1,0,0,0,0,0,0,-,-,NA,NA,RIVERSIDE,MENIFEE,-117.20697021484376,33.72808074951172
8791843,2018,2019-02-12,3308,2018-12-09,1707,10686,517,7,5,5,3308,0,0,0,NA,0,SOUTH,FLORIDA AV,CARMALITA ST,0,NA,Y,A,-,Y,RIV,8,74,-,-,40.711,I,5,E,N,3,0,1,2,A,-,11,21461,5,N,G,B,B,A,H,-,C,A,0,Y,NA,NA,NA,Y,NA,N,60,0,1,0,0,1,0,0,0,0,-,-,33.747589111328125,-116.96956634521484,RIVERSIDE,HEMET,-116.96955108642578,33.747501373291016
8791987,2019,2019-02-15,3300,2019-01-14,1138,3481,920C,1,5,4,3314,0,0,0,NA,0,070,ESPLANADE AV,CINNABAR AV,0,NA,Y,A,-,N,NA,NA,NA,NA,NA,NA,NA,NA,NA,Y,4,0,2,2,A,-,03,22350,NA,N,C,C,A,B,H,-,A,D,0,NA,NA,NA,NA,Y,NA,A,01,0,0,2,0,0,0,0,0,0,-,-,NA,NA,RIVERSIDE,SAN JACINTO,-117.0255126953125,33.77286148071289
8792991,2018,2019-02-27,3300,2018-12-14,0935,5155,804C,5,5,3,3343,0,0,0,NA,0,084,BUNDY CANYON RD,PALM AV,222,E,N,A,-,N,NA,NA,NA,NA,NA,NA,NA,NA,NA,Y,3,0,2,2,A,-,03,22350,NA,N,C,C,A,A,G,-,A,D,0,NA,NA,NA,NA,Y,NA,D,22,0,2,0,0,0,0,0,0,0,-,-,33.64141845703125,-117.23223876953124,RIVERSIDE,WILDOMAR,-117.23143005371094,33.641448974609375
8795819,2018,2019-02-13,3306,2018-11-03,0021,137,3306,6,5,3,3306,0,0,0,NA,0,NA,INDIAN CANYON DR,MISSION LAKES BL,3168,N,N,A,-,N,NA,NA,NA,NA,NA,NA,NA,NA,NA,Y,4,0,1,1,A,-,05,21460,NA,N,H,J,A,A,H,-,D,D,0,NA,NA,NA,NA,Y,NA,A,01,0,0,1,0,0,0,0,0,0,-,-,NA,NA,RIVERSIDE,DESERT HOT SPRINGS,-116.54515838623048,33.984779357910156
8795847,2019,2019-03-05,3311,2019-02-11,1926,15397,NA,1,5,4,3311,0,0,0,NA,0,002,INDIAN CANYON DR N,RACQUET CLUB RD,0,NA,Y,A,-,N,NA,NA,NA,NA,NA,NA,NA,NA,NA,Y,4,0,6,3,D,-,00,NA,NA,N,A,C,A,A,H,-,C,A,0,NA,NA,NA,NA,Y,NA,-,-,0,0,6,0,0,0,0,0,0,-,-,33.85205078125,-116.54557800292967,RIVERSIDE,PALM SPRINGS,-116.54556274414063,33.85211181640625
8797074,2019,2019-02-14,3300,2019-01-17,0723,4406,604C5,4,5,6,3394,0,0,0,NA,0,044,CLYDESDALE LN,SPIRIT RD,0,NA,Y,B,-,N,NA,NA,NA,NA,NA,NA,NA,NA,NA,Y,4,0,1,2,A,-,12,22450,A,N,D,C,A,B,H,-,A,D,0,NA,NA,NA,NA,Y,NA,A,01,0,0,1,0,0,0,0,0,0,-,-,33.88085174560547,-117.20526885986328,RIVERSIDE,MORENO VALLEY,-117.20471954345705,33.88090896606445
8799076,2019,2019-02-20,3313,2019-01-06,0144,1756,3,7,5,7,3313,0,0,0,NA,0,1R21,RUSTIN AV,LINDEN ST,500,N,N,A,-,N,NA,NA,NA,NA,NA,NA,NA,NA,NA,Y,3,0,1,1,A,-,01,23152,A,N,E,I,A,B,H,-,C,A,0,NA,NA,NA,NA,Y,Y,A,01,0,1,0,0,0,0,0,0,0,-,-,33.97945022583008,-117.33558654785156,RIVERSIDE,RIVERSIDE,-117.33548736572266,33.980690002441406
8799280,2019,2019-02-25,3300,2019-02-04,1846,4713,910B,1,5,5,3335,0,0,0,NA,0,063,MARGARITA RD,OVERLAND DR,85,S,N,C,-,N,NA,NA,NA,NA,NA,NA,NA,NA,NA,Y,4,0,2,3,A,-,03,22350,NA,N,C,C,A,B,H,-,C,A,0,NA,NA,NA,NA,Y,NA,D,22,0,0,2,0,0,0,0,0,0,-,-,NA,NA,RIVERSIDE,TEMECULA,-117.15097808837892,33.519744873046875
8800723,2019,2019-03-20,3300,2019-02-04,1345,3602,002K,1,5,6,3345,0,0,0,NA,0,022,ETIWANDA AV,RT 60,183,S,N,C,-,N,NA,NA,NA,NA,NA,NA,NA,NA,NA,N,3,0,2,4,A,-,03,22350,NA,N,C,C,A,B,H,-,A,A,0,NA,NA,NA,Y,Y,NA,F,27,0,1,1,0,0,0,0,0,0,-,WF,NA,NA,RIVERSIDE,JURUPA VALLEY,-117.52449798583984,34.018070220947266
8801307,2019,2019-02-28,3300,2019-01-23,0755,N3672,916A,3,5,4,3312,0,0,0,NA,0,031,RAMONA EXPWY,PERRIS BL,40,E,N,A,-,N,NA,NA,NA,NA,NA,NA,NA,NA,NA,N,4,0,3,3,A,-,03,22350,NA,N,C,C,A,A,H,-,A,A,0,NA,NA,NA,NA,Y,NA,D,22,0,0,3,0,0,0,0,0,0,-,-,33.84458923339844,-117.22599792480467,RIVERSIDE,PERRIS,-117.22606658935548,33.844608306884766
8801766,2019,2019-03-07,3309,2019-02-08,0737,206,3309,5,5,4,3309,0,0,0,NA,0,005,FRED WARING DR,CLINTON ST,281,E,N,A,-,N,NA,NA,NA,NA,NA,NA,NA,NA,NA,N,4,0,1,2,A,-,07,21658,A,N,H,A,A,A,H,-,A,A,0,NA,NA,Y,NA,Y,NA,A,07,0,0,1,0,0,0,0,0,1,-,-,NA,NA,RIVERSIDE,INDIO,-116.24183654785156,33.72941207885742
8801903,2019,2019-03-06,3300,2019-01-08,0721,3611,602C1,2,5,6,3394,0,0,0,NA,0,MV24,SUNNYMEAD BL,FREDERICK ST,1092,E,N,A,-,N,NA,NA,NA,NA,NA,NA,NA,NA,NA,N,4,0,1,2,A,-,09,21804,A,N,C,C,A,A,H,-,A,D,0,NA,NA,NA,NA,Y,NA,A,01,0,0,1,0,0,0,0,0,0,-,-,33.93973159790039,-117.26141357421876,RIVERSIDE,MORENO VALLEY,-117.2579345703125,33.93914031982422
8802249,2019,2019-03-11,3300,2019-01-09,1840,3455,604B4,3,5,6,3394,0,0,0,NA,0,042,JOHNNY F KENNEDY DR,STEPHENSON ST,0,NA,Y,A,-,N,NA,NA,NA,NA,NA,NA,NA,NA,NA,Y,4,0,1,2,A,-,03,22350,NA,N,C,C,A,A,H,-,C,D,0,NA,NA,NA,NA,Y,NA,A,07,0,0,1,0,0,0,0,0,0,-,-,33.90264129638672,-117.17156219482422,RIVERSIDE,MORENO VALLEY,-117.17156982421876,33.902801513671875
8802286,2019,2019-04-05,3313,2019-01-25,1128,1686,3,5,5,7,3313,0,0,0,NA,0,T58,KRAMERIA AV,TAFT ST,0,NA,Y,A,-,N,NA,NA,NA,NA,NA,NA,NA,NA,NA,Y,4,0,2,2,A,-,12,22450,A,N,D,C,A,A,H,-,A,A,0,NA,NA,NA,NA,Y,NA,-,-,0,0,2,0,0,0,0,0,0,-,-,33.87997817993164,-117.34008026123048,RIVERSIDE,RIVERSIDE,-117.340087890625,33.87995147705078
8802559,2019,2019-03-08,3313,2019-02-26,1845,1947,4,2,5,7,3313,0,0,0,NA,0,T47,MADISON ST,INDIANA AV,50,S,N,A,-,N,NA,NA,91,NA,NA,NA,NA,NA,NA,N,4,0,1,2,A,-,03,22350,NA,M,C,C,A,A,H,-,C,D,0,NA,NA,NA,NA,Y,NA,A,01,0,0,1,0,0,0,0,0,0,-,-,33.93539047241211,-117.40444183349608,RIVERSIDE,RIVERSIDE,-117.40471649169922,33.935890197753906
8803087,2019,2019-02-22,3313,2019-02-05,0814,0531,1,2,5,7,3313,0,0,0,NA,0,2R15,11TH ST,CEDAR ST,0,NA,Y,A,-,N,NA,NA,NA,NA,NA,NA,NA,NA,NA,Y,4,0,1,2,A,-,12,22450,A,N,D,C,A,A,H,-,A,A,0,NA,NA,NA,NA,Y,NA,A,01,0,0,1,0,0,0,0,0,0,-,-,33.982330322265625,-117.38353729248048,RIVERSIDE,RIVERSIDE,-117.3834228515625,33.98223114013672
8804184,2019,2019-03-05,3313,2019-02-02,0315,1900,4,6,5,7,3313,0,0,0,NA,0,1R47,ADAMS ST,DIANA AV,0,NA,Y,C,-,N,NA,NA,NA,NA,NA,NA,NA,NA,NA,Y,4,0,1,2,A,-,05,21650,NA,F,A,C,A,B,H,-,C,D,0,NA,NA,NA,NA,Y,NA,A,07,0,0,1,0,0,0,0,0,0,-,-,33.92768859863281,-117.42015838623048,RIVERSIDE,RIVERSIDE,-117.42015838623048,33.92792892456055
8804538,2019,2019-03-06,3300,2019-02-18,1535,4713,910Q,1,5,5,3335,0,0,0,NA,0,069,PECHANGA PKWY,RAINBOW CANYON RD,19,S,N,A,-,N,NA,NA,NA,NA,NA,NA,NA,NA,NA,Y,4,0,1,1,A,-,08,22107,NA,N,E,I,A,A,H,-,A,A,0,NA,NA,NA,NA,Y,NA,A,07,0,0,1,0,0,0,0,0,0,-,-,NA,NA,RIVERSIDE,TEMECULA,-117.1270751953125,33.47343826293945
8804648,2019,2019-03-06,3300,2019-01-16,1215,N5997,910B,3,5,5,3335,0,0,0,NA,0,063,OVERLAND DR,MARGARITA RD,85,NA,N,B,C,N,NA,NA,NA,NA,NA,NA,NA,NA,NA,Y,4,0,1,2,A,-,03,22350,NA,N,A,C,A,B,H,-,A,D,0,NA,NA,NA,NA,Y,NA,-,NA,0,0,1,0,0,0,0,0,0,-,-,NA,NA,RIVERSIDE,TEMECULA,-117.15091705322266,33.51996994018555
8805529,2018,2019-02-20,3325,2018-12-24,1449,1702,DESER,1,5,4,3325,0,0,0,NA,0,003,MCCALLUM WY,AVENIDA LA GAVIOTA,100,W,N,A,-,N,NA,NA,NA,NA,NA,NA,NA,NA,NA,Y,4,0,1,2,A,-,08,22107,NA,N,C,C,A,A,H,-,A,D,0,NA,NA,NA,NA,Y,NA,A,01,0,0,1,0,0,0,0,0,0,-,-,NA,NA,RIVERSIDE,CATHEDRAL CITY,-116.4724578857422,33.82312774658203
8805570,2018,2019-02-20,3300,2018-12-19,1225,N4544,604A1,3,5,6,3394,0,0,0,NA,0,042,DRACAEA AV,BURNEY PASS DR,198,W,N,A,-,N,NA,NA,NA,NA,NA,NA,NA,NA,NA,N,4,0,1,2,A,-,11,21954,A,N,G,B,D,A,H,-,A,D,0,Y,NA,NA,NA,Y,NA,N,60,0,0,1,0,1,0,0,0,0,-,-,33.92816925048828,-117.20403289794922,RIVERSIDE,MORENO VALLEY,-117.2047119140625,33.928192138671875
8805665,2019,2019-02-21,3311,2019-01-25,1953,16174,NA,5,5,4,3311,0,0,0,NA,0,003,PALM CANYON DR S,RAMON RD,191,N,N,A,E,N,NA,NA,NA,NA,NA,NA,NA,NA,NA,Y,3,0,1,3,A,-,07,21658,A,N,C,E,A,A,H,-,C,D,0,NA,NA,NA,NA,Y,NA,A,01,0,1,0,0,0,0,0,0,0,-,-,33.815860748291016,-116.54676818847656,RIVERSIDE,PALM SPRINGS,-116.54678344726563,33.81636428833008
8805712,2019,2019-02-21,3315,2019-01-18,1229,002235,10C,5,5,6,3315,0,0,0,NA,0,002,SAMPSON AV,MCKINLEY ST,200,W,N,B,-,N,NA,NA,NA,NA,NA,NA,NA,NA,NA,Y,3,0,1,2,A,-,09,21804,A,N,D,C,A,A,H,-,A,D,0,NA,NA,NA,NA,Y,NA,D,22,0,1,0,0,0,0,0,0,0,-,-,NA,NA,RIVERSIDE,CORONA,-117.51677703857422,33.88404846191406
8807219,2019,2019-03-14,3315,2019-02-18,1500,002089,1A,1,5,6,3315,0,0,0,NA,0,001,BUTTERFIELD DR,SMITH AV,22,W,N,B,G,N,NA,NA,NA,NA,NA,NA,NA,NA,NA,N,4,0,2,2,B,-,22,NA,NA,N,C,C,A,A,H,-,A,A,0,NA,NA,NA,NA,Y,NA,A,01,0,0,2,0,0,0,0,0,0,-,-,NA,NA,RIVERSIDE,CORONA,-117.59114074707033,33.89388656616211
8808316,2019,2019-08-13,3300,2019-07-02,1446,3744,920F,2,5,4,3314,0,0,0,NA,0,072,3RD ST,JORDAN AV,0,NA,Y,A,-,N,NA,NA,NA,NA,NA,NA,NA,NA,NA,Y,3,0,2,2,A,-,09,21802,A,N,D,C,A,A,H,-,A,A,0,NA,NA,NA,NA,Y,NA,A,07,0,1,1,0,0,0,0,0,0,-,-,33.78480911254883,-116.95661926269533,RIVERSIDE,SAN JACINTO,-116.95662689208984,33.7847900390625
8808344,2019,2019-06-25,3308,2019-06-09,1839,10514,285,7,5,5,3308,0,0,0,NA,0,NORTH,LYON AV,COMMONWEALTH AV,0,NA,Y,A,-,N,NA,NA,NA,NA,NA,NA,NA,NA,NA,Y,1,1,1,2,A,-,01,23152,F,N,D,C,A,A,H,-,A,A,0,NA,NA,NA,NA,Y,NA,D,22,1,0,0,0,0,0,0,0,0,-,-,33.769290924072266,-116.98914337158205,RIVERSIDE,HEMET,-116.98927307128906,33.769161224365234
8809924,2018,2019-03-13,3300,2018-12-09,0716,N4883,001H,7,5,6,3345,0,0,0,NA,0,014,AVENUE JUAN BAUTISTA,AVENIDA VALENCIA,31,E,N,A,-,N,NA,NA,NA,NA,NA,NA,NA,NA,NA,Y,4,0,1,1,A,-,12,22450,A,N,E,I,A,A,H,-,A,A,0,NA,NA,NA,NA,Y,NA,A,01,0,0,1,0,0,0,0,0,0,-,-,NA,NA,RIVERSIDE,JURUPA VALLEY,-117.43213653564452,33.99073028564453
8810211,2019,2019-05-04,3300,2019-02-19,1604,4400,89B1,2,5,2,3316,0,0,0,NA,0,089,RT 111,RANCHO PALMERAS,23,E,N,A,-,N,NA,NA,NA,NA,NA,NA,NA,NA,NA,N,3,0,2,3,A,-,03,22350,NA,N,C,C,A,A,H,-,A,A,0,NA,NA,NA,NA,Y,NA,A,01,0,2,0,0,0,0,0,0,0,-,-,NA,NA,RIVERSIDE,INDIAN WELLS,-116.34756469726563,33.721378326416016
8810570,2019,2019-05-08,3300,2019-02-28,1407,4867,602D2,4,5,6,3394,0,0,0,NA,0,MV26,HEACOCK ST,RT 60,0,NA,Y,A,-,Y,RIV,8,60,-,-,15.599,R,4,W,Y,3,0,1,2,A,-,12,21453,A,N,D,C,A,A,H,-,A,A,0,NA,NA,NA,NA,Y,NA,A,01,0,1,0,0,0,0,0,0,0,-,WF,33.94147872924805,-117.24375152587892,RIVERSIDE,MORENO VALLEY,-117.23953247070313,33.94120407104492
8811856,2019,2019-03-15,3325,2019-01-02,1131,515,3325,3,5,4,3325,0,0,0,NA,0,001,EAST PALM CANYON DR,MELROSE DR,0,NA,Y,A,-,N,NA,NA,NA,NA,NA,NA,NA,NA,NA,Y,4,0,1,2,A,-,09,21802,A,N,D,C,A,A,H,-,A,A,0,NA,NA,NA,NA,Y,NA,A,01,0,0,1,0,0,0,0,0,0,-,-,NA,NA,RIVERSIDE,CATHEDRAL CITY,-116.469752,33.781345
8812510,2019,2019-03-14,3325,2019-01-02,0619,515,3325,3,5,4,3325,0,0,0,NA,0,002,RAMON RD,NEUMA DR,0,NA,Y,A,-,N,NA,NA,NA,NA,NA,NA,NA,NA,NA,Y,4,0,1,2,A,-,03,22350,NA,N,C,C,A,A,H,-,B,D,0,NA,NA,NA,NA,Y,NA,D,22,0,0,1,0,0,0,0,0,0,-,-,NA,NA,RIVERSIDE,CATHEDRAL CITY,-116.45136260986328,33.816001892089844
8812608,2019,2019-03-18,3306,2019-01-05,1740,139,INDIO,6,5,3,3306,0,0,0,NA,0,NA,PALM DR,DILLON RD,45,S,N,B,-,N,NA,NA,NA,NA,NA,NA,NA,NA,NA,N,4,0,1,2,A,-,05,21460,A,N,D,C,A,A,H,-,B,A,0,NA,NA,NA,Y,Y,NA,F,26,0,0,1,0,0,0,0,0,0,-,-,NA,NA,RIVERSIDE,DESERT HOT SPRINGS,-116.5017318725586,33.92484664916992
8814765,2019,2019-03-12,3309,2019-02-20,1436,206,3309,3,5,4,3309,0,0,0,NA,0,005,INDIO BL,BURR ST,0,NA,Y,A,-,N,NA,NA,NA,NA,NA,NA,NA,NA,NA,Y,4,0,1,2,A,-,09,21801,A,N,D,A,A,A,H,-,A,D,0,NA,NA,NA,NA,Y,NA,D,22,0,0,1,0,0,0,0,0,0,-,-,NA,NA,RIVERSIDE,INDIO,-116.26020050048828,33.74156951904297
8815652,2019,2019-03-19,3300,2019-02-20,1231,N6567,508B,3,5,5,3341,0,0,0,NA,0,058,BUNDY CANYON RD,WALDON RD,93,W,N,B,-,N,NA,NA,NA,NA,NA,NA,NA,NA,NA,Y,4,0,1,3,A,-,03,22350,NA,N,C,C,A,A,H,-,A,D,0,NA,NA,NA,NA,Y,NA,D,22,0,0,1,0,0,0,0,0,0,-,-,33.641868591308594,-117.2172393798828,RIVERSIDE,MENIFEE,-117.21728515625,33.641761779785156
8821132,2019,2019-03-21,3300,2019-01-01,0700,N3672,916A,2,5,4,3312,0,0,0,NA,0,031,RAMONA EXPWY,REDLANDS AV,1068,E,N,A,-,N,NA,NA,NA,NA,NA,NA,NA,NA,NA,Y,2,0,5,2,A,-,01,23152,B,N,A,C,A,A,H,-,A,A,0,NA,NA,NA,NA,Y,Y,A,01,1,3,1,0,0,0,0,0,0,-,-,33.84400177001953,-117.21600341796876,RIVERSIDE,PERRIS,-117.21339416503906,33.84450149536133
8821925,2019,2019-03-26,3300,2019-03-01,1120,N5073,30H1,5,5,4,3318,0,0,0,NA,0,T30,RT 111,SAN LUIS REY AV,0,NA,Y,A,-,N,NA,NA,NA,NA,NA,NA,NA,NA,NA,N,3,0,1,2,A,-,10,21950,A,N,G,B,B,A,H,-,A,A,0,Y,NA,NA,NA,Y,NA,A,01,0,1,0,0,1,0,0,0,0,-,-,NA,NA,RIVERSIDE,PALM DESERT,-116.37712097167967,33.721370697021484
8822153,2019,2019-05-06,3313,2019-03-15,0919,1641,3,5,5,7,3313,0,0,0,NA,0,T55,VAN BUREN BL,BARTON ST,219,E,N,A,-,N,NA,NA,NA,NA,NA,NA,NA,NA,NA,Y,3,0,2,4,A,-,07,21658,A,N,A,C,A,A,H,-,A,A,0,NA,NA,NA,Y,Y,NA,D,22,0,1,1,0,0,0,0,0,0,-,-,NA,NA,RIVERSIDE,RIVERSIDE,-117.3131866455078,33.88808822631836
8822239,2019,2019-04-16,3300,2019-02-06,0741,N4225,905I,3,5,4,3307,0,0,0,NA,0,L95,CENTRAL AV,DEXTER AV,32,E,N,A,-,N,NA,NA,NA,NA,NA,NA,NA,NA,NA,N,4,0,1,2,A,-,03,22350,NA,N,C,C,A,A,H,-,A,D,0,NA,NA,NA,NA,Y,NA,D,22,0,0,1,0,0,0,0,0,0,-,-,NA,NA,RIVERSIDE,LAKE ELSINORE,-117.33612823486328,33.693302154541016
8822455,2019,2019-05-14,3300,2019-02-14,1555,2664,910,4,5,5,3335,0,0,0,NA,0,00M,TEMECULA PKWY,BEDFORD CT,0,NA,Y,A,C,N,NA,NA,NA,NA,NA,NA,NA,NA,NA,Y,4,0,1,3,A,-,08,22107,NA,N,B,C,A,B,H,-,A,D,0,NA,NA,NA,NA,Y,NA,A,01,0,0,1,0,0,0,0,0,0,-,-,NA,NA,RIVERSIDE,TEMECULA,-117.13768,33.47923
8822796,2019,2019-03-26,3313,2019-01-20,1640,1539,4,7,5,7,3313,0,0,0,NA,0,3R44,INDIANA AV,VANCE ST,3,W,N,A,-,N,NA,NA,NA,NA,NA,NA,NA,NA,NA,Y,4,0,1,3,A,-,08,22107,NA,N,B,E,A,A,H,-,A,D,0,NA,NA,NA,NA,Y,NA,A,01,0,0,1,0,0,0,0,0,0,-,-,33.92470169067383,-117.42252349853516,RIVERSIDE,RIVERSIDE,-117.42250061035156,33.924903869628906
8823154,2019,2019-03-22,3313,2019-03-04,1831,1704,2,1,5,7,3313,0,0,0,NA,0,U81,MARTIN LUTHER KING BL,CANYON CREEK DR,1050,W,N,A,-,N,NA,NA,NA,NA,NA,NA,NA,NA,NA,N,4,0,3,2,A,-,03,22350,NA,N,C,C,A,A,H,-,C,D,0,NA,NA,NA,NA,Y,NA,A,01,0,0,3,0,0,0,0,0,0,-,-,33.9682502746582,-117.33103942871094,RIVERSIDE,RIVERSIDE,NA,NA
8823624,2019,2019-04-24,3315,2019-03-07,0901,001641,5D,4,5,6,3315,0,0,0,NA,0,NA,VIA PACIFICA,MAYFAIR DR,406,S,N,A,-,N,NA,NA,NA,NA,NA,NA,NA,NA,NA,Y,4,0,1,2,A,-,09,21804,NA,N,D,C,A,B,H,-,A,D,0,NA,NA,NA,NA,Y,NA,A,01,0,0,1,0,0,0,0,0,0,-,-,33.866878509521484,-117.59326171875,RIVERSIDE,CORONA,-117.59366607666016,33.865779876708984
8824720,2019,2019-03-28,3315,2019-03-11,1105,11119,5A,1,5,6,3315,0,0,0,NA,0,004,AVENIDA DEL VISTA,VIA SANTIAGO,226,S,N,B,-,N,NA,NA,NA,NA,NA,NA,NA,NA,NA,Y,3,0,1,1,A,-,08,22107,NA,N,E,I,A,A,H,-,A,D,0,NA,NA,NA,NA,Y,NA,A,01,0,1,0,0,0,0,0,0,0,-,-,NA,NA,RIVERSIDE,CORONA,-117.59738159179688,33.87517166137695
8825197,2019,2019-04-22,3300,2019-03-04,1702,N4445,910U,1,5,5,3335,0,0,0,NA,0,070,REDHAWK PKWY,VIA PUEBLA,0,NA,Y,B,-,N,NA,NA,NA,NA,NA,NA,NA,NA,NA,N,3,0,1,2,A,-,09,21801,A,N,D,C,A,A,H,-,B,A,0,NA,NA,Y,Y,Y,Y,F,26,0,1,0,0,0,0,0,0,1,-,-,33.46623992919922,-117.08499145507813,RIVERSIDE,TEMECULA,-117.0851821899414,33.46623992919922