CASE_ID,ACCIDENT_YEAR,PROC_DATE,JURIS,COLLISION_DATE,COLLISION_TIME,OFFICER_ID,REPORTING_DISTRICT,DAY_OF_WEEK,CHP_SHIFT,POPULATION,CNTY_CITY_LOC,SPECIAL_COND,BEAT_TYPE,CHP_BEAT_TYPE,CITY_DIVISION_LAPD,CHP_BEAT_CLASS,BEAT_NUMBER,PRIMARY_RD,SECONDARY_RD,DISTANCE,DIRECTION,INTERSECTION,WEATHER_1,WEATHER_2,STATE_HWY_IND,CALTRANS_COUNTY,CALTRANS_DISTRICT,STATE_ROUTE,ROUTE_SUFFIX,POSTMILE_PREFIX,POSTMILE,LOCATION_TYPE,RAMP_INTERSECTION,SIDE_OF_HWY,TOW_AWAY,COLLISION_SEVERITY,NUMBER_KILLED,NUMBER_INJURED,PARTY_COUNT,PRIMARY_COLL_FACTOR,PCF_CODE_OF_VIOL,PCF_VIOL_CATEGORY,PCF_VIOLATION,PCF_VIOL_SUBSECTION,HIT_AND_RUN,TYPE_OF_COLLISION,MVIW,PED_ACTION,ROAD_SURFACE,ROAD_COND_1,ROAD_COND_2,LIGHTING,CONTROL_DEVICE,CHP_ROAD_TYPE,PEDESTRIAN_ACCIDENT,BICYCLE_ACCIDENT,MOTORCYCLE_ACCIDENT,TRUCK_ACCIDENT,NOT_PRIVATE_PROPERTY,ALCOHOL_INVOLVED,STWD_VEHTYPE_AT_FAULT,CHP_VEHTYPE_AT_FAULT,COUNT_SEVERE_INJ,COUNT_VISIBLE_INJ,COUNT_COMPLAINT_PAIN,COUNT_PED_KILLED,COUNT_PED_INJURED,COUNT_BICYCLIST_KILLED,COUNT_BICYCLIST_INJURED,COUNT_MC_KILLED,COUNT_MC_INJURED,PRIMARY_RAMP,SECONDARY_RAMP,LATITUDE,LONGITUDE,COUNTY,CITY,POINT_X,POINT_Y
8867819,2019,2019-05-28,3311,2019-05-07,1822,15953,NA,2,5,4,3311,0,0,0,NA,0,005,CALLE PALO FIERRO,PALM CANYON DR,70,N,N,A,-,N,NA,NA,NA,NA,NA,NA,NA,NA,NA,N,4,0,1,2,B,-,22,NA,NA,N,D,E,A,A,H,-,A,D,0,NA,NA,NA,NA,Y,NA,A,01,0,0,1,0,0,0,0,0,0,-,-,33.80099868774414,-116.54100036621094,RIVERSIDE,PALM SPRINGS,-116.54129028320313,33.80153274536133
8867823,2019,2019-05-29,3311,2019-05-12,1313,16168,NA,7,5,4,3311,0,0,0,NA,0,002,RT 111,AVENIDA CABALLEROS,105,E,N,A,-,N,NA,NA,111,NA,NA,NA,NA,NA,NA,N,4,0,3,3,A,-,03,22350,NA,N,C,C,A,A,H,-,A,A,0,NA,NA,NA,NA,Y,NA,A,07,0,0,3,0,0,0,0,0,0,-,-,33.845001220703125,-116.53700256347656,RIVERSIDE,PALM SPRINGS,-116.53700256347656,33.84488296508789
8868682,2019,2019-05-31,3300,2019-04-12,2356,5266,002C,5,5,6,3345,0,0,0,NA,0,10B,PEDLEY RD,MISSION BL,0,NA,Y,A,-,N,NA,NA,NA,NA,NA,NA,NA,NA,NA,N,3,0,1,2,A,-,05,21650,NA,F,H,G,A,A,H,-,C,A,0,NA,Y,NA,NA,Y,NA,L,04,0,1,0,0,0,0,1,0,0,-,-,NA,NA,RIVERSIDE,JURUPA VALLEY,-117.47544097900392,34.01179122924805
8869575,2019,2019-06-06,3342,2019-04-28,0200,1079,247,7,5,4,3342,0,0,0,NA,0,00B,CALIFORNIA OAKS RD,SKYVIEW RIDGE DR,5,N,N,A,-,N,NA,NA,NA,NA,NA,NA,NA,NA,NA,Y,3,0,2,1,A,-,03,22350,NA,N,E,I,A,A,H,-,C,A,0,NA,NA,NA,NA,Y,NA,A,01,0,1,1,0,0,0,0,0,0,-,-,33.57912826538086,-117.19944763183594,RIVERSIDE,MURRIETA,-117.19940948486328,33.579200744628906
8869579,2019,2019-06-06,3342,2019-04-26,0734,481,611,5,5,4,3342,0,0,0,NA,0,006,WINCHESTER RD,LA ALBA DR,695,N,N,A,-,N,NA,NA,NA,NA,NA,NA,NA,NA,NA,N,4,0,1,2,A,-,03,22350,NA,N,C,C,A,A,H,-,A,A,0,NA,NA,NA,NA,Y,NA,A,01,0,0,1,0,0,0,0,0,0,-,-,33.5760383605957,-117.1347198486328,RIVERSIDE,MURRIETA,-117.13418579101563,33.57785415649414
8869773,2019,2019-05-29,3311,2019-05-14,2115,15763,NA,2,5,4,3311,0,0,0,NA,0,001,INDIAN CANYON DR N,ROSA PARKS RD,95,S,N,A,-,N,NA,NA,NA,NA,NA,NA,NA,NA,NA,N,3,0,1,2,A,-,11,21954,A,N,G,B,D,A,H,-,D,D,0,Y,NA,NA,NA,Y,Y,N,60,0,1,0,0,1,0,0,0,0,-,-,33.863059997558594,-116.54547882080078,RIVERSIDE,PALM SPRINGS,-116.545595,33.862886
8869811,2019,2019-08-28,3300,2019-04-21,2159,4649,905L,7,5,4,3307,0,0,0,NA,0,093,RIVERSIDE DR,LINCOLN ST,285,N,N,A,-,Y,RIV,8,74,-,-,13.52,H,-,W,N,4,0,2,2,A,-,03,22350,NA,N,C,C,A,A,H,-,C,A,0,NA,NA,NA,NA,Y,NA,A,01,0,0,2,0,0,0,0,0,0,-,-,33.67644119262695,-117.37396240234376,RIVERSIDE,LAKE ELSINORE,-117.37363433837892,33.676753997802734
8870175,2019,2019-06-04,3315,2019-05-03,0951,002847,1D,5,5,6,3315,0,0,0,NA,0,001,MAIN ST,RINCON ST,0,NA,Y,A,-,N,NA,NA,NA,NA,NA,NA,NA,NA,NA,N,4,0,1,2,A,-,12,21453,A,N,D,C,A,A,H,-,A,A,0,NA,NA,NA,NA,Y,NA,A,01,0,0,1,0,0,0,0,0,0,-,-,NA,NA,RIVERSIDE,CORONA,-117.5647430419922,33.88663864135742
8870569,2019,2021-05-20,3313,2019-05-19,0128,1892,4,7,5,7,3313,0,0,0,NA,0,1R49,MAGNOLIA AV,ARLINGTON AV,191,W,N,C,-,N,NA,NA,NA,NA,NA,NA,NA,NA,NA,Y,1,1,1,1,A,-,01,23152,A,N,E,I,A,B,H,-,C,A,0,NA,NA,NA,NA,Y,Y,A,01,1,0,0,0,0,0,0,0,0,-,-,33.946380615234375,-117.40103912353516,RIVERSIDE,RIVERSIDE,-117.4016342163086,33.94595718383789
8870746,2019,2019-06-06,3300,2019-05-12,1920,3613,501A,7,5,5,3341,0,0,0,NA,0,051,BARONI RD,BRUNER RD,175,S,N,A,-,N,NA,NA,NA,NA,NA,NA,NA,NA,NA,Y,3,0,2,1,A,-,03,22350,NA,N,E,I,A,A,H,-,A,D,0,NA,NA,Y,NA,Y,NA,C,06,0,2,0,0,0,0,0,0,2,-,-,33.75217819213867,-117.17587280273438,RIVERSIDE,MENIFEE,-117.17607879638672,33.75210189819336
8872380,2019,2019-06-12,3300,2019-05-24,0746,5266,002N,5,5,6,3345,0,0,0,NA,0,022,WINEVILLE RD,LANDON DR,0,NA,Y,A,-,N,NA,NA,NA,NA,NA,NA,NA,NA,NA,Y,3,0,1,2,A,-,08,22107,NA,N,D,C,A,A,H,-,A,D,0,NA,NA,NA,NA,Y,NA,D,22,0,1,0,0,0,0,0,0,0,-,-,33.99822998046875,-117.5420379638672,RIVERSIDE,JURUPA VALLEY,-117.54208374023438,33.99827194213867
8872400,2019,2019-06-18,3300,2019-05-28,1351,4713,910Q,2,5,5,3335,0,0,0,NA,0,069,PECHANGA PKWY,MUIRFIELD DR,0,NA,Y,A,-,N,NA,NA,NA,NA,NA,NA,NA,NA,NA,Y,4,0,1,2,A,-,12,21453,A,N,D,C,A,A,H,-,A,A,0,NA,NA,NA,NA,Y,NA,A,07,0,0,1,0,0,0,0,0,0,-,-,NA,NA,RIVERSIDE,TEMECULA,-117.11990356445313,33.46862030029297
8873962,2019,2019-06-13,3308,2019-05-04,1947,10670,519,6,5,5,3308,0,0,0,NA,0,NORTH,SOBOBA ST,LINCOLN AV,0,NA,Y,A,-,N,NA,NA,NA,NA,NA,NA,NA,NA,NA,N,4,0,3,2,A,-,12,22450,A,N,D,C,A,A,H,-,B,A,0,NA,NA,NA,NA,Y,Y,A,01,0,0,3,0,0,0,0,0,0,-,-,33.7510986328125,-116.91937255859376,RIVERSIDE,HEMET,-116.91950988769533,33.751380920410156
8874937,2019,2019-06-10,3311,2019-05-24,0248,15931,NA,5,5,4,3311,0,0,0,NA,0,004,RT 111,FARRELL DR,0,NA,Y,A,-,Y,NA,NA,111,NA,NA,NA,NA,NA,NA,Y,3,0,2,2,A,-,12,21453,A,N,D,C,A,A,H,-,C,A,0,NA,NA,NA,NA,Y,Y,A,01,0,1,1,0,0,0,0,0,0,-,-,33.844940185546875,-116.51953887939452,RIVERSIDE,PALM SPRINGS,-116.51953887939452,33.84489059448242
8875111,2019,2019-06-14,3300,2019-05-23,1823,4283,8064,4,5,3,3305,0,0,0,NA,0,080,JACKSON ST,ODLUM DR,80,N,N,A,-,N,NA,NA,NA,NA,NA,NA,NA,NA,NA,N,2,0,1,2,A,-,08,22107,NA,N,D,G,A,A,H,-,A,D,0,NA,Y,NA,NA,Y,NA,L,04,1,0,0,0,0,0,1,0,0,-,-,NA,NA,RIVERSIDE,COACHELLA,-116.21646118164063,33.69330978393555
8876182,2019,2019-06-11,3300,2019-05-15,1501,N3697,41A4,3,5,3,3392,0,0,0,NA,0,LA390,BLACKHAWK WY,ADAMS ST,539,E,N,A,-,N,NA,NA,NA,NA,NA,NA,NA,NA,NA,N,4,0,1,3,A,-,03,22350,NA,N,C,C,A,A,H,-,A,A,0,NA,NA,NA,NA,Y,NA,A,07,0,0,1,0,0,0,0,0,0,-,-,NA,NA,RIVERSIDE,LA QUINTA,-116.28445434570313,33.71456527709961
8877021,2019,2019-06-17,3313,2019-05-28,1844,1783,5,2,5,7,3313,0,0,0,NA,0,T40,GRAMERCY PL,CREST AV,0,NA,Y,A,-,N,NA,NA,NA,NA,NA,NA,NA,NA,NA,NA,2,0,3,1,A,-,01,23152,A,N,E,I,A,A,H,-,A,A,0,NA,NA,NA,NA,Y,Y,A,01,1,1,1,0,0,0,0,0,0,-,-,33.93286895751953,-117.47300720214844,RIVERSIDE,RIVERSIDE,-117.4729232788086,33.933048248291016
8877373,2019,2019-06-24,3313,2019-01-17,0439,1671,4,4,5,7,3313,0,0,0,NA,0,1R45,COLUMBUS AV,JURUPA AV,347,N,N,C,-,N,NA,NA,NA,NA,NA,NA,NA,NA,NA,Y,3,0,1,2,A,-,03,22350,NA,N,D,C,A,B,H,-,C,D,0,NA,NA,NA,Y,Y,NA,D,22,0,1,0,0,0,0,0,0,0,-,-,NA,NA,RIVERSIDE,RIVERSIDE,-117.442138671875,33.96146011352539
8878158,2019,2019-06-17,3302,2019-05-27,1515,766,3302,1,5,3,3302,0,0,0,NA,0,003,6TH ST,MASSACHUSETTS AV,0,NA,Y,A,-,N,NA,NA,NA,NA,NA,NA,NA,NA,NA,N,4,0,1,2,A,-,09,21801,NA,N,D,C,A,A,H,-,A,A,0,NA,NA,NA,NA,Y,NA,A,01,0,0,1,0,0,0,0,0,0,-,-,33.92937088012695,-116.96745300292967,RIVERSIDE,BEAUMONT,-116.9674072265625,33.92940902709961
8880429,2019,2019-06-20,3309,2019-05-24,2015,276,3309,5,5,4,3309,0,0,0,NA,0,001,INDIO BL,BISKRA ST,15,E,N,A,-,N,NA,NA,NA,NA,NA,NA,NA,NA,NA,N,3,0,1,2,A,-,09,21801,A,N,D,C,A,A,H,-,A,D,0,NA,NA,NA,NA,Y,NA,A,01,0,1,0,0,0,0,0,0,0,-,-,NA,NA,RIVERSIDE,INDIO,-116.22589111328124,33.725669860839844
8880542,2019,2019-06-25,3300,2019-06-07,1109,3359,509B,5,5,5,3341,0,0,0,NA,0,059,MENIFEE RD,GARBANI RD,0,NA,Y,A,-,N,NA,NA,NA,NA,NA,NA,NA,NA,NA,Y,4,0,1,2,A,-,09,21800,A,N,D,C,A,A,H,-,A,A,0,NA,NA,NA,NA,Y,NA,A,01,0,0,1,0,0,0,0,0,0,-,-,33.656028747558594,-117.15389251708984,RIVERSIDE,MENIFEE,-117.1540069580078,33.655948638916016
8881808,2019,2019-07-02,3311,2019-06-05,1254,16210,NA,3,5,4,3311,0,0,0,NA,0,006,FARRELL DR,TAHQUITZ CANYON WY,0,NA,Y,A,-,N,NA,NA,NA,NA,NA,NA,NA,NA,NA,Y,4,0,2,2,A,-,09,21801,A,N,A,C,A,A,H,-,A,A,0,NA,NA,NA,NA,Y,NA,A,01,0,0,2,0,0,0,0,0,0,-,-,33.82320022583008,-116.51815032958984,RIVERSIDE,PALM SPRINGS,-116.5180435180664,33.82320022583008
8883765,2019,2019-07-05,3300,2019-05-10,1210,4071,602C4,5,5,6,3394,0,0,0,NA,0,MV24,HEACOCK ST,BAY AV,0,NA,Y,B,-,N,NA,NA,NA,NA,NA,NA,NA,NA,NA,N,4,0,1,2,A,-,03,22350,NA,N,C,C,A,A,H,-,A,A,0,NA,NA,NA,NA,Y,NA,A,01,0,0,1,0,0,0,0,0,0,-,-,33.92087173461914,-117.24371337890624,RIVERSIDE,MORENO VALLEY,-117.24375152587892,33.920928955078125
8887604,2019,2019-07-16,3313,2019-06-01,1021,1813,5,6,5,7,3313,0,0,0,NA,0,2R53,ARLINGTON AV,STOVER AV,0,NA,Y,A,-,N,NA,NA,NA,NA,NA,NA,NA,NA,NA,N,4,0,2,2,A,-,09,21802,A,N,D,C,A,A,H,-,A,D,0,NA,NA,NA,NA,Y,NA,A,01,0,0,2,0,0,0,0,0,0,-,-,NA,NA,RIVERSIDE,RIVERSIDE,-117.48892974853516,33.944190979003906
8888143,2019,2019-07-09,3313,2019-06-12,2346,1936,2,3,5,7,3313,0,0,0,NA,0,1R21,EL CERRITO DR,SYCAMORE CANYON BL,210,W,N,A,-,N,NA,NA,NA,NA,NA,NA,NA,NA,NA,NA,3,0,1,1,A,-,03,22350,NA,N,E,I,A,A,H,-,C,D,0,NA,NA,NA,NA,Y,NA,A,01,0,1,0,0,0,0,0,0,0,-,-,33.96017074584961,-117.32292938232422,RIVERSIDE,RIVERSIDE,-117.32369232177734,33.96162033081055
8889264,2019,2019-07-18,3313,2019-06-20,0201,1679,3,4,5,7,3313,0,0,0,NA,0,1R37,ORANGE TERRACE PKWY,ABRAMS DR,100,W,N,C,D,N,NA,NA,NA,NA,NA,NA,NA,NA,NA,Y,4,0,1,1,A,-,01,23152,A,N,E,I,A,A,H,-,B,C,0,NA,NA,NA,NA,Y,Y,D,23,0,0,1,0,0,0,0,0,0,-,-,33.89479064941406,-117.30973052978516,RIVERSIDE,RIVERSIDE,-117.3100357055664,33.89468002319336
8890009,2019,2019-07-17,3313,2019-06-18,1258,1686,4,2,5,7,3313,0,0,0,NA,0,T58,MAGNOLIA AV,JACKSON ST,419,W,N,A,-,N,NA,NA,NA,NA,NA,NA,NA,NA,NA,Y,3,0,1,2,A,-,08,22100,A,N,D,C,A,A,H,-,A,D,0,NA,NA,Y,NA,Y,NA,A,08,0,1,0,0,0,0,0,0,0,-,-,33.923858642578125,-117.43956756591795,RIVERSIDE,RIVERSIDE,-117.44031524658205,33.9239616394043
8890037,2019,2019-07-08,3313,2019-04-07,1151,1827,1,7,5,7,3313,0,0,0,NA,0,2R13,MERRILL AV,RIVERSIDE AV,126,W,N,A,-,N,NA,NA,NA,NA,NA,NA,NA,NA,NA,Y,4,0,1,1,A,-,08,22107,NA,N,E,J,A,A,H,-,A,A,0,NA,NA,NA,NA,Y,NA,A,01,0,0,1,0,0,0,0,0,0,-,-,33.95663070678711,-117.38774871826172,RIVERSIDE,RIVERSIDE,-117.38834381103516,33.956546783447266
8890786,2019,2019-07-15,3315,2019-06-23,1245,003693,7A,7,5,6,3315,0,0,0,NA,0,001,WEST 6TH ST,S SMITH,831,E,N,A,-,N,NA,NA,NA,NA,NA,NA,NA,NA,NA,Y,2,0,2,3,A,-,03,22350,NA,N,C,C,F,A,H,-,A,D,0,Y,NA,NA,NA,Y,NA,A,01,1,0,1,0,1,0,0,0,0,-,-,NA,NA,RIVERSIDE,CORONA,-117.59170532226563,33.87810134887695
8893267,2019,2019-07-19,3311,2019-06-28,0830,16168,NA,5,5,4,3311,0,0,0,NA,0,006,RAMON RD,PASEO DOROTEA,0,NA,Y,A,-,N,NA,NA,NA,NA,NA,NA,NA,NA,NA,Y,3,0,2,2,A,-,12,21453,A,N,D,C,A,A,H,-,A,A,0,NA,NA,NA,NA,Y,NA,A,01,0,1,1,0,0,0,0,0,0,-,-,33.81589889526367,-116.50180053710938,RIVERSIDE,PALM SPRINGS,-116.50180816650392,33.815860748291016
8893843,2019,2019-07-18,3302,2019-06-15,1350,952,BEAUM,6,5,3,3302,0,0,0,NA,0,001,HIGHLAND SPRINGS AV,1ST ST,0,NA,Y,A,-,N,NA,NA,NA,NA,NA,NA,NA,NA,NA,N,4,0,1,2,A,-,09,21801,A,N,D,C,A,A,H,-,A,A,0,NA,NA,NA,NA,Y,NA,A,01,0,0,1,0,0,0,0,0,0,-,-,33.92169952392578,-116.94685363769533,RIVERSIDE,BEAUMONT,-116.94680786132813,33.92176055908203
8894539,2019,2019-07-23,3313,2019-06-28,2350,1933,4,5,5,7,3313,0,0,0,NA,0,T70,CENTRAL AV,ESSEX ST,15,W,N,A,-,N,NA,NA,NA,NA,NA,NA,NA,NA,NA,N,3,0,1,2,A,-,06,21755,A,N,D,D,A,A,H,-,A,D,0,NA,NA,NA,NA,Y,NA,A,01,0,1,0,0,0,0,0,0,0,-,-,33.95307922363281,-117.43177032470705,RIVERSIDE,RIVERSIDE,-117.43165588378906,33.95322799682617
8895154,2019,2019-08-15,3300,2019-07-02,1455,4211,38H1,2,5,4,3318,0,0,0,NA,0,T38,COOK ST,MARKET PL,0,NA,Y,A,-,N,NA,NA,NA,NA,NA,NA,NA,NA,NA,Y,3,0,1,2,A,-,09,21802,A,N,D,C,A,A,H,-,A,A,0,NA,NA,NA,NA,Y,NA,A,01,0,1,0,0,0,0,0,0,0,-,-,33.76089096069336,-116.3561782836914,RIVERSIDE,PALM DESERT,-116.35626,33.76086
8900131,2019,2019-08-02,3311,2019-07-07,0249,15931,NA,7,5,4,3311,0,0,0,NA,0,005,PALM CANYON DR S,MESQUITE AV,447,S,N,A,-,N,NA,NA,NA,NA,NA,NA,NA,NA,NA,N,3,0,1,1,A,-,01,23152,F,N,E,I,A,A,H,-,C,D,0,NA,NA,NA,NA,Y,NA,A,07,0,1,0,0,0,0,0,0,0,-,-,33.80849838256836,-116.54569244384766,RIVERSIDE,PALM SPRINGS,-116.54561614990234,33.80729675292969
8901277,2019,2019-07-25,3300,2019-06-16,1849,5481,87B1,7,5,2,3316,0,0,0,NA,0,1J87,FRED WARING DR,YELLOW SAGE DR,675,W,N,A,-,N,NA,NA,NA,NA,NA,NA,NA,NA,NA,Y,4,0,1,2,A,-,04,21703,NA,N,C,C,A,A,H,-,A,A,0,NA,NA,NA,NA,Y,NA,A,01,0,0,1,0,0,0,0,0,0,-,-,33.7288818359375,-116.34960174560548,RIVERSIDE,INDIAN WELLS,-116.351806640625,33.72895050048828
8903521,2019,2020-01-02,3300,2019-07-16,1840,4050,011D,2,5,4,3344,0,0,0,NA,0,060,CANTU GALLEANO RANCH RD,RT 15,85,E,N,A,-,Y,RIV,8,15,-,-,50.318,R,4,S,N,4,0,2,2,A,-,03,22350,NA,N,C,C,A,A,H,-,A,A,0,NA,NA,NA,NA,Y,NA,A,07,0,0,2,0,0,0,0,0,0,-,SF,34.00191879272461,-117.55162048339844,RIVERSIDE,EASTVALE,-117.55052185058594,34.005001068115234
8903553,2019,2019-07-30,3300,2019-07-17,0752,3098,910-F,3,5,5,3335,0,0,0,NA,0,062,YNEZ,COUNTY CENTER,239,S,N,A,-,N,NA,NA,NA,NA,NA,NA,NA,NA,NA,Y,3,0,1,2,A,-,09,21801,A,N,D,C,A,A,H,-,A,D,0,NA,NA,NA,NA,Y,NA,A,01,0,1,0,0,0,0,0,0,0,-,-,NA,NA,RIVERSIDE,TEMECULA,-117.1623306274414,33.52669906616211
8903697,2019,2019-08-20,3313,2019-07-18,1823,0623,4,4,5,7,3313,0,0,0,NA,0,M10,SIERRA ST,DAMON ST,240,E,N,A,-,N,NA,NA,NA,NA,NA,NA,NA,NA,NA,Y,3,0,1,3,A,-,01,23152,A,N,C,E,A,A,H,-,A,D,0,NA,NA,NA,NA,Y,Y,A,01,0,1,0,0,0,0,0,0,0,-,-,33.95001983642578,-117.40708160400392,RIVERSIDE,RIVERSIDE,-117.40638732910156,33.94977951049805
8903937,2019,2019-08-01,3342,2019-05-02,1543,419,647,4,5,4,3342,0,0,0,NA,0,006,MARGARITA RD,MURRIETA HOT SPRINGS RD,322,S,N,A,-,N,NA,NA,NA,NA,NA,NA,NA,NA,NA,Y,4,0,4,2,A,-,09,21804,A,N,D,C,A,A,H,-,A,A,0,NA,NA,NA,NA,Y,NA,A,01,0,0,4,0,0,0,0,0,0,-,-,33.55651092529297,-117.15705871582033,RIVERSIDE,MURRIETA,-117.1573486328125,33.5556640625
8904021,2019,2019-08-16,3311,2019-07-04,2320,15375,NA,4,5,4,3311,0,0,0,NA,0,006,PALM CANYON DR E,GENE AUTRY TRL,124,W,N,A,-,N,NA,NA,NA,NA,NA,NA,NA,NA,NA,Y,3,0,3,2,A,-,12,21453,A,N,C,C,A,A,H,-,C,A,0,NA,NA,NA,NA,Y,NA,A,01,0,2,1,0,0,0,0,0,0,-,-,33.79336929321289,-116.4951629638672,RIVERSIDE,PALM SPRINGS,-116.49561309814452,33.793434143066406
8907156,2019,2020-01-02,3308,2019-07-22,1902,10620,517,1,5,5,3308,0,0,0,NA,0,SOUTH,FLORIDA AV,SAN JACINTO ST,0,NA,Y,A,-,Y,RIV,8,74,-,-,41.338,I,5,E,Y,4,0,2,2,A,-,12,21453,A,N,D,C,A,A,H,-,A,A,0,NA,NA,NA,NA,Y,NA,A,01,0,0,2,0,0,0,0,0,0,-,-,33.747581481933594,-116.95858001708984,RIVERSIDE,HEMET,-116.95864868164063,33.747623443603516
8907825,2019,2019-08-19,3306,2019-06-14,1820,145,3306,5,5,3,3306,0,0,0,NA,0,NA,TWO BUNCH PALMS TRL,SARITA DR,0,NA,Y,A,-,N,NA,NA,NA,NA,NA,NA,NA,NA,NA,N,4,0,1,2,A,-,09,21802,A,N,D,C,A,A,H,-,A,A,0,NA,NA,NA,NA,Y,NA,D,22,0,0,1,0,0,0,0,0,0,-,-,NA,NA,RIVERSIDE,DESERT HOT SPRINGS,-116.50006866455078,33.946800231933594
8908162,2019,2019-08-02,3315,2019-07-11,2124,003152,3C,4,5,6,3315,0,0,0,NA,0,002,RIMPAU AV,MAGNOLIA AV,236,N,N,A,-,N,NA,NA,NA,NA,NA,NA,NA,NA,NA,N,4,0,1,2,A,-,09,21804,A,N,D,C,A,A,H,-,C,D,0,NA,NA,NA,NA,Y,NA,A,01,0,0,1,0,0,0,0,0,0,-,-,33.86399841308594,-117.54399871826172,RIVERSIDE,CORONA,-117.54517364501952,33.86503982543945
8909157,2019,2019-08-12,3300,2019-06-22,1229,4300,920A,6,5,4,3314,0,0,0,NA,0,070,STATE ST,IDYLLWILD DR,0,NA,Y,A,-,N,NA,NA,NA,NA,NA,NA,NA,NA,NA,Y,4,0,1,2,A,-,12,21453,A,N,A,C,A,A,H,-,A,A,0,NA,NA,NA,NA,Y,NA,A,01,0,0,1,0,0,0,0,0,0,-,-,NA,NA,RIVERSIDE,SAN JACINTO,-116.97202301025392,33.799808502197266
8909285,2019,2019-08-09,3300,2019-07-22,1745,N1051,24C2,1,5,3,3317,0,0,0,NA,0,S304,BOB HOPE DR,GINGER ROGERS,166,N,N,A,-,N,NA,NA,NA,NA,NA,NA,NA,NA,NA,Y,2,0,1,1,A,-,07,21658,A,N,E,J,A,A,H,-,A,A,0,NA,NA,NA,NA,Y,NA,D,22,1,0,0,0,0,0,0,0,0,-,-,NA,NA,RIVERSIDE,RANCHO MIRAGE,-116.4060287475586,33.79487609863281
8910895,2020,2022-06-11,3309,2020-02-08,2341,326,3309,6,5,4,3309,0,0,0,NA,0,001,JACKSON ST,RT 111,13,N,N,A,-,N,NA,NA,NA,NA,NA,NA,NA,NA,NA,Y,1,1,1,3,A,-,01,23153,A,F,G,B,B,A,H,-,C,A,0,Y,NA,NA,NA,Y,Y,A,07,0,0,1,1,1,0,0,0,0,-,-,NA,NA,RIVERSIDE,INDIO,-116.21616363525392,33.71492004394531
8911541,2019,2021-05-28,3306,2019-09-12,1226,NA,NA,4,5,3,3306,0,0,0,NA,0,NA,PALM DR,PIERSON BL,0,NA,Y,A,-,N,NA,NA,NA,NA,NA,NA,NA,NA,NA,Y,1,1,1,2,A,-,01,23152,F,F,D,C,A,A,H,-,A,A,0,NA,NA,NA,NA,Y,NA,A,07,1,0,0,0,0,0,0,0,0,-,-,33.96139144897461,-116.5013427734375,RIVERSIDE,DESERT HOT SPRINGS,-116.50132751464844,33.96147155761719
8911619,2019,2021-05-25,3300,2019-04-29,2010,4211,30B3,1,5,4,3318,0,0,0,NA,0,MO877,TOWN CENTER WY,HAHN RD,390,N,N,A,-,N,NA,NA,NA,NA,NA,NA,NA,NA,NA,N,1,1,0,2,A,-,11,21954,A,N,G,B,D,A,H,-,C,A,0,Y,NA,NA,NA,Y,NA,N,60,0,0,0,1,0,0,0,0,0,-,-,33.72488021850586,-116.39833068847656,RIVERSIDE,PALM DESERT,-116.39836883544922,33.72621536254883
8911676,2020,2022-06-11,3300,2020-06-15,1850,3552,916B,1,5,4,3312,0,0,0,NA,0,032,EVANS RD,LEMON AV,0,NA,Y,A,-,N,NA,NA,NA,NA,NA,NA,NA,NA,NA,Y,1,1,1,2,A,-,09,21802,A,N,D,C,A,A,H,-,A,A,0,NA,NA,Y,NA,Y,NA,A,01,0,1,0,0,0,0,0,1,0,-,-,33.81203079223633,-117.19995880126952,RIVERSIDE,PERRIS,-117.19992,33.81205
8911873,2020,2022-06-11,3300,2020-10-03,0718,4323,910H,6,5,5,3335,0,0,0,NA,0,063,MARGARITA RD,PASEO BRILLANTE,0,NA,Y,A,-,N,NA,NA,NA,NA,NA,NA,NA,NA,NA,Y,1,1,0,2,A,-,09,21804,A,N,D,G,A,A,H,-,A,A,0,NA,Y,NA,NA,Y,NA,L,04,0,0,0,0,0,1,0,0,0,-,-,NA,NA,RIVERSIDE,TEMECULA,-117.14276123046876,33.51163864135742
8912456,2019,2019-08-19,3309,2019-07-21,2339,149,3309,7,5,4,3309,0,0,0,NA,0,005,JEFFERSON ST,AVE 42,0,NA,Y,A,-,N,NA,NA,NA,NA,NA,NA,NA,NA,NA,Y,4,0,1,2,A,-,12,21453,A,M,D,C,A,A,H,-,C,A,0,NA,NA,NA,NA,Y,NA,A,01,0,0,1,0,0,0,0,0,0,-,-,NA,NA,RIVERSIDE,INDIO,-116.26487731933594,33.74094009399414
8913960,2019,2019-08-12,3300,2019-07-19,1708,5378,83D1,5,5,3,3305,0,0,0,NA,0,083,CESAR CHAVEZ ST,AVE 51,335,S,N,A,-,N,NA,NA,NA,NA,NA,NA,NA,NA,NA,N,3,0,1,3,A,-,03,22350,NA,N,C,C,A,A,H,-,A,D,0,NA,NA,NA,NA,Y,NA,-,NA,0,1,0,0,0,0,0,0,0,-,-,NA,NA,RIVERSIDE,COACHELLA,-116.18167114257813,33.67723083496094