CASE_ID,ACCIDENT_YEAR,PROC_DATE,JURIS,COLLISION_DATE,COLLISION_TIME,OFFICER_ID,REPORTING_DISTRICT,DAY_OF_WEEK,CHP_SHIFT,POPULATION,CNTY_CITY_LOC,SPECIAL_COND,BEAT_TYPE,CHP_BEAT_TYPE,CITY_DIVISION_LAPD,CHP_BEAT_CLASS,BEAT_NUMBER,PRIMARY_RD,SECONDARY_RD,DISTANCE,DIRECTION,INTERSECTION,WEATHER_1,WEATHER_2,STATE_HWY_IND,CALTRANS_COUNTY,CALTRANS_DISTRICT,STATE_ROUTE,ROUTE_SUFFIX,POSTMILE_PREFIX,POSTMILE,LOCATION_TYPE,RAMP_INTERSECTION,SIDE_OF_HWY,TOW_AWAY,COLLISION_SEVERITY,NUMBER_KILLED,NUMBER_INJURED,PARTY_COUNT,PRIMARY_COLL_FACTOR,PCF_CODE_OF_VIOL,PCF_VIOL_CATEGORY,PCF_VIOLATION,PCF_VIOL_SUBSECTION,HIT_AND_RUN,TYPE_OF_COLLISION,MVIW,PED_ACTION,ROAD_SURFACE,ROAD_COND_1,ROAD_COND_2,LIGHTING,CONTROL_DEVICE,CHP_ROAD_TYPE,PEDESTRIAN_ACCIDENT,BICYCLE_ACCIDENT,MOTORCYCLE_ACCIDENT,TRUCK_ACCIDENT,NOT_PRIVATE_PROPERTY,ALCOHOL_INVOLVED,STWD_VEHTYPE_AT_FAULT,CHP_VEHTYPE_AT_FAULT,COUNT_SEVERE_INJ,COUNT_VISIBLE_INJ,COUNT_COMPLAINT_PAIN,COUNT_PED_KILLED,COUNT_PED_INJURED,COUNT_BICYCLIST_KILLED,COUNT_BICYCLIST_INJURED,COUNT_MC_KILLED,COUNT_MC_INJURED,PRIMARY_RAMP,SECONDARY_RAMP,LATITUDE,LONGITUDE,COUNTY,CITY,POINT_X,POINT_Y
90503735,2017,2017-07-19,9685,2017-07-11,1900,016113,NA,2,2,9,3300,0,3,5,NA,2,003,JEAN NICHOLAS ROAD W/B,MAUNA LOA ROAD,20,E,N,A,-,N,NA,NA,NA,NA,NA,NA,NA,NA,NA,Y,4,0,2,2,A,-,08,22107,NA,N,D,C,A,A,H,-,A,D,0,NA,NA,NA,NA,Y,NA,A,07,0,0,2,0,0,0,0,0,0,-,-,33.60963,-117.11052,RIVERSIDE,UNINCORPORATED,-117.11058294,33.60967484
90503792,2017,2017-07-19,9840,2017-07-17,1334,014335,NA,1,1,9,3300,0,1,3,NA,2,030,SR-91 EASTBOUND,ORANGE COUNTY LINE,500,E,N,A,-,Y,NA,NA,91,NA,NA,NA,NA,NA,E,N,4,0,1,2,A,-,03,22350,NA,N,C,C,A,A,H,-,A,D,0,NA,NA,Y,NA,Y,NA,C,02,0,0,1,0,0,0,0,0,1,-,-,33.8696,-117.6717,RIVERSIDE,UNINCORPORATED,-117.67168849,33.86956461
90504638,2017,2017-07-20,9840,2017-07-19,1250,014366,NA,3,1,6,3315,0,1,1,NA,2,034,I-15 N/B,EL CERRITO RD,528,N,N,A,-,Y,NA,NA,15,NA,NA,NA,NA,NA,N,Y,4,0,1,4,A,-,03,22350,NA,N,C,C,A,A,H,-,A,D,0,NA,NA,NA,NA,Y,NA,D,22,0,0,1,0,0,0,0,0,0,-,-,33.83248,-117.53029,RIVERSIDE,CORONA,-117.529886,33.83271595
90506358,2017,2017-07-24,9840,2017-07-17,1405,018221,NA,1,2,6,3315,0,1,1,NA,2,034,I-15 S/B,CAJALCO RD.,2200,N,N,A,-,Y,NA,NA,15,NA,NA,NA,NA,NA,S,Y,4,0,2,2,A,-,03,22350,NA,N,C,C,A,A,H,-,A,D,0,NA,NA,NA,NA,Y,NA,A,01,0,0,2,0,0,0,0,0,0,-,-,33.82537,-117.52364,RIVERSIDE,CORONA,-117.52373061,33.82526399
90508572,2017,2017-07-26,9840,2017-07-18,1235,017162,NA,2,1,9,3300,0,1,1,NA,2,040,I-215 S/B,ALESSANDRO BLVD,800,S,N,A,-,Y,NA,NA,215,NA,NA,NA,NA,NA,S,Y,4,0,1,3,A,-,08,22107,NA,N,B,C,A,A,H,-,A,D,0,NA,NA,NA,Y,Y,NA,A,01,0,0,1,0,0,0,0,0,0,-,-,33.9189,-117.28837,RIVERSIDE,UNINCORPORATED,-117.28839332,33.91889373
90509589,2017,2017-07-27,9630,2017-07-17,1402,021063,NA,1,2,9,3300,0,1,3,NA,2,086,SR-86 S/B,81ST AVE,0,NA,Y,A,-,Y,NA,NA,86,NA,NA,NA,NA,NA,S,N,4,0,1,2,A,-,09,21804,A,N,D,C,A,A,H,-,A,A,0,NA,NA,NA,Y,Y,NA,F,26,0,0,1,0,0,0,0,0,0,-,-,33.46243,-116.09203,RIVERSIDE,UNINCORPORATED,-116.09152538,33.46246205
90511553,2017,2017-07-28,9685,2017-07-18,1650,013376,NA,2,2,9,3300,0,1,3,NA,2,011,SR-74 E/B (ORTEGA HWY),MORRILL CANYON BRIDGE,800,E,N,B,-,Y,NA,NA,74,NA,NA,NA,NA,NA,E,Y,4,0,1,1,A,-,08,22107,NA,N,F,J,A,A,H,-,A,D,0,NA,NA,NA,NA,Y,NA,A,01,0,0,1,0,0,0,0,0,0,-,-,33.61974,-117.42657,RIVERSIDE,UNINCORPORATED,-117.42659178,33.61976766
90512929,2017,2017-07-31,9685,2017-07-20,0630,016944,NA,4,1,9,3300,0,1,3,NA,1,031,SR-79 NORTHBOUND,SPARKMAN WY.,6,N,N,A,-,Y,NA,NA,79,NA,NA,NA,NA,NA,N,N,3,0,1,2,A,-,10,21950,A,F,E,H,B,A,H,-,A,D,0,Y,NA,NA,NA,Y,NA,A,01,0,1,0,0,1,0,0,0,0,-,-,33.57614,-117.13455,RIVERSIDE,UNINCORPORATED,-117.13460495,33.57615211
90513119,2017,2017-07-31,9630,2017-07-20,0835,016674,NA,4,1,9,3300,0,2,S,NA,2,405,WASHINGTON STREET NORTHBOUND,COUNTRY CLUB DRIVE,40,S,N,A,-,N,NA,NA,NA,NA,NA,NA,NA,NA,NA,N,4,0,2,2,A,-,21,22106,NA,N,C,C,A,A,H,-,A,A,0,NA,NA,NA,Y,Y,NA,F,26,0,0,2,0,0,0,0,0,0,-,-,33.75762,-116.30261,RIVERSIDE,UNINCORPORATED,-116.30276738,33.75769845
9051630,2019,2020-02-28,3313,2019-12-02,1657,1736,1,1,5,7,3313,0,0,0,NA,0,T49,RIVERSIDE AV,MERRILL AV,403,S,N,A,-,N,NA,NA,NA,NA,NA,NA,NA,NA,NA,Y,4,0,1,2,A,-,09,21804,A,N,D,C,A,A,H,-,B,D,0,NA,NA,NA,NA,Y,NA,A,01,0,0,1,0,0,0,0,0,0,-,-,33.956600189208984,-117.3877410888672,RIVERSIDE,RIVERSIDE,-117.387939453125,33.9554443359375
90520123,2017,2017-08-09,9840,2017-08-08,1735,014571,NA,2,2,9,3300,0,1,1,NA,2,024,I-215 S/B,ALESSANDRO BLVD.,1584,N,N,A,-,Y,NA,NA,NA,NA,NA,NA,NA,NA,NA,Y,4,0,1,3,A,-,03,22350,NA,N,C,C,A,A,H,-,A,D,0,NA,NA,Y,NA,Y,NA,C,02,0,0,1,0,0,0,0,0,1,-,-,33.9246,-117.2883,RIVERSIDE,UNINCORPORATED,NA,NA
90520469,2017,2017-08-10,9630,2017-07-31,1510,021513,NA,1,2,9,3300,0,1,1,NA,2,302,I-10 E/B,SR-177,7920,W,N,A,-,Y,NA,NA,10,NA,NA,NA,NA,NA,E,Y,3,0,4,2,A,-,03,22350,NA,N,C,C,A,A,D,-,A,D,0,NA,NA,NA,Y,Y,NA,A,01,0,1,3,0,0,0,0,0,0,-,-,33.70765,-115.42623,RIVERSIDE,UNINCORPORATED,-115.42625039,33.7077404
90521000,2017,2017-08-10,9840,2017-07-30,1230,017903,NA,7,1,9,3300,0,3,5,NA,2,004,SAN JACINTO AVE,PICO AVE,0,NA,Y,A,-,N,NA,NA,NA,NA,NA,NA,NA,NA,NA,Y,4,0,2,2,A,-,12,22450,A,N,D,C,A,A,H,-,A,A,0,NA,NA,NA,NA,Y,NA,A,01,0,0,2,0,0,0,0,0,0,-,-,33.7867,-117.16506,RIVERSIDE,UNINCORPORATED,-117.16509007,33.78671011
90521808,2017,2017-08-11,9840,2017-08-03,1340,017802,NA,4,1,9,3300,0,1,1,NA,2,022,I-215 S/B,CENTER ST.,400,N,N,A,-,Y,NA,NA,215,NA,NA,NA,NA,NA,S,N,4,0,1,2,A,-,03,22350,NA,N,C,C,A,A,H,-,A,D,0,NA,NA,NA,NA,Y,NA,A,07,0,0,1,0,0,0,0,0,0,-,-,34.01911,-117.34009,RIVERSIDE,UNINCORPORATED,-117.34004326,34.01907045
90522147,2017,2017-08-17,9840,2017-08-05,1433,017893,NA,6,2,6,3315,0,1,3,NA,2,031,SR-91 E/B,GRAND BLVD.,200,W,N,A,-,Y,NA,NA,91,NA,NA,NA,NA,NA,E,Y,3,0,2,3,A,-,03,22350,NA,F,H,A,A,A,H,-,A,D,0,NA,NA,NA,NA,Y,NA,A,01,0,1,1,0,0,0,0,0,0,-,-,33.8806,-117.5711,RIVERSIDE,CORONA,-117.57110417,33.8805611
90522876,2017,2017-08-14,9655,2017-08-05,1640,019871,NA,6,2,9,3300,0,1,1,NA,2,206,I-10 E/B,HAUGEN-LEHMANN WAY,5280,W,N,A,-,Y,NA,NA,10,NA,NA,NA,NA,NA,E,N,3,0,1,1,A,-,03,22350,NA,N,F,A,A,A,H,-,A,D,0,NA,NA,Y,NA,Y,NA,C,02,0,1,0,0,0,0,0,0,1,-,-,33.9247,-116.73752,RIVERSIDE,UNINCORPORATED,-116.73751478,33.92466299
90523392,2017,2017-08-15,9655,2017-08-08,0938,018708,NA,2,1,9,3300,0,1,3,NA,1,314,SR-74,MERIDIAN ST.,0,NA,Y,A,-,N,NA,NA,74,NA,NA,NA,NA,NA,NA,N,4,0,1,2,A,-,12,21453,A,N,D,C,A,A,H,-,A,A,0,NA,NA,NA,NA,Y,NA,A,07,0,0,1,0,0,0,0,0,0,-,-,33.74775,-116.92821000000001,RIVERSIDE,UNINCORPORATED,-116.92821002,33.74775418
90526069,2017,2017-08-18,9840,2017-08-12,0227,019527,NA,6,3,6,3315,0,1,3,NA,2,031,SR-91 W/B,MAIN ST,600,E,N,A,-,Y,NA,NA,91,NA,NA,NA,NA,NA,W,Y,4,0,2,2,A,-,03,22350,NA,N,C,C,A,A,D,-,C,D,0,NA,NA,NA,NA,Y,NA,A,01,0,0,2,0,0,0,0,0,0,-,-,33.87976,-117.56208,RIVERSIDE,CORONA,-117.56208006,33.87975921
90526875,2017,2017-08-21,9840,2017-08-19,1255,019361,NA,6,1,9,3300,0,1,1,NA,2,040,I-215 S/B,VAN BUREN BOULEVARD,800,N,N,A,-,Y,NA,NA,215,NA,NA,NA,NA,NA,S,Y,4,0,2,2,A,-,03,22350,NA,N,C,C,A,A,H,-,A,D,0,NA,NA,NA,NA,Y,NA,A,07,0,0,2,0,0,0,0,0,0,-,-,33.89045,-117.2716,RIVERSIDE,UNINCORPORATED,-117.27165152,33.8904215
9052782,2019,2020-03-04,3300,2019-11-07,1855,N4187,916A,4,5,4,3312,0,0,0,NA,0,032,EVANS RD,WHISPERING WOOD LN,339,S,N,A,-,N,NA,NA,NA,NA,NA,NA,NA,NA,NA,N,2,0,1,1,A,-,08,22107,NA,N,E,I,A,A,H,-,C,D,0,NA,NA,NA,NA,Y,NA,A,07,1,0,0,0,0,0,0,0,0,-,-,33.83951950073242,-117.2048110961914,RIVERSIDE,PERRIS,-117.20487213134766,33.838905334472656
9052784,2019,2020-03-04,3313,2019-11-19,1800,1499,5,2,5,7,3313,0,0,0,NA,0,M34,PIERCE ST,GOLDEN AV,483,E,N,C,-,N,NA,NA,NA,NA,NA,NA,NA,NA,NA,N,3,0,1,2,A,-,08,22107,NA,M,B,C,A,B,H,-,C,D,0,NA,NA,NA,NA,Y,NA,-,99,0,1,0,0,0,0,0,0,0,-,-,33.916709899902344,-117.49388122558594,RIVERSIDE,RIVERSIDE,-117.4924774169922,33.91740417480469
90528611,2017,2017-08-22,9655,2017-08-12,2125,021008,NA,6,2,9,3300,0,1,3,NA,2,315,STATE ROUTE 74 EASTBOUND,TRUELSON AVENUE,28,W,N,A,-,Y,NA,NA,74,NA,NA,NA,NA,NA,E,Y,4,0,2,2,A,-,09,21804,A,N,D,C,A,A,H,-,C,D,0,NA,NA,NA,NA,Y,NA,A,07,0,0,2,0,0,0,0,0,0,-,-,33.73918,-117.07282,RIVERSIDE,UNINCORPORATED,-117.07282073,33.73918688
90529361,2017,2017-08-23,9630,2017-08-13,1545,021513,NA,7,2,9,3300,0,1,3,NA,1,178,SR-62 W/B,SR-177,10032,E,N,A,-,Y,NA,NA,62,NA,NA,NA,NA,NA,W,Y,3,0,2,1,A,-,08,22107,NA,N,F,A,A,A,H,-,A,D,0,NA,NA,Y,NA,Y,NA,C,02,0,2,0,0,0,0,0,0,2,-,-,34.06386,-115.19219,RIVERSIDE,UNINCORPORATED,-115.19216972,34.06379388
9053064,2019,2020-03-03,3313,2019-12-02,1822,1915,2,1,5,7,3313,0,0,0,NA,0,3R20,4TH ST,FRANKLIN AV,0,NA,Y,A,-,N,NA,NA,NA,NA,NA,NA,NA,NA,NA,NA,4,0,1,2,A,-,09,21802,A,N,A,C,A,A,H,-,C,A,0,NA,NA,NA,NA,Y,NA,A,01,0,0,1,0,0,0,0,0,0,-,-,33.9810791015625,-117.35822296142578,RIVERSIDE,RIVERSIDE,-117.35841369628906,33.981101989746094
9053189,2020,2020-09-29,3300,2020-01-15,1853,N5791,011A,3,5,4,3344,0,0,0,NA,0,060,CANTU GALLEANO RANCH RD,RT 15,376,E,N,A,-,Y,RIV,8,15,-,-,50.155,R,4,N,NA,4,0,2,3,A,-,03,22350,NA,N,C,C,A,A,H,-,C,D,0,NA,NA,NA,NA,Y,NA,A,01,0,0,2,0,0,0,0,0,0,-,SF,34.00191879272461,-117.55162048339844,RIVERSIDE,EASTVALE,-117.55010223388672,34.00265884399414
9053204,2020,2020-05-22,3300,2020-02-06,0726,6000,504,4,5,5,3341,0,0,0,NA,0,005,BRADLEY RD,RIO VISTA DR,0,NA,Y,A,-,N,NA,NA,NA,NA,NA,NA,NA,NA,NA,NA,4,0,1,2,A,-,09,21802,A,N,D,C,A,A,H,-,A,A,0,NA,NA,NA,NA,Y,NA,A,08,0,0,1,0,0,0,0,0,0,-,-,33.69102096557617,-117.18959808349608,RIVERSIDE,MENIFEE,-117.1885986328125,33.69136047363281
9053263,2019,2020-03-04,3313,2019-12-12,2335,1460,1,4,5,7,3313,0,0,0,NA,0,T40,LIME ST,6TH ST,27,S,N,A,-,N,NA,NA,NA,NA,NA,NA,NA,NA,NA,N,4,0,3,2,A,-,09,21801,A,N,B,C,A,A,H,-,C,D,0,NA,NA,NA,NA,Y,NA,A,01,0,0,3,0,0,0,0,0,0,-,-,33.982261657714844,-117.36978149414063,RIVERSIDE,RIVERSIDE,-117.36971282958984,33.982215881347656
9053307,2020,2020-05-20,3313,2020-02-05,1556,1736,4,3,5,7,3313,0,0,0,NA,0,T49,ADAMS ST,LANCER LN,39,S,N,A,-,N,NA,NA,NA,NA,NA,NA,NA,NA,NA,NA,4,0,1,2,A,-,03,22350,NA,N,C,C,A,A,H,-,A,A,0,NA,NA,NA,NA,Y,NA,D,22,0,0,1,0,0,0,0,0,0,-,-,NA,NA,RIVERSIDE,RIVERSIDE,NA,NA
9053365,2020,2020-03-10,3300,2020-01-23,1550,3343,002V,4,5,6,3345,0,0,0,NA,0,026,ETIWANDA AV,54TH ST,0,NA,Y,A,-,N,NA,NA,NA,NA,NA,NA,NA,NA,NA,Y,3,0,1,2,A,-,09,21802,A,N,D,C,A,A,H,-,A,A,0,NA,NA,NA,NA,Y,NA,D,22,0,1,0,0,0,0,0,0,0,-,-,33.990089416503906,-117.52327728271484,RIVERSIDE,JURUPA VALLEY,-117.52342224121094,33.989990234375
90534307,2017,2017-08-25,9630,2017-08-17,1903,021796,NA,4,2,4,3309,0,1,1,NA,2,021,I-10 W/B,MONROE ST,4224,W,N,A,-,Y,NA,NA,10,NA,NA,NA,NA,NA,W,N,3,0,1,1,A,-,08,22107,NA,N,E,I,A,A,H,-,A,A,0,NA,NA,NA,NA,Y,NA,A,01,0,1,0,0,0,0,0,0,0,-,-,33.73863,-116.24714,RIVERSIDE,INDIO,-116.24712308,33.73871497
90534450,2017,2017-08-28,9685,2017-08-16,1948,017169,NA,3,2,9,3300,0,3,5,NA,2,003,RANCHO CALIFORNIA ROAD,EAST BENTON ROAD,2640,W,N,A,-,N,NA,NA,NA,NA,NA,NA,NA,NA,NA,Y,4,0,1,1,A,-,08,22107,NA,N,F,A,A,A,H,-,D,D,0,NA,NA,Y,NA,Y,NA,C,02,0,0,1,0,0,0,0,0,1,-,-,33.5528,-117.163,RIVERSIDE,UNINCORPORATED,NA,NA
90535580,2017,2017-08-28,9840,2017-08-23,1212,017504,NA,3,1,7,3313,0,1,3,NA,2,021,SR-91 E/B,I-215,200,W,N,A,-,Y,NA,NA,91,NA,NA,NA,NA,NA,E,N,4,0,2,2,A,-,03,22350,NA,N,C,C,A,A,H,-,A,D,0,NA,NA,NA,NA,Y,NA,D,22,0,0,2,0,0,0,0,0,0,-,-,33.99444,-117.35635,RIVERSIDE,RIVERSIDE,-117.35640601,33.99447826
90536129,2017,2017-08-29,9840,2017-08-20,1703,019242,NA,7,2,7,3313,0,1,1,NA,2,023,I-215 N/B,CENTRAL AVE,300,N,N,A,-,Y,NA,NA,215,NA,NA,NA,NA,NA,N,Y,4,0,1,3,A,-,03,22350,NA,F,C,C,A,A,H,-,A,D,0,NA,NA,NA,NA,Y,NA,A,01,0,0,1,0,0,0,0,0,0,-,-,33.9609,-117.3156,RIVERSIDE,RIVERSIDE,-117.31559772,33.96085763
90536761,2017,2017-08-30,9840,2017-08-18,0512,018949,NA,5,3,6,3315,0,1,3,NA,2,030,SR-91 E/B,SR-71,1500,E,N,A,-,Y,NA,NA,91,NA,NA,NA,NA,NA,E,Y,4,0,1,2,A,-,03,22350,NA,N,C,C,A,A,H,-,C,D,0,NA,NA,NA,NA,Y,NA,D,22,0,0,1,0,0,0,0,0,0,-,-,33.88435,-117.63655,RIVERSIDE,CORONA,-117.63656352,33.8844056
90537828,2017,2017-08-31,9840,2017-08-24,1400,014868,NA,4,2,7,3313,0,1,3,NA,2,010,SR-60 W/B,MAIN ST.,528,W,N,A,-,Y,NA,NA,60,NA,NA,NA,NA,NA,W,N,4,0,2,2,A,-,03,22350,NA,N,C,C,A,A,H,-,A,D,0,NA,NA,NA,NA,Y,NA,A,08,0,0,2,0,0,0,0,0,0,-,-,33.99805,-117.36819,RIVERSIDE,RIVERSIDE,-117.36821798,33.99797828
90540418,2017,2017-09-05,9840,2017-08-24,0710,018281,NA,4,1,7,3313,0,1,3,NA,2,021,SR-91 E/B,ARLINGTON AVE,700,E,N,A,-,Y,NA,NA,91,NA,NA,NA,NA,NA,E,Y,4,0,1,1,A,-,08,22107,NA,N,E,I,A,A,H,-,A,D,0,NA,NA,NA,NA,Y,NA,A,01,0,0,1,0,0,0,0,0,0,-,-,33.9477,-117.38651,RIVERSIDE,RIVERSIDE,-117.3867979,33.94790288
90540929,2017,2017-09-05,9840,2017-08-29,1200,017504,NA,2,1,9,3300,0,3,5,NA,2,003,TEMESCAL CANYON RD.,SQUAW MOUNTIAN RD.,30,N,N,A,-,N,NA,NA,NA,NA,NA,NA,NA,NA,NA,N,4,0,1,2,A,-,03,22350,NA,N,C,C,A,A,D,-,A,A,0,NA,NA,NA,NA,Y,NA,A,01,0,0,1,0,0,0,0,0,0,-,-,33.76961,-117.48767,RIVERSIDE,UNINCORPORATED,-117.48763862,33.76834189
90541395,2017,2017-09-06,9840,2017-08-30,0620,018892,NA,3,1,7,3313,0,1,1,NA,2,024,I-215 N/B,EUCALYPTUS AVE,528,N,N,A,-,Y,NA,NA,215,NA,NA,NA,NA,NA,N,N,4,0,1,2,A,-,17,21658,NA,N,B,C,A,A,H,-,A,D,0,NA,NA,Y,NA,Y,NA,A,01,0,0,1,0,0,0,0,0,1,-,-,33.93631,-117.29014,RIVERSIDE,RIVERSIDE,-117.2902708,33.93627739
90542046,2017,2017-09-06,9840,2017-09-03,1010,017459,NA,7,1,4,3344,0,1,1,NA,2,011,I-15 S/B TO SR-60,MISSION BLVD,200,S,N,A,-,Y,NA,NA,NA,NA,NA,NA,NA,NA,NA,Y,4,0,1,2,A,-,07,21658,A,N,F,A,A,A,H,-,A,D,0,NA,NA,NA,NA,Y,NA,A,01,0,0,1,0,0,0,0,0,0,-,-,34.73221,-117.92538,RIVERSIDE,EASTVALE,-117.55047,34.02887
90542113,2017,2017-09-06,9655,2017-09-01,0922,019796,NA,5,1,9,3300,0,1,3,NA,1,314,SR-74 W/B,RAMONA EXPRESSWAY,0,NA,Y,A,-,Y,NA,NA,74,NA,NA,NA,NA,NA,W,Y,4,0,1,2,A,-,09,21453,C,N,A,C,A,A,H,-,A,A,0,NA,NA,NA,NA,Y,NA,A,07,0,0,1,0,0,0,0,0,0,-,-,33.74765,-116.90126,RIVERSIDE,UNINCORPORATED,-116.90125987,33.74781562
90544349,2017,2017-09-11,9655,2017-09-03,0749,019796,NA,7,1,9,3300,0,1,3,NA,1,316,SR-74 E/B,BEE CANYON TRUCK TRAIL,528,E,N,A,-,Y,NA,NA,74,NA,NA,NA,NA,NA,E,Y,2,0,1,1,A,-,08,22107,NA,N,E,I,A,A,H,-,A,D,0,NA,NA,Y,NA,Y,NA,C,02,1,0,0,0,0,0,0,0,1,-,-,33.73626,-116.81886,RIVERSIDE,UNINCORPORATED,-116.81887144,33.73630779
90546016,2017,2017-09-12,9840,2017-09-05,1725,017441,NA,2,2,7,3313,0,1,1,NA,2,023,I-215 N/B,BLAINE ST.,1700,N,N,A,-,Y,NA,NA,215,NA,NA,NA,NA,NA,N,Y,4,0,2,2,A,-,03,22350,NA,N,C,C,A,A,H,-,A,D,0,NA,NA,NA,NA,Y,NA,A,01,0,0,2,0,0,0,0,0,0,-,-,33.98671,-117.3465,RIVERSIDE,RIVERSIDE,-117.34652631,33.98668359
90547559,2017,2017-09-14,9685,2017-09-02,2350,015800,NA,6,3,5,3335,0,3,5,NA,2,003,ANZA ROAD,PAUBA ROAD,150,S,N,A,-,N,NA,NA,NA,NA,NA,NA,NA,NA,NA,Y,3,0,1,1,A,-,01,23152,A,N,E,I,A,A,H,-,D,D,0,NA,NA,NA,NA,Y,Y,D,22,0,1,0,0,0,0,0,0,0,-,-,33.51634,-117.04979,RIVERSIDE,TEMECULA,-117.04979332,33.51637797
90548688,2017,2017-09-15,9630,2017-08-31,1427,021796,NA,4,2,9,3300,0,2,S,NA,2,405,WASHINGTON ST,HIDDEN RIVER RD,185,N,N,A,-,N,NA,NA,NA,NA,NA,NA,NA,NA,NA,Y,4,0,1,2,A,-,03,22350,NA,N,C,C,A,A,H,-,A,A,0,NA,NA,NA,NA,Y,NA,A,01,0,0,1,0,0,0,0,0,0,-,-,33.73846,-116.30374,RIVERSIDE,UNINCORPORATED,-116.30393,33.73862617
90549962,2017,2017-09-18,9685,2017-09-09,1230,013006,NA,6,1,5,3335,0,1,1,NA,2,030,I-15 SOUTHBOUND,OVERLAND DR,175,S,N,A,-,Y,NA,NA,15,NA,NA,NA,NA,NA,S,Y,3,0,6,3,A,-,03,22350,NA,N,C,C,A,A,H,-,A,D,0,NA,NA,NA,NA,Y,NA,A,07,0,2,4,0,0,0,0,0,0,-,-,33.52155,-117.1625,RIVERSIDE,TEMECULA,-117.16254258,33.52152146
90550170,2017,2017-09-18,9630,2017-09-07,0624,016674,NA,4,1,9,3300,0,1,1,NA,2,021,INTERSTATE 10 EASTBOUND,COOK STREET,5808,E,N,A,-,Y,NA,NA,10,NA,NA,NA,NA,NA,E,Y,3,0,1,1,A,-,08,22107,NA,N,E,I,A,A,H,-,A,D,0,NA,NA,NA,NA,Y,NA,A,07,0,1,0,0,0,0,0,0,0,-,-,33.77883,-116.34275,RIVERSIDE,UNINCORPORATED,-116.34276181,33.77881009
9055188,2020,2020-03-19,3313,2020-02-16,0728,3100,916D,7,5,7,3313,0,0,0,NA,0,035,2ND ST,C ST,301,W,N,A,-,N,NA,NA,NA,NA,NA,NA,NA,NA,NA,N,3,0,1,2,A,-,08,22107,NA,N,C,E,A,A,H,-,A,D,0,NA,NA,NA,NA,Y,NA,A,01,0,1,0,0,0,0,0,0,0,-,-,NA,NA,RIVERSIDE,RIVERSIDE,-117.21585083007813,33.55209732055664
90553013,2017,2017-09-21,9685,2017-09-11,2055,017285,NA,1,2,4,3342,0,1,1,NA,2,030,I-15 SOUTHBOUND,MURRIETA HOT SPRINGS ROAD,4224,S,N,A,-,Y,NA,NA,15,NA,NA,NA,NA,NA,S,Y,3,0,2,2,A,-,08,22107,NA,N,C,C,A,A,H,-,D,D,0,NA,NA,NA,Y,Y,NA,D,22,0,1,1,0,0,0,0,0,0,-,-,33.55212,-117.18612,RIVERSIDE,MURRIETA,-117.18638348,33.55160439
90554086,2017,2017-09-22,9840,2017-09-16,1145,017802,NA,6,1,7,3313,0,1,1,NA,2,023,I-215 N/B,CENTRAL AVE.,100,N,N,A,-,Y,NA,NA,215,NA,NA,NA,NA,NA,N,Y,4,0,2,2,A,-,03,22350,NA,N,C,C,A,A,H,-,A,D,0,NA,NA,NA,NA,Y,NA,A,01,0,0,2,0,0,0,0,0,0,-,-,33.96065,-117.31202,RIVERSIDE,RIVERSIDE,-117.31206723,33.96052038
90554519,2017,2017-09-25,9840,2017-09-16,1717,021177,NA,6,2,9,3300,0,1,1,NA,2,022,INTERSTATE 215 S/B,CENTER STREET,1500,S,N,A,-,Y,NA,NA,215,NA,NA,NA,NA,NA,S,Y,4,0,1,3,A,-,03,22350,NA,N,C,C,A,A,H,-,A,D,0,NA,NA,NA,NA,Y,NA,A,01,0,0,1,0,0,0,0,0,0,-,-,34.0118,-117.34506,RIVERSIDE,UNINCORPORATED,-117.34509438,34.0118233
90555759,2017,2017-09-26,9685,2017-09-14,0640,013006,NA,4,1,5,3335,0,1,1,NA,2,030,I-15 SOUTHBOUND,RANCHO CALIFORNIA ROAD,340,S,N,B,-,Y,NA,NA,15,NA,NA,NA,NA,NA,S,N,3,0,1,2,A,-,07,21658,A,N,F,A,A,A,H,-,A,D,0,NA,NA,Y,NA,Y,NA,A,01,0,1,0,0,0,0,0,0,1,-,-,33.49976,-117.15092,RIVERSIDE,TEMECULA,-117.150907,33.49976848
90557194,2017,2017-09-27,9685,2017-09-16,1750,016185,NA,6,2,9,3300,0,1,3,NA,1,012,SR-74,MEADOWBROOK ROAD,100,W,N,A,-,Y,NA,NA,NA,NA,NA,NA,NA,NA,NA,Y,4,0,2,3,A,-,03,22350,NA,N,C,C,A,A,H,-,A,A,0,NA,NA,NA,NA,Y,NA,A,07,0,0,2,0,0,0,0,0,0,-,-,33.4327,-117.1735,RIVERSIDE,UNINCORPORATED,-117.29286393,33.72472017
90557650,2017,2017-09-28,9655,2017-09-03,0408,019440,NA,7,3,9,3300,0,1,3,NA,2,217,SR-111 S/B,I-10,0,S,N,A,-,Y,NA,NA,111,NA,NA,NA,NA,NA,S,Y,3,0,2,3,A,-,03,22350,NA,N,A,C,E,A,H,-,D,D,0,Y,NA,NA,NA,Y,Y,A,07,0,1,1,0,1,0,0,0,0,-,-,33.91768,-116.67375,RIVERSIDE,UNINCORPORATED,-116.67376904,33.91766259
90558120,2017,2017-09-28,9840,2017-09-25,1650,015444,NA,1,2,9,3300,0,3,5,NA,2,004,OLD ELSINORE RD,SAN JACINTO AVE,750,N,N,A,-,N,NA,NA,NA,NA,NA,NA,NA,NA,NA,Y,3,0,1,1,A,-,08,22107,NA,N,E,I,A,A,H,-,A,D,0,NA,NA,NA,NA,Y,NA,A,01,0,1,0,0,0,0,0,0,0,-,-,33.78864,-117.27413,RIVERSIDE,UNINCORPORATED,-117.2741469,33.78847216