CASE_ID,ACCIDENT_YEAR,PROC_DATE,JURIS,COLLISION_DATE,COLLISION_TIME,OFFICER_ID,REPORTING_DISTRICT,DAY_OF_WEEK,CHP_SHIFT,POPULATION,CNTY_CITY_LOC,SPECIAL_COND,BEAT_TYPE,CHP_BEAT_TYPE,CITY_DIVISION_LAPD,CHP_BEAT_CLASS,BEAT_NUMBER,PRIMARY_RD,SECONDARY_RD,DISTANCE,DIRECTION,INTERSECTION,WEATHER_1,WEATHER_2,STATE_HWY_IND,CALTRANS_COUNTY,CALTRANS_DISTRICT,STATE_ROUTE,ROUTE_SUFFIX,POSTMILE_PREFIX,POSTMILE,LOCATION_TYPE,RAMP_INTERSECTION,SIDE_OF_HWY,TOW_AWAY,COLLISION_SEVERITY,NUMBER_KILLED,NUMBER_INJURED,PARTY_COUNT,PRIMARY_COLL_FACTOR,PCF_CODE_OF_VIOL,PCF_VIOL_CATEGORY,PCF_VIOLATION,PCF_VIOL_SUBSECTION,HIT_AND_RUN,TYPE_OF_COLLISION,MVIW,PED_ACTION,ROAD_SURFACE,ROAD_COND_1,ROAD_COND_2,LIGHTING,CONTROL_DEVICE,CHP_ROAD_TYPE,PEDESTRIAN_ACCIDENT,BICYCLE_ACCIDENT,MOTORCYCLE_ACCIDENT,TRUCK_ACCIDENT,NOT_PRIVATE_PROPERTY,ALCOHOL_INVOLVED,STWD_VEHTYPE_AT_FAULT,CHP_VEHTYPE_AT_FAULT,COUNT_SEVERE_INJ,COUNT_VISIBLE_INJ,COUNT_COMPLAINT_PAIN,COUNT_PED_KILLED,COUNT_PED_INJURED,COUNT_BICYCLIST_KILLED,COUNT_BICYCLIST_INJURED,COUNT_MC_KILLED,COUNT_MC_INJURED,PRIMARY_RAMP,SECONDARY_RAMP,LATITUDE,LONGITUDE,COUNTY,CITY,POINT_X,POINT_Y
90713757,2018,2018-04-26,9655,2018-04-19,0610,018677,NA,4,1,9,3300,0,3,5,NA,2,002,SAN TIMOTEO CANYON RD,DEADWOOD CT,300,S,N,A,-,N,NA,NA,NA,NA,NA,NA,NA,NA,NA,Y,4,0,1,1,A,-,08,22107,NA,N,E,I,A,A,H,-,A,D,0,NA,NA,NA,NA,Y,NA,A,01,0,0,1,0,0,0,0,0,0,-,-,33.9993782043457,-117.16079711914063,RIVERSIDE,UNINCORPORATED,-117.1643524169922,33.99968338012695
9071406,2020,2020-03-16,3313,2020-01-27,1206,1026,3,1,5,7,3313,0,0,0,NA,0,T52,CENTRAL AV,CANYON CREST DR,568,W,N,A,-,N,NA,NA,NA,NA,NA,NA,NA,NA,NA,Y,3,0,3,2,A,-,09,21804,A,N,D,C,A,A,H,-,A,A,0,NA,NA,NA,NA,Y,NA,A,01,0,2,1,0,0,0,0,0,0,-,-,33.95500183105469,-117.32904815673828,RIVERSIDE,RIVERSIDE,-117.33095550537108,33.95487594604492
9071410,2020,2020-03-13,3313,2020-01-30,1116,0140,4,4,5,7,3313,0,0,0,NA,0,S37,CENTRAL AV,ESSEX ST,52,E,N,A,-,N,NA,NA,NA,NA,NA,NA,NA,NA,NA,N,4,0,1,2,A,-,09,21802,A,N,B,C,A,A,H,-,A,D,0,NA,NA,NA,NA,Y,NA,A,07,0,0,1,0,0,0,0,0,0,-,-,33.95307922363281,-117.43177032470705,RIVERSIDE,RIVERSIDE,-117.4314422607422,33.95323181152344
90715468,2018,2018-04-27,9840,2018-04-20,1445,019242,NA,5,2,6,3345,0,1,3,NA,2,010,SR-60 E/B,VALLEY WAY,1100,W,N,A,-,Y,NA,NA,60,NA,NA,NA,NA,NA,E,Y,3,0,2,3,A,-,03,22350,NA,N,C,C,A,A,H,-,A,D,0,NA,NA,NA,NA,Y,NA,A,01,0,1,1,0,0,0,0,0,0,-,-,34.013301849365234,-117.44400024414063,RIVERSIDE,JURUPA VALLEY,-117.44400024414063,34.01332092285156
9071687,2019,2020-06-30,3308,2019-11-29,1206,8414,515,5,5,5,3308,0,0,0,NA,0,SOUTH,FLORIDA AV,LYON AV,125,E,N,A,-,Y,RIV,8,74,-,-,39.61,H,-,W,N,4,0,1,2,A,-,09,21804,A,N,D,C,A,A,H,-,A,A,0,NA,NA,NA,NA,Y,NA,A,01,0,0,1,0,0,0,0,0,0,-,-,33.74753952026367,-116.98918151855467,RIVERSIDE,HEMET,-116.98873901367188,33.74750518798828
90718022,2018,2018-05-02,9840,2018-04-25,1435,014868,NA,3,2,7,3313,0,1,1,NA,2,022,I-215 N/B,CENTER ST,1056,S,N,A,-,Y,NA,NA,215,NA,NA,NA,NA,NA,N,N,4,0,1,2,A,-,07,21658,A,N,C,C,A,A,H,-,A,D,0,NA,NA,NA,NA,Y,NA,A,01,0,0,1,0,0,0,0,0,0,-,-,34.014068603515625,-117.34284973144533,RIVERSIDE,RIVERSIDE,-117.34322357177734,34.01431655883789
9072000,2020,2020-05-20,3300,2020-02-15,1702,5059,603C5,6,5,6,3394,0,0,0,NA,0,MV36,IRIS AV,LASSELLE ST,0,NA,Y,A,-,N,NA,NA,NA,NA,NA,NA,NA,NA,NA,N,3,0,1,2,A,-,10,21950,A,N,H,G,A,A,H,-,A,D,0,NA,Y,NA,NA,Y,NA,A,01,0,1,0,0,0,0,1,0,0,-,-,33.89067077636719,-117.20735168457033,RIVERSIDE,MORENO VALLEY,-117.20716857910156,33.891029357910156
90720346,2018,2018-05-04,9685,2018-05-03,1540,017169,NA,4,2,9,3300,0,1,1,NA,2,030,I-15 N/B,RAINBOW CANYON ROAD,0,NA,N,A,-,Y,NA,NA,15,NA,NA,NA,NA,NA,N,N,4,0,1,2,A,-,03,22350,NA,N,C,C,A,A,H,-,A,D,0,NA,NA,NA,NA,Y,NA,D,22,0,0,1,0,0,0,0,0,0,-,-,33.438079833984375,-117.13983917236328,RIVERSIDE,UNINCORPORATED,-117.13932037353516,33.437828063964844
90720653,2018,2018-05-07,9840,2018-04-13,0505,020305,NA,5,3,7,3313,0,1,1,NA,2,023,I-215 S/B TO BLAINE ST,3RD ST,100,N,N,A,-,Y,NA,NA,215,NA,NA,NA,R,NA,S,Y,3,0,1,1,A,-,01,23152,A,N,E,I,A,A,H,-,B,D,0,NA,NA,NA,NA,Y,Y,A,01,0,1,0,0,0,0,0,0,0,-,-,33.98344039916992,-117.34387969970705,RIVERSIDE,RIVERSIDE,-117.34387969970705,33.98344039916992
90721076,2018,2018-05-07,9655,2018-04-30,1625,013757,NA,1,2,9,3300,0,1,3,NA,2,315,SR-79,WESLEY ST.,0,NA,Y,B,-,Y,NA,NA,79,NA,NA,NA,NA,NA,NA,Y,4,0,1,2,A,-,09,21801,A,N,D,C,A,A,H,-,A,D,0,NA,NA,NA,NA,Y,NA,A,01,0,0,1,0,0,0,0,0,0,-,-,33.70927047729492,-117.08492279052734,RIVERSIDE,UNINCORPORATED,-117.0849380493164,33.70927047729492
90721934,2018,2018-05-08,9840,2018-04-22,1417,020945,NA,7,2,9,3300,0,1,1,NA,2,037,I-15 N/B,TEMESCAL CANYON RD.,1500,S,N,A,-,Y,NA,NA,15,NA,NA,NA,NA,NA,N,N,3,0,2,2,A,-,01,23152,A,F,C,C,A,A,H,-,A,D,0,NA,NA,NA,NA,Y,Y,A,07,0,1,1,0,0,0,0,0,0,-,-,33.77199172973633,-117.48407745361328,RIVERSIDE,UNINCORPORATED,-117.48402404785156,33.77203369140625
90721953,2018,2018-05-08,9685,2018-05-03,0530,016113,NA,4,3,9,3300,0,3,5,NA,2,003,ENCANTO ROAD,POURROY ROAD,300,W,N,A,-,N,NA,NA,NA,NA,NA,NA,NA,NA,NA,Y,3,0,1,2,A,-,08,22107,NA,F,C,E,A,A,H,-,D,D,0,NA,NA,NA,NA,Y,NA,A,01,0,1,0,0,0,0,0,0,0,-,-,33.56317901611328,-117.10861206054688,RIVERSIDE,UNINCORPORATED,-117.10847473144533,33.563167572021484
90726580,2018,2018-05-15,9840,2018-05-06,1412,020945,NA,7,2,6,3394,0,1,3,NA,2,025,SR-60 W/B,DAY ST.,2000,E,N,A,-,Y,NA,NA,60,NA,NA,NA,NA,NA,W,Y,3,0,1,2,A,-,07,21658,A,F,B,C,A,A,H,-,A,D,0,NA,NA,Y,NA,Y,NA,A,07,0,1,0,0,0,0,0,0,1,-,-,33.94144058227539,-117.27184295654295,RIVERSIDE,MORENO VALLEY,-117.27182769775392,33.9415168762207
90726629,2018,2018-05-15,9840,2018-05-08,0920,016853,NA,2,1,6,3315,0,1,1,NA,2,034,I-15 N/B,DOS LAGOS DR,200,S,N,A,-,Y,NA,NA,NA,NA,NA,NA,NA,NA,NA,N,4,0,2,2,A,-,03,22350,NA,N,C,C,A,A,H,-,A,D,0,NA,NA,NA,NA,Y,NA,D,22,0,0,2,0,0,0,0,0,0,-,-,33.80289840698242,-117.50499725341795,RIVERSIDE,CORONA,-117.50701141357422,33.80656814575195
90726981,2018,2018-05-15,9685,2018-05-13,1018,016381,NA,7,1,9,3300,0,3,5,NA,2,003,E. BENTON RD,WARREN RD,500,E,N,A,-,N,NA,NA,NA,NA,NA,NA,NA,NA,NA,Y,4,0,1,1,A,-,08,22107,NA,N,F,A,A,A,H,-,A,D,0,NA,NA,NA,NA,Y,NA,A,01,0,0,1,0,0,0,0,0,0,-,-,33.56016159057617,-117.0295867919922,RIVERSIDE,UNINCORPORATED,-117.02960968017578,33.560184478759766
90727057,2018,2018-05-15,9685,2018-05-09,1540,015957,NA,3,2,9,3300,0,1,3,NA,1,026,SR-74 (EAST),JUNIPER FLATS RD,200,W,N,A,-,Y,NA,NA,74,NA,NA,NA,NA,NA,NA,Y,4,0,2,2,A,-,09,21802,A,N,D,C,A,A,H,-,A,D,0,NA,NA,NA,NA,Y,NA,A,01,0,0,2,0,0,0,0,0,0,-,-,33.74338912963867,-117.11583709716795,RIVERSIDE,UNINCORPORATED,-117.11583709716795,33.74331283569336
90727387,2018,2018-05-16,9630,2018-05-07,2338,021897,NA,1,3,9,3300,0,1,1,NA,2,302,I-10 E/B,HAYFIELD RD,6336,W,N,A,-,Y,NA,NA,10,NA,NA,NA,NA,NA,E,Y,4,0,1,2,A,-,03,22350,NA,N,C,C,A,A,H,-,D,D,0,NA,NA,NA,NA,Y,NA,A,01,0,0,1,0,0,0,0,0,0,-,-,33.66654968261719,-115.67495727539063,RIVERSIDE,UNINCORPORATED,-115.67495727539063,33.6665153503418
90727820,2018,2018-05-16,9840,2018-05-12,0535,019844,NA,6,3,6,3345,0,1,3,NA,2,010,SR-60 W/B,PEDLEY ROAD,750,E,N,B,-,Y,NA,NA,60,NA,NA,NA,NA,NA,W,N,4,0,1,2,A,-,03,22350,NA,N,C,C,A,A,H,-,B,D,0,NA,NA,NA,NA,Y,NA,D,22,0,0,1,0,0,0,0,0,0,-,-,34.018550872802734,-117.47576141357422,RIVERSIDE,JURUPA VALLEY,-117.47575378417967,34.018592834472656
90729769,2018,2018-05-21,9630,2018-05-16,0220,021604,NA,3,3,9,3300,0,1,3,NA,2,015,SR-62 W/B,NORTH INDIAN CANYON DRIVE,5280,E,N,A,-,Y,NA,NA,62,NA,NA,NA,NA,NA,W,Y,3,0,1,1,A,-,08,22107,NA,N,E,I,A,A,H,-,D,D,0,NA,NA,NA,NA,Y,NA,A,01,0,1,0,0,0,0,0,0,0,-,-,34.0171012878418,-116.58100128173828,RIVERSIDE,UNINCORPORATED,-116.58098602294922,34.01710510253906
90729824,2018,2018-05-21,9840,2018-05-12,1820,019242,NA,6,2,7,3313,0,1,3,NA,2,020,SR-91 W/B TO TYLER ST,TYLER ST,200,E,N,A,-,Y,NA,NA,91,NA,NA,NA,R,NA,W,N,4,0,2,2,A,-,21,22106,NA,N,C,C,A,A,H,-,A,D,0,NA,NA,NA,NA,Y,NA,A,01,0,0,2,0,0,0,0,0,0,-,-,33.907501220703125,-117.4552993774414,RIVERSIDE,RIVERSIDE,-117.4552993774414,33.907501220703125
90730303,2018,2018-05-21,9660,2018-05-11,2326,021591,NA,5,3,9,3300,0,1,1,NA,2,030,I-10 E/B,CORN SPRINGS RD,26400,W,N,G,-,Y,NA,NA,10,NA,NA,NA,NA,NA,E,Y,3,0,1,1,A,-,08,22107,NA,N,F,A,A,A,H,-,D,D,0,NA,NA,NA,Y,Y,NA,F,26,0,1,0,0,0,0,0,0,0,-,-,33.701541900634766,-115.31085205078124,RIVERSIDE,UNINCORPORATED,-115.3108367919922,33.70161437988281
90730411,2018,2018-05-21,9840,2018-05-15,0800,014980,NA,2,1,6,3345,0,1,1,NA,2,011,I-15 N/B,MISSION BLVD,750,S,N,A,-,Y,NA,NA,15,NA,NA,NA,NA,NA,N,Y,4,0,1,3,A,-,03,22350,NA,N,C,C,A,A,H,-,A,D,0,NA,NA,NA,Y,Y,NA,A,01,0,0,1,0,0,0,0,0,0,-,-,34.02653884887695,-117.55001831054688,RIVERSIDE,JURUPA VALLEY,-117.5500946044922,34.026546478271484
90731116,2018,2018-05-22,9840,2018-05-16,1515,016853,NA,3,2,7,3313,0,1,1,NA,2,024,I-215 N/B,EUCALYPTUS AVE,200,N,N,A,-,Y,NA,NA,215,NA,NA,NA,NA,NA,N,Y,4,0,2,2,A,-,03,22350,NA,N,C,C,A,A,H,-,A,D,0,NA,NA,NA,NA,Y,NA,A,01,0,0,2,0,0,0,0,0,0,-,-,33.93360137939453,-117.2895965576172,RIVERSIDE,RIVERSIDE,-117.28949737548828,33.93363571166992
90731507,2018,2018-05-22,9840,2018-05-14,1520,015663,NA,1,2,9,3300,0,3,5,NA,2,003,CAJALCO RD.,LA SIERRA AVE,1584,W,N,A,-,N,NA,NA,NA,NA,NA,NA,NA,NA,NA,Y,3,0,3,2,A,-,08,22107,NA,N,A,C,A,A,H,-,A,D,0,NA,NA,NA,NA,Y,NA,A,01,0,3,0,0,0,0,0,0,0,-,-,33.89921188354492,-117.46627807617188,RIVERSIDE,UNINCORPORATED,-117.46556854248048,33.82926559448242
90732189,2018,2018-05-23,9630,2018-05-16,0740,016674,NA,3,1,9,3300,0,2,S,NA,2,405,YUCCA LANE,AVENUE 41,15,N,N,A,-,N,NA,NA,NA,NA,NA,NA,NA,NA,NA,N,4,0,1,2,A,-,10,21950,A,N,G,B,B,A,H,-,A,A,0,Y,NA,NA,NA,Y,NA,A,07,0,0,1,0,1,0,0,0,0,-,-,33.750999450683594,-116.29942321777344,RIVERSIDE,UNINCORPORATED,-116.29942321777344,33.75094985961914
90734777,2018,2018-05-25,9840,2018-05-22,2155,021177,NA,2,2,7,3313,0,1,3,NA,2,020,STATE ROUTE 91 W/B,JACKSON ST,1000,E,N,A,-,Y,NA,NA,91,NA,NA,NA,NA,NA,W,Y,2,0,1,1,A,-,08,22107,NA,N,F,A,A,A,H,-,C,D,0,NA,NA,Y,NA,Y,NA,C,02,1,0,0,0,0,0,0,0,1,-,-,33.92082977294922,-117.4314193725586,RIVERSIDE,RIVERSIDE,-117.43145751953124,33.9208984375
9073680,2020,2020-08-14,3300,2020-04-26,1929,3744,920H,7,5,4,3314,0,0,0,NA,0,074,SAN JACINTO AV,ESPLANADE AV,322,N,N,A,-,N,NA,NA,NA,NA,NA,NA,NA,NA,NA,NA,4,0,1,2,A,-,00,21650,G,N,A,G,A,A,H,-,C,A,0,NA,Y,NA,NA,Y,Y,L,04,0,0,1,0,0,0,1,0,0,-,-,33.77299880981445,-116.95868682861328,RIVERSIDE,SAN JACINTO,-116.95882415771484,33.77387237548828
90737521,2018,2018-05-30,9630,2018-03-25,2030,021921,NA,7,2,9,3300,0,2,S,NA,2,501,JACKSON STREET,AVENUE 53,0,NA,Y,A,-,N,NA,NA,NA,NA,NA,NA,NA,NA,NA,Y,2,0,2,2,A,-,12,22450,A,F,D,C,A,A,H,-,D,D,0,NA,NA,NA,NA,Y,NA,-,35,2,0,0,0,0,0,0,0,0,-,-,33.66387939453125,-116.2165069580078,RIVERSIDE,UNINCORPORATED,-116.2165298461914,33.663780212402344
90738108,2018,2018-05-31,9840,2018-05-25,1300,016356,NA,5,1,6,3315,0,1,S,NA,2,310,SR-91 E/B,LINCOLN AVE,550,E,N,A,-,Y,NA,NA,91,NA,NA,NA,NA,NA,E,N,4,0,1,2,A,-,03,22350,NA,N,C,C,A,A,H,-,A,D,0,NA,NA,NA,NA,Y,NA,A,01,0,0,1,0,0,0,0,0,0,-,-,33.880001068115234,-117.56752777099608,RIVERSIDE,CORONA,-117.56751251220705,33.88017272949219
90738560,2018,2018-05-31,9655,2018-05-21,0910,019630,NA,1,1,4,3301,0,1,1,NA,2,204,I-10 E/B,SUNSET AVE,1100,W,N,B,-,Y,NA,NA,10,NA,NA,NA,NA,NA,E,Y,3,0,1,2,A,-,07,21658,A,N,B,C,A,A,H,-,A,D,0,NA,NA,NA,NA,Y,NA,A,07,0,1,0,0,0,0,0,0,0,-,-,33.925079345703125,-116.91580200195313,RIVERSIDE,BANNING,-116.9157943725586,33.925113677978516
90738752,2018,2018-06-19,9840,2018-05-29,1340,012208,NA,2,1,4,3344,0,1,1,NA,2,011,I-15 S/B {ONTARIO FREEWAY},MISSION BOULEVARD,275,N,N,B,-,Y,NA,NA,15,NA,NA,NA,NA,NA,S,N,4,0,1,2,A,-,07,21658,A,N,C,C,A,A,H,-,A,D,0,NA,NA,NA,Y,Y,NA,A,01,0,0,1,0,0,0,0,0,0,-,-,34.02983856201172,-117.55052185058594,RIVERSIDE,EASTVALE,-117.55046081542967,34.02983856201172
90738954,2018,2018-06-01,9840,2018-05-25,1055,018221,NA,5,1,9,3300,0,1,1,NA,2,034,I-15 N/B,DOS LAGOS DR.,2200,S,N,A,-,Y,NA,NA,15,NA,NA,NA,NA,NA,N,Y,4,0,1,3,A,-,03,22350,NA,N,C,C,A,A,D,-,A,D,0,NA,NA,NA,NA,Y,NA,D,23,0,0,1,0,0,0,0,0,0,-,-,33.801300048828125,-117.50418090820313,RIVERSIDE,UNINCORPORATED,-117.50413513183594,33.80133056640625
90739186,2018,2018-06-01,9630,2018-05-25,0722,015876,NA,5,1,9,3300,0,1,1,NA,2,021,I-10 W/B,WASHINGTON ST,4224,W,N,A,-,Y,NA,NA,10,NA,NA,NA,NA,NA,W,N,4,0,1,2,A,-,03,22350,NA,N,C,C,A,A,H,-,A,D,0,NA,NA,NA,NA,Y,NA,A,01,0,0,1,0,0,0,0,0,0,-,-,33.76504135131836,-116.31826782226563,RIVERSIDE,UNINCORPORATED,-116.31822967529295,33.765132904052734
90740162,2018,2018-10-08,9655,2018-05-23,1906,019449,NA,3,2,3,3302,0,1,1,NA,2,202,I-10 E/B,PENNSYLVANIA AVE,839,E,N,A,-,Y,NA,NA,NA,NA,NA,NA,NA,NA,NA,Y,3,0,3,2,A,-,08,22107,NA,N,B,C,A,A,H,-,A,D,0,NA,NA,NA,NA,Y,Y,A,01,0,1,2,0,0,0,0,0,0,-,-,33.927181243896484,-116.90904998779295,RIVERSIDE,BEAUMONT,-116.96328735351563,33.927146911621094
90740414,2018,2018-06-04,9630,2018-05-22,1717,021923,NA,2,2,9,3300,0,2,S,NA,2,502,FILLMORE ST,GRAPEFRUIT BLVD,48,E,N,A,-,N,NA,NA,NA,NA,NA,NA,NA,NA,NA,Y,3,0,1,1,A,-,01,23152,G,N,E,I,A,A,H,-,A,A,0,NA,NA,NA,NA,Y,Y,A,01,0,1,0,0,0,0,0,0,0,-,-,33.6339111328125,-116.13358306884766,RIVERSIDE,UNINCORPORATED,-116.13352966308594,33.6336669921875
90741796,2018,2018-06-05,9840,2018-05-24,1733,021261,NA,4,2,7,3313,0,1,3,NA,2,021,SR-91 E/B TO ARLINGTON AVE,ARLINGTON AVE,1000,W,N,A,-,Y,NA,NA,91,NA,NA,NA,R,NA,E,Y,3,0,1,3,A,-,03,22350,NA,N,C,C,A,A,H,-,A,D,0,NA,NA,NA,NA,Y,NA,A,01,0,1,0,0,0,0,0,0,0,-,-,33.94416046142578,-117.3913116455078,RIVERSIDE,RIVERSIDE,-117.3913116455078,33.94416046142578
9074187,2020,2020-07-09,3300,2020-03-11,0842,5221,30B3,3,5,4,3318,0,0,0,NA,0,MO872,COOK ST,MERLE DR,1500,N,N,A,-,N,NA,NA,NA,NA,NA,NA,NA,NA,NA,Y,4,0,2,2,A,-,03,22350,NA,N,C,C,A,A,H,-,A,A,0,NA,NA,NA,NA,Y,NA,A,01,0,0,2,0,0,0,0,0,0,-,-,33.739688873291016,-116.35643768310548,RIVERSIDE,PALM DESERT,-116.35635375976563,33.74387741088867
9074246,2020,2020-07-24,3300,2020-03-12,1450,3343,001J,4,5,6,3345,0,0,0,NA,0,014,MISSION BL,SOTO AV,280,E,N,C,-,N,NA,NA,NA,NA,NA,NA,NA,NA,NA,N,3,0,2,2,A,-,03,22350,NA,N,C,C,A,B,H,-,A,D,0,NA,NA,NA,NA,Y,NA,A,07,0,1,1,0,0,0,0,0,0,-,-,34.010440826416016,-117.43966674804688,RIVERSIDE,JURUPA VALLEY,-117.43982696533205,34.01203155517578
90742762,2018,2018-06-06,9840,2018-06-05,1800,014571,NA,2,2,7,3313,0,1,3,NA,2,021,SR-91 E/B,14TH ST.,80,W,N,A,-,Y,NA,NA,91,NA,NA,NA,NA,NA,E,Y,4,0,1,3,A,-,03,22350,NA,N,C,C,A,A,H,-,A,D,0,NA,NA,NA,NA,Y,NA,A,01,0,0,1,0,0,0,0,0,0,-,-,33.9739990234375,-117.37319946289063,RIVERSIDE,RIVERSIDE,-117.3730697631836,33.97392272949219
90743179,2018,2018-06-07,9840,2018-05-24,2250,019017,NA,4,3,6,3315,0,1,3,NA,2,030,STATE ROUTE 91 E/B,GREEN RIVER ROAD,2470,W,N,A,-,Y,NA,NA,91,NA,NA,NA,NA,NA,E,Y,4,0,1,2,A,-,01,23152,A,N,B,C,A,A,H,-,C,D,0,NA,NA,NA,NA,Y,Y,A,01,0,0,1,0,0,0,0,0,0,-,-,33.87351989746094,-117.66333770751952,RIVERSIDE,CORONA,-117.66342926025392,33.87362289428711
9074319,2020,2020-07-10,3300,2020-03-18,1255,4071,602D3,3,5,6,3394,0,0,0,NA,0,MV26,HEACOCK ST,ALESSANDRO BL,0,NA,Y,B,-,N,NA,NA,NA,NA,NA,NA,NA,NA,NA,N,4,0,3,4,A,-,04,21703,NA,N,C,C,A,B,H,-,A,A,0,NA,NA,NA,NA,Y,NA,A,01,0,0,3,0,0,0,0,0,0,-,-,33.917259216308594,-117.24373626708984,RIVERSIDE,MORENO VALLEY,-117.24373626708984,33.91733932495117
90745280,2018,2018-06-11,9630,2018-06-03,1645,021570,NA,7,2,9,3300,0,1,1,NA,2,010,I-10 E/B,SR-62,1500,W,N,A,-,Y,NA,NA,10,NA,NA,NA,NA,NA,E,Y,3,0,4,2,A,-,07,21658,NA,N,C,C,A,A,H,-,A,D,0,NA,NA,NA,NA,Y,NA,A,07,0,1,3,0,0,0,0,0,0,-,-,33.916099548339844,-116.6134033203125,RIVERSIDE,UNINCORPORATED,-116.61339569091795,33.91611099243164
9074530,2020,2020-11-07,3300,2020-05-07,1603,4630,LA40,4,5,3,3392,0,0,0,NA,0,LA40,LAS VISTAS DR,FRED WARING DR,171,S,N,A,-,N,NA,NA,NA,NA,NA,NA,NA,NA,NA,Y,3,0,1,1,A,-,08,22107,NA,N,E,I,A,A,H,-,A,D,0,NA,NA,NA,NA,Y,NA,A,01,0,1,0,0,0,0,0,0,0,-,-,33.72903823852539,-116.29176330566406,RIVERSIDE,LA QUINTA,-116.29170989990234,33.72862243652344
90746685,2018,2018-06-12,9840,2018-05-30,0747,014868,NA,3,1,7,3313,0,1,3,NA,2,020,SR-91 E/B,VAN BUREN BLVD,698,E,N,B,-,Y,NA,NA,91,NA,NA,NA,NA,NA,E,Y,4,0,3,6,A,-,07,21658,A,N,C,C,A,B,H,-,A,D,0,NA,NA,NA,NA,Y,NA,A,07,0,0,3,0,0,0,0,0,0,-,-,33.915470123291016,-117.44027709960938,RIVERSIDE,RIVERSIDE,-117.44035339355467,33.91560363769531
9074724,2020,2020-06-25,3315,2020-03-10,0902,001509,1A,2,5,6,3315,0,0,0,NA,0,001,RAILROAD ST,KLUG CIR,300,W,N,C,-,N,NA,NA,NA,NA,NA,NA,NA,NA,NA,NA,4,0,2,2,A,-,08,22107,NA,N,A,C,A,B,H,-,A,D,0,NA,NA,NA,NA,Y,NA,D,22,0,0,2,0,0,0,0,0,0,-,-,33.88846969604492,-117.60958099365234,RIVERSIDE,CORONA,-117.61041259765624,33.88795471191406
90747558,2018,2018-06-13,9840,2018-06-02,1455,019576,NA,6,2,6,3394,0,1,3,NA,2,025,SR-60 E/B,PIGEON PASS RD,100,W,N,A,-,Y,NA,NA,60,NA,NA,NA,NA,NA,E,Y,4,0,1,1,A,-,08,22107,NA,N,E,I,A,A,H,-,A,D,0,NA,NA,NA,NA,Y,NA,A,01,0,0,1,0,0,0,0,0,0,-,-,33.94065856933594,-117.26203155517578,RIVERSIDE,MORENO VALLEY,-117.26203155517578,33.94070816040039
90748014,2018,2018-06-14,9840,2018-06-11,1601,015663,NA,1,2,6,3315,0,1,3,NA,2,031,SR-91 E/B,LINCOLN AVE.,600,E,N,A,-,Y,NA,NA,91,NA,NA,NA,NA,NA,E,Y,3,0,1,2,A,-,03,22350,NA,N,B,C,A,A,H,-,A,D,0,NA,NA,Y,NA,Y,NA,C,02,0,1,0,0,0,0,0,0,1,-,-,33.8814582824707,-117.58059692382813,RIVERSIDE,CORONA,-117.5805892944336,33.881568908691406
90748106,2018,2018-06-14,9685,2018-05-22,1305,014267,NA,2,1,9,3300,0,3,5,NA,2,002,FRETWELL AVENUE,LEON ROAD,23,E,N,A,-,N,NA,NA,NA,NA,NA,NA,NA,NA,NA,Y,4,0,1,2,A,-,08,22107,NA,M,D,C,A,A,H,-,A,D,0,NA,NA,NA,NA,Y,NA,D,22,0,0,1,0,0,0,0,0,0,-,-,33.73847961425781,-117.11917114257813,RIVERSIDE,UNINCORPORATED,-117.1191635131836,33.738590240478516
90748608,2018,2018-06-14,9840,2018-06-12,1720,020058,NA,2,2,6,3315,0,1,S,NA,2,310,SR-91 E/B,MAIN ST,1000,W,N,A,-,Y,NA,NA,91,NA,NA,NA,NA,NA,E,Y,4,0,1,2,A,-,03,22350,NA,N,C,C,A,A,H,-,A,D,0,NA,NA,Y,NA,Y,NA,C,02,0,0,1,0,0,0,0,0,1,-,-,33.88051986694336,-117.57054138183594,RIVERSIDE,CORONA,-117.57054138183594,33.88050079345703
90749144,2018,2018-06-15,9655,2018-06-08,1718,018383,NA,5,2,3,3302,0,1,1,NA,2,202,I-10 W/B,BEAUMONT AVE,1415,E,N,A,-,Y,NA,NA,10,NA,NA,NA,NA,NA,W,N,4,0,2,2,A,-,07,21658,A,N,C,C,A,A,H,-,A,D,0,NA,NA,NA,NA,Y,NA,D,22,0,0,2,0,0,0,0,0,0,-,-,33.927268981933594,-116.97239685058594,RIVERSIDE,BEAUMONT,-116.97239685058594,33.9272346496582