CASE_ID,ACCIDENT_YEAR,PROC_DATE,JURIS,COLLISION_DATE,COLLISION_TIME,OFFICER_ID,REPORTING_DISTRICT,DAY_OF_WEEK,CHP_SHIFT,POPULATION,CNTY_CITY_LOC,SPECIAL_COND,BEAT_TYPE,CHP_BEAT_TYPE,CITY_DIVISION_LAPD,CHP_BEAT_CLASS,BEAT_NUMBER,PRIMARY_RD,SECONDARY_RD,DISTANCE,DIRECTION,INTERSECTION,WEATHER_1,WEATHER_2,STATE_HWY_IND,CALTRANS_COUNTY,CALTRANS_DISTRICT,STATE_ROUTE,ROUTE_SUFFIX,POSTMILE_PREFIX,POSTMILE,LOCATION_TYPE,RAMP_INTERSECTION,SIDE_OF_HWY,TOW_AWAY,COLLISION_SEVERITY,NUMBER_KILLED,NUMBER_INJURED,PARTY_COUNT,PRIMARY_COLL_FACTOR,PCF_CODE_OF_VIOL,PCF_VIOL_CATEGORY,PCF_VIOLATION,PCF_VIOL_SUBSECTION,HIT_AND_RUN,TYPE_OF_COLLISION,MVIW,PED_ACTION,ROAD_SURFACE,ROAD_COND_1,ROAD_COND_2,LIGHTING,CONTROL_DEVICE,CHP_ROAD_TYPE,PEDESTRIAN_ACCIDENT,BICYCLE_ACCIDENT,MOTORCYCLE_ACCIDENT,TRUCK_ACCIDENT,NOT_PRIVATE_PROPERTY,ALCOHOL_INVOLVED,STWD_VEHTYPE_AT_FAULT,CHP_VEHTYPE_AT_FAULT,COUNT_SEVERE_INJ,COUNT_VISIBLE_INJ,COUNT_COMPLAINT_PAIN,COUNT_PED_KILLED,COUNT_PED_INJURED,COUNT_BICYCLIST_KILLED,COUNT_BICYCLIST_INJURED,COUNT_MC_KILLED,COUNT_MC_INJURED,PRIMARY_RAMP,SECONDARY_RAMP,LATITUDE,LONGITUDE,COUNTY,CITY,POINT_X,POINT_Y
90749914,2018,2018-06-18,9685,2018-06-09,1428,015050,NA,6,2,9,3300,0,1,3,NA,2,011,STATE ROUTE 74,THE CANDY STORE,11880,W,N,A,-,Y,NA,NA,74,NA,NA,NA,NA,NA,NA,Y,4,0,2,2,A,-,05,21460,A,N,B,C,A,A,H,-,A,A,0,NA,NA,NA,NA,Y,NA,A,01,0,0,2,0,0,0,0,0,0,-,-,33.61159896850586,-117.43422698974608,RIVERSIDE,UNINCORPORATED,-117.43424224853516,33.61159896850586
90750077,2018,2018-06-18,9840,2018-06-06,1805,019017,NA,3,2,9,3300,0,3,5,NA,2,003,NICHOLS RD,EL TORO RD,870,W,N,A,-,N,NA,NA,NA,NA,NA,NA,NA,NA,NA,Y,3,0,2,2,A,-,05,21460,A,N,A,C,A,A,H,-,A,D,0,NA,NA,NA,NA,Y,NA,A,07,0,1,1,0,0,0,0,0,0,-,-,33.70708084106445,-117.34783935546876,RIVERSIDE,UNINCORPORATED,-117.34769439697266,33.70703125
90750992,2018,2018-06-19,9840,2018-06-15,1330,020945,NA,5,1,9,3300,0,1,1,NA,2,040,I-215 S/B,VAN BUREN BLVD.,150,N,N,A,-,Y,NA,NA,215,NA,NA,NA,NA,NA,S,N,4,0,1,2,A,-,03,22350,NA,N,C,C,A,A,H,-,A,D,0,NA,NA,NA,NA,Y,NA,A,08,0,0,1,0,0,0,0,0,0,-,-,33.88837814331055,-117.27040100097656,RIVERSIDE,UNINCORPORATED,-117.2704620361328,33.88834762573242
90753003,2018,2018-06-21,9840,2018-06-17,1530,020058,NA,7,2,9,3300,0,2,4,NA,2,043,CAJALCO EXPY,HARVILL AVE,25,W,N,A,-,N,NA,NA,NA,NA,NA,NA,NA,NA,NA,N,4,0,1,2,A,-,03,22350,NA,N,C,C,A,A,H,-,A,D,0,NA,NA,NA,NA,Y,NA,A,01,0,0,1,0,0,0,0,0,0,-,-,33.84125900268555,-117.2556610107422,RIVERSIDE,UNINCORPORATED,-117.25558471679688,33.841392517089844
90755399,2018,2018-06-25,9685,2018-06-15,0246,14338,NA,5,3,9,3300,0,1,3,NA,1,031,WINCHESTER ROAD,WINCHESTER SQUARE,0,NA,Y,A,-,Y,NA,NA,79,NA,NA,NA,NA,NA,NA,Y,3,0,1,2,A,-,12,21453,A,N,D,C,A,A,H,-,C,A,0,NA,NA,NA,NA,Y,NA,-,-,0,1,0,0,0,0,0,0,0,-,-,33.549800872802734,-117.1411590576172,RIVERSIDE,UNINCORPORATED,-117.1412353515625,33.54983901977539
90756009,2018,2018-06-26,9840,2018-06-20,1830,019874,NA,3,2,9,3300,0,3,5,NA,2,004,MERIDIAN PKWY,VAN BUREN BLVD,30,N,N,A,-,N,NA,NA,NA,NA,NA,NA,NA,NA,NA,Y,4,0,1,1,A,-,08,22107,NA,N,E,I,A,A,H,-,A,A,0,NA,NA,NA,NA,Y,NA,A,07,0,0,1,0,0,0,0,0,0,-,-,33.88829040527344,-117.2799835205078,RIVERSIDE,UNINCORPORATED,-117.27995300292967,33.887882232666016
90756341,2018,2018-06-26,9655,2018-06-18,0127,019449,NA,1,3,4,3301,0,1,1,NA,2,204,I-10 W/B,MALKI RD,4752,W,N,A,-,Y,NA,NA,10,NA,NA,NA,NA,NA,W,Y,2,0,1,2,A,-,03,22350,NA,N,C,C,A,A,C,H,C,D,0,NA,NA,NA,Y,Y,NA,A,01,1,0,0,0,0,0,0,0,0,-,-,33.929969787597656,-116.83827209472656,RIVERSIDE,BANNING,-116.83827209472656,33.929962158203125
9075754,2020,2020-05-15,3315,2020-01-16,1523,11119,3E,4,5,6,3315,0,0,0,NA,0,003,FULLERTON AV,BOON PL,573,S,N,A,-,N,NA,NA,NA,NA,NA,NA,NA,NA,NA,N,4,0,1,2,A,-,08,22107,NA,N,D,C,A,A,H,-,A,D,0,NA,NA,NA,NA,Y,NA,A,01,0,0,1,0,0,0,0,0,0,-,-,33.86009979248047,-117.850341796875,RIVERSIDE,CORONA,-117.55032348632813,33.85850143432617
9075813,2020,2020-06-25,3315,2020-03-08,2103,002847,13D,7,5,6,3315,0,0,0,NA,0,003,CALIFORNIA AV,TABER ST,0,NA,Y,A,-,N,NA,NA,NA,NA,NA,NA,NA,NA,NA,Y,4,0,1,2,A,-,09,21801,A,N,D,C,A,A,H,-,C,A,0,NA,NA,NA,NA,Y,NA,A,01,0,0,1,0,0,0,0,0,0,-,-,33.942970275878906,-117.53816986083984,RIVERSIDE,CORONA,-117.53826141357422,33.84284973144531
90759619,2018,2018-06-29,9655,2018-06-24,0430,019796,NA,7,3,9,3300,0,1,1,NA,2,204,I-10 E/B,HARGRAVE ST.,4548,E,N,A,-,Y,NA,NA,NA,NA,NA,NA,NA,NA,NA,Y,3,0,1,1,A,-,01,23152,F,N,E,I,A,A,H,-,C,D,0,NA,NA,NA,NA,Y,NA,A,01,0,1,0,0,0,0,0,0,0,-,-,33.9528694152832,-116.85311126708984,RIVERSIDE,UNINCORPORATED,-116.85326385498048,33.92593002319336
90759908,2018,2018-06-29,9840,2018-06-28,1128,020305,NA,4,1,9,3300,0,1,1,NA,2,040,I-215 N/B,VAN BUREN BLVD,1000,N,N,A,-,Y,NA,NA,215,NA,NA,NA,NA,NA,N,Y,4,0,1,2,A,-,03,22350,NA,N,C,C,A,A,H,-,A,D,0,NA,NA,NA,NA,Y,NA,A,01,0,0,1,0,0,0,0,0,0,-,-,33.89683151245117,-117.27458190917967,RIVERSIDE,UNINCORPORATED,-117.27449798583984,33.89686584472656
90760098,2018,2018-06-29,9685,2018-06-22,1555,014519,NA,5,2,9,3300,0,3,5,NA,2,003,RAINBOW VALLEY BLVD,OLD HIGHWAY 395,15,E,N,A,-,N,NA,NA,NA,NA,NA,NA,NA,NA,NA,N,4,0,1,2,A,-,03,22350,NA,M,C,C,A,A,H,-,A,A,0,NA,NA,NA,NA,Y,NA,A,01,0,0,1,0,0,0,0,0,0,-,-,33.43349838256836,-117.13990020751952,RIVERSIDE,UNINCORPORATED,-117.13990020751952,33.43349838256836
90761469,2018,2018-07-03,9840,2018-06-22,0738,021261,NA,5,1,7,3313,0,1,1,NA,2,024,I-215 S/B,EUCALYPTUS ST,150,N,N,A,-,Y,NA,NA,215,NA,NA,NA,NA,NA,S,Y,3,0,1,2,A,-,07,21658,A,F,F,A,A,A,H,-,A,D,0,NA,NA,NA,NA,Y,NA,-,99,0,1,0,0,0,0,0,0,0,-,-,33.932708740234375,-117.28939819335938,RIVERSIDE,RIVERSIDE,-117.28943634033205,33.93269729614258
9076309,2019,2020-05-13,3306,2019-11-06,1813,087,3306,3,5,3,3306,0,0,0,NA,0,NA,PALM DR,CAMINO CAMPESINO,292,N,N,A,-,N,NA,NA,NA,NA,NA,NA,NA,NA,NA,N,4,0,2,2,A,-,09,21801,A,N,C,C,A,A,H,-,C,D,0,NA,NA,NA,NA,Y,NA,A,01,0,0,2,0,0,0,0,0,0,-,-,NA,NA,RIVERSIDE,DESERT HOT SPRINGS,-116.50157928466795,33.93667984008789
90763730,2018,2018-07-05,9655,2018-04-22,2135,021008,NA,7,2,9,3300,0,1,3,NA,2,213,STATE ROUTE 79,GILMAN SPRINGS ROAD,3270,S,N,A,-,Y,NA,NA,79,NA,NA,NA,NA,NA,NA,Y,1,1,1,3,A,-,05,21460,A,N,B,C,A,A,H,-,D,D,0,NA,NA,NA,NA,Y,NA,A,01,1,0,0,0,0,0,0,0,0,-,-,33.83721160888672,-117.00360107421876,RIVERSIDE,UNINCORPORATED,-117.00358581542967,33.83721160888672
90765182,2018,2018-07-09,9630,2018-07-01,0905,019860,NA,7,1,9,3300,0,1,1,NA,2,302,I-10 W/B,RED CLOUD RD,5280,E,N,A,-,Y,NA,NA,10,NA,NA,NA,NA,NA,W,Y,2,0,4,1,A,-,08,22107,NA,N,F,A,A,A,H,-,A,D,0,NA,NA,NA,NA,Y,NA,A,01,2,2,0,0,0,0,0,0,0,-,-,33.68191146850586,-115.54553985595705,RIVERSIDE,UNINCORPORATED,-115.5455322265625,33.681888580322266
90765857,2018,2018-07-10,9840,2018-07-03,1220,017882,NA,2,1,7,3313,0,1,3,NA,2,010,SR-60 W/B,MARKET ST.,1800,E,N,A,-,Y,NA,NA,60,NA,NA,NA,NA,NA,W,Y,4,0,2,1,A,-,08,22107,NA,N,E,I,A,A,H,-,A,A,0,NA,NA,NA,NA,Y,NA,A,07,0,0,2,0,0,0,0,0,0,-,-,33.998451232910156,-117.36965942382813,RIVERSIDE,RIVERSIDE,-117.36962890625,33.99853515625
90766298,2018,2018-07-10,9840,2018-07-07,1110,019219,NA,6,1,9,3300,0,1,1,NA,2,040,I-215 NORTHBOUND,VAN BUREN BLVD,1056,S,N,A,-,Y,NA,NA,215,NA,NA,NA,NA,NA,N,Y,3,0,1,2,A,-,03,22350,NA,N,C,C,A,A,H,-,A,D,0,NA,NA,NA,NA,Y,NA,A,07,0,1,0,0,0,0,0,0,0,-,-,33.88106918334961,-117.26754760742188,RIVERSIDE,UNINCORPORATED,-117.26756286621094,33.881065368652344
90767468,2018,2018-07-12,9840,2018-06-26,1435,017802,NA,2,2,4,3344,0,1,3,NA,2,010,SR-60 W/B TO I-15 S/B,WINEVILLE AVE.,2700,W,N,A,-,Y,NA,NA,NA,NA,NA,NA,NA,NA,NA,Y,4,0,1,2,A,-,03,22350,NA,N,C,C,A,A,H,-,A,D,0,NA,NA,NA,NA,Y,NA,A,01,0,0,1,0,0,0,0,0,0,-,-,34.01654052734375,-117.55069732666016,RIVERSIDE,EASTVALE,-117.54904174804688,34.02128601074219
90768316,2018,2018-07-13,9840,2018-06-29,2340,018849,NA,5,3,7,3313,0,1,1,NA,2,022,I-215 S/B,COLUMBIA AVE,10,S,N,A,-,Y,NA,NA,215,NA,NA,NA,NA,NA,S,Y,2,0,1,1,A,-,01,23152,A,N,E,I,A,A,H,-,D,D,0,NA,NA,NA,NA,Y,Y,D,22,1,0,0,0,0,0,0,0,0,-,-,34.00123977661133,-117.35228729248048,RIVERSIDE,RIVERSIDE,-117.35222625732422,34.001197814941406
90768812,2018,2018-07-13,9655,2018-07-08,1145,018383,NA,7,1,9,3300,0,3,5,NA,2,002,OAK GLEN RD,SCENIC CREST DR,1410,S,N,A,-,N,NA,NA,NA,NA,NA,NA,NA,NA,NA,Y,3,0,1,1,A,-,08,22107,NA,N,E,I,A,A,H,-,A,D,0,NA,NA,NA,NA,Y,NA,A,01,0,1,0,0,0,0,0,0,0,-,-,34.00168991088867,-116.96275329589844,RIVERSIDE,UNINCORPORATED,-116.96259307861328,34.001956939697266
90768900,2018,2018-07-13,9840,2018-06-28,1110,015789,NA,4,1,6,3345,0,1,3,NA,2,010,SR-60 E/B TO I-15 N/B,MILLIKEN AVE,2640,E,N,A,-,Y,NA,NA,NA,NA,NA,NA,NA,NA,NA,N,4,0,1,2,A,-,03,22350,NA,N,C,C,A,A,H,-,A,D,0,NA,NA,NA,NA,Y,NA,A,01,0,0,1,0,0,0,0,0,0,-,-,34.0270881652832,-117.54987335205078,RIVERSIDE,JURUPA VALLEY,-117.5500946044922,34.0218391418457
90769052,2018,2018-07-13,9685,2018-06-30,1724,016381,NA,6,2,9,3300,0,3,5,NA,2,003,MENIFEE RD,JADE ST,0,NA,Y,A,-,N,NA,NA,NA,NA,NA,NA,NA,NA,NA,Y,4,0,2,2,A,-,09,21801,A,N,D,C,A,A,H,-,A,D,0,NA,NA,NA,NA,Y,NA,A,08,0,0,2,0,0,0,0,0,0,-,-,33.63959884643555,-117.1540985107422,RIVERSIDE,UNINCORPORATED,-117.15396881103516,33.639610290527344
90769468,2018,2018-07-16,9840,2018-06-23,1755,019242,NA,6,2,9,3300,0,1,1,NA,2,034,I-15 N/B,TEMESCAL CANYON RD,500,N,N,A,-,Y,NA,NA,15,NA,NA,NA,NA,NA,N,N,4,0,1,2,A,-,03,22350,NA,F,C,C,A,A,H,-,A,D,0,NA,NA,NA,NA,Y,NA,A,01,0,0,1,0,0,0,0,0,0,-,-,33.785099029541016,-117.49230194091795,RIVERSIDE,UNINCORPORATED,-117.49233245849608,33.78507614135742
90769577,2018,2018-07-16,9655,2018-07-03,1050,015892,NA,2,1,9,3300,0,3,5,NA,2,003,PALM AVENUE,BRITEVIEW DRIVE,0,NA,Y,A,-,N,NA,NA,NA,NA,NA,NA,NA,NA,NA,N,3,0,1,2,A,-,09,21804,A,N,G,G,A,A,H,-,A,D,0,NA,Y,NA,NA,Y,NA,L,04,0,1,0,0,0,0,1,0,0,-,-,33.75151062011719,-116.88204193115234,RIVERSIDE,UNINCORPORATED,-116.882185,33.751509
90769903,2018,2018-07-16,9630,2018-07-06,1700,019228,NA,5,2,9,3300,0,1,1,NA,2,021,I-10 E/B,WASHINGTON ST,5808,W,N,B,-,Y,NA,NA,10,NA,NA,NA,NA,NA,E,Y,4,0,1,2,A,-,08,22107,NA,M,B,C,A,A,H,-,A,D,0,NA,NA,NA,NA,Y,NA,B,07,0,0,1,0,0,0,0,0,0,-,-,33.76538848876953,-116.31952667236328,RIVERSIDE,UNINCORPORATED,-116.31952667236328,33.76539993286133
90771046,2018,2018-07-17,9630,2018-07-14,1545,021921,NA,6,2,9,3300,0,1,3,NA,2,086,SR-86 S/B TO DILLON ROAD OFF RAMP,DILLON RD,20,N,N,A,-,Y,NA,NA,NA,NA,NA,NA,NA,NA,NA,N,4,0,1,2,A,-,21,22106,NA,N,C,C,A,A,H,-,A,A,0,NA,NA,NA,NA,Y,NA,A,07,0,0,1,0,0,0,0,0,0,-,-,33.70772171020508,-116.18211364746094,RIVERSIDE,UNINCORPORATED,NA,NA
90771413,2018,2018-07-18,9840,2018-07-14,0814,017802,NA,6,1,7,3313,0,1,1,NA,2,023,I-215 S/B,CENTRAL AVE.,2000,N,N,A,-,Y,NA,NA,215,NA,NA,NA,NA,NA,S,Y,3,0,1,4,A,-,03,22350,NA,F,C,C,A,A,H,-,A,D,0,NA,NA,NA,NA,Y,NA,A,01,0,1,0,0,0,0,0,0,0,-,-,33.96065139770508,-117.31627655029295,RIVERSIDE,RIVERSIDE,-117.31627655029295,33.96065139770508
90772504,2018,2018-07-19,9840,2018-07-18,1336,020058,NA,3,1,7,3313,0,1,1,NA,2,040,I-215 N/B,RAMONA EXPY,2500,N,N,A,-,Y,NA,NA,NA,NA,NA,NA,NA,NA,NA,Y,4,0,1,2,A,-,07,21658,A,N,C,C,A,A,H,-,A,D,0,NA,NA,NA,NA,Y,NA,A,01,0,0,1,0,0,0,0,0,0,-,-,33.8489990234375,-117.25366973876952,RIVERSIDE,RIVERSIDE,-117.25418090820313,33.85006332397461
90773417,2018,2018-07-20,9630,2018-07-16,1500,020445,NA,1,2,9,3300,0,1,1,NA,2,021,I-10 W/B,COOK STREET,7392,E,N,A,-,Y,NA,NA,10,NA,NA,NA,NA,NA,W,Y,4,0,2,2,A,-,03,22350,NA,N,C,C,A,A,H,-,A,D,0,NA,NA,NA,NA,Y,NA,A,01,0,0,2,0,0,0,0,0,0,-,-,33.77421951293945,-116.33461761474608,RIVERSIDE,UNINCORPORATED,-116.3345947265625,33.774261474609375
90773663,2018,2018-07-20,9630,2018-05-15,2235,021652,NA,2,3,9,3300,0,2,S,NA,2,401,DILLON ROAD,DESERT CREST AVENUE,0,NA,N,A,-,N,NA,NA,NA,NA,NA,NA,NA,NA,NA,Y,1,1,0,1,A,-,08,22107,NA,N,E,I,A,A,H,-,D,D,0,NA,NA,NA,NA,Y,NA,A,07,0,0,0,0,0,0,0,0,0,-,-,33.92538833618164,-116.4512176513672,RIVERSIDE,UNINCORPORATED,-116.45152282714844,33.9252815246582
90773862,2018,2018-07-23,9660,2018-07-14,1525,020863,NA,6,2,9,3300,0,3,5,NA,2,003,AGNES WILSON RD.,US-95,4224,E,N,A,-,N,NA,NA,NA,NA,NA,NA,NA,NA,NA,Y,3,0,1,1,A,-,01,23152,A,N,E,I,A,A,H,-,A,D,0,NA,NA,NA,NA,Y,Y,D,22,0,1,0,0,0,0,0,0,0,-,-,34.0430793762207,-114.46631622314452,RIVERSIDE,UNINCORPORATED,-114.46758270263672,34.04256057739258
90775038,2018,2018-07-24,9840,2018-07-11,1634,019242,NA,3,2,7,3313,0,1,3,NA,2,020,SR-91 W/B,LA SIERRA AVENUE,500,W,N,A,-,Y,NA,NA,91,NA,NA,NA,NA,NA,W,N,4,0,1,2,A,-,03,22350,NA,N,C,C,A,A,H,-,A,D,0,NA,NA,NA,NA,Y,NA,A,07,0,0,1,0,0,0,0,0,0,-,-,33.89799880981445,-117.47789764404295,RIVERSIDE,RIVERSIDE,-117.47788238525392,33.897953033447266
90775447,2018,2018-07-24,9840,2018-06-23,2054,021017,NA,6,2,4,3312,0,3,5,NA,2,004,MARKHAM ST,DAY ST,160,W,N,A,-,N,NA,NA,NA,NA,NA,NA,NA,NA,NA,Y,3,0,1,2,A,-,01,23152,A,N,A,C,A,A,H,-,E,D,0,NA,NA,NA,NA,Y,Y,A,01,0,1,0,0,0,0,0,0,0,-,-,33.851768493652344,-117.28054809570313,RIVERSIDE,PERRIS,-117.27939605712892,33.85184860229492
90775448,2018,2018-07-24,9630,2018-07-16,1345,020445,NA,1,1,9,3300,0,1,1,NA,2,021,I-10 W/B,MONTEREY AVENUE,4224,E,N,A,-,Y,NA,NA,10,NA,NA,NA,NA,NA,W,Y,3,0,4,2,A,-,03,22350,NA,N,C,C,A,A,H,-,A,D,0,NA,NA,NA,NA,Y,NA,D,22,0,4,0,0,0,0,0,0,0,-,-,33.798648834228516,-116.37580871582033,RIVERSIDE,UNINCORPORATED,-116.37577056884766,33.79871368408203
90776768,2018,2018-07-26,9840,2018-07-17,1250,017802,NA,2,1,6,3345,0,1,3,NA,2,010,SR-60 W/B,PYRITE ST.,500,E,N,A,-,Y,NA,NA,60,NA,NA,NA,NA,NA,W,Y,3,0,2,1,A,-,08,22107,NA,N,E,I,A,A,H,-,A,D,0,NA,NA,NA,NA,Y,NA,A,07,0,2,0,0,0,0,0,0,0,-,-,34.01639938354492,-117.4604721069336,RIVERSIDE,JURUPA VALLEY,-117.46051788330078,34.01607131958008
90780284,2018,2018-07-30,9840,2018-07-21,1830,020058,NA,6,2,6,3315,0,1,1,NA,2,034,I-15 S/B,CAJALCO RD,300,S,N,A,-,Y,NA,NA,15,NA,NA,NA,NA,NA,S,Y,4,0,3,4,A,-,03,22350,NA,N,C,C,A,A,D,-,A,D,0,NA,NA,NA,NA,Y,NA,D,22,0,0,3,0,0,0,0,0,0,-,-,33.82035827636719,-117.517578125,RIVERSIDE,CORONA,-117.51761627197266,33.820316314697266
9078038,2020,2020-09-23,3300,2020-03-16,1614,5524,9051,1,5,4,3307,0,0,0,NA,0,095,COLLIER AVE,HUNCO,0,NA,Y,A,-,Y,RIV,8,74,-,R,15.97,H,-,E,N,4,0,1,2,A,-,12,21453,A,N,D,C,A,A,H,-,A,A,0,NA,NA,NA,NA,Y,NA,A,01,0,0,1,0,0,0,0,0,0,-,-,NA,NA,RIVERSIDE,LAKE ELSINORE,-117.34236907958984,33.691993713378906
90780508,2018,2018-07-30,9685,2018-07-20,0600,015360,NA,5,1,9,3300,0,1,1,NA,2,030,I-15 NORTHBOUND,RIVERSIDE COUNTY LINE,50,N,N,A,-,Y,NA,NA,NA,NA,NA,NA,NA,NA,NA,Y,4,0,1,2,A,-,07,21658,A,N,B,C,A,A,H,-,B,D,0,NA,NA,NA,NA,Y,NA,A,01,0,0,1,0,0,0,0,0,0,-,-,33.77354049682617,-117.44522857666016,RIVERSIDE,UNINCORPORATED,NA,NA
90780569,2018,2018-07-30,9685,2018-07-20,1750,013925,NA,5,2,9,3300,0,1,1,NA,2,030,INTERSTATE 15 NORTHBOUND,TEMECULA PARKWAY,7920,S,N,A,-,Y,NA,NA,15,NA,NA,NA,NA,NA,N,Y,2,0,1,2,A,-,03,22350,NA,N,C,C,A,A,H,-,A,D,0,NA,NA,Y,NA,Y,NA,C,02,1,0,0,0,0,0,0,0,1,-,-,33.45621871948242,-117.13559722900392,RIVERSIDE,UNINCORPORATED,-117.13555145263672,33.45622634887695
90781142,2018,2018-07-31,9840,2018-07-19,2002,017504,NA,4,2,6,3345,0,1,3,NA,2,010,SR-60 W/B,RUBIDOUX BLVD,1500,E,N,B,-,Y,NA,NA,60,NA,NA,NA,NA,NA,W,Y,2,0,1,2,A,-,07,21658,A,N,B,C,A,A,H,-,B,D,0,NA,NA,Y,Y,Y,NA,C,02,1,0,0,0,0,0,0,0,1,-,-,34.00505828857422,-117.3952865600586,RIVERSIDE,JURUPA VALLEY,-117.39529418945313,34.005123138427734
90782233,2018,2018-08-01,9685,2018-07-21,0940,016936,NA,6,1,9,3300,0,1,3,NA,2,011,SR-74 (ORTEGA HIGHWAY),DECKER CANYON,3168,W,N,A,-,Y,NA,NA,74,NA,NA,NA,NA,NA,NA,Y,3,0,1,1,A,-,08,22107,NA,N,F,A,A,A,H,-,A,D,0,NA,NA,Y,NA,Y,NA,C,02,0,1,0,0,0,0,0,0,1,-,-,33.6263313293457,-117.4260482788086,RIVERSIDE,UNINCORPORATED,-117.42608642578124,33.62633514404297
90782451,2018,2018-08-01,9630,2018-07-25,0907,018451,NA,3,1,9,3300,0,1,1,NA,2,020,I-10 E/B TO MONTEREY AVE.,MONTEREY AVE.,15,W,N,A,-,Y,NA,NA,10,NA,NA,NA,R,NA,E,N,4,0,2,2,A,-,03,22350,NA,N,C,C,A,A,H,-,A,D,0,NA,NA,NA,NA,Y,NA,D,22,0,0,2,0,0,0,0,0,0,-,-,33.80585861206055,-116.3883819580078,RIVERSIDE,UNINCORPORATED,-116.3883819580078,33.80585861206055
90783110,2018,2018-08-02,9685,2018-07-26,1750,013925,NA,4,2,5,3335,0,1,1,NA,2,030,INTERSTATE 15 NORTHBOUND,RANCHO CALIFORNIA ROAD,890,N,N,A,-,Y,NA,NA,15,NA,NA,NA,NA,NA,N,Y,3,0,1,3,A,-,03,22350,NA,N,B,C,A,A,H,-,A,D,0,NA,NA,Y,NA,Y,NA,C,02,0,1,0,0,0,0,0,0,1,-,-,33.505210876464844,-117.15326690673828,RIVERSIDE,TEMECULA,-117.15321350097656,33.50523376464844
90783501,2018,2018-08-03,9840,2018-07-15,0227,021047,NA,7,3,7,3313,0,1,3,NA,2,021,SR-91 W/B,IVY ST.,0,NA,N,A,-,Y,NA,NA,91,NA,NA,NA,NA,NA,W,Y,4,0,1,3,A,-,13,22515,A,N,D,C,A,A,H,-,C,D,0,NA,NA,NA,NA,Y,NA,A,01,0,0,1,0,0,0,0,0,0,-,-,33.957618713378906,-117.37911224365234,RIVERSIDE,RIVERSIDE,-117.37908935546876,33.957603454589844
90783967,2018,2018-09-14,9685,2018-05-15,1542,013925,NA,2,2,9,3300,0,3,5,NA,2,003,RANCHO CALIFORNIA ROAD,AVENIDA DEL ORO,0,NA,Y,A,-,N,NA,NA,NA,NA,NA,NA,NA,NA,NA,Y,1,1,0,2,A,-,09,21802,A,N,D,C,A,A,H,-,A,A,0,NA,NA,Y,Y,Y,NA,F,27,0,0,0,0,0,0,0,1,0,-,-,33.49876022338867,-117.18321990966795,RIVERSIDE,UNINCORPORATED,-117.18315887451172,33.49869155883789
9078401,2020,2020-10-06,3315,2020-03-13,2101,002536,6E,5,5,6,3315,0,0,0,NA,0,002,MAIN ST,RT 91,0,NA,Y,A,-,Y,RIV,8,91,-,-,6.52,R,4,W,Y,4,0,1,2,A,-,12,21453,A,N,D,C,A,B,H,-,C,A,0,NA,NA,NA,NA,Y,NA,A,01,0,0,1,0,0,0,0,0,0,-,-,33.88058853149414,-117.56568908691406,RIVERSIDE,CORONA,-117.56300354003906,33.879852294921875
90784070,2018,2018-08-03,9655,2018-07-26,0715,018320,NA,4,1,9,3300,0,1,1,NA,2,206,I-10 W/B,HAUGEN-LEHMANN WAY,11616,W,N,A,-,Y,NA,NA,10,NA,NA,NA,NA,NA,W,Y,2,0,6,2,A,-,08,22107,NA,N,D,C,A,A,H,-,A,D,0,NA,NA,NA,NA,Y,NA,E,22,1,1,4,0,0,0,0,0,0,-,-,33.92319869995117,-116.7256088256836,RIVERSIDE,UNINCORPORATED,-116.72559356689452,33.92329406738281
90785667,2018,2018-08-07,9840,2018-08-05,0130,019890,NA,7,3,6,3345,0,1,1,NA,2,011,I-15 N/B,SR-60,1290,N,N,A,-,Y,NA,NA,NA,NA,NA,NA,NA,NA,NA,Y,4,0,2,2,A,-,01,23152,A,F,C,C,A,A,H,-,D,D,0,NA,NA,NA,NA,Y,Y,A,08,0,0,2,0,0,0,0,0,0,-,-,33.02696990966797,-117.55001068115234,RIVERSIDE,JURUPA VALLEY,-117.55007934570313,34.02516174316406
90787084,2018,2018-10-17,9630,2018-06-05,1855,019860,NA,2,2,9,3300,0,2,S,NA,2,402,DILLON RD,BENNETT RD,460,W,N,A,-,N,NA,NA,NA,NA,NA,NA,NA,NA,NA,Y,1,1,2,1,A,-,01,23152,F,N,E,I,A,A,H,-,A,D,0,NA,NA,NA,NA,Y,NA,A,07,0,1,1,0,0,0,0,0,0,-,-,33.92496871948242,-116.4252700805664,RIVERSIDE,UNINCORPORATED,-116.4246063232422,33.92496109008789