CASE_ID,ACCIDENT_YEAR,PROC_DATE,JURIS,COLLISION_DATE,COLLISION_TIME,OFFICER_ID,REPORTING_DISTRICT,DAY_OF_WEEK,CHP_SHIFT,POPULATION,CNTY_CITY_LOC,SPECIAL_COND,BEAT_TYPE,CHP_BEAT_TYPE,CITY_DIVISION_LAPD,CHP_BEAT_CLASS,BEAT_NUMBER,PRIMARY_RD,SECONDARY_RD,DISTANCE,DIRECTION,INTERSECTION,WEATHER_1,WEATHER_2,STATE_HWY_IND,CALTRANS_COUNTY,CALTRANS_DISTRICT,STATE_ROUTE,ROUTE_SUFFIX,POSTMILE_PREFIX,POSTMILE,LOCATION_TYPE,RAMP_INTERSECTION,SIDE_OF_HWY,TOW_AWAY,COLLISION_SEVERITY,NUMBER_KILLED,NUMBER_INJURED,PARTY_COUNT,PRIMARY_COLL_FACTOR,PCF_CODE_OF_VIOL,PCF_VIOL_CATEGORY,PCF_VIOLATION,PCF_VIOL_SUBSECTION,HIT_AND_RUN,TYPE_OF_COLLISION,MVIW,PED_ACTION,ROAD_SURFACE,ROAD_COND_1,ROAD_COND_2,LIGHTING,CONTROL_DEVICE,CHP_ROAD_TYPE,PEDESTRIAN_ACCIDENT,BICYCLE_ACCIDENT,MOTORCYCLE_ACCIDENT,TRUCK_ACCIDENT,NOT_PRIVATE_PROPERTY,ALCOHOL_INVOLVED,STWD_VEHTYPE_AT_FAULT,CHP_VEHTYPE_AT_FAULT,COUNT_SEVERE_INJ,COUNT_VISIBLE_INJ,COUNT_COMPLAINT_PAIN,COUNT_PED_KILLED,COUNT_PED_INJURED,COUNT_BICYCLIST_KILLED,COUNT_BICYCLIST_INJURED,COUNT_MC_KILLED,COUNT_MC_INJURED,PRIMARY_RAMP,SECONDARY_RAMP,LATITUDE,LONGITUDE,COUNTY,CITY,POINT_X,POINT_Y
90846932,2018,2018-10-26,9685,2018-10-18,1930,016113,NA,4,2,4,3342,0,1,1,NA,2,030,I-15 NORTHBOUND,MURRIETA HOT SPRINGS O/C,5280,S,N,A,-,Y,NA,NA,15,NA,NA,NA,NA,NA,N,N,3,0,1,2,A,-,03,22350,NA,N,C,C,A,A,H,-,B,D,0,NA,NA,NA,NA,Y,NA,A,01,0,1,0,0,0,0,0,0,0,-,-,33.54071044921875,-117.17479705810548,RIVERSIDE,MURRIETA,-117.1748275756836,33.54069137573242
90847902,2018,2018-10-29,9685,2018-09-19,2115,015360,NA,3,2,9,3300,0,3,5,NA,2,003,VIA VOLCANO,AVOCADO MESA RD.,175,S,N,A,-,N,NA,NA,NA,NA,NA,NA,NA,NA,NA,Y,2,0,1,1,A,-,03,22350,NA,N,E,I,A,A,H,-,D,D,0,NA,NA,NA,NA,Y,NA,A,01,1,0,0,0,0,0,0,0,0,-,-,33.6473503112793,-117.74664306640624,RIVERSIDE,UNINCORPORATED,-117.29326629638672,33.5035400390625
90850908,2018,2018-11-01,9655,2018-10-28,1200,015795,NA,7,1,9,3300,0,1,3,NA,2,315,SR-79 S/B,DOMENIGONI PARKWAY,20,N,N,B,-,Y,NA,NA,79,NA,NA,NA,NA,NA,S,N,4,0,2,2,A,-,03,22350,NA,N,C,C,A,A,H,-,A,D,0,NA,NA,NA,NA,Y,NA,A,01,0,0,2,0,0,0,0,0,0,-,-,33.69633865356445,-117.08492279052734,RIVERSIDE,UNINCORPORATED,-117.08486175537108,33.69633865356445
90852376,2018,2018-11-05,9655,2018-10-28,0140,019630,NA,7,3,9,3300,0,3,5,NA,2,003,SOBOBA ST,ACACIA AVE,0,NA,Y,A,-,N,NA,NA,NA,NA,NA,NA,NA,NA,NA,Y,4,0,1,2,A,-,01,23152,A,N,D,C,A,A,H,-,D,D,0,NA,NA,NA,NA,Y,Y,A,01,0,0,1,0,0,0,0,0,0,-,-,33.744178771972656,-116.91953277587892,RIVERSIDE,UNINCORPORATED,-116.91950988769533,33.744110107421875
90852674,2018,2018-11-05,9840,2018-10-27,0530,018221,NA,6,3,9,3300,0,3,5,NA,2,002,CENTER ST.,PACIFIC AVE.,80,S,N,A,-,N,NA,NA,NA,NA,NA,NA,NA,NA,NA,Y,3,0,1,4,A,-,08,22107,NA,N,C,E,A,A,H,-,C,D,0,NA,NA,NA,NA,Y,Y,A,01,0,1,0,0,0,0,0,0,0,-,-,34.01580047607422,-117.33677673339844,RIVERSIDE,UNINCORPORATED,-117.33690643310548,34.01573944091797
90853186,2018,2018-11-05,9840,2018-10-30,1817,019719,NA,2,2,7,3313,0,1,3,NA,2,021,SR-91 W/B,CENTRAL AVENUE,2445,E,N,A,-,Y,NA,NA,91,NA,NA,NA,NA,NA,W,N,4,0,2,3,A,-,03,22350,NA,N,C,C,A,A,H,-,C,D,0,NA,NA,NA,NA,Y,NA,A,01,0,0,2,0,0,0,0,0,0,-,-,33.9586296081543,-117.37851715087892,RIVERSIDE,RIVERSIDE,-117.37843322753906,33.95858383178711
90853290,2018,2018-11-05,9630,2018-10-25,1335,021513,NA,4,1,4,3309,1,4,S,NA,2,901,JOHN NOBLES AVE,RUBIDOUX ST,0,NA,Y,A,-,N,NA,NA,NA,NA,NA,NA,NA,NA,NA,N,3,0,2,1,C,-,18,NA,NA,N,H,A,A,A,D,-,A,D,0,NA,NA,NA,NA,Y,NA,-,-,0,1,1,0,0,0,0,0,0,-,-,33.71110153198242,-116.2289581298828,RIVERSIDE,INDIO,-116.228758,33.711134
90853836,2018,2018-11-06,9630,2018-11-04,0712,021513,NA,7,1,9,3300,0,2,S,NA,2,501,MONROE ST,54TH AVE,1056,S,N,A,-,N,NA,NA,NA,NA,NA,NA,NA,NA,NA,Y,4,0,1,1,A,-,08,22107,NA,N,E,I,A,A,H,-,A,D,0,NA,NA,NA,NA,Y,NA,A,01,0,0,1,0,0,0,0,0,0,-,-,33.653411865234375,-116.23381042480467,RIVERSIDE,UNINCORPORATED,-116.23387145996094,33.65372085571289
90854267,2018,2018-11-06,9840,2018-11-02,0702,015705,NA,5,1,7,3313,0,1,3,NA,2,021,SR-91 E/B,ARLINGTON AVE.,1200,W,N,A,-,Y,NA,NA,91,NA,NA,NA,NA,NA,E,Y,3,0,1,2,A,-,03,22350,NA,N,C,C,A,A,H,-,A,D,0,NA,NA,NA,NA,Y,NA,A,01,0,1,0,0,0,0,0,0,0,-,-,33.94306945800781,-117.39302825927734,RIVERSIDE,RIVERSIDE,-117.39305877685548,33.943111419677734
90856046,2018,2018-11-08,9685,2018-11-02,1635,013925,NA,5,2,9,3300,0,3,5,NA,2,003,MURRIETA HOT SPRINGS ROAD,SKY CANYON ROAD,200,W,N,A,-,N,NA,NA,NA,NA,NA,NA,NA,NA,NA,N,3,0,1,2,A,-,08,22107,NA,N,B,C,A,A,H,-,A,D,0,NA,NA,Y,NA,Y,NA,A,01,0,1,0,0,0,0,0,0,1,-,-,33.552459716796875,-117.13836669921876,RIVERSIDE,UNINCORPORATED,-117.13835144042967,33.552452087402344
90856349,2018,2018-11-08,9840,2018-10-25,0724,015789,NA,4,1,9,3300,0,1,1,NA,2,040,I-215 S/B,CAJALCO EXPY,2640,N,N,A,-,Y,NA,NA,215,NA,NA,NA,NA,NA,S,Y,4,0,1,1,A,-,08,22107,NA,N,E,J,A,A,H,-,A,D,0,NA,NA,NA,NA,Y,NA,A,08,0,0,1,0,0,0,0,0,0,-,-,33.847801208496094,-117.25370025634766,RIVERSIDE,UNINCORPORATED,-117.25345611572266,33.84793472290039
90858833,2018,2018-11-13,9685,2018-10-31,2315,14338,NA,3,3,9,3300,0,1,3,NA,1,012,SR-74,MAZIE STREET,482,W,N,A,-,Y,NA,NA,74,NA,NA,NA,NA,NA,NA,Y,2,0,1,2,A,-,03,22350,NA,N,C,C,A,A,H,-,D,D,0,NA,NA,Y,NA,Y,NA,A,01,1,0,0,0,0,0,0,0,1,-,-,33.7265510559082,-117.29225158691406,RIVERSIDE,UNINCORPORATED,-117.29220581054688,33.726531982421875
90859344,2018,2018-11-14,9840,2018-11-04,1400,021096,NA,7,2,9,3300,0,3,5,NA,2,004,COWIE AVE.,LOPEZ ST.,0,NA,Y,A,-,N,NA,NA,NA,NA,NA,NA,NA,NA,NA,N,4,0,1,2,A,-,05,21752,D,F,B,C,A,A,H,-,A,D,0,NA,NA,NA,NA,Y,NA,D,22,0,0,1,0,0,0,0,0,0,-,-,33.782958984375,-117.26991271972656,RIVERSIDE,UNINCORPORATED,-117.2698974609375,33.782859802246094
90859381,2018,2018-11-14,9840,2018-10-22,1130,013500,NA,1,1,7,3313,0,1,1,NA,2,023,I-215 N/B,E. LA CADENA DR.,850,N,N,A,-,Y,NA,NA,NA,NA,NA,NA,NA,NA,NA,N,4,0,1,2,A,-,08,22107,NA,N,B,C,A,A,H,-,A,D,0,NA,NA,NA,Y,Y,NA,-,-,0,0,1,0,0,0,0,0,0,-,-,33.99338150024414,-117.357177734375,RIVERSIDE,RIVERSIDE,-117.35568237304688,33.99277114868164
90859801,2018,2018-11-14,9655,2018-11-03,0315,019449,NA,6,3,2,3336,0,1,1,NA,2,202,I-10 E/B,SINGLETON RD,1800,E,N,A,-,Y,NA,NA,10,NA,NA,NA,NA,NA,E,Y,4,0,1,2,A,-,01,23152,A,N,E,I,A,A,D,-,D,A,0,NA,NA,NA,NA,Y,Y,D,22,0,0,1,0,0,0,0,0,0,-,-,33.97536849975586,-117.04676818847656,RIVERSIDE,CALIMESA,-117.04676818847656,33.975372314453125
90860332,2018,2018-11-15,9840,2018-10-24,0850,013500,NA,3,1,7,3313,0,1,3,NA,2,010,SR-60 W/B,MAIN ST.,750,W,N,A,-,Y,NA,NA,NA,NA,NA,NA,NA,NA,NA,Y,4,0,1,2,D,-,00,NA,NA,N,C,C,A,A,H,-,A,D,0,NA,NA,Y,NA,Y,NA,-,-,0,0,1,0,0,0,0,0,1,-,-,33.94778060913086,-117.36799621582033,RIVERSIDE,RIVERSIDE,-117.36697387695313,33.9974250793457
90860389,2018,2018-11-15,9630,2018-11-05,0731,021063,NA,1,1,9,3300,0,3,5,NA,2,001,DILLON RD,SANBORN ST,0,NA,Y,A,-,N,NA,NA,NA,NA,NA,NA,NA,NA,NA,N,4,0,1,2,A,-,05,21752,D,N,D,C,A,A,H,-,A,A,0,NA,NA,Y,NA,Y,NA,O,05,0,0,1,0,0,0,0,0,1,-,-,33.92485046386719,-116.5430908203125,RIVERSIDE,UNINCORPORATED,-116.54308319091795,33.92485046386719
90860456,2018,2018-11-15,9655,2018-11-08,1300,015795,NA,4,1,9,3300,0,3,5,NA,2,003,6TH STREET,'C' STREET,0,NA,Y,A,-,N,NA,NA,NA,NA,NA,NA,NA,NA,NA,Y,3,0,3,3,A,-,09,21802,A,N,D,C,A,A,H,-,A,A,0,NA,NA,NA,NA,Y,NA,A,01,0,1,2,0,0,0,0,0,0,-,-,33.748779296875,-116.89559173583984,RIVERSIDE,UNINCORPORATED,-116.89558,33.74885
90860705,2018,2018-11-15,9840,2018-11-10,1245,018248,NA,6,1,7,3313,0,1,3,NA,2,020,SR-91 W/B,VAN BUREN BLVD,50,W,N,A,-,Y,NA,NA,91,NA,NA,NA,NA,NA,W,Y,4,0,1,2,A,-,03,22350,NA,N,C,C,A,A,H,-,A,D,0,NA,NA,NA,NA,Y,NA,A,01,0,0,1,0,0,0,0,0,0,-,-,33.91450881958008,-117.44278717041016,RIVERSIDE,RIVERSIDE,-117.4427490234375,33.91443634033203
90861093,2018,2018-11-15,9840,2018-11-14,1628,020220,NA,3,2,9,3300,0,3,5,NA,2,004,ELLIS AVE,MENIFEE RD,100,W,N,A,-,N,NA,NA,NA,NA,NA,NA,NA,NA,NA,Y,4,0,1,1,A,-,03,22350,NA,N,E,I,A,A,H,-,B,D,0,NA,NA,NA,NA,Y,NA,A,01,0,0,1,0,0,0,0,0,0,-,-,33.772071838378906,-117.15682220458984,RIVERSIDE,UNINCORPORATED,-117.1567153930664,33.77212142944336
90861527,2018,2018-11-16,9840,2018-11-15,0825,014366,NA,4,1,9,3300,0,3,5,NA,2,003,TEMESCAL CANYON RD,TOM BARNES ST.,150,N,N,A,-,N,NA,NA,NA,NA,NA,NA,NA,NA,NA,Y,4,0,1,4,A,-,03,22350,NA,N,C,C,A,A,H,-,A,D,0,NA,NA,NA,NA,Y,NA,A,01,0,0,1,0,0,0,0,0,0,-,-,33.828678131103516,-117.51438903808594,RIVERSIDE,UNINCORPORATED,-117.51476287841795,33.828922271728516
90861994,2018,2018-11-16,9630,2018-11-07,1647,015339,NA,3,2,9,3300,0,1,3,NA,2,015,SR-62 (W/B),PAINTED HILLS RD.,0,NA,Y,A,-,Y,NA,NA,62,NA,NA,NA,NA,NA,NA,Y,3,0,3,2,A,-,01,23152,A,N,D,C,A,A,H,-,B,A,0,NA,NA,NA,NA,Y,Y,A,01,0,2,1,0,0,0,0,0,0,-,-,33.940948486328125,-116.59658050537108,RIVERSIDE,UNINCORPORATED,-116.59651947021484,33.94093322753906
90864439,2018,2018-11-20,9685,2018-10-26,1825,013925,NA,5,2,5,3335,0,1,1,NA,2,030,INTERSTATE 15 SOUTHBOUND,RANCHO CALIFORNIA ROAD,1000,S,N,A,-,Y,NA,NA,15,NA,NA,NA,NA,NA,S,Y,3,0,2,3,A,-,03,22350,NA,N,C,C,A,A,H,-,C,D,0,NA,NA,NA,NA,Y,NA,A,07,0,1,1,0,0,0,0,0,0,-,-,33.4951286315918,-117.14689636230467,RIVERSIDE,TEMECULA,-117.14698028564452,33.49505615234375
90865838,2018,2018-11-23,9840,2018-11-11,0404,019893,NA,7,3,6,3345,0,1,3,NA,2,010,SR-60 W/B FROM MISSION BOULEVARD,MISSION BOULEVARD,632,W,N,A,-,Y,NA,NA,60,NA,NA,NA,R,NA,W,Y,2,0,2,2,A,-,01,23152,A,N,E,I,A,A,H,-,C,D,0,NA,NA,NA,NA,Y,Y,A,08,1,0,1,0,0,0,0,0,0,-,-,34.0181999206543,-117.53262329101563,RIVERSIDE,JURUPA VALLEY,-117.53262329101563,34.0181999206543
90865872,2018,2018-11-23,9840,2018-11-14,1810,015705,NA,3,2,6,3315,0,1,3,NA,2,311,SR-91 E/B TO I-15 S/B,MAIN ST.,3168,E,N,A,-,Y,NA,NA,NA,NA,NA,NA,NA,NA,NA,Y,3,0,2,3,A,-,03,22350,NA,N,C,C,A,A,H,-,D,D,0,NA,NA,NA,NA,Y,NA,A,01,0,2,0,0,0,0,0,0,0,-,-,33.87807083129883,-117.54615783691406,RIVERSIDE,CORONA,-117.55552673339844,33.87912368774414
90866123,2018,2018-11-26,9840,2018-11-20,1634,019719,NA,2,2,6,3394,0,1,3,NA,2,025,SR-60 E/B,DAY STREET,2808,E,N,A,-,Y,NA,NA,60,NA,NA,NA,NA,NA,E,N,4,0,1,2,A,-,03,22350,NA,N,C,C,A,A,H,-,B,D,0,NA,NA,NA,NA,Y,NA,A,01,0,0,1,0,0,0,0,0,0,-,-,33.940948486328125,-117.26969146728516,RIVERSIDE,MORENO VALLEY,-117.26969909667967,33.940914154052734
90869840,2018,2018-11-29,9630,2018-11-17,2100,019860,NA,6,2,9,3300,0,1,1,NA,2,301,I-10 E/B,DILLON RD,36960,E,N,A,-,Y,NA,NA,10,NA,NA,NA,NA,NA,E,Y,3,0,1,2,A,-,03,22350,NA,N,C,C,A,A,H,-,D,D,0,NA,NA,NA,NA,Y,NA,B,07,0,1,0,0,0,0,0,0,0,-,-,33.70000076293945,-116.07511901855467,RIVERSIDE,UNINCORPORATED,-116.07512664794922,33.69991683959961
90870250,2018,2018-11-29,9685,2018-11-17,1340,015906,NA,6,1,5,3335,0,1,1,NA,2,030,I-15 SOUTHBOUND,RANCHO CALIFORNIA ROAD O/C,4224,N,N,A,-,Y,NA,NA,15,NA,NA,NA,NA,NA,S,Y,4,0,1,3,A,-,03,22350,NA,N,C,C,A,A,H,-,A,D,0,NA,NA,NA,NA,Y,NA,A,07,0,0,1,0,0,0,0,0,0,-,-,33.51192092895508,-117.15663909912108,RIVERSIDE,TEMECULA,-117.15666961669922,33.51190948486328
9087084,2019,2020-05-12,3342,2019-12-31,1759,963,193,2,5,4,3342,0,0,0,NA,0,001,JEFFERSON AV,LOS ALAMOS RD,0,NA,Y,A,-,N,NA,NA,NA,NA,NA,NA,NA,NA,NA,N,4,0,2,2,A,-,00,10750,A,N,D,C,A,A,H,-,C,A,0,NA,NA,NA,NA,Y,NA,A,01,0,0,2,0,0,0,0,0,0,-,-,33.555999755859375,-117.20469665527344,RIVERSIDE,MURRIETA,-117.20478057861328,33.55595016479492
90874589,2018,2018-12-04,9685,2018-10-22,0500,017399,NA,1,3,9,3300,0,1,3,NA,1,012,SR-74 E/B (ORTEGA HWY),ETHANAC ROAD,100,W,N,A,-,Y,NA,NA,NA,NA,NA,NA,NA,NA,NA,Y,2,0,2,4,A,-,03,22350,NA,N,B,C,A,A,H,-,D,D,0,NA,NA,NA,Y,Y,NA,A,01,1,1,0,0,0,0,0,0,0,-,-,33.739959716796875,-117.28167724609376,RIVERSIDE,UNINCORPORATED,-117.28195190429688,33.74188995361328
90878796,2018,2018-12-10,9660,2018-11-29,1925,020863,NA,4,2,9,3300,0,1,1,NA,2,031,INTERSTATE 10 EASTBOUND,MESA DR,1248,W,N,A,-,Y,NA,NA,10,NA,NA,NA,NA,NA,E,Y,3,0,1,1,A,-,03,22350,NA,N,E,I,A,A,H,-,D,D,0,NA,NA,NA,NA,Y,NA,A,01,0,1,0,0,0,0,0,0,0,-,-,33.608909606933594,-114.73139190673828,RIVERSIDE,UNINCORPORATED,-114.73139190673828,33.60911560058594
90880645,2018,2018-12-11,9685,2018-11-30,2035,016381,NA,5,2,9,3300,0,1,1,NA,2,030,I-15 SOUTHBOUND,TEMECULA PARKWAY,400,N,N,B,-,Y,NA,NA,NA,NA,NA,NA,NA,NA,NA,Y,4,0,1,2,A,-,03,22350,NA,N,C,C,A,A,H,-,D,D,0,NA,NA,NA,NA,Y,NA,A,01,0,0,1,0,0,0,0,0,0,-,-,33.48860168457031,-117.14440155029295,RIVERSIDE,UNINCORPORATED,NA,NA
90882683,2018,2018-12-13,9840,2018-12-06,0720,012208,NA,4,1,7,3313,0,1,3,NA,2,021,SR-91 E/B {RIVERSIDE FREEWAY},CENTRAL AVENUE,829,E,N,B,C,Y,NA,NA,91,NA,NA,NA,NA,NA,E,N,4,0,1,3,A,-,03,22350,NA,N,C,C,A,B,H,-,A,D,0,NA,NA,NA,NA,Y,NA,A,01,0,0,1,0,0,0,0,0,0,-,-,33.95532989501953,-117.38153839111328,RIVERSIDE,RIVERSIDE,-117.38156127929688,33.95536422729492
90882705,2018,2018-12-13,9655,2018-12-13,0803,017263,NA,4,1,9,3300,0,1,3,NA,2,212,JACK RABBIT TRL,SR-60 E/B,1056,S,N,A,-,Y,NA,NA,NA,NA,NA,NA,NA,NA,NA,Y,3,0,1,1,A,-,03,22350,NA,N,E,I,A,A,H,-,A,A,0,NA,NA,NA,NA,Y,NA,A,01,0,1,0,0,0,0,0,0,0,-,-,33.933719635009766,-117.03369140625,RIVERSIDE,UNINCORPORATED,NA,NA
90884003,2018,2018-12-17,9685,2018-12-12,1505,013925,NA,3,2,5,3335,0,1,1,NA,2,030,INTERSTATE 15 SOUTHBOUND,OVERLAND AVENUE,1000,S,N,A,-,Y,NA,NA,15,NA,NA,NA,NA,NA,S,Y,4,0,1,4,A,-,03,22350,NA,N,C,C,A,A,H,-,A,D,0,NA,NA,NA,NA,Y,NA,D,22,0,0,1,0,0,0,0,0,0,-,-,33.5123291015625,-117.15682983398438,RIVERSIDE,TEMECULA,-117.15685272216795,33.51232147216797
9088482,2019,2020-09-14,3308,2019-12-15,2017,10620,515,7,5,5,3308,0,0,0,NA,0,NORTH,FLORIDA AV,LYON AV,150,W,N,A,-,Y,RIV,8,74,-,-,39.45,H,-,W,N,3,0,1,2,A,-,11,21954,A,N,G,B,D,A,H,-,C,D,0,Y,NA,NA,NA,Y,NA,N,60,0,1,0,0,1,0,0,0,0,-,-,33.74753952026367,-116.98918151855467,RIVERSIDE,HEMET,-116.9904556274414,33.747501373291016
90885735,2018,2018-12-19,9655,2018-12-07,0455,021008,NA,5,3,9,3300,0,1,3,NA,2,213,STATE ROUTE 79 SOUTHBOUND,CALIFORNIA AVENUE,4224,S,N,B,-,Y,NA,NA,79,NA,NA,NA,NA,NA,S,Y,3,0,1,1,A,-,08,22107,NA,N,E,I,A,B,H,-,D,D,0,NA,NA,NA,NA,Y,NA,D,22,0,1,0,0,0,0,0,0,0,-,-,33.90031051635742,-116.98622131347656,RIVERSIDE,UNINCORPORATED,-116.98611450195313,33.90023422241211
90886734,2018,2018-12-20,9840,2018-12-11,0635,015705,NA,2,1,6,3394,0,1,1,NA,2,024,I-215 N/B,EASTRIDGE AVE,1553,S,N,A,-,Y,NA,NA,215,NA,NA,NA,NA,NA,N,Y,3,0,1,3,A,-,03,22350,NA,N,C,C,A,A,H,-,B,D,0,NA,NA,NA,NA,Y,NA,A,01,0,1,0,0,0,0,0,0,0,-,-,33.92641830444336,-117.28865051269533,RIVERSIDE,MORENO VALLEY,-117.28855895996094,33.926422119140625
9088702,2020,2020-06-30,3309,2020-03-04,1808,2003,3309,3,5,4,3309,0,0,0,NA,0,001,REQUA AV,JACKSON ST,19,E,N,A,-,N,NA,NA,NA,NA,NA,NA,NA,NA,NA,N,4,0,2,3,A,-,09,21801,A,N,A,C,A,A,H,-,C,A,0,NA,NA,NA,NA,Y,NA,A,01,0,0,2,0,0,0,0,0,0,-,-,NA,NA,RIVERSIDE,INDIO,-116.21617889404295,33.71744918823242
9088781,2020,2020-06-18,3308,2020-03-15,1307,10702,534,7,5,5,3308,0,0,0,NA,0,SOUTH,WENTWORTH DR,SANDERSON AV,31,W,N,B,-,N,NA,NA,NA,NA,NA,NA,NA,NA,NA,Y,4,0,1,2,A,-,04,21703,NA,N,C,C,A,A,H,-,A,A,0,NA,NA,NA,NA,Y,NA,A,07,0,0,1,0,0,0,0,0,0,-,-,33.735721588134766,-117.00655364990234,RIVERSIDE,HEMET,-117.0067901611328,33.73579406738281
90888199,2018,2018-12-21,9685,2018-12-19,1615,016096,NA,3,2,9,3300,0,3,5,NA,2,001,SOUTH MAIN DIVIDE,HACIENDA ROAD,1320,N,N,A,-,N,NA,NA,NA,NA,NA,NA,NA,NA,NA,Y,3,0,2,2,A,-,05,21460,A,N,A,C,A,A,H,-,A,D,0,NA,NA,NA,NA,Y,NA,A,01,0,2,0,0,0,0,0,0,0,-,-,33.61817932128906,-117.35765075683594,RIVERSIDE,UNINCORPORATED,-117.3584213256836,33.61991882324219
90888906,2018,2018-12-24,9685,2018-12-18,1830,017169,NA,2,2,5,3335,0,1,1,NA,2,030,I-15 N/B,WINCHESTER ROAD,2112,N,N,A,-,Y,NA,NA,15,NA,NA,NA,NA,NA,N,Y,4,0,1,2,A,-,03,22350,NA,N,C,C,A,A,H,-,C,D,0,NA,NA,NA,NA,Y,NA,D,22,0,0,1,0,0,0,0,0,0,-,-,33.52690887451172,-117.16554260253906,RIVERSIDE,TEMECULA,-117.16563415527344,33.52684783935547
90888970,2018,2018-12-24,9840,2018-11-27,1735,021198,NA,2,2,9,3300,0,3,5,NA,2,003,TEMESCAL CANYON RD,CAMPBELL RANCH RD,715,N,N,A,-,N,NA,NA,NA,NA,NA,NA,NA,NA,NA,N,4,0,1,2,A,-,11,21956,A,N,G,B,E,A,H,-,D,D,0,Y,NA,NA,NA,Y,NA,N,60,0,0,1,0,1,0,0,0,0,-,-,33.760948181152344,-117.4760971069336,RIVERSIDE,UNINCORPORATED,-117.4724578857422,33.76203918457031
90890805,2018,2018-12-27,9840,2018-12-15,0730,019219,NA,6,1,7,3313,0,1,1,NA,2,023,I-215 SOUTHBOUND,MARTIN LUTHER KING BOULEVARD,528,S,N,A,-,Y,NA,NA,215,NA,NA,NA,NA,NA,S,Y,4,0,1,2,A,-,03,22350,NA,N,C,C,A,A,H,-,A,D,0,NA,NA,NA,NA,Y,NA,D,22,0,0,1,0,0,0,0,0,0,-,-,33.96697998046875,-117.32756805419922,RIVERSIDE,RIVERSIDE,-117.32752990722656,33.96699905395508
90894211,2018,2018-12-31,9655,2018-12-22,1220,018383,NA,6,1,2,3336,0,1,1,NA,2,202,I-10 W/B,CHERRY VALLEY BLVD,650,E,N,A,-,Y,NA,NA,10,NA,NA,NA,NA,NA,W,Y,3,0,2,2,A,-,03,22350,NA,N,C,C,A,A,H,-,A,D,0,NA,NA,NA,NA,Y,NA,A,01,0,1,1,0,0,0,0,0,0,-,-,33.96725082397461,-117.0339126586914,RIVERSIDE,CALIMESA,-117.03385925292967,33.96735382080078
90897274,2018,2019-01-03,9655,2018-12-30,1230,018383,NA,7,1,9,3300,0,3,5,NA,2,003,SAN JACINTO ST,OLIVE TREE LN,150,S,N,A,-,N,NA,NA,NA,NA,NA,NA,NA,NA,NA,N,4,0,2,2,A,-,09,21804,A,N,D,C,A,A,H,-,A,D,0,NA,NA,NA,NA,Y,NA,A,01,0,0,2,0,0,0,0,0,0,-,-,33.73765182495117,-116.9585189819336,RIVERSIDE,UNINCORPORATED,-116.95858001708984,33.7376594543457
90899256,2019,2019-01-07,9840,2019-01-05,1150,017802,NA,6,1,6,3345,0,1,3,NA,2,010,SR-60 E/B,PEDLEY RD.,2200,W,N,A,-,Y,NA,NA,60,NA,NA,NA,NA,NA,E,Y,4,0,1,2,A,-,03,22350,NA,N,C,C,A,A,H,-,A,D,0,NA,NA,NA,NA,Y,NA,D,22,0,0,1,0,0,0,0,0,0,-,-,34.019500732421875,-117.48784637451172,RIVERSIDE,JURUPA VALLEY,-117.48784637451172,34.01932907104492
90899548,2018,2019-01-08,9840,2018-12-31,1558,021096,NA,1,2,7,3313,0,1,3,NA,2,020,SR-91 E/B,BUCHANAN ST.,100,E,N,A,-,Y,NA,NA,91,NA,NA,NA,NA,NA,E,Y,4,0,1,5,A,-,03,22350,NA,N,C,C,A,A,H,-,A,D,0,NA,NA,NA,NA,Y,NA,A,01,0,0,1,0,0,0,0,0,0,-,-,33.894248962402344,-117.50086975097656,RIVERSIDE,RIVERSIDE,-117.50087738037108,33.89426803588867
90899663,2018,2019-01-08,9840,2018-12-28,1745,021198,NA,5,2,7,3313,0,1,3,NA,2,201,SR-91 W/B,LA SIERRA AVE,1390,E,N,A,-,Y,NA,NA,91,NA,NA,NA,NA,NA,W,Y,4,0,2,4,A,-,03,22350,NA,N,C,C,A,A,H,-,D,D,0,NA,NA,NA,NA,Y,NA,D,22,0,0,2,0,0,0,0,0,0,-,-,33.90121841430664,-117.46881866455078,RIVERSIDE,RIVERSIDE,-117.46882629394533,33.90126037597656
90900690,2018,2019-01-09,9685,2018-12-29,1615,016502,NA,6,2,5,3335,0,1,1,NA,2,030,I-15 N/B FROM W/B WINCHESTER RD.,WINCHESTER RD.,800,N,N,A,-,Y,NA,NA,15,NA,NA,NA,R,NA,N,Y,4,0,1,2,A,-,03,22350,NA,N,C,C,A,A,H,-,A,D,0,NA,NA,NA,NA,Y,NA,A,01,0,0,1,0,0,0,0,0,0,-,-,33.52470016479492,-117.16380310058594,RIVERSIDE,TEMECULA,-117.16380310058594,33.52470016479492