CASE_ID,ACCIDENT_YEAR,PROC_DATE,JURIS,COLLISION_DATE,COLLISION_TIME,OFFICER_ID,REPORTING_DISTRICT,DAY_OF_WEEK,CHP_SHIFT,POPULATION,CNTY_CITY_LOC,SPECIAL_COND,BEAT_TYPE,CHP_BEAT_TYPE,CITY_DIVISION_LAPD,CHP_BEAT_CLASS,BEAT_NUMBER,PRIMARY_RD,SECONDARY_RD,DISTANCE,DIRECTION,INTERSECTION,WEATHER_1,WEATHER_2,STATE_HWY_IND,CALTRANS_COUNTY,CALTRANS_DISTRICT,STATE_ROUTE,ROUTE_SUFFIX,POSTMILE_PREFIX,POSTMILE,LOCATION_TYPE,RAMP_INTERSECTION,SIDE_OF_HWY,TOW_AWAY,COLLISION_SEVERITY,NUMBER_KILLED,NUMBER_INJURED,PARTY_COUNT,PRIMARY_COLL_FACTOR,PCF_CODE_OF_VIOL,PCF_VIOL_CATEGORY,PCF_VIOLATION,PCF_VIOL_SUBSECTION,HIT_AND_RUN,TYPE_OF_COLLISION,MVIW,PED_ACTION,ROAD_SURFACE,ROAD_COND_1,ROAD_COND_2,LIGHTING,CONTROL_DEVICE,CHP_ROAD_TYPE,PEDESTRIAN_ACCIDENT,BICYCLE_ACCIDENT,MOTORCYCLE_ACCIDENT,TRUCK_ACCIDENT,NOT_PRIVATE_PROPERTY,ALCOHOL_INVOLVED,STWD_VEHTYPE_AT_FAULT,CHP_VEHTYPE_AT_FAULT,COUNT_SEVERE_INJ,COUNT_VISIBLE_INJ,COUNT_COMPLAINT_PAIN,COUNT_PED_KILLED,COUNT_PED_INJURED,COUNT_BICYCLIST_KILLED,COUNT_BICYCLIST_INJURED,COUNT_MC_KILLED,COUNT_MC_INJURED,PRIMARY_RAMP,SECONDARY_RAMP,LATITUDE,LONGITUDE,COUNTY,CITY,POINT_X,POINT_Y
91139261,2019,2019-12-10,9840,2019-12-02,1811,020535,NA,1,2,7,3313,0,1,1,NA,2,023,I-215 S/B,MARTIN LUTHER KING BLVD,1500,S,N,A,-,Y,NA,NA,215,NA,NA,NA,NA,NA,S,Y,4,0,1,3,A,-,03,22350,NA,N,C,C,A,A,H,-,C,D,0,NA,NA,NA,NA,Y,NA,A,01,0,0,1,0,0,0,0,0,0,-,-,33.96453094482422,-117.32602691650392,RIVERSIDE,RIVERSIDE,-117.32601165771484,33.96455001831055
91140026,2019,2019-12-10,9840,2019-12-03,1305,021950,NA,2,1,6,3394,0,1,3,NA,2,025,STATE ROUTE 60 W/B,HEACOCK ST,50,W,N,B,-,Y,NA,NA,60,NA,NA,NA,NA,NA,W,N,4,0,1,2,A,-,03,22350,NA,N,C,C,A,A,H,-,A,D,0,NA,NA,NA,NA,Y,NA,A,01,0,0,1,0,0,0,0,0,0,-,-,33.9410514831543,-117.2419204711914,RIVERSIDE,MORENO VALLEY,-117.2419204711914,33.94118881225586
91140345,2019,2019-12-10,9655,2019-11-29,1740,019630,NA,5,2,9,3300,0,1,3,NA,1,314,SR-74,SOBOBA ST,0,NA,Y,B,-,Y,NA,NA,74,NA,NA,NA,NA,NA,NA,Y,4,0,3,2,A,-,12,21453,A,N,A,C,A,B,H,-,C,A,0,NA,NA,NA,NA,Y,NA,D,22,0,0,3,0,0,0,0,0,0,-,-,33.74768829345703,-116.91951751708984,RIVERSIDE,UNINCORPORATED,-116.91951751708984,33.747764587402344
91140717,2019,2020-01-02,9840,2019-12-03,0615,021943,NA,2,1,7,3313,0,1,1,NA,2,022,INTERSTATE 215 S/B,COLUMBIA AVE,550,N,N,B,-,Y,NA,NA,215,NA,NA,NA,NA,NA,S,Y,3,0,2,2,A,-,07,21658,A,N,C,C,A,A,H,-,B,D,0,NA,NA,NA,NA,Y,NA,A,01,0,1,1,0,0,0,0,0,0,-,-,34.005760192871094,-117.3488311767578,RIVERSIDE,RIVERSIDE,-117.34906005859376,34.00591278076172
91141730,2019,2019-12-12,9840,2019-12-05,1730,016619,NA,4,2,6,3345,0,1,3,NA,2,010,SR-60 W/B FROM RUBIDOUX BLVD,RUBIDOUX BLVD,5,W,N,A,-,Y,NA,NA,NA,NA,NA,NA,NA,NA,NA,N,3,0,1,2,A,-,10,21950,A,N,G,B,C,A,H,-,D,D,0,Y,NA,NA,NA,Y,NA,D,22,0,1,0,0,1,0,0,0,0,-,-,34.019500732421875,-117.2405014038086,RIVERSIDE,JURUPA VALLEY,-117.40033721923828,34.0046501159668
91143225,2019,2019-12-13,9655,2019-12-05,2145,019630,NA,4,2,4,3301,0,1,1,NA,2,204,I-10 E/B,SUNSET AVE,1340,E,N,A,-,Y,NA,NA,10,NA,NA,NA,NA,NA,E,Y,4,0,2,1,A,-,08,22107,NA,N,E,I,A,A,H,-,C,D,0,NA,NA,NA,NA,Y,NA,A,01,0,0,2,0,0,0,0,0,0,-,-,33.923770904541016,-116.90216827392578,RIVERSIDE,BANNING,-116.90217590332033,33.924224853515625
91145551,2019,2019-12-17,9840,2019-10-31,0049,018072,NA,4,3,4,3310,0,1,1,NA,2,011,I-15 SOUTHBOUND,2ND STREET,1063,N,N,G,-,Y,NA,NA,15,NA,NA,NA,NA,NA,S,Y,1,1,1,2,A,-,11,21954,A,N,G,B,E,A,D,-,D,D,0,Y,NA,NA,NA,Y,NA,N,60,0,0,1,1,0,0,0,0,0,-,-,33.91257858276367,-117.5581283569336,RIVERSIDE,NORCO,-117.5581512451172,33.9125862121582
91147216,2019,2019-12-19,9685,2019-12-11,0515,015757,NA,3,3,3,3343,0,1,1,NA,2,030,I-15 S/B (TEMECULA VALLEY FWY),CLINTON KEITH RD,3960,S,N,A,-,Y,NA,NA,15,NA,NA,NA,NA,NA,S,Y,4,0,1,2,A,-,07,21658,A,F,C,C,A,A,H,-,D,D,0,NA,NA,NA,NA,Y,NA,A,01,0,0,1,0,0,0,0,0,0,-,-,33.58736038208008,-117.23613739013672,RIVERSIDE,WILDOMAR,-117.23609924316406,33.58741760253906
91149643,2019,2020-03-23,9840,2019-12-09,1625,020058,NA,1,2,9,3300,0,3,5,NA,2,003,26841 COLT DR.,LONE STALLION LN,59,E,N,A,-,N,NA,NA,NA,NA,NA,NA,NA,NA,NA,Y,2,0,1,2,A,-,01,23152,A,M,A,E,A,A,H,-,B,D,0,NA,NA,NA,NA,Y,Y,D,22,1,0,0,0,0,0,0,0,0,-,-,33.730010986328125,-117.4316177368164,RIVERSIDE,UNINCORPORATED,-117.43144989013672,33.72990798950195
91149719,2019,2019-12-23,9630,2019-12-15,1738,021416,NA,7,2,9,3300,0,3,5,NA,2,001,DILLON RD,BUBBLING WELLS RD,0,NA,Y,A,-,N,NA,NA,NA,NA,NA,NA,NA,NA,NA,Y,4,0,2,2,A,-,12,22450,A,N,D,C,A,A,H,-,C,A,0,NA,NA,NA,NA,Y,NA,A,08,0,0,2,0,0,0,0,0,0,-,-,33.925010681152344,-116.48441314697266,RIVERSIDE,UNINCORPORATED,-116.48445129394533,33.92496871948242
91150323,2019,2019-12-23,9840,2019-11-28,0309,019893,NA,4,3,7,3313,0,1,3,NA,2,020,SR-91 E/B,LA SIERRA AVE,2447,E,N,B,C,Y,NA,NA,91,NA,NA,NA,NA,NA,E,Y,4,0,1,2,A,-,08,22107,NA,F,B,C,A,B,H,-,D,D,0,NA,NA,NA,NA,Y,NA,A,07,0,0,1,0,0,0,0,0,0,-,-,33.90205001831055,-117.46527862548828,RIVERSIDE,RIVERSIDE,-117.46531677246094,33.902164459228516
91151763,2019,2019-12-24,9840,2019-12-18,0730,012208,NA,3,1,9,3300,0,2,4,NA,2,042,VAN BUREN BOULEVARD,GARDNER AVENUE,512,E,N,B,-,N,NA,NA,NA,NA,NA,NA,NA,NA,NA,Y,4,0,1,2,A,-,03,22350,NA,N,C,C,A,A,H,-,A,D,0,NA,NA,NA,NA,Y,NA,D,22,0,0,1,0,0,0,0,0,0,-,-,33.88246154785156,-117.36004638671876,RIVERSIDE,UNINCORPORATED,-117.360107421875,33.882442474365234
91152067,2019,2019-12-24,9685,2019-12-22,1250,015757,NA,7,1,4,3342,0,1,1,NA,2,034,I-215 S/B (ESCONDIDO FWY),CLINTON KEITH RD,2640,N,N,B,-,Y,NA,NA,215,NA,NA,NA,NA,NA,S,Y,4,0,1,1,A,-,08,22107,NA,N,E,I,A,A,H,-,A,D,0,NA,NA,NA,NA,Y,NA,A,01,0,0,1,0,0,0,0,0,0,-,-,33.60572052001953,-117.17173004150392,RIVERSIDE,MURRIETA,-117.17161560058594,33.605712890625
91152708,2019,2019-12-26,9840,2019-12-14,0050,021037,NA,6,3,9,3300,0,1,1,NA,2,040,I-215 N/B,RAMONA EXPY,1895,N,N,E,-,Y,NA,NA,215,NA,NA,NA,NA,NA,N,Y,3,0,1,1,A,-,01,23152,A,N,E,I,A,A,H,-,D,D,0,NA,NA,NA,NA,Y,Y,A,01,0,1,0,0,0,0,0,0,0,-,-,33.84865188598633,-117.25370025634766,RIVERSIDE,UNINCORPORATED,-117.25356292724608,33.84870910644531
91153700,2019,2019-12-27,9840,2019-12-19,1638,019719,NA,4,2,6,3345,0,1,3,NA,2,010,SR-60 W/B,RUBIDOUX BLVD,472,E,N,B,-,Y,NA,NA,60,NA,NA,NA,NA,NA,W,Y,4,0,2,4,A,-,07,21658,A,N,C,C,A,A,H,-,A,D,0,NA,NA,NA,Y,Y,NA,A,01,0,0,2,0,0,0,0,0,0,-,-,34.0047492980957,-117.39862060546876,RIVERSIDE,JURUPA VALLEY,-117.39862823486328,34.00484085083008
91155833,2019,2019-12-30,9840,2019-12-21,1050,016356,NA,6,1,6,3315,0,1,1,NA,2,034,I-15 S/B,ONTARIO AVE,1500,N,N,B,-,Y,NA,NA,15,NA,NA,NA,NA,NA,S,N,4,0,1,2,A,-,03,22350,NA,N,C,C,A,A,H,-,A,D,0,NA,NA,NA,NA,Y,NA,A,01,0,0,1,0,0,0,0,0,0,-,-,33.849388122558594,-117.53440856933594,RIVERSIDE,CORONA,-117.53458404541016,33.8493766784668
91157574,2020,2020-01-02,9840,2020-01-01,0540,014916,NA,3,3,6,3394,0,1,3,NA,2,025,SR-60 E/B,PERRIS BLVD,265,W,N,A,-,Y,NA,NA,60,NA,NA,NA,NA,NA,E,Y,4,0,1,1,A,-,01,23152,A,N,E,I,A,A,H,-,C,D,0,NA,NA,NA,NA,Y,Y,A,01,0,0,1,0,0,0,0,0,0,-,-,33.93962860107422,-117.2274932861328,RIVERSIDE,MORENO VALLEY,-117.22744750976563,33.93982696533203
91157895,2019,2020-01-02,9655,2019-12-20,1630,020963,NA,5,2,9,3300,0,1,3,NA,2,311,GILMAN SPRINGS ROAD,STATE ROUTE 79 N/B,0,NA,Y,A,-,Y,NA,NA,NA,NA,NA,NA,NA,NA,NA,Y,4,0,2,2,A,-,09,21453,C,N,D,C,A,A,H,-,A,A,0,NA,NA,NA,NA,Y,NA,A,01,0,0,2,0,0,0,0,0,0,-,-,33.8456916809082,-117.00270080566406,RIVERSIDE,UNINCORPORATED,NA,NA
91158431,2019,2020-01-03,9655,2019-12-20,1615,019440,NA,5,2,9,3300,0,1,3,NA,2,213,SR-79 S/B,COUNTY LANDFILL RD,2640,S,N,A,-,N,NA,NA,79,NA,NA,NA,NA,NA,S,Y,4,0,1,2,A,-,17,23114,A,N,E,J,A,A,H,-,A,D,0,NA,NA,NA,NA,Y,NA,D,22,0,0,1,0,0,0,0,0,0,-,-,33.876548767089844,-116.99179077148438,RIVERSIDE,UNINCORPORATED,-116.9917449951172,33.87654113769531
91158887,2019,2020-01-03,9840,2019-12-31,0845,016356,NA,2,1,6,3315,0,1,3,NA,2,031,SR-91 W/B,MCKINLEY ST,1500,W,N,A,-,Y,NA,NA,91,NA,NA,NA,NA,NA,W,Y,3,0,1,1,A,-,03,22350,NA,N,F,A,A,A,H,-,A,D,0,NA,NA,Y,NA,Y,NA,C,02,0,1,0,0,0,0,0,0,1,-,-,33.88452911376953,-117.52256774902344,RIVERSIDE,CORONA,-117.52259063720705,33.884613037109375
91159857,2019,2020-01-06,9685,2019-12-23,0735,015906,NA,1,1,9,3300,0,1,1,NA,2,030,I-15 NORTHBOUND,RIVESIDE/SAN DIEGO COUNTY LINE,5808,N,N,B,C,Y,NA,NA,15,NA,NA,NA,NA,NA,N,Y,4,0,1,1,A,-,03,22350,NA,N,E,I,A,B,H,-,A,D,0,NA,NA,NA,NA,Y,NA,A,01,0,0,1,0,0,0,0,0,0,-,-,33.44850158691406,-117.13577270507813,RIVERSIDE,UNINCORPORATED,-117.1355209350586,33.44842529296875
91159886,2019,2020-01-06,9840,2019-12-21,0350,013950,NA,6,3,7,3313,0,1,3,NA,2,020,SR-91 E/B,TYLER STREET,1341,E,N,A,-,Y,NA,NA,91,NA,NA,NA,NA,NA,E,Y,3,0,1,2,A,-,07,21658,A,N,C,C,A,A,H,-,C,D,0,NA,NA,NA,NA,Y,NA,A,07,0,1,0,0,0,0,0,0,0,-,-,33.90842819213867,-117.45301818847656,RIVERSIDE,RIVERSIDE,-117.45301818847656,33.90842819213867
91160720,2019,2020-01-07,9685,2019-12-29,1140,014267,NA,7,1,9,3300,0,3,5,NA,2,003,SAGE ROAD,COTTONWOOD SCHOOL ROAD,10296,N,N,A,-,N,NA,NA,NA,NA,NA,NA,NA,NA,NA,Y,2,0,2,1,A,-,03,22350,NA,N,F,A,A,A,H,-,A,D,0,NA,NA,Y,NA,Y,NA,C,02,1,0,1,0,0,0,0,0,2,-,-,33.50394821166992,-116.8974380493164,RIVERSIDE,UNINCORPORATED,-116.89684295654295,33.503482818603516
91161103,2019,2020-01-07,9630,2019-12-27,1340,020445,NA,5,1,9,3300,0,1,3,NA,2,086,SR-86 N/B,66TH AVENUE,4224,N,N,A,-,Y,NA,NA,86,NA,NA,NA,NA,NA,N,Y,3,0,3,1,A,-,08,22107,NA,N,F,A,A,A,H,-,A,D,0,NA,NA,NA,NA,Y,NA,A,01,0,1,2,0,0,0,0,0,0,-,-,33.58087921142578,-116.09542083740234,RIVERSIDE,UNINCORPORATED,-116.09552001953124,33.58086013793945
91161846,2019,2020-01-08,9840,2019-11-28,0950,017162,NA,4,1,9,3300,0,1,3,NA,1,038,SR-71 N/B,SR-91 W/B,900,N,N,C,-,Y,NA,NA,NA,NA,NA,NA,NA,NA,NA,Y,4,0,1,1,A,-,03,22350,NA,N,E,I,A,B,H,-,A,D,0,NA,NA,NA,NA,Y,NA,D,22,0,0,1,0,0,0,0,0,0,-,-,33.47317123413086,-117.8293685913086,RIVERSIDE,UNINCORPORATED,NA,NA
9116264,2020,2020-10-30,3300,2020-05-20,1915,N6799,36K4,3,5,4,3318,0,0,0,NA,0,036,COOK ST,42ND AV,0,NA,Y,A,-,N,NA,NA,NA,NA,NA,NA,NA,NA,NA,Y,4,0,1,2,A,-,12,21453,A,N,D,C,A,A,H,-,A,A,0,NA,NA,NA,NA,Y,NA,A,01,0,0,1,0,0,0,0,0,0,-,-,NA,NA,RIVERSIDE,PALM DESERT,-116.35635375976563,33.74338912963867
9116314,2020,2020-08-27,3300,2020-06-06,0620,5527,916A,6,5,4,3312,0,0,0,NA,0,031,RAMONA EXPWY,WEBSTER AV,108,N,N,A,-,N,NA,NA,NA,NA,NA,NA,NA,NA,NA,N,3,0,2,2,-,-,-,NA,NA,N,C,C,A,A,H,-,A,A,0,NA,NA,NA,NA,Y,NA,-,-,0,2,0,0,0,0,0,0,0,-,-,33.844749450683594,-117.24378204345705,RIVERSIDE,PERRIS,-117.24348449707033,33.84463119506836
91163700,2020,2020-02-18,9630,2020-01-10,2110,021416,NA,5,2,9,3300,0,1,3,NA,2,086,SR-86 S/B,81ST AVE,0,NA,Y,A,-,Y,NA,NA,86,NA,NA,NA,NA,NA,S,Y,2,0,3,2,A,-,01,23152,A,N,C,C,A,A,H,-,C,D,0,NA,NA,NA,NA,Y,Y,A,01,1,0,2,0,0,0,0,0,0,-,-,33.462528228759766,-116.09156799316406,RIVERSIDE,UNINCORPORATED,-116.0915298461914,33.46253204345703
91163867,2020,2020-01-13,9655,2020-01-07,1035,014743,NA,2,1,9,3300,0,3,5,NA,2,002,CALIFORNIA AVENUE,SR-79,30,W,N,A,-,N,NA,NA,NA,NA,NA,NA,NA,NA,NA,N,2,0,1,1,C,-,18,NA,NA,N,F,A,A,A,H,-,A,D,0,NA,Y,NA,NA,Y,NA,-,-,1,0,0,0,0,0,1,0,0,-,-,33.911190032958984,-116.98097229003906,RIVERSIDE,UNINCORPORATED,-116.98209381103516,33.908790588378906
91164267,2020,2020-01-13,9840,2020-01-07,1320,017441,NA,2,1,7,3313,0,1,1,NA,2,024,I-215 S/B TO ALESSANDRO BLVD.,ALESSANDRO BLVD.,30,N,N,A,-,Y,NA,NA,215,NA,NA,NA,R,NA,S,N,4,0,1,2,A,-,03,22350,NA,N,C,C,A,A,H,-,A,A,0,NA,NA,NA,NA,Y,NA,A,01,0,0,1,0,0,0,0,0,0,-,-,33.916969299316406,-117.28951263427734,RIVERSIDE,RIVERSIDE,-117.28951263427734,33.916969299316406
91164819,2020,2020-01-14,9685,2020-01-03,0448,015906,NA,5,3,5,3341,0,1,1,NA,2,020,I-215 SOUTHBOUND,SCOTT ROAD,1584,N,N,A,-,Y,NA,NA,215,NA,NA,NA,NA,NA,S,Y,3,0,4,2,A,-,01,23152,A,F,C,C,A,A,H,-,D,D,0,NA,NA,NA,Y,Y,Y,A,07,0,1,3,0,0,0,0,0,0,-,-,33.64625930786133,-117.17127990722656,RIVERSIDE,MENIFEE,-117.17131042480467,33.64625930786133
91165275,2020,2020-01-14,9685,2020-01-12,0848,017285,NA,7,1,9,3300,0,1,3,NA,1,012,SR-74,WASSON CANYON ROAD,0,NA,Y,E,-,Y,NA,NA,74,NA,NA,NA,NA,NA,NA,Y,4,0,1,2,A,-,12,21453,A,N,D,C,A,A,H,-,A,A,0,NA,NA,NA,NA,Y,NA,D,22,0,0,1,0,0,0,0,0,0,-,-,33.71601867675781,-117.30019378662108,RIVERSIDE,UNINCORPORATED,-117.30030822753906,33.71629333496094
91165820,2020,2020-01-15,9655,2020-01-09,1422,018383,NA,4,2,9,3300,0,1,3,NA,2,213,SR-79 S/B,CALIFORNIA AVE,0,NA,Y,B,C,Y,NA,NA,79,NA,NA,NA,NA,NA,S,Y,4,0,1,2,A,-,09,21801,A,N,D,C,A,B,H,-,A,D,0,NA,NA,NA,NA,Y,NA,A,07,0,0,1,0,0,0,0,0,0,-,-,33.91106033325195,-116.9805908203125,RIVERSIDE,UNINCORPORATED,-116.98055267333984,33.911033630371094
91167283,2020,2020-01-17,9840,2020-01-12,0435,019492,NA,7,3,6,3315,0,1,3,NA,2,031,SR-91 E/B,LINCOLN AVE.,200,E,N,A,-,Y,NA,NA,91,NA,NA,NA,NA,NA,E,Y,4,0,3,2,A,-,08,22107,NA,N,C,C,A,A,H,-,C,D,0,NA,NA,NA,NA,Y,NA,A,07,0,0,3,0,0,0,0,0,0,-,-,33.88132095336914,-117.57982635498048,RIVERSIDE,CORONA,-117.5798110961914,33.8814811706543
9116818,2020,2020-11-30,3313,2020-06-23,1738,1989,1,2,5,7,3313,0,0,0,NA,0,T43,RIVERSIDE AV,ARLINGTON AV,5,S,N,A,-,Y,RIV,8,91,-,-,17.636,R,4,W,NA,4,0,1,2,A,-,12,21453,A,N,D,G,A,A,H,-,A,A,0,NA,Y,NA,NA,Y,NA,L,04,0,0,1,0,0,0,1,0,0,-,-,33.94636154174805,-117.38790893554688,RIVERSIDE,RIVERSIDE,-117.39149475097656,33.944488525390625
91168249,2020,2020-01-20,9630,2020-01-12,0005,021570,NA,7,3,9,3300,0,1,1,NA,2,020,I-10 E/B,BOB HOPE DR,528,W,N,A,-,Y,NA,NA,10,NA,NA,NA,NA,NA,E,N,2,0,1,3,A,-,11,21954,A,N,G,B,E,A,H,-,D,D,0,Y,NA,NA,NA,Y,Y,N,60,1,0,0,0,1,0,0,0,0,-,-,33.82648849487305,-116.41998291015624,RIVERSIDE,UNINCORPORATED,-116.41998291015624,33.82648468017578
9116838,2020,2020-09-18,3313,2020-06-13,1041,1978,5,6,5,7,3313,0,0,0,NA,0,2R59,BABB AV,CREST AV,95,E,N,A,-,N,NA,NA,NA,NA,NA,NA,NA,NA,NA,N,3,0,1,3,A,-,08,22107,NA,N,B,E,A,A,H,-,A,D,0,NA,NA,NA,NA,Y,NA,A,01,0,1,0,0,0,0,0,0,0,-,-,33.94097900390625,-117.47264099121094,RIVERSIDE,RIVERSIDE,-117.47248077392578,33.94099807739258
91168695,2019,2020-01-21,9840,2019-12-21,1950,021831,NA,6,2,7,3313,0,1,1,NA,2,022,I-215 S/B,COLUMBIA AVE,1500,N,N,A,-,Y,NA,NA,215,NA,NA,NA,NA,NA,S,Y,3,0,1,2,A,-,03,22350,NA,F,C,C,A,A,H,-,C,D,0,NA,NA,NA,NA,Y,NA,A,01,0,1,0,0,0,0,0,0,0,-,-,34.00453186035156,-117.34992980957033,RIVERSIDE,RIVERSIDE,-117.34996795654295,34.004554748535156
91168705,2020,2020-01-21,9840,2020-01-02,1853,021297,NA,4,2,9,3300,0,1,1,NA,2,037,I-15 N/B,INDIAN TRUCK TRAIL,2000,S,N,A,-,Y,NA,NA,15,NA,NA,NA,NA,NA,N,Y,4,0,1,1,A,-,08,22107,NA,N,E,I,A,A,H,-,C,D,0,NA,NA,NA,NA,Y,NA,A,01,0,0,1,0,0,0,0,0,0,-,-,33.743568420410156,-117.44165802001952,RIVERSIDE,UNINCORPORATED,-117.44163513183594,33.7436408996582
91172970,2020,2020-01-24,9840,2020-01-23,1755,016619,NA,4,2,6,3345,0,1,3,NA,2,010,SR-60 W/B,HALL AVE,1584,E,N,A,-,Y,NA,NA,NA,NA,NA,NA,NA,NA,NA,Y,4,0,1,3,A,-,03,22350,NA,N,C,C,A,A,H,-,D,D,0,NA,NA,NA,NA,Y,NA,A,08,0,0,1,0,0,0,0,0,0,-,-,34.01449966430664,-117.22589874267578,RIVERSIDE,JURUPA VALLEY,-117.38806915283205,34.00507354736328
91175537,2020,2020-01-28,9655,2020-01-23,0750,017263,NA,4,1,9,3300,0,1,1,NA,2,202,I-10 W/B,CHERRY VALLEY BLVD,2640,W,N,A,-,Y,NA,NA,NA,NA,NA,NA,NA,NA,NA,N,4,0,1,2,A,-,00,22530,NA,N,C,C,A,A,H,-,A,D,0,NA,NA,NA,NA,Y,NA,A,07,0,0,1,0,0,0,0,0,0,-,-,33.97148895263672,-117.03970336914063,RIVERSIDE,UNINCORPORATED,-117.04200744628906,33.97319793701172
91175877,2019,2020-01-29,9840,2019-12-10,2132,020102,NA,2,2,9,3300,0,2,4,NA,2,043,RAMONA EXPRESSWAY,LAKEVIEW AVENUE,1810,W,N,A,-,N,NA,NA,NA,NA,NA,NA,NA,NA,NA,Y,1,1,1,2,A,-,05,21650,NA,N,A,C,A,A,H,-,D,D,0,NA,NA,NA,Y,Y,NA,D,22,0,1,0,0,0,0,0,0,0,-,-,33.83872985839844,-117.12966918945313,RIVERSIDE,UNINCORPORATED,-117.12952423095705,33.838706970214844
91178130,2020,2020-02-03,9630,2020-01-23,1614,021416,NA,4,2,9,3300,0,1,3,NA,2,086,SR-86 N/B,84TH AVE,300,N,N,A,-,Y,NA,NA,86,NA,NA,NA,NA,NA,N,Y,4,0,1,1,A,-,08,22107,NA,N,B,I,A,A,H,-,A,D,0,NA,NA,NA,Y,Y,NA,G,25,0,0,1,0,0,0,0,0,0,-,-,33.441341400146484,-116.0751495361328,RIVERSIDE,UNINCORPORATED,-116.0751953125,33.4412956237793
91178161,2020,2020-02-03,9840,2020-01-24,1127,018949,NA,5,1,7,3313,0,1,3,NA,2,020,SR-91 E/B,LA SIERRA AVE,3000,E,N,A,-,Y,NA,NA,91,NA,NA,NA,NA,NA,E,Y,4,0,1,2,A,-,08,22107,NA,N,B,C,A,A,H,-,A,D,0,NA,NA,NA,NA,Y,NA,D,22,0,0,1,0,0,0,0,0,0,-,-,33.902950286865234,-117.46312713623048,RIVERSIDE,RIVERSIDE,-117.46311950683594,33.902923583984375
91179552,2020,2020-02-04,9685,2020-01-29,2350,016986,NA,3,3,9,3300,0,3,5,NA,2,003,SAGE RD.,BUCK RD.,528,N,N,A,-,N,NA,NA,NA,NA,NA,NA,NA,NA,NA,Y,4,0,1,1,A,-,08,22107,NA,N,E,I,A,A,H,-,D,D,0,NA,NA,NA,NA,Y,NA,A,07,0,0,1,0,0,0,0,0,0,-,-,33.557960510253906,-117.91226959228516,RIVERSIDE,UNINCORPORATED,NA,NA
91181357,2020,2020-02-06,9655,2020-01-31,1650,020774,NA,5,2,3,3302,0,1,1,NA,2,202,I-10 E/B,PENNSYLVANIA AVE,2006,E,N,A,-,Y,NA,NA,10,NA,NA,NA,NA,NA,E,N,4,0,1,3,D,-,00,NA,NA,N,E,J,E,A,H,-,A,A,0,Y,NA,NA,Y,Y,NA,-,-,0,0,1,0,1,0,0,0,0,-,-,33.92694854736328,-116.95931243896484,RIVERSIDE,BEAUMONT,-116.95931243896484,33.92705154418945
91181699,2020,2020-02-06,9685,2020-02-05,1555,016502,NA,3,2,9,3300,0,3,5,NA,2,004,RED MOUNTAIN ROAD,TRUST CT.,250,E,N,A,-,N,NA,NA,NA,NA,NA,NA,NA,NA,NA,Y,4,0,1,2,A,-,05,21650,NA,N,A,C,A,A,H,-,A,D,0,NA,NA,NA,NA,Y,NA,D,22,0,0,1,0,0,0,0,0,0,-,-,33.6338996887207,-116.8718032836914,RIVERSIDE,UNINCORPORATED,-116.87184143066406,33.633907318115234
91182166,2020,2020-02-07,9840,2020-02-02,0129,018849,NA,7,3,6,3345,0,1,3,NA,2,010,SR-60 E/B,VALLEY WAY,315,E,N,A,-,Y,NA,NA,60,NA,NA,NA,NA,NA,E,Y,4,0,2,2,A,-,08,22107,NA,N,C,C,A,A,H,-,C,D,0,NA,NA,NA,NA,Y,NA,A,01,0,0,2,0,0,0,0,0,0,-,-,34.011478424072266,-117.43280792236328,RIVERSIDE,JURUPA VALLEY,-117.43283081054688,34.01140594482422
91182212,2020,2020-02-07,9630,2020-01-27,2305,021652,NA,1,3,4,3325,0,1,1,NA,2,020,I-10 W/B,DATE PALM DR,3168,W,N,A,-,Y,NA,NA,10,NA,NA,NA,NA,NA,W,Y,4,0,2,2,A,-,08,22107,NA,M,B,C,A,A,H,-,D,D,0,NA,NA,NA,NA,Y,NA,A,01,0,0,2,0,0,0,0,0,0,-,-,33.854698181152344,-116.46705627441406,RIVERSIDE,CATHEDRAL CITY,-116.46707916259766,33.85466384887695
91188916,2020,2020-02-19,9840,2020-02-12,1850,019042,NA,3,2,6,3315,0,1,3,NA,2,031,SR-91 E/B,I-15 S/B,961,W,N,A,-,Y,NA,NA,NA,NA,NA,NA,NA,NA,NA,Y,4,0,1,2,A,-,21,22106,NA,N,C,C,A,A,H,-,C,D,0,NA,NA,NA,NA,Y,NA,D,22,0,0,1,0,0,0,0,0,0,-,-,33.889610290527344,-117.55033111572266,RIVERSIDE,CORONA,NA,NA
91189042,2020,2020-02-19,9840,2020-02-11,0750,017459,NA,2,1,4,3344,0,1,3,NA,2,010,SR-60 E/B TO I-15 S/B,MILLIKEN AVE.,1900,E,N,A,G,Y,NA,NA,60,NA,NA,NA,R,NA,E,Y,4,0,1,1,C,-,18,NA,NA,N,F,A,A,A,H,-,A,A,0,NA,NA,NA,Y,Y,NA,-,-,0,0,1,0,0,0,0,0,0,-,-,34.021400451660156,-117.55259704589844,RIVERSIDE,EASTVALE,-117.55259704589844,34.021400451660156