CASE_ID,ACCIDENT_YEAR,PROC_DATE,JURIS,COLLISION_DATE,COLLISION_TIME,OFFICER_ID,REPORTING_DISTRICT,DAY_OF_WEEK,CHP_SHIFT,POPULATION,CNTY_CITY_LOC,SPECIAL_COND,BEAT_TYPE,CHP_BEAT_TYPE,CITY_DIVISION_LAPD,CHP_BEAT_CLASS,BEAT_NUMBER,PRIMARY_RD,SECONDARY_RD,DISTANCE,DIRECTION,INTERSECTION,WEATHER_1,WEATHER_2,STATE_HWY_IND,CALTRANS_COUNTY,CALTRANS_DISTRICT,STATE_ROUTE,ROUTE_SUFFIX,POSTMILE_PREFIX,POSTMILE,LOCATION_TYPE,RAMP_INTERSECTION,SIDE_OF_HWY,TOW_AWAY,COLLISION_SEVERITY,NUMBER_KILLED,NUMBER_INJURED,PARTY_COUNT,PRIMARY_COLL_FACTOR,PCF_CODE_OF_VIOL,PCF_VIOL_CATEGORY,PCF_VIOLATION,PCF_VIOL_SUBSECTION,HIT_AND_RUN,TYPE_OF_COLLISION,MVIW,PED_ACTION,ROAD_SURFACE,ROAD_COND_1,ROAD_COND_2,LIGHTING,CONTROL_DEVICE,CHP_ROAD_TYPE,PEDESTRIAN_ACCIDENT,BICYCLE_ACCIDENT,MOTORCYCLE_ACCIDENT,TRUCK_ACCIDENT,NOT_PRIVATE_PROPERTY,ALCOHOL_INVOLVED,STWD_VEHTYPE_AT_FAULT,CHP_VEHTYPE_AT_FAULT,COUNT_SEVERE_INJ,COUNT_VISIBLE_INJ,COUNT_COMPLAINT_PAIN,COUNT_PED_KILLED,COUNT_PED_INJURED,COUNT_BICYCLIST_KILLED,COUNT_BICYCLIST_INJURED,COUNT_MC_KILLED,COUNT_MC_INJURED,PRIMARY_RAMP,SECONDARY_RAMP,LATITUDE,LONGITUDE,COUNTY,CITY,POINT_X,POINT_Y
92012703,2023,2023-03-08,9840,2023-03-04,50,021311,NA,6,3,7,3313,0,1,1,NA,2,023,I-215 N/B,BLAINE ST.,30,S,N,A,-,Y,RIV,NA,215,NA,NA,42.142,H,NA,R,Y,3,0,1,2,A,-,01,23152,A,N,C,C,A,A,H,-,C,D,0,NA,NA,NA,Y,Y,Y,A,01,0,1,0,0,0,0,0,0,0,-,-,33.982818603515625,-117.34243011474608,RIVERSIDE,RIVERSIDE,-117.34247589111328,33.9827880859375
92012896,2023,2023-03-08,9840,2023-02-20,2000,017459,NA,1,2,6,3315,0,1,1,NA,2,034,I-15 S/B,CAJALCO ROAD,550,N,N,A,-,Y,RIV,NA,15,NA,NA,36.978,H,NA,L,N,2,0,1,2,A,-,03,22350,NA,N,C,C,A,A,H,-,C,D,0,NA,NA,Y,NA,Y,NA,C,02,1,0,0,0,0,0,0,0,1,-,-,33.822601318359375,-117.52044677734376,RIVERSIDE,CORONA,-117.52043151855467,33.82261657714844
92014325,2023,2023-03-10,9840,2023-03-01,738,020535,NA,3,1,9,3300,0,3,5,NA,2,003,SPRING CANYON PL,BLACKSAGE CT.,1120,S,N,B,-,N,NA,NA,NA,NA,NA,NA,NA,NA,NA,N,4,0,1,2,A,-,09,21804,B,N,D,G,A,B,C,-,A,A,0,NA,Y,NA,NA,Y,NA,M,91,0,0,1,0,0,0,1,0,0,-,-,33.87165832519531,-117.48487854003906,RIVERSIDE,UNINCORPORATED,-117.48500061035156,33.871829986572266
92019013,2023,2023-03-16,9840,2023-03-06,1645,016619,NA,1,2,6,3345,0,1,3,NA,2,010,SR-60 W/B,RUBIDOUX BLVD,500,E,N,A,-,Y,RIV,NA,60,NA,NA,9.724,H,NA,L,Y,4,0,1,2,A,-,03,22350,NA,N,C,C,A,A,H,-,A,D,0,NA,NA,NA,NA,Y,NA,A,01,0,0,1,0,0,0,0,0,0,-,-,34.00490188598633,-117.39740753173828,RIVERSIDE,JURUPA VALLEY,-117.3974151611328,34.00494384765625
92019908,2023,2023-03-16,9840,2023-03-03,746,017802,NA,5,1,6,3345,0,1,3,NA,2,010,SR-60 E/B,RUBIDOUX BLVD.,250,W,N,A,-,Y,RIV,NA,60,NA,NA,9.466,H,NA,R,N,3,0,1,2,A,-,03,22350,NA,N,C,C,A,A,H,-,A,D,0,NA,NA,NA,NA,Y,NA,A,01,0,1,0,0,0,0,0,0,0,-,-,34.004371643066406,-117.40200805664063,RIVERSIDE,JURUPA VALLEY,-117.40201568603516,34.00439453125
92020932,2023,2023-03-17,9840,2023-03-08,815,019650,NA,3,1,9,3300,0,3,5,NA,2,004,MOUNTAIN AVE.,MARIE ST,795,E,N,A,-,N,NA,NA,NA,NA,NA,NA,NA,NA,NA,N,4,0,1,2,A,-,03,22350,NA,N,C,C,A,A,H,-,A,D,0,NA,NA,NA,NA,Y,NA,-,-,0,0,1,0,0,0,0,0,0,-,-,33.7647590637207,-117.26432037353516,RIVERSIDE,UNINCORPORATED,-117.26441192626952,33.76473617553711
92022262,2023,2023-03-20,9655,2023-03-08,1700,021908,NA,3,2,9,3300,0,1,3,NA,1,312,SR-74 W/B,SR-79,200,E,N,A,-,Y,RIV,NA,74,NA,NA,34.387,H,NA,L,Y,3,0,1,3,A,-,03,22350,NA,N,C,C,A,A,H,-,A,D,0,NA,NA,NA,NA,Y,NA,A,01,0,1,0,0,0,0,0,0,0,-,-,33.73912811279297,-117.07550811767578,RIVERSIDE,UNINCORPORATED,-117.07550811767578,33.739166259765625
92022315,2023,2023-05-17,9630,2023-03-14,1340,019758,NA,2,1,9,3300,0,3,5,NA,2,502,AIRPORT BLVD,TYLER ST,0,NA,Y,B,-,N,NA,NA,NA,NA,NA,NA,NA,NA,NA,Y,3,0,2,2,A,-,03,22350,NA,N,C,C,A,A,H,-,A,D,0,NA,NA,NA,NA,Y,NA,A,01,0,2,0,0,0,0,0,0,0,-,-,33.64210891723633,-116.16397857666016,RIVERSIDE,UNINCORPORATED,-116.16382598876952,33.64208984375
92023426,2023,2023-03-21,9685,2023-03-08,730,016743,NA,3,1,5,3335,0,1,1,NA,2,030,I-15 SOUTHBOUND,TEMECULA PARKWAY,2112,S,N,A,-,Y,RIV,NA,15,NA,NA,3.061,H,NA,L,Y,2,0,1,2,A,-,03,22350,NA,N,C,C,A,A,H,-,A,D,0,NA,NA,Y,NA,Y,NA,C,02,1,0,0,0,0,0,0,0,1,-,-,33.47544860839844,-117.13903045654295,RIVERSIDE,TEMECULA,-117.13906097412108,33.475440979003906
92027829,2023,2023-03-24,9655,2023-03-19,400,021977,NA,7,3,3,3302,0,1,1,NA,2,202,INTERSTATE 10 EASTBOUND,OAK VALLEY PARKWAY,2640,W,N,A,-,Y,RIV,NA,10,NA,R,5.04,H,NA,R,Y,4,0,1,2,A,-,01,23152,A,N,C,2,A,A,H,-,A,D,0,NA,NA,NA,NA,Y,Y,A,01,0,0,1,0,0,0,0,0,0,-,-,33.9500617980957,-117.009033203125,RIVERSIDE,BEAUMONT,-117.00904846191406,33.95003890991211
92027855,2023,2023-03-24,9630,2023-03-20,930,019943,NA,1,1,9,3300,0,1,1,NA,2,301,I-10 E/B,DILLON ROAD,27456,E,N,A,-,Y,RIV,NA,10,NA,R,65.068,H,NA,R,N,4,0,1,2,A,-,03,22350,NA,N,C,C,A,A,D,-,A,D,0,NA,NA,NA,NA,Y,NA,A,01,0,0,1,0,0,0,0,0,0,-,-,33.70014953613281,-116.08212280273438,RIVERSIDE,UNINCORPORATED,-116.08212280273438,33.70018005371094
92027955,2023,2023-05-30,9840,2023-03-16,1115,016358,NA,4,1,7,3313,0,1,1,NA,2,023,I-215 S/B,UNIVERSITY AVE.,1105,S,N,A,-,Y,RIV,NA,215,NA,NA,41.222,H,NA,L,Y,4,0,1,5,A,-,03,22350,NA,N,C,C,A,A,H,-,A,D,0,NA,NA,NA,NA,Y,NA,A,07,0,0,1,0,0,0,0,0,0,-,-,33.97269821166992,-117.33236694335938,RIVERSIDE,RIVERSIDE,-117.3323974609375,33.97268295288086
92029668,2023,2023-03-27,9840,2023-03-18,1559,021080,NA,6,2,4,3344,0,1,1,NA,2,011,I-15 S/B,LIMONITE AVE,600,N,N,A,-,Y,RIV,NA,15,NA,NA,48.391,H,NA,L,N,2,0,1,2,A,-,00,21960,A,N,G,B,E,A,H,-,A,D,0,Y,NA,NA,NA,Y,NA,N,60,1,0,0,0,1,0,0,0,0,-,-,33.97713088989258,-117.54901123046876,RIVERSIDE,EASTVALE,-117.5490264892578,33.97713088989258
92030924,2023,2023-03-28,9840,2023-03-20,1300,014916,NA,1,1,9,3300,0,2,4,NA,2,042,VAN BUREN BLVD,GAMBLE AVE,0,NA,Y,A,-,N,NA,NA,NA,NA,NA,NA,NA,NA,NA,N,4,0,1,2,A,-,12,21453,A,N,D,C,A,A,H,-,A,A,0,NA,NA,NA,NA,Y,NA,A,07,0,0,1,0,0,0,0,0,0,-,-,33.88330078125,-117.35311126708984,RIVERSIDE,UNINCORPORATED,-117.3530502319336,33.88336181640625
92031876,2023,2023-03-29,9630,2023-03-19,5,021652,NA,7,3,9,3300,0,3,5,NA,2,002,VARNER RD,38TH AVENUE,3168,E,N,A,-,N,NA,NA,NA,NA,NA,NA,NA,NA,NA,N,4,0,2,3,A,-,03,22350,NA,M,C,C,A,A,H,-,D,D,0,NA,NA,NA,NA,Y,NA,D,22,0,0,2,0,0,0,0,0,0,-,-,33.771690368652344,-116.32994842529295,RIVERSIDE,UNINCORPORATED,-116.32279205322266,33.7674560546875
92035626,2023,2023-04-03,9840,2023-03-22,1300,018221,NA,3,1,6,3394,0,1,3,NA,2,025,SR 60 E/B,DAY ST.,581,W,N,A,-,Y,RIV,NA,60,NA,NA,13.198,H,NA,R,N,4,0,1,2,A,-,07,21658,A,N,B,C,A,A,H,-,A,D,0,NA,NA,NA,Y,Y,NA,G,25,0,0,1,0,0,0,0,0,0,-,-,33.94279098510742,-117.2809600830078,RIVERSIDE,MORENO VALLEY,-117.28093719482422,33.942867279052734
92036620,2023,2023-04-04,9840,2023-03-23,1235,019219,NA,4,1,4,3344,0,1,1,NA,2,011,I-15 SOUTHBOUND,CANTU GALLEANO RANCH ROAD,1700,N,N,B,-,Y,RIV,NA,15,NA,NA,50.474,H,NA,L,Y,4,0,1,2,A,-,07,21658,A,N,B,D,A,A,H,-,A,D,0,NA,NA,NA,NA,Y,NA,A,01,0,0,1,0,0,0,0,0,0,-,-,34.007198333740234,-117.55048370361328,RIVERSIDE,EASTVALE,-117.5505142211914,34.007198333740234
92037783,2023,2023-04-05,9630,2023-02-05,2044,020445,NA,7,2,9,3300,0,3,5,NA,2,504,62ND AVENUE,GENE WELMAS WAY,231,E,N,A,-,N,NA,NA,NA,NA,NA,NA,NA,NA,NA,Y,1,1,1,2,A,-,11,21956,A,N,G,B,E,A,H,-,D,D,0,Y,NA,NA,NA,Y,NA,N,60,0,0,1,1,0,0,0,0,0,-,-,33.598670959472656,-116.08541107177734,RIVERSIDE,UNINCORPORATED,-116.08543395996094,33.598636627197266
92038509,2023,2023-04-06,9840,2023-03-25,1640,020989,NA,6,2,6,3345,0,1,3,NA,2,010,SR-60 W/B,PYRITE ST,1584,E,N,A,-,Y,RIV,NA,60,NA,R,5.89,H,NA,L,Y,4,0,2,2,A,-,07,21658,A,N,B,C,A,A,H,-,A,D,0,NA,NA,NA,NA,Y,NA,D,22,0,0,2,0,0,0,0,0,0,-,-,34.01559066772461,-117.45738220214844,RIVERSIDE,JURUPA VALLEY,-117.45738220214844,34.01557540893555
92038969,2023,2023-04-06,9655,2023-03-30,345,015892,NA,4,3,9,3300,0,1,3,NA,1,119,STATE ROUTE 74,CARRIZO ROAD,7392,W,N,D,-,Y,RIV,NA,74,NA,NA,82.654,H,NA,R,Y,3,0,2,1,A,-,08,22107,NA,N,E,I,A,B,H,-,D,D,0,NA,NA,NA,NA,Y,NA,A,01,0,1,1,0,0,0,0,0,0,-,-,33.590599060058594,-116.42395782470705,RIVERSIDE,UNINCORPORATED,-116.42399597167967,33.590614318847656
92039117,2023,2023-04-07,9840,2023-03-26,1850,023250,NA,7,2,7,3313,0,1,1,NA,2,022,I-215 S/B,COLUMBIA DRIVE,126,N,N,A,-,Y,RIV,NA,215,NA,NA,43.928,H,NA,L,N,3,0,1,2,A,-,07,21658,A,N,B,C,A,A,H,-,C,D,0,NA,NA,Y,NA,Y,NA,A,01,0,1,0,0,0,0,0,0,1,-,-,34.0017204284668,-117.3518524169922,RIVERSIDE,RIVERSIDE,-117.35187530517578,34.001731872558594
9203914,2020,2021-01-12,3313,2020-11-14,2036,1988,1,6,5,7,3313,0,0,0,NA,0,3R16,MISSION INN AV,REDWOOD DR,0,NA,Y,A,-,N,NA,NA,NA,NA,NA,NA,NA,NA,NA,NA,4,0,1,2,A,-,-,NA,NA,N,D,C,A,A,H,-,C,A,0,NA,NA,NA,NA,Y,NA,A,01,0,0,1,0,0,0,0,0,0,-,-,33.987548828125,-117.38362121582033,RIVERSIDE,RIVERSIDE,-117.38361358642578,33.98749923706055
92039452,2023,2023-04-07,9685,2023-03-30,2015,016185,NA,4,2,5,3335,0,1,1,NA,2,030,I-15 SOUTHBOUND,WINCHESTER ROAD,252,S,N,B,-,Y,NA,NA,NA,NA,NA,NA,NA,NA,NA,Y,3,0,1,1,A,-,08,22107,NA,N,F,A,A,B,H,-,C,D,0,NA,NA,NA,NA,Y,NA,D,22,0,1,0,0,0,0,0,0,0,-,-,33.521278381347656,-117.16310119628906,RIVERSIDE,TEMECULA,-117.16260528564452,33.52161407470703
92039537,2023,2023-04-07,9840,2023-03-29,1105,017441,NA,3,1,6,3345,0,1,3,NA,2,010,SR-60 E/B,CAMINO REAL,605,W,N,B,C,Y,RIV,NA,60,NA,R,6.206,H,NA,R,Y,3,0,1,1,A,-,08,22107,NA,N,E,I,A,B,H,-,A,D,0,NA,NA,NA,NA,Y,NA,A,07,0,1,0,0,0,0,0,0,0,-,-,34.014530181884766,-117.45200347900392,RIVERSIDE,JURUPA VALLEY,-117.45201873779295,34.014461517333984
92041255,2023,2023-04-10,9840,2023-03-31,2350,021096,NA,5,3,4,3344,0,1,1,NA,2,011,I-15 SB TO CANTU GALLEANO RANCH RD.,CANTU GALLEANO RANCH RD.,341,S,N,A,-,Y,NA,NA,NA,NA,NA,NA,NA,NA,NA,N,4,0,1,1,A,-,08,22107,NA,N,E,I,A,A,H,-,D,D,0,NA,NA,NA,NA,Y,NA,A,01,0,0,1,0,0,0,0,0,0,-,-,34.002830505371094,-117.55203247070313,RIVERSIDE,EASTVALE,-117.55203247070313,34.002830505371094
92042337,2023,2023-04-11,9840,2023-04-06,800,014335,NA,4,1,4,3310,0,1,1,NA,2,011,I-15 NB,SIXTH STREET,200,N,N,A,-,Y,RIV,NA,15,NA,NA,45.637,H,NA,R,Y,4,0,1,1,C,-,18,NA,NA,N,F,A,A,A,H,-,A,D,0,NA,NA,NA,NA,Y,NA,-,-,0,0,1,0,0,0,0,0,0,-,-,33.938480377197266,-117.5559310913086,RIVERSIDE,NORCO,-117.55574035644533,33.93846893310547
92043117,2023,2023-04-12,9840,2023-04-07,2139,021862,NA,5,2,6,3315,0,1,1,NA,2,034,I-15 S/B,WEIRICK RD,1093,N,N,A,-,Y,RIV,NA,15,NA,NA,35.869,H,NA,L,N,4,0,4,2,A,-,08,22107,NA,N,D,C,A,A,H,-,D,D,0,NA,NA,NA,NA,Y,NA,A,01,0,0,4,0,0,0,0,0,0,-,-,33.80979919433594,-117.50917816162108,RIVERSIDE,CORONA,-117.50906372070313,33.80984115600586
92043140,2023,2023-04-12,9655,2023-03-30,1830,022062,NA,4,2,9,3300,0,3,5,NA,2,003,DOMENIGONI PARKWAY,PRAIRIE LOOP ROAD,0,NA,Y,B,-,N,NA,NA,NA,NA,NA,NA,NA,NA,NA,Y,2,0,2,2,D,-,00,NA,NA,N,D,C,A,B,H,-,A,A,0,NA,NA,NA,NA,Y,NA,-,-,1,1,0,0,0,0,0,0,0,-,-,33.692440032958984,-117.10681915283205,RIVERSIDE,UNINCORPORATED,-117.10684967041016,33.69240188598633
92043277,2023,2023-04-12,9655,2023-04-01,1418,021784,NA,6,2,9,3300,0,1,3,NA,2,311,GILMAN SPRINGS RD,BRIDGE ST,0,NA,Y,A,-,N,NA,NA,NA,NA,NA,NA,NA,NA,NA,N,4,0,5,4,A,-,09,21801,A,F,A,C,A,A,H,-,A,A,0,NA,NA,NA,NA,Y,NA,-,99,0,0,5,0,0,0,0,0,0,-,-,33.86975860595703,-117.04409790039063,RIVERSIDE,UNINCORPORATED,-117.06961059570313,33.88903045654297
92043387,2023,2023-04-12,9630,2023-04-08,847,019758,NA,6,1,9,3300,0,3,5,NA,2,502,HARRISON ST,66TH AVE,72,N,N,A,-,N,NA,NA,NA,NA,NA,NA,NA,NA,NA,Y,2,0,4,2,A,-,03,22350,NA,N,A,C,A,A,H,-,A,A,0,NA,NA,NA,NA,Y,NA,D,22,1,3,0,0,0,0,0,0,0,-,-,33.56932830810547,-116.18090057373048,RIVERSIDE,UNINCORPORATED,-116.1808853149414,33.5692253112793
92045326,2023,2023-04-14,9655,2023-04-12,1220,021177,NA,3,1,9,3300,0,1,3,NA,1,312,STATE ROUTE 74 E/B,OLD STATE HIGHWAY,32,W,N,A,-,Y,RIV,NA,74,NA,NA,33.886,H,NA,R,Y,4,0,2,2,A,-,03,22350,NA,N,C,C,A,A,H,-,A,D,0,NA,NA,NA,NA,Y,NA,A,01,0,0,2,0,0,0,0,0,0,-,-,33.738861083984375,-117.08415985107422,RIVERSIDE,UNINCORPORATED,-117.08415985107422,33.73886489868164
92045327,2023,2023-04-14,9840,2023-04-10,820,014916,NA,1,1,9,3300,0,1,1,NA,2,040,I-215 S/B,CACTUS AVE,1056,S,N,A,-,Y,RIV,NA,215,NA,R,35.539,H,NA,L,N,2,0,2,2,A,-,07,21658,A,N,B,C,A,A,H,-,A,D,0,NA,NA,NA,Y,Y,NA,A,01,1,0,1,0,0,0,0,0,0,-,-,33.90629959106445,-117.27896881103516,RIVERSIDE,UNINCORPORATED,-117.27898406982422,33.90629577636719
92045427,2023,2023-04-14,9630,2023-04-09,1752,021897,NA,7,2,9,3300,0,3,5,NA,2,404,VARNER ROAD,38TH AVENUE,1056,E,N,A,-,N,NA,NA,NA,NA,NA,NA,NA,NA,NA,Y,4,0,2,3,A,-,03,22350,NA,N,C,C,A,A,H,-,A,D,0,NA,NA,NA,NA,Y,NA,A,01,0,0,2,0,0,0,0,0,0,-,-,33.77029037475586,-116.32763671875,RIVERSIDE,UNINCORPORATED,-116.32843780517578,33.77079772949219
92046586,2023,2023-04-17,9840,2023-04-12,755,014916,NA,3,1,9,3300,0,1,3,NA,2,025,SR60 W/B,MORENO BEACH DR,2112,W,N,B,-,Y,RIV,NA,60,NA,NA,18.83,H,NA,L,N,4,0,1,2,A,-,03,22350,NA,N,C,C,A,A,H,-,A,D,0,NA,NA,NA,Y,Y,NA,A,07,0,0,1,0,0,0,0,0,0,-,-,33.93938064575195,-117.18347930908205,RIVERSIDE,UNINCORPORATED,-117.18347930908205,33.939369201660156
92049545,2023,2023-04-20,9655,2023-02-20,1703,019049,NA,1,2,9,3300,0,1,3,NA,2,213,STATE ROUTE 79 SOUTHBOUND TO GILMAN SPRINGS ROAD,GILMAN SPRINGS ROAD,528,N,N,A,-,Y,NA,NA,NA,NA,NA,NA,NA,NA,NA,Y,1,1,0,1,A,-,08,22107,NA,N,E,I,A,A,H,-,A,D,0,NA,NA,NA,NA,Y,Y,A,01,0,0,0,0,0,0,0,0,0,-,-,33.84796142578125,-117.00572967529295,RIVERSIDE,UNINCORPORATED,-117.00572967529295,33.84796142578125
92051447,2023,2023-04-24,9630,2023-04-13,705,021515,NA,4,1,9,3300,0,3,5,NA,2,505,70TH AVE.,COSTA MESA DR,420,W,N,A,-,N,NA,NA,NA,NA,NA,NA,NA,NA,NA,Y,4,0,1,2,A,-,06,21750,A,N,B,C,A,A,H,-,A,D,0,NA,NA,NA,NA,Y,NA,A,01,0,0,1,0,0,0,0,0,0,-,-,33.54003143310547,-115.9450912475586,RIVERSIDE,UNINCORPORATED,-115.94499969482422,33.540000915527344
92058167,2023,2023-05-01,9655,2023-04-27,2250,019462,NA,4,3,9,3300,0,1,3,NA,1,119,SR-371,ANZA ROAD,15,W,N,A,-,Y,RIV,NA,371,NA,NA,71.424,H,NA,R,Y,4,0,2,2,A,-,01,23152,A,N,A,C,A,A,H,-,C,D,0,NA,NA,NA,NA,Y,Y,A,07,0,0,2,0,0,0,0,0,0,-,-,33.55506896972656,-116.67268371582033,RIVERSIDE,UNINCORPORATED,-116.67268371582033,33.55513000488281
9205840,2020,2021-03-01,3311,2020-12-24,1132,16019,NA,4,5,4,3311,0,0,0,NA,0,005,PALM CAYON DR F,CAMINO REAL,0,NA,Y,A,B,N,NA,NA,NA,NA,NA,NA,NA,NA,NA,N,3,0,2,2,A,-,09,21801,A,N,A,C,A,A,H,-,-,A,0,NA,NA,NA,NA,Y,NA,A,01,0,1,1,0,0,0,0,0,0,-,-,33.80147171020508,-116.53920745849608,RIVERSIDE,PALM SPRINGS,-116.53927,33.80135
92058654,2023,2023-05-02,9685,2023-04-21,1515,016113,NA,5,2,5,3335,0,1,1,NA,2,030,I-15 NORTHBOUND,RANCHO CALIFORNIA ROAD,2000,N,N,A,-,Y,RIV,NA,15,NA,NA,5.407,H,NA,L,Y,4,0,1,2,A,-,03,22350,NA,N,C,C,A,A,H,-,A,D,0,NA,NA,NA,NA,Y,NA,A,01,0,0,1,0,0,0,0,0,0,-,-,33.50666046142578,-117.15432739257813,RIVERSIDE,TEMECULA,-117.1542739868164,33.50667953491211
92058670,2023,2023-05-02,9685,2023-04-17,12,015906,NA,1,3,9,3300,0,1,3,NA,1,012,SR-74,MARGARTH STREET,15,E,N,E,-,Y,NA,NA,NA,NA,NA,NA,NA,NA,NA,Y,2,0,1,2,A,-,01,23152,A,N,E,I,A,A,H,-,D,D,0,NA,NA,NA,NA,Y,Y,A,01,1,0,0,0,0,0,0,0,0,-,-,33.75020980834961,-117.27584838867188,RIVERSIDE,UNINCORPORATED,-117.27577209472656,33.750186920166016
92060692,2023,2023-05-04,9685,2023-04-21,755,015295,NA,5,1,4,3342,1,3,5,NA,2,003,STATE ROUTE 79,LA ALBA DRIVE,46,N,N,A,-,Y,RIV,NA,79,NA,R,6.511,H,NA,R,N,4,0,1,2,A,-,03,22350,NA,N,C,C,A,A,H,-,A,D,0,NA,NA,NA,NA,Y,NA,H,13,0,0,1,0,0,0,0,0,0,-,-,33.57624053955078,-117.13469696044922,RIVERSIDE,MURRIETA,-117.13452911376952,33.576210021972656
92062259,2023,2023-05-05,9630,2023-05-01,1738,022441,NA,1,2,9,3300,0,1,1,NA,2,021,I-10 W/B,MONTEREY AVE,6336,E,N,A,G,Y,RIV,NA,10,NA,NA,45.789,H,NA,L,Y,4,0,2,2,A,-,03,22350,NA,N,C,C,A,A,H,-,A,D,0,NA,NA,NA,NA,Y,NA,A,07,0,0,2,0,0,0,0,0,0,-,-,33.7954216003418,-116.37026977539063,RIVERSIDE,UNINCORPORATED,-116.37025451660156,33.795440673828125
92063403,2023,2023-05-08,9840,2023-04-26,450,022448,NA,3,3,7,3313,0,1,1,NA,2,022,I-215 N/B,CENTER ST.,1426,S,N,A,-,Y,RIV,NA,215,NA,NA,44.739,H,NA,R,N,4,0,1,2,A,-,07,21658,A,M,C,2,A,A,H,-,C,D,0,NA,NA,NA,NA,Y,NA,-,99,0,0,1,0,0,0,0,0,0,-,-,34.01197814941406,-117.34475708007813,RIVERSIDE,RIVERSIDE,-117.34477996826172,34.01198959350586
92063636,2023,2023-05-08,9840,2023-04-24,1220,021198,NA,1,1,6,3315,0,1,3,NA,2,030,SR-91 W/B,SERFAS CLUB DR,3201,W,N,A,-,Y,RIV,NA,91,NA,R,3.091,H,NA,L,Y,4,0,1,2,A,-,03,22350,NA,N,C,C,A,A,H,-,A,D,0,NA,NA,NA,NA,Y,NA,A,07,0,0,1,0,0,0,0,0,0,-,-,33.88267135620117,-117.62361145019533,RIVERSIDE,CORONA,-117.62369537353516,33.882511138916016
92063698,2023,2023-05-08,9840,2023-04-24,920,018248,NA,1,1,9,3300,0,1,1,NA,2,037,I-15 N/B,INDIAN TRUCK TRAIL,2798,S,N,B,-,Y,RIV,NA,15,NA,NA,29.858,H,NA,R,Y,3,0,1,3,A,-,03,22350,NA,N,C,C,A,A,H,-,A,D,0,NA,NA,NA,NA,Y,NA,D,22,0,1,0,0,0,0,0,0,0,-,-,33.7447395324707,-117.44420623779295,RIVERSIDE,UNINCORPORATED,-117.44419097900392,33.74477005004883
92063797,2023,2023-05-08,9840,2023-04-26,450,021943,NA,3,3,7,3313,0,1,3,NA,2,021,STATE ROUTE 91 EASTBOUND,MADISON STREET,1075,W,N,A,-,Y,RIV,NA,91,NA,NA,16.416,H,NA,R,Y,3,0,2,6,A,-,01,23152,A,N,E,I,A,A,H,-,D,D,0,NA,NA,NA,NA,Y,Y,D,22,0,1,1,0,0,0,0,0,0,-,-,33.93391036987305,-117.40834808349608,RIVERSIDE,RIVERSIDE,-117.40829467773438,33.93384552001953
92065183,2023,2023-05-09,9840,2023-05-04,725,014916,NA,4,1,9,3300,0,1,3,NA,2,021,SR91 W/B,MISSION INN AVE,1584,E,N,B,C,Y,RIV,NA,91,NA,NA,20.883,H,NA,L,N,4,0,2,2,A,-,08,22107,NA,N,D,C,A,B,H,-,A,D,0,NA,NA,NA,NA,Y,NA,A,07,0,0,2,0,0,0,0,0,0,-,-,33.984649658203125,-117.36557006835938,RIVERSIDE,UNINCORPORATED,-117.36570739746094,33.984710693359375
92065242,2023,2023-05-09,9840,2023-05-04,1532,018611,NA,4,2,6,3315,0,1,3,NA,2,030,SR-91 E/B,LINCOLN AVENUE,900,W,N,B,-,Y,RIV,NA,91,NA,NA,5.219,H,NA,R,Y,4,0,1,2,A,-,03,22350,NA,N,C,C,A,A,H,-,A,D,0,NA,NA,NA,Y,Y,NA,A,01,0,0,1,0,0,0,0,0,0,-,-,33.881988525390625,-117.5854034423828,RIVERSIDE,CORONA,-117.58538055419922,33.88209915161133
92065258,2023,2023-05-09,9655,2023-04-30,1150,019321,NA,7,1,2,3336,0,1,1,NA,2,202,I-10 W/B,CHERRY VALLEY BLVD,700,E,N,A,-,Y,RIV,NA,10,NA,R,3.207,H,NA,L,Y,4,0,2,2,A,-,03,22350,NA,N,C,C,A,A,H,-,A,D,0,NA,NA,NA,NA,Y,NA,A,01,0,0,2,0,0,0,0,0,0,-,-,33.96704864501953,-117.03334045410156,RIVERSIDE,CALIMESA,-117.03334045410156,33.967044830322266