CASE_ID,ACCIDENT_YEAR,PROC_DATE,JURIS,COLLISION_DATE,COLLISION_TIME,OFFICER_ID,REPORTING_DISTRICT,DAY_OF_WEEK,CHP_SHIFT,POPULATION,CNTY_CITY_LOC,SPECIAL_COND,BEAT_TYPE,CHP_BEAT_TYPE,CITY_DIVISION_LAPD,CHP_BEAT_CLASS,BEAT_NUMBER,PRIMARY_RD,SECONDARY_RD,DISTANCE,DIRECTION,INTERSECTION,WEATHER_1,WEATHER_2,STATE_HWY_IND,CALTRANS_COUNTY,CALTRANS_DISTRICT,STATE_ROUTE,ROUTE_SUFFIX,POSTMILE_PREFIX,POSTMILE,LOCATION_TYPE,RAMP_INTERSECTION,SIDE_OF_HWY,TOW_AWAY,COLLISION_SEVERITY,NUMBER_KILLED,NUMBER_INJURED,PARTY_COUNT,PRIMARY_COLL_FACTOR,PCF_CODE_OF_VIOL,PCF_VIOL_CATEGORY,PCF_VIOLATION,PCF_VIOL_SUBSECTION,HIT_AND_RUN,TYPE_OF_COLLISION,MVIW,PED_ACTION,ROAD_SURFACE,ROAD_COND_1,ROAD_COND_2,LIGHTING,CONTROL_DEVICE,CHP_ROAD_TYPE,PEDESTRIAN_ACCIDENT,BICYCLE_ACCIDENT,MOTORCYCLE_ACCIDENT,TRUCK_ACCIDENT,NOT_PRIVATE_PROPERTY,ALCOHOL_INVOLVED,STWD_VEHTYPE_AT_FAULT,CHP_VEHTYPE_AT_FAULT,COUNT_SEVERE_INJ,COUNT_VISIBLE_INJ,COUNT_COMPLAINT_PAIN,COUNT_PED_KILLED,COUNT_PED_INJURED,COUNT_BICYCLIST_KILLED,COUNT_BICYCLIST_INJURED,COUNT_MC_KILLED,COUNT_MC_INJURED,PRIMARY_RAMP,SECONDARY_RAMP,LATITUDE,LONGITUDE,COUNTY,CITY,POINT_X,POINT_Y
9420474,2022,2022-04-22,3313,2022-03-25,0951,1686,4,5,5,7,3313,0,0,0,NA,0,T58,ARLINGTON AV,AIRPORT DR,90,W,N,A,-,N,NA,NA,NA,NA,NA,NA,NA,NA,NA,N,3,0,1,2,A,-,08,22107,NA,N,D,G,A,A,H,-,A,D,0,NA,Y,NA,NA,Y,NA,L,04,0,1,0,0,0,0,1,0,0,-,-,33.945831298828125,-117.44586944580078,RIVERSIDE,RIVERSIDE,-117.44597625732422,33.94586944580078
9421781,2022,2022-03-21,3325,2022-01-17,0048,1901,NA,1,5,4,3325,0,0,0,NA,0,001,EAST PALM CANYON DR,AUTO PARK DR,0,NA,Y,A,-,N,NA,NA,NA,NA,NA,NA,NA,NA,NA,Y,4,0,1,2,A,-,01,23152,NA,N,B,C,A,A,H,-,C,A,0,NA,NA,NA,NA,Y,Y,A,01,0,0,1,0,0,0,0,0,0,-,-,NA,NA,RIVERSIDE,CATHEDRAL CITY,-116.47364807128906,33.783409118652344
9421996,2022,2022-05-18,3313,2022-04-15,0826,1686,1,5,5,7,3313,0,0,0,NA,0,T58,LIME ST,MISSION INN AV,17,S,N,A,-,NA,NA,NA,NA,NA,NA,NA,NA,NA,NA,NA,3,0,1,2,A,-,12,21453,A,N,D,G,A,A,H,-,A,A,0,NA,Y,NA,NA,Y,NA,-,-,0,1,0,0,0,0,1,0,0,-,-,33.97998046875,-117.36994171142578,RIVERSIDE,RIVERSIDE,-117.37037658691406,33.98125076293945
94230674,2024,2024-08-13,9685,2024-08-06,910,016347,NA,2,1,5,3335,0,1,1,NA,2,030,I-15 S/B,RANCHO CAL ROAD,3538,S,N,A,-,Y,RIV,NA,15,NA,NA,4.266,H,NA,L,Y,4,0,1,2,A,-,03,22350,NA,N,C,C,A,A,H,-,A,D,0,NA,NA,NA,NA,Y,NA,A,07,0,0,1,0,0,0,0,0,0,-,-,33.49224853515625,-117.14520263671876,RIVERSIDE,TEMECULA,-117.14513397216795,33.492271423339844
9424513,2022,2022-04-06,3313,2022-01-12,2315,2037,2,3,5,7,3313,0,0,0,NA,0,1R21,IOWA AV,COLUMBIA AV,40,E,N,A,-,N,NA,NA,NA,NA,NA,NA,NA,NA,NA,NA,3,0,1,2,A,-,08,22100,A,F,B,G,A,A,H,-,C,A,0,NA,Y,NA,NA,Y,NA,-,NA,0,1,0,0,0,0,1,0,0,-,-,33.999549865722656,-117.33917236328124,RIVERSIDE,RIVERSIDE,-117.33981323242188,34.00115966796875
9424520,2022,2022-04-06,3313,2022-01-25,1345,0282,5,2,5,7,3313,0,0,0,NA,0,T48,CREST AV,CYPRESS AV,12,N,N,A,-,N,NA,NA,NA,NA,NA,NA,NA,NA,NA,NA,4,0,1,2,A,-,08,22107,NA,N,D,C,A,A,H,-,A,D,0,NA,NA,NA,NA,Y,NA,A,07,0,0,1,0,0,0,0,0,0,-,-,33.94276809692383,-117.47264862060548,RIVERSIDE,RIVERSIDE,-117.4727020263672,33.94295120239258
9425176,2022,2022-04-19,3313,2022-03-27,2226,1934,5,7,5,7,3313,0,0,0,NA,0,3R52,SIERRA VISTA AV,PIERCE ST,539,S,N,A,-,N,NA,NA,NA,NA,NA,NA,NA,NA,NA,Y,2,0,2,2,A,-,08,22107,NA,N,A,C,A,A,H,-,C,D,0,NA,NA,NA,NA,Y,NA,A,01,2,0,0,0,0,0,0,0,0,-,-,33.91387939453125,-117.4998016357422,RIVERSIDE,RIVERSIDE,-117.49752044677734,33.913612365722656
9425976,2022,2022-06-02,3309,2022-01-19,1752,2010,INDIO,3,5,4,3309,0,0,0,NA,0,002,SHOWCASE PKWY,JACKSON ST,295,W,N,A,-,N,NA,NA,NA,NA,NA,NA,NA,NA,NA,N,4,0,1,2,A,-,10,21950,C,N,G,B,C,A,H,-,C,A,0,Y,NA,NA,NA,Y,NA,D,22,0,0,1,0,1,0,0,0,0,-,-,NA,NA,RIVERSIDE,INDIO,-116.21770477294922,33.74211120605469
9425984,2021,2022-05-02,3309,2021-08-27,1648,332,3309,5,5,4,3309,0,0,0,NA,0,004,AVE 48,SOLANO AV,0,NA,Y,A,-,N,NA,NA,NA,NA,NA,NA,NA,NA,NA,N,2,0,2,2,A,-,01,23152,A,N,A,C,A,A,H,-,A,A,0,NA,NA,NA,NA,Y,Y,D,22,1,1,0,0,0,0,0,0,0,-,-,NA,NA,RIVERSIDE,INDIO,-116.2326431274414,33.700191497802734
9426487,2022,2022-03-30,3313,2022-02-18,1412,1504,4,5,5,7,3313,0,0,0,NA,0,M15,JEFFERSON ST,ORCHARD ST,0,NA,Y,A,-,N,NA,NA,NA,NA,NA,NA,NA,NA,NA,N,3,0,1,2,A,-,03,22350,NA,N,C,C,A,A,H,-,A,D,0,NA,NA,NA,NA,Y,NA,A,01,0,1,0,0,0,0,0,0,0,-,-,33.93336868286133,-117.41390991210938,RIVERSIDE,RIVERSIDE,-117.41395568847656,33.93366241455078
9427115,2022,2022-04-19,3313,2022-03-23,0627,1686,4,3,5,7,3313,0,0,0,NA,0,T58,ACORN ST,JURUPA AV,0,NA,Y,A,-,N,NA,NA,NA,NA,NA,NA,NA,NA,NA,N,4,0,1,2,A,-,09,21801,A,N,D,C,A,A,H,-,C,A,0,NA,NA,Y,NA,Y,NA,D,22,0,0,1,0,0,0,0,0,1,-,-,33.95983123779297,-117.45397186279295,RIVERSIDE,RIVERSIDE,-117.4539794921875,33.95977020263672
9428982,2022,2022-04-04,3313,2022-03-20,1534,0282,1,7,5,7,3313,0,0,0,NA,0,T48,CENTRAL AV,DE ANZA AV,0,NA,Y,A,-,N,NA,NA,NA,NA,NA,NA,NA,NA,NA,Y,4,0,1,2,A,-,12,21453,A,N,D,A,A,A,H,-,A,A,0,NA,NA,NA,NA,Y,NA,A,01,0,0,1,0,0,0,0,0,0,-,-,33.953529357910156,-117.39363098144533,RIVERSIDE,RIVERSIDE,-117.39342498779295,33.95354461669922
9428986,2022,2022-04-04,3313,2022-03-10,0009,1818,5,4,5,7,3313,0,0,0,NA,0,NA,LA SIERRA AV,PORTO ALEGRA,15,N,N,A,-,N,NA,NA,NA,NA,NA,NA,NA,NA,NA,Y,3,0,2,2,A,-,08,22107,NA,M,C,E,A,A,H,-,C,A,0,NA,NA,NA,NA,Y,NA,A,01,0,2,0,0,0,0,0,0,0,-,-,NA,NA,RIVERSIDE,RIVERSIDE,-117.49615478515624,33.934898376464844
9428989,2022,2022-04-05,3313,2022-03-09,1642,1499,5,3,5,7,3313,0,0,0,NA,0,M34,MAGNOLIA AV,PIERCE ST,890,W,N,A,-,N,NA,NA,NA,NA,NA,NA,NA,NA,NA,NA,4,0,4,2,A,-,03,22350,NA,N,C,C,A,A,H,-,A,A,0,NA,NA,NA,NA,Y,NA,A,01,0,0,4,0,0,0,0,0,0,-,-,33.895050048828125,-117.49107360839844,RIVERSIDE,RIVERSIDE,-117.49355316162108,33.893760681152344
9429083,2022,2022-04-27,3313,2022-02-11,2043,1951,2,5,5,7,3313,0,0,0,NA,0,3R20,COLUMBIA AV,LA CADENA DR E,20,N,N,A,-,Y,NA,NA,NA,NA,NA,NA,NA,NA,NA,NA,4,0,1,2,D,-,00,NA,NA,F,D,C,A,A,H,-,C,A,0,NA,NA,NA,NA,Y,NA,-,-,0,0,1,0,0,0,0,0,0,-,-,34.00122833251953,-117.35073852539063,RIVERSIDE,RIVERSIDE,-117.35063934326172,34.001251220703125
9429383,2022,2022-04-11,3313,2022-03-18,1636,1489,5,5,5,7,3313,0,0,0,NA,0,T44,LA SIERRA AV,CYPRESS AV  N,0,NA,Y,A,-,N,NA,NA,NA,NA,NA,NA,NA,NA,NA,NA,3,0,5,2,A,-,12,21453,A,N,D,C,A,A,H,-,A,A,0,NA,NA,NA,NA,Y,NA,A,01,0,1,4,0,0,0,0,0,0,-,-,33.938541412353516,-117.49729919433594,RIVERSIDE,RIVERSIDE,-117.49741363525392,33.93839645385742
94310035,2024,2024-08-13,9685,2024-08-07,1200,015757,NA,3,1,9,3300,0,3,5,NA,2,003,HIGH VISTA DR,AULD RD,30,S,N,B,-,N,NA,NA,NA,NA,NA,NA,NA,NA,NA,Y,4,0,1,2,A,-,03,22350,NA,N,C,C,A,A,H,-,A,A,0,NA,NA,NA,NA,Y,NA,A,01,0,0,1,0,0,0,0,0,0,-,-,33.58341979980469,-117.10929107666016,RIVERSIDE,UNINCORPORATED,-117.10929870605467,33.58353805541992
9434081,2022,2022-04-15,3313,2022-03-01,1238,1026,4,2,5,7,3313,0,0,0,NA,0,T52,LINCOLN AV,MARY ST,0,NA,Y,A,-,N,NA,NA,NA,NA,NA,NA,NA,NA,NA,Y,4,0,2,2,A,-,12,21453,A,N,D,C,A,A,H,-,A,A,0,NA,NA,NA,NA,Y,NA,-,-,0,0,2,0,0,0,0,0,0,-,-,33.934139251708984,-117.3884506225586,RIVERSIDE,RIVERSIDE,-117.38816833496094,33.93531799316406
94353121,2024,2024-08-13,9655,2024-08-06,2100,021908,NA,2,2,9,3300,0,3,5,NA,2,002,OAK GLEN RD,SCENIC CREST DRIVE,1056,S,N,A,-,N,NA,NA,NA,NA,NA,NA,NA,NA,NA,N,3,0,1,1,A,-,08,22107,NA,N,F,A,A,A,H,-,D,D,0,NA,NA,NA,NA,Y,NA,D,22,0,1,0,0,0,0,0,0,0,-,-,34.001861572265625,-116.9626235961914,RIVERSIDE,UNINCORPORATED,NA,NA
94356094,2024,2024-08-15,9685,2024-07-26,1515,018041,NA,5,2,5,3335,0,1,1,NA,2,030,I-15 N/B,NB-I-215,2797,S,N,A,-,Y,RIV,NA,15,NA,NA,8.216,H,NA,R,Y,4,0,2,3,A,-,01,23152,A,N,C,C,A,A,D,-,A,D,0,NA,NA,NA,NA,Y,Y,A,07,0,0,2,0,0,0,0,0,0,-,-,33.54307174682617,-117.17633056640624,RIVERSIDE,TEMECULA,-117.17641448974608,33.54302978515625
94357510,2024,2024-08-16,9655,2024-08-15,1908,023543,NA,4,2,9,3300,0,1,3,NA,2,315,SR-79 N/B,PATTON AVE,1190,S,N,A,-,Y,RIV,NA,79,NA,R,15.408,H,NA,R,Y,4,0,1,2,A,-,03,22350,NA,N,C,C,A,A,H,-,A,D,0,NA,NA,NA,NA,Y,NA,A,01,0,0,1,0,0,0,0,0,0,-,-,33.689178466796875,-117.08457946777344,RIVERSIDE,UNINCORPORATED,-117.08458709716795,33.689178466796875
94358687,2024,2024-08-16,9840,2024-04-20,1321,018611,NA,6,1,6,3315,0,1,1,NA,2,034,I-15 S/B,ONTARIO AVENUE,1500,S,N,A,-,Y,RIV,NA,15,NA,NA,38.462,H,NA,L,N,4,0,1,2,A,-,03,22350,NA,N,C,C,A,A,H,-,A,D,0,NA,NA,NA,Y,Y,NA,G,27,0,0,1,0,0,0,0,0,0,-,-,33.840301513671875,-117.53450775146484,RIVERSIDE,CORONA,-117.53456115722656,33.84028625488281
9436012,2022,2022-05-04,3313,2022-04-18,1651,1475,5,1,5,7,3313,0,0,0,NA,0,M19,MAGNOLIA AV,VAN BUREN BL,141,W,N,A,-,N,NA,NA,NA,NA,NA,NA,NA,NA,NA,NA,4,0,2,2,A,-,03,22350,NA,N,C,C,A,A,H,-,A,A,0,NA,NA,NA,NA,Y,NA,A,07,0,0,2,0,0,0,0,0,0,-,-,33.91971969604492,-117.44705200195313,RIVERSIDE,RIVERSIDE,-117.44699096679688,33.920169830322266
94360782,2024,2024-08-19,9685,2024-08-13,1514,021828,NA,2,2,5,3335,0,1,1,NA,2,030,I-15 NORTHBOUND,RANCHO CALIFORNIA RD.,2112,S,N,A,-,Y,RIV,NA,15,NA,NA,4.552,H,NA,R,N,4,0,1,2,A,-,03,22350,NA,N,C,C,A,A,H,-,A,D,0,NA,NA,NA,NA,Y,NA,A,01,0,0,1,0,0,0,0,0,0,-,-,33.49570083618164,-117.14716339111328,RIVERSIDE,TEMECULA,-117.14714813232422,33.49570846557617
94363383,2024,2024-08-21,9630,2024-08-15,1958,020445,NA,4,2,9,3300,0,3,5,NA,2,405,42ND AVE,ADAMS ST,0,NA,Y,A,-,N,NA,NA,NA,NA,NA,NA,NA,NA,NA,Y,4,0,3,2,A,-,17,21451,A,N,D,C,A,A,H,-,C,A,0,NA,NA,NA,NA,Y,NA,A,01,0,0,3,0,0,0,0,0,0,-,-,33.74380111694336,-116.28626251220705,RIVERSIDE,UNINCORPORATED,-116.28631591796876,33.74369812011719
94365530,2024,2024-08-22,9685,2024-08-17,1820,021828,NA,6,2,4,3342,0,3,5,NA,2,003,JEAN NICHOLAS RD.,KOODEN RD.,0,NA,Y,A,-,N,NA,NA,NA,NA,NA,NA,NA,NA,NA,N,3,0,1,2,A,-,03,22350,NA,N,D,G,A,A,H,-,A,A,0,NA,Y,NA,NA,Y,NA,M,91,0,1,0,0,0,0,1,0,0,-,-,33.612449645996094,-117.11422729492188,RIVERSIDE,MURRIETA,-117.11424255371094,33.61251449584961
94366454,2024,2024-08-23,9840,2024-08-22,640,019566,NA,4,1,6,3315,0,1,3,NA,2,030,SR-91 W/B,SMITH ST,100,E,N,A,-,Y,RIV,NA,91,NA,NA,4.781,H,NA,L,Y,4,0,4,5,A,-,08,22107,NA,N,B,C,A,A,H,-,B,D,0,NA,NA,NA,NA,Y,NA,D,22,0,0,4,0,0,0,0,0,0,-,-,33.881988525390625,-117.59291076660156,RIVERSIDE,CORONA,-117.59290313720705,33.88197708129883
9436803,2022,2022-05-16,3313,2022-04-10,0147,1939,1,7,5,7,3313,0,0,0,NA,0,1R13,JURUPA AV,GRAND AV,217,E,N,A,-,N,NA,NA,NA,NA,NA,NA,NA,NA,NA,N,3,0,1,2,A,-,03,22350,NA,N,C,C,A,A,H,-,C,D,0,NA,NA,Y,NA,Y,NA,C,02,0,1,0,0,0,0,0,0,1,-,-,33.96208953857422,-117.41615295410156,RIVERSIDE,RIVERSIDE,-117.41536712646484,33.96185302734375
94369364,2024,2024-08-26,9840,2024-08-19,718,020659,NA,1,1,6,3315,0,1,3,NA,2,031,SR-91 W/B,MCKINLEY AVE,3000,W,N,A,-,Y,RIV,NA,91,NA,NA,8.604,H,NA,L,Y,4,0,2,2,A,-,03,22350,NA,N,C,C,A,A,H,-,A,D,0,NA,NA,NA,NA,Y,NA,A,08,0,0,2,0,0,0,0,0,0,-,-,33.884010314941406,-117.52749633789063,RIVERSIDE,CORONA,-117.52750396728516,33.88402557373047
94369824,2024,2024-08-26,9840,2024-08-04,15,021308,NA,7,3,6,3345,0,1,3,NA,2,010,SR-60 E/B,VALLEY WAY,1056,E,N,A,-,Y,RIV,NA,60,NA,NA,7.835,H,NA,R,N,2,0,1,2,A,-,03,22350,NA,N,C,C,A,A,H,-,C,D,0,NA,NA,NA,NA,Y,NA,A,01,1,0,0,0,0,0,0,0,0,-,-,34.01026916503906,-117.42916870117188,RIVERSIDE,JURUPA VALLEY,-117.42916107177734,34.01028060913086
94371711,2024,2024-08-27,9840,2024-08-19,1607,018248,NA,1,2,6,3315,0,1,3,NA,2,030,SR-91 E/B,SMITH AVE,1056,W,N,A,-,Y,RIV,NA,91,NA,NA,4.509,H,NA,R,Y,4,0,1,2,A,-,08,22107,NA,N,D,C,A,A,H,-,A,D,0,NA,NA,NA,Y,Y,NA,A,01,0,0,1,0,0,0,0,0,0,-,-,33.880950927734375,-117.59754943847656,RIVERSIDE,CORONA,-117.59757995605467,33.88108444213867
9437314,2022,2022-05-19,3300,2022-04-23,2045,5705,002V,6,5,6,3345,0,0,0,NA,0,026,MARLATT ST,54TH ST,74,N,N,A,-,N,NA,NA,NA,NA,NA,NA,NA,NA,NA,N,3,0,1,2,A,-,03,22350,NA,F,G,B,F,A,H,-,D,D,0,Y,NA,NA,NA,Y,NA,-,-,0,1,0,0,0,0,0,0,0,-,-,33.989990234375,-117.51342010498048,RIVERSIDE,JURUPA VALLEY,-117.51348876953124,33.99018096923828
94377660,2024,2024-09-02,9655,2024-08-24,1330,019630,NA,6,1,9,3300,0,2,4,NA,2,322,STETSON AVENUE,COLUMBIA STREET,0,NA,Y,A,-,N,NA,NA,NA,NA,NA,NA,NA,NA,NA,Y,4,0,4,2,A,-,12,21453,A,N,D,C,A,A,H,-,A,A,0,NA,NA,NA,NA,Y,NA,-,-,0,0,4,0,0,0,0,0,0,-,-,33.72956085205078,-116.94548797607422,RIVERSIDE,UNINCORPORATED,-116.94550323486328,33.729515075683594
9438262,2022,2022-05-23,3313,2022-04-08,1559,1489,2,5,5,7,3313,0,0,0,NA,0,T44,THIRD ST,COMER AV,220,E,N,A,-,N,NA,NA,NA,NA,NA,NA,NA,NA,NA,N,3,0,1,1,A,-,08,22107,NA,N,E,I,A,A,H,-,A,D,0,NA,NA,NA,NA,Y,NA,A,01,0,1,0,0,0,0,0,0,0,-,-,33.98149871826172,-117.36054229736328,RIVERSIDE,RIVERSIDE,-117.36023712158205,33.98293685913086
94384848,2024,2024-09-06,9840,2024-07-22,1405,017882,NA,1,2,7,3313,0,1,1,NA,2,023,I-215 N/B,FAIR ISLE DR,1056,S,N,A,-,Y,RIV,NA,215,NA,R,38.715,H,NA,R,Y,3,0,1,2,A,-,08,22107,NA,N,B,C,A,A,H,-,A,D,0,NA,NA,Y,NA,Y,NA,C,02,0,1,0,0,0,0,0,0,1,-,-,33.94664001464844,-117.2985382080078,RIVERSIDE,RIVERSIDE,-117.29850769042967,33.94669723510742
94384851,2024,2024-09-06,9840,2024-09-01,1159,021080,NA,7,1,9,3300,0,1,1,NA,2,037,I-15 N/B,INDIAN TRUCK TRAIL,6600,S,N,A,-,Y,RIV,NA,15,NA,NA,28.733,H,NA,R,N,4,0,1,2,A,-,03,22350,NA,N,C,C,A,A,H,-,A,D,0,NA,NA,NA,NA,Y,NA,A,01,0,0,1,0,0,0,0,0,0,-,-,33.7382698059082,-117.42646026611328,RIVERSIDE,UNINCORPORATED,-117.42642211914063,33.73831558227539
94386232,2024,2024-09-09,9655,2024-08-30,2015,023193,NA,5,2,9,3300,0,3,5,NA,2,003,3 SPRINGS ROAD,HIDDEN SPRINGS ROAD,120,S,N,A,-,N,NA,NA,NA,NA,NA,NA,NA,NA,NA,Y,4,0,1,1,C,-,18,NA,NA,N,E,I,A,A,H,-,D,D,0,NA,NA,NA,NA,Y,NA,-,-,0,0,1,0,0,0,0,0,0,-,-,33.765140533447266,-117.04425811767578,RIVERSIDE,UNINCORPORATED,-117.044199,33.765203
94388940,2024,2024-09-10,9840,2024-09-06,1522,021261,NA,5,2,6,3315,0,1,3,NA,2,031,SR-91 W/B,MAIN ST,1300,E,N,A,-,Y,RIV,NA,91,NA,NA,6.628,H,NA,L,Y,3,0,1,1,A,-,08,22107,NA,N,E,I,A,A,H,-,A,D,0,NA,NA,NA,NA,Y,NA,A,07,0,1,0,0,0,0,0,0,0,-,-,33.87990188598633,-117.56114196777344,RIVERSIDE,CORONA,-117.56117248535156,33.87967300415039
94389584,2024,2024-09-11,9840,2024-08-29,2030,023228,NA,4,2,9,3300,0,2,4,NA,2,045,CAJALCO ROAD,GUSTIN ROAD,450,E,N,A,-,N,NA,NA,NA,NA,NA,NA,NA,NA,NA,N,4,0,1,2,A,-,11,21954,A,N,G,B,D,A,H,-,D,D,0,Y,NA,NA,NA,Y,NA,N,60,0,0,1,0,1,0,0,0,0,-,-,33.83620834350586,-117.34781646728516,RIVERSIDE,UNINCORPORATED,-117.34783935546876,33.836177825927734
94389649,2024,2024-09-11,9840,2024-09-06,1602,022497,NA,5,2,7,3313,0,1,1,NA,2,023,I-215 S/B (MORENO VALLEY FREEWAY),MARTIN LUTHER KING BLVD,50,N,N,A,-,Y,RIV,NA,215,NA,NA,40.877,H,NA,L,N,4,0,1,2,A,-,03,22350,NA,N,C,C,A,A,H,-,A,D,0,NA,NA,NA,NA,Y,NA,A,01,0,0,1,0,0,0,0,0,0,-,-,33.968841552734375,-117.32875061035156,RIVERSIDE,RIVERSIDE,-117.32876586914063,33.968833923339844
94389960,2024,2024-09-11,9630,2024-08-27,346,019807,NA,2,3,9,3300,0,3,5,NA,2,503,PIERCE ST,68TH AVE,255,S,N,A,-,N,NA,NA,NA,NA,NA,NA,NA,NA,NA,Y,2,0,3,2,A,-,01,23152,A,N,A,C,A,A,H,-,D,D,0,NA,NA,NA,NA,Y,Y,A,01,2,0,1,0,0,0,0,0,0,-,-,33.55400848388672,-116.11271667480467,RIVERSIDE,UNINCORPORATED,-116.11270141601563,33.55402374267578
9439095,2022,2022-05-27,3309,2022-04-05,2025,377,3309,2,5,4,3309,0,0,0,NA,0,001,INDIO BL,KING ST,0,NA,Y,A,-,N,NA,NA,NA,NA,NA,NA,NA,NA,NA,Y,3,0,1,2,A,-,09,21801,A,N,A,C,A,A,H,-,C,A,0,NA,NA,NA,NA,Y,NA,D,22,0,1,0,0,0,0,0,0,0,-,-,NA,NA,RIVERSIDE,INDIO,-116.22203063964844,33.72368240356445
94391635,2024,2024-09-12,9685,2024-09-05,1440,015906,NA,4,2,9,3300,0,3,5,NA,2,003,HIGH VISTA DRIVE,POURROY ROAD,9,W,N,A,-,N,NA,NA,NA,NA,NA,NA,NA,NA,NA,N,3,0,1,2,A,-,09,21804,A,N,D,C,A,A,H,-,A,A,0,NA,Y,NA,NA,Y,Y,M,91,0,1,0,0,0,0,1,0,0,-,-,33.57926940917969,-117.10134887695313,RIVERSIDE,UNINCORPORATED,-117.10128021240234,33.579368591308594
94392401,2024,2024-09-12,9655,2024-08-30,1842,021784,NA,5,2,4,3301,0,1,1,NA,2,204,I-10 E/B FROM HIGHLAND SPRINGS AVE.,HIGHLAND SPRINGS AVE.,1056,E,N,A,-,Y,RIV,NA,10,NA,NA,9.529,H,NA,R,Y,4,0,3,2,A,-,08,22107,NA,N,C,E,A,A,H,-,A,D,0,NA,NA,NA,NA,Y,NA,A,07,0,0,3,0,0,0,0,0,0,-,-,33.926509857177734,-116.94316864013672,RIVERSIDE,BANNING,-116.9431610107422,33.926658630371094
94392947,2024,2024-09-13,9840,2024-09-09,2133,021872,NA,1,2,9,3300,0,3,5,NA,2,004,ELLIS AVE,PICO AVE,0,NA,Y,B,-,N,NA,NA,NA,NA,NA,NA,NA,NA,NA,N,4,0,1,1,A,-,08,22107,NA,N,E,I,A,A,H,-,D,D,0,NA,NA,NA,NA,Y,NA,A,08,0,0,1,0,0,0,0,0,0,-,-,33.772239685058594,-117.16587066650392,RIVERSIDE,UNINCORPORATED,-117.1664581298828,33.772159576416016
9439642,2022,2022-06-01,3301,2022-03-19,2217,U515,22,6,5,4,3301,0,0,0,NA,0,002,W WILSON ST,N 4TH ST,0,NA,Y,A,-,N,NA,NA,NA,NA,NA,NA,NA,NA,NA,N,3,0,1,2,A,-,12,22450,A,N,H,G,A,A,H,-,C,D,0,NA,Y,NA,NA,Y,NA,L,04,0,1,0,0,0,0,1,0,0,-,-,33.932559967041016,-116.88117218017578,RIVERSIDE,BANNING,-116.8811492919922,33.93254852294922
94397720,2024,2024-09-17,9840,2024-09-16,1517,018248,NA,1,2,6,3315,0,1,1,NA,2,034,I-15 S/B,ONTARIO AVE,792,N,N,A,-,Y,RIV,NA,15,NA,NA,38.872,H,NA,L,Y,4,0,2,2,A,-,03,22350,NA,N,C,C,A,A,H,-,A,D,0,NA,NA,NA,NA,Y,NA,A,07,0,0,2,0,0,0,0,0,0,-,-,33.846378326416016,-117.5349578857422,RIVERSIDE,CORONA,-117.53489685058594,33.84637451171875
9439857,2022,2022-06-01,3313,2022-04-21,0922,1026,1,4,5,7,3313,0,0,0,NA,0,T52,CHICAGO AV,LINDEN ST,527,N,N,A,-,N,NA,NA,NA,NA,NA,NA,NA,NA,NA,Y,4,0,2,2,A,-,01,23152,A,F,D,C,A,A,H,-,A,A,0,NA,NA,NA,NA,Y,Y,A,01,0,0,2,0,0,0,0,0,0,-,-,33.9792594909668,-117.34832763671876,RIVERSIDE,RIVERSIDE,-117.34848022460938,33.98079299926758
94399233,2024,2024-09-18,9840,2024-09-17,1800,019527,NA,2,2,6,3315,0,1,3,NA,2,031,SR-91 E/B,MCKINLEY ST,2100,W,N,A,-,Y,RIV,NA,91,NA,NA,8.78,H,NA,R,N,4,0,1,2,A,-,03,22350,NA,N,C,C,A,A,H,-,A,D,0,NA,NA,NA,NA,Y,NA,A,01,0,0,1,0,0,0,0,0,0,-,-,33.88412094116211,-117.52433013916016,RIVERSIDE,CORONA,-117.52432250976563,33.884098052978516
94400858,2024,2024-11-07,9630,2024-07-19,1000,021513,NA,5,1,9,3300,0,1,1,NA,2,302,INTERSTATE 10 WESTBOUND,BOX CANYON ROAD,6864,E,N,A,-,Y,RIV,NA,10,NA,R,82.927,H,NA,L,Y,1,1,0,1,A,-,01,23152,F,N,F,0,A,A,H,-,A,D,0,NA,NA,NA,NA,Y,NA,A,07,0,0,0,0,0,0,0,0,0,-,-,33.660308837890625,-115.7781982421875,RIVERSIDE,UNINCORPORATED,-115.7781982421875,33.66035842895508
94402693,2024,2024-09-20,9630,2024-09-18,1140,019758,NA,3,1,9,3300,0,1,1,NA,2,010,I-10 E/B,PALM DR,528,W,N,A,-,Y,RIV,NA,10,NA,NA,35.837,H,NA,R,Y,3,0,1,3,A,-,07,21658,A,N,B,C,A,A,H,-,A,D,0,NA,NA,NA,Y,Y,NA,A,07,0,1,0,0,0,0,0,0,0,-,-,33.882568359375,-116.507568359375,RIVERSIDE,UNINCORPORATED,-116.50755310058594,33.88258361816406