CASE_ID,ACCIDENT_YEAR,PROC_DATE,JURIS,COLLISION_DATE,COLLISION_TIME,OFFICER_ID,REPORTING_DISTRICT,DAY_OF_WEEK,CHP_SHIFT,POPULATION,CNTY_CITY_LOC,SPECIAL_COND,BEAT_TYPE,CHP_BEAT_TYPE,CITY_DIVISION_LAPD,CHP_BEAT_CLASS,BEAT_NUMBER,PRIMARY_RD,SECONDARY_RD,DISTANCE,DIRECTION,INTERSECTION,WEATHER_1,WEATHER_2,STATE_HWY_IND,CALTRANS_COUNTY,CALTRANS_DISTRICT,STATE_ROUTE,ROUTE_SUFFIX,POSTMILE_PREFIX,POSTMILE,LOCATION_TYPE,RAMP_INTERSECTION,SIDE_OF_HWY,TOW_AWAY,COLLISION_SEVERITY,NUMBER_KILLED,NUMBER_INJURED,PARTY_COUNT,PRIMARY_COLL_FACTOR,PCF_CODE_OF_VIOL,PCF_VIOL_CATEGORY,PCF_VIOLATION,PCF_VIOL_SUBSECTION,HIT_AND_RUN,TYPE_OF_COLLISION,MVIW,PED_ACTION,ROAD_SURFACE,ROAD_COND_1,ROAD_COND_2,LIGHTING,CONTROL_DEVICE,CHP_ROAD_TYPE,PEDESTRIAN_ACCIDENT,BICYCLE_ACCIDENT,MOTORCYCLE_ACCIDENT,TRUCK_ACCIDENT,NOT_PRIVATE_PROPERTY,ALCOHOL_INVOLVED,STWD_VEHTYPE_AT_FAULT,CHP_VEHTYPE_AT_FAULT,COUNT_SEVERE_INJ,COUNT_VISIBLE_INJ,COUNT_COMPLAINT_PAIN,COUNT_PED_KILLED,COUNT_PED_INJURED,COUNT_BICYCLIST_KILLED,COUNT_BICYCLIST_INJURED,COUNT_MC_KILLED,COUNT_MC_INJURED,PRIMARY_RAMP,SECONDARY_RAMP,LATITUDE,LONGITUDE,COUNTY,CITY,POINT_X,POINT_Y
94821457,2025,2025-08-28,9655,2025-08-18,2120,021908,T614,1,2,9,3300,0,3,5,NA,2,002,SEMINOLE DR,EAGLE PASS DR,0,NA,Y,A,-,N,NA,NA,NA,NA,NA,NA,NA,NA,NA,Y,3,0,2,2,A,-,09,21801,A,N,D,2,A,A,H,-,C,D,0,NA,NA,NA,NA,Y,NA,A,01,0,1,1,0,0,0,0,0,0,-,-,33.920799255371094,-116.803466796875,RIVERSIDE,UNINCORPORATED,-116.80339050292967,33.920711517333984
94822051,2025,2025-08-28,9655,2025-08-24,635,019871,NA,7,1,2,3336,0,1,1,NA,2,202,I-10 E/B,SANDALWOOD DR,50,E,N,A,-,Y,RIV,NA,10,NA,R,0.876,H,NA,R,Y,4,0,1,2,A,-,01,23152,A,N,C,C,A,A,H,-,A,D,0,NA,NA,NA,NA,Y,Y,A,01,0,0,1,0,0,0,0,0,0,-,-,33.992591857910156,-117.05825805664063,RIVERSIDE,CALIMESA,-117.05826568603516,33.99258804321289
94822446,2025,2025-08-28,9685,2025-08-19,1738,016113,NA,2,2,9,3300,0,1,3,NA,1,026,SR-74 (EASTBOUND),SULTANAS ROAD,40,W,N,A,-,Y,RIV,NA,74,NA,NA,31.295,H,NA,R,Y,4,0,2,2,A,-,03,22350,NA,N,C,C,A,A,H,-,A,A,0,NA,NA,NA,NA,Y,NA,A,07,0,0,2,0,0,0,0,0,0,-,-,33.743160247802734,-117.12802886962892,RIVERSIDE,UNINCORPORATED,-117.12802886962892,33.74320983886719
94826758,2025,2025-09-02,9630,2025-08-25,653,016635,NA,1,1,9,3300,0,1,1,NA,2,020,I-10 E/B TO DATE PALM DR,DATE PALM DR,300,W,N,A,-,Y,NA,NA,NA,NA,NA,NA,NA,NA,NA,Y,3,0,1,1,A,-,08,22107,NA,N,E,8,A,A,H,-,A,D,0,NA,NA,NA,NA,Y,NA,A,01,0,1,0,0,0,0,0,0,0,-,-,33.84959030151367,-116.45999908447266,RIVERSIDE,UNINCORPORATED,-116.45877838134766,33.84852600097656
94826864,2025,2025-09-02,9685,2025-08-21,1857,019577,NA,4,2,5,3335,0,1,1,NA,2,030,I-15 N/B TO TEMECULA PKWY,TEMECULA PKWY,87,N,N,A,-,Y,NA,NA,NA,NA,NA,NA,NA,NA,NA,N,4,0,1,2,A,-,03,22350,NA,N,C,C,A,A,H,-,B,A,0,NA,NA,NA,NA,Y,NA,A,01,0,0,1,0,0,0,0,0,0,-,-,33.47962951660156,-117.13957977294922,RIVERSIDE,TEMECULA,-117.1398468017578,33.478729248046875
94827242,2025,2025-09-02,9840,2025-08-22,1410,023114,NA,5,2,6,3345,0,1,3,NA,2,010,SR-60 E/B,VALLEY WAY BLVD,2640,E,N,A,-,Y,RIV,NA,60,NA,NA,7.399,H,NA,R,Y,4,0,2,3,A,-,07,21658,A,N,B,C,A,A,H,-,A,D,0,NA,NA,NA,NA,Y,NA,A,01,0,0,2,0,0,0,0,0,0,-,-,34.0123291015625,-117.43628692626952,RIVERSIDE,JURUPA VALLEY,-117.43629455566406,34.01232147216797
94829942,2025,2025-09-04,9840,2025-08-26,254,021096,NA,2,3,7,3313,0,1,1,NA,2,023,I-215 N/B,MARTIN LUTHER KING BLVD,2904,S,N,A,-,Y,RIV,NA,215,NA,NA,40.283,H,NA,R,Y,3,0,1,3,A,-,03,22350,NA,N,C,C,A,A,H,-,D,D,0,NA,NA,NA,Y,Y,NA,A,01,0,1,0,0,0,0,0,0,0,-,-,33.962520599365234,-117.32198333740234,RIVERSIDE,RIVERSIDE,-117.32201385498048,33.96245574951172
94830277,2025,2025-09-04,9685,2025-08-26,800,017169,NA,2,1,4,3342,0,1,1,NA,2,034,I-215 SOUTHBOUND,WINCHESTER ROAD,7920,N,N,A,-,Y,RIV,NA,15,NA,NA,8.084,H,NA,L,N,4,0,1,2,A,-,03,22350,NA,N,C,C,A,A,H,-,A,D,0,NA,NA,NA,NA,Y,NA,A,01,0,0,1,0,0,0,0,0,0,-,-,33.54087829589844,-117.17566680908205,RIVERSIDE,MURRIETA,-117.17549896240234,33.540958404541016
94830701,2025,2025-09-04,9840,2025-09-03,640,022745,NA,3,1,6,3315,0,1,3,NA,2,030,SR-91 W/B,SR-71,800,W,N,A,-,Y,RIV,NA,91,NA,R,1.794,H,NA,L,N,4,0,1,2,A,-,03,22350,NA,N,C,C,A,A,H,-,A,D,0,NA,NA,NA,NA,Y,NA,D,22,0,0,1,0,0,0,0,0,0,-,-,33.88264083862305,-117.64552307128906,RIVERSIDE,CORONA,-117.64547729492188,33.88250732421875
94830717,2025,2025-09-04,9840,2025-09-03,1850,021096,NA,3,2,7,3313,0,1,3,NA,2,010,SR-60 E/B,MARKET ST.,187,W,N,A,-,Y,RIV,NA,60,NA,NA,11.005,H,NA,R,N,4,0,4,3,A,-,03,22350,NA,N,C,C,A,A,H,-,A,D,0,NA,NA,NA,NA,Y,NA,A,01,0,0,4,0,0,0,0,0,0,-,-,34.001060485839844,-117.37615203857422,RIVERSIDE,RIVERSIDE,-117.37612152099608,34.0011100769043
94834240,2025,2025-09-08,9685,2025-08-24,54,021828,NA,7,3,4,3307,0,1,1,NA,2,010,I-15 NORTHBOUND,FRANKLIN ST.,1584,N,N,A,-,Y,RIV,NA,15,NA,NA,20.156,H,NA,R,Y,2,0,2,2,A,-,01,23152,A,N,C,C,A,A,H,-,D,D,0,NA,NA,NA,NA,Y,Y,A,01,1,1,0,0,0,0,0,0,0,-,-,33.67145919799805,-117.31159210205078,RIVERSIDE,LAKE ELSINORE,-117.31157684326172,33.67148208618164
94834926,2025,2025-09-08,9685,2025-08-30,1750,016113,NA,6,2,9,3300,0,3,5,NA,2,002,LEON ROAD,HOLLAND ROAD,1637,N,N,A,-,N,NA,NA,NA,NA,NA,NA,NA,NA,NA,Y,3,0,1,1,A,-,08,22107,NA,N,E,J,A,A,H,-,A,D,0,NA,NA,NA,NA,Y,NA,A,07,0,1,0,0,0,0,0,0,0,-,-,33.67478942871094,-117.11875915527344,RIVERSIDE,UNINCORPORATED,-117.11881256103516,33.674720764160156
94835686,2025,2025-09-08,9655,2025-08-31,230,015892,NA,7,3,9,3300,0,1,3,NA,1,119,STATE ROUTE 371,BURNT VALLEY ROAD,528,E,N,A,-,Y,RIV,NA,371,NA,NA,73.06,H,NA,R,Y,3,0,1,1,A,-,08,22107,NA,N,F,0,A,A,H,-,D,D,0,NA,NA,NA,NA,Y,NA,A,01,0,1,0,0,0,0,0,0,0,-,-,33.555328369140625,-116.6427993774414,RIVERSIDE,UNINCORPORATED,-116.6428451538086,33.555419921875
94837581,2025,2025-09-09,9655,2025-09-01,1405,021578,NA,1,2,4,3301,0,1,1,NA,2,204,I-10 W/B,8TH ST.,50,E,N,A,-,Y,RIV,NA,10,NA,NA,12.878,H,NA,L,N,4,0,1,2,A,-,03,22350,NA,N,C,C,A,A,H,-,A,D,0,NA,NA,NA,NA,Y,NA,D,22,0,0,1,0,0,0,0,0,0,-,-,33.92441940307617,-116.8851318359375,RIVERSIDE,BANNING,-116.8851318359375,33.92438507080078
94837600,2025,2025-09-09,9840,2025-09-04,1045,021481,NA,4,1,7,3313,0,1,3,NA,2,021,SR-91 E/B,SPRUCE ST,528,E,N,A,-,Y,RIV,NA,91,NA,NA,21.725,H,NA,R,N,4,0,1,2,A,-,03,22350,NA,N,C,C,A,A,H,-,A,D,0,NA,NA,NA,NA,Y,NA,D,22,0,0,1,0,0,0,0,0,0,-,-,33.992759704589844,-117.35752105712892,RIVERSIDE,RIVERSIDE,-117.35755920410156,33.99277877807617
94837695,2025,2025-09-09,9630,2025-09-03,2337,021897,NA,3,3,9,3300,0,1,3,NA,2,015,SR-62 E/B,N. INDIAN CANYON DR,2112,N,N,A,-,Y,RIV,NA,62,NA,R,6.843,H,NA,R,Y,3,0,1,1,A,-,08,22107,NA,N,F,A,A,A,H,-,D,D,0,NA,NA,NA,NA,Y,NA,A,01,0,1,0,0,0,0,0,0,0,-,-,34.01029968261719,-116.5748291015625,RIVERSIDE,UNINCORPORATED,-116.57487487792967,34.01029586791992
94837817,2025,2025-09-09,9840,2025-08-23,2222,023688,NA,6,3,9,3300,0,3,5,NA,2,004,LA SIERRA AVE,CAJALCO RD,4277,N,N,A,-,N,NA,NA,NA,NA,NA,NA,NA,NA,NA,Y,4,0,1,1,A,-,01,23152,A,N,E,I,A,A,H,-,D,D,0,NA,NA,NA,NA,Y,Y,A,01,0,0,1,0,0,0,0,0,0,-,-,33.841121673583984,-117.46121978759766,RIVERSIDE,UNINCORPORATED,-117.46106719970705,33.84053039550781
94839330,2025,2025-09-10,9840,2025-09-09,154,019492,NA,2,3,4,3312,0,1,1,NA,2,041,I-215 N/B,PLACENTIA AVE.,350,S,N,A,-,Y,RIV,NA,215,NA,R,29.345,H,NA,R,Y,3,0,1,1,A,-,08,22107,NA,N,E,I,A,A,H,-,C,D,0,NA,NA,NA,NA,Y,NA,A,01,0,1,0,0,0,0,0,0,0,-,-,33.82238006591797,-117.240966796875,RIVERSIDE,PERRIS,-117.24081420898438,33.82241439819336
9483949,2022,2022-08-01,3313,2022-06-13,1718,0282,5,1,5,7,3313,0,0,0,NA,0,T48,CYPRESS AV,MONTGOMERY ST,65,W,N,A,-,N,NA,NA,NA,NA,NA,NA,NA,NA,NA,Y,4,0,1,3,A,-,03,22350,NA,N,B,C,A,A,H,-,A,A,0,NA,NA,NA,NA,Y,NA,A,01,0,0,1,0,0,0,0,0,0,-,-,33.94295120239258,-117.4568099975586,RIVERSIDE,RIVERSIDE,-117.45721435546876,33.94282150268555
94840553,2025,2025-09-11,9840,2025-09-07,1820,023688,NA,7,2,7,3313,0,1,3,NA,2,010,SR-60 E/B,MAIN ST.,1214,W,N,A,-,Y,RIV,NA,60,NA,NA,11.492,H,NA,R,Y,4,0,1,6,A,-,03,22350,NA,N,C,C,A,A,H,-,A,D,0,NA,NA,NA,NA,Y,NA,-,-,0,0,1,0,0,0,0,0,0,-,-,33.99787139892578,-117.36859893798828,RIVERSIDE,RIVERSIDE,-117.36856079101563,33.99794387817383
94846140,2025,2025-09-16,9685,2025-09-11,2135,020720,NA,4,2,9,3300,0,3,5,NA,2,003,CLINTON KEITH RD,LEON RD,310,W,N,A,-,N,NA,NA,NA,NA,NA,NA,NA,NA,NA,N,4,0,1,4,A,-,03,22350,NA,F,C,C,A,A,H,-,C,A,0,NA,NA,NA,NA,Y,NA,-,99,0,0,1,0,0,0,0,0,0,-,-,33.60126876831055,-117.12922668457033,RIVERSIDE,UNINCORPORATED,-117.12920379638672,33.601192474365234
94848285,2025,2025-09-17,9840,2025-09-09,735,024713,NA,2,1,9,3300,0,3,5,NA,2,003,MAGNOLIA AVE,GRANT ST,0,NA,Y,A,-,N,NA,NA,NA,NA,NA,NA,NA,NA,NA,N,3,0,1,2,A,-,12,21453,A,N,D,C,A,A,H,-,A,A,0,NA,NA,NA,NA,Y,NA,A,01,0,1,0,0,0,0,0,0,0,-,-,33.8780403137207,-117.520751953125,RIVERSIDE,UNINCORPORATED,-117.52085113525392,33.87822341918945
94848375,2025,2025-09-17,9840,2025-09-08,812,018248,NA,1,1,7,3313,0,1,3,NA,2,010,SR-60 W/B,MARKET ST,347,W,N,A,-,Y,RIV,NA,60,NA,NA,11.01,H,NA,L,N,4,0,1,2,A,-,03,22350,NA,N,C,C,A,A,H,-,A,D,0,NA,NA,Y,NA,Y,NA,C,02,0,0,1,0,0,0,0,0,1,-,-,34.001251220703125,-117.376220703125,RIVERSIDE,RIVERSIDE,-117.37618255615234,34.00131607055664
94849516,2025,2025-09-18,9630,2025-09-13,1935,024032,NA,6,2,9,3300,0,3,5,NA,2,001,N. INDIAN CANYON DR,THOMAS AVE,0,NA,Y,A,-,N,NA,NA,NA,NA,NA,NA,NA,NA,NA,N,4,0,1,2,A,-,03,22350,NA,N,C,C,A,A,H,-,D,D,0,NA,NA,NA,NA,Y,NA,A,01,0,0,1,0,0,0,0,0,0,-,-,33.95050048828125,-116.54518127441406,RIVERSIDE,UNINCORPORATED,-116.54515838623048,33.95048522949219
94851433,2025,2025-09-19,9840,2025-09-17,940,018512,NA,3,1,7,3313,0,1,3,NA,2,020,SR-91 W/B,LA SIERRA AVE,800,W,N,A,-,Y,RIV,NA,91,NA,NA,11.551,H,NA,L,N,4,0,2,3,A,-,03,22350,NA,N,C,C,A,A,H,-,A,D,0,NA,NA,NA,NA,Y,NA,A,01,0,0,2,0,0,0,0,0,0,-,-,33.89720153808594,-117.48018646240234,RIVERSIDE,RIVERSIDE,-117.48019409179688,33.897220611572266
94851484,2025,2025-09-19,9840,2025-09-17,1414,019893,NA,3,2,6,3315,0,1,3,NA,2,030,SR-91 E/B FROM  SERFAS CLUB DRIVE,SERFAS CLUB DRIVE,2219,E,N,B,-,Y,RIV,NA,91,NA,NA,4.033,H,NA,R,N,4,0,2,3,A,-,08,22107,NA,N,B,2,A,A,H,-,A,D,0,NA,NA,NA,Y,Y,NA,A,07,0,0,2,0,0,0,0,0,0,-,-,33.87969970703125,-117.60568237304688,RIVERSIDE,CORONA,-117.6056900024414,33.879886627197266
94851646,2025,2025-09-19,9685,2025-09-17,720,015295,NA,3,1,4,3342,0,1,1,NA,2,034,INTERSTATE 215 SOUTHBOUND,LOS ALAMOS ROAD,385,S,N,B,-,Y,RIV,NA,215,NA,R,10.568,H,NA,L,Y,4,0,1,3,A,-,03,22350,NA,N,C,C,A,A,H,-,A,D,0,NA,NA,NA,NA,Y,NA,A,08,0,0,1,0,0,0,0,0,0,-,-,33.57160949707031,-117.18103790283205,RIVERSIDE,MURRIETA,-117.18099975585938,33.57160949707031
94854514,2025,2025-09-22,9630,2025-09-07,255,024177,NA,7,3,9,3300,0,1,1,NA,2,021,I-10 W/B,COOK STREET,4224,W,N,A,-,Y,RIV,NA,10,NA,NA,46.057,H,NA,L,Y,4,0,1,2,A,-,01,23152,A,N,C,C,A,A,H,-,D,D,0,NA,NA,NA,NA,Y,Y,A,08,0,0,1,0,0,0,0,0,0,-,-,33.793128967285156,-116.36650848388672,RIVERSIDE,UNINCORPORATED,-116.366455078125,33.793190002441406
94857852,2025,2025-09-24,9655,2025-09-15,834,023205,NA,1,1,9,3300,0,1,3,NA,2,315,SR-74,SR-79,450,W,N,B,-,N,NA,NA,NA,NA,NA,NA,NA,NA,NA,N,4,0,1,2,A,-,03,22350,NA,N,C,C,A,A,H,-,A,D,0,NA,NA,NA,NA,Y,NA,A,01,0,0,1,0,0,0,0,0,0,-,-,33.73897933959961,-117.07805633544922,RIVERSIDE,UNINCORPORATED,-117.04994201660156,33.743831634521484
94857888,2025,2025-09-24,9655,2025-09-17,1124,021162,NA,3,1,9,3300,0,3,5,NA,2,003,DARTMOUTH ST,ACACIA AVENUE,20,S,N,A,-,N,NA,NA,NA,NA,NA,NA,NA,NA,NA,N,4,0,3,2,A,-,03,22350,NA,N,C,C,A,A,H,-,A,D,0,NA,NA,NA,NA,Y,NA,D,22,0,0,3,0,0,0,0,0,0,-,-,33.74393081665039,-116.9368896484375,RIVERSIDE,UNINCORPORATED,-116.93686676025392,33.744014739990234
94857933,2025,2025-09-24,9655,2025-09-17,1805,023092,NA,3,2,9,3300,0,3,5,NA,2,002,BONITA AVE,MAGNOLIA ST,0,NA,Y,B,-,N,NA,NA,NA,NA,NA,NA,NA,NA,NA,N,4,0,1,2,A,-,00,2146,NA,N,B,C,A,A,H,-,A,D,0,NA,NA,NA,NA,Y,NA,D,22,0,0,1,0,0,0,0,0,0,-,-,33.91426086425781,-116.80027770996094,RIVERSIDE,UNINCORPORATED,-116.8002700805664,33.914188385009766
94858427,2025,2025-09-24,9630,2025-09-18,2013,021416,NA,4,2,9,3300,0,1,1,NA,2,302,I-10 E/B,EAGLE MOUNTAIN RD,1056,W,N,C,-,Y,RIV,NA,10,NA,R,101.824,H,NA,R,Y,4,0,1,1,A,-,03,22350,NA,N,F,A,A,B,H,-,D,D,0,NA,NA,NA,NA,Y,NA,A,01,0,0,1,0,0,0,0,0,0,-,-,33.701080322265625,-115.45565032958984,RIVERSIDE,UNINCORPORATED,-115.45566558837892,33.70112609863281
94858595,2025,2025-09-24,9840,2025-09-17,640,024736,NA,3,1,7,3313,0,1,1,NA,2,023,I-215 S/B TO BLAINE STREET,BLAINE ST,98,N,N,A,-,Y,RIV,NA,215,NA,NA,42.238,H,NA,L,Y,3,0,2,2,A,-,03,22350,NA,N,C,C,A,A,H,-,A,A,0,NA,NA,NA,NA,Y,NA,A,01,0,1,1,0,0,0,0,0,0,-,-,33.983619689941406,-117.3440170288086,RIVERSIDE,RIVERSIDE,-117.34378814697266,33.98378372192383
94858718,2025,2025-09-24,9840,2025-08-31,2245,023250,NA,7,3,6,3394,0,1,3,NA,2,025,SR-60 E/B FREDRICK STREET OFFRAMP,FREDRICKS STREET,250,W,N,A,-,Y,NA,NA,NA,NA,NA,NA,NA,NA,NA,N,4,0,1,3,A,-,03,22350,NA,N,C,C,A,A,A,-,C,A,0,NA,NA,NA,NA,Y,Y,A,01,0,0,1,0,0,0,0,0,0,-,-,33.939979553222656,-117.26277923583984,RIVERSIDE,MORENO VALLEY,NA,NA
94859910,2025,2025-09-25,9685,2025-09-13,2050,021977,NA,6,2,9,3300,0,3,5,NA,2,003,COTTONTAIL LANE,ELK LANE,200,E,N,A,-,N,NA,NA,NA,NA,NA,NA,NA,NA,NA,Y,3,0,1,3,A,-,01,23152,A,N,A,C,A,A,H,-,C,D,0,NA,NA,NA,NA,Y,Y,A,07,0,1,0,0,0,0,0,0,0,-,-,33.600799560546875,-117.12152099609376,RIVERSIDE,UNINCORPORATED,-117.121337890625,33.600921630859375
94860390,2025,2025-09-25,9840,2025-06-18,55,023816,NA,3,3,9,3300,0,1,1,NA,2,041,INTERSTATE 215 SOUTHBOUND,RAMONA EXPRESSWAY,3621,S,N,A,-,Y,RIV,NA,215,NA,R,30.279,H,NA,L,N,1,1,0,2,A,-,11,21954,A,F,G,B,E,A,H,-,D,D,0,Y,NA,NA,Y,Y,NA,N,60,0,0,0,1,0,0,0,0,0,-,-,33.83470916748047,-117.24772644042967,RIVERSIDE,UNINCORPORATED,-117.2476806640625,33.83472442626953
94864514,2025,2025-09-29,9840,2025-09-24,1229,021080,NA,3,1,7,3313,0,1,3,NA,2,020,SR-91 E/B,ADAMS ST,374,W,N,A,-,Y,RIV,NA,91,NA,NA,15.542,H,NA,R,N,4,0,1,3,A,-,03,22350,NA,N,C,C,A,A,H,-,A,D,0,NA,NA,NA,NA,Y,NA,D,22,0,0,1,0,0,0,0,0,0,-,-,33.926700592041016,-117.42091369628906,RIVERSIDE,RIVERSIDE,-117.42089080810548,33.92667770385742
94864632,2025,2025-10-31,9840,2025-09-26,1212,023734,NA,5,1,6,3394,0,1,3,NA,2,025,SR-60 E/B,INDIAN STREET,88,W,N,B,-,Y,RIV,NA,60,NA,NA,15.831,H,NA,R,N,4,0,3,2,A,-,08,22107,NA,N,B,C,A,A,H,-,A,D,0,NA,NA,NA,Y,Y,NA,I,20,0,0,3,0,0,0,0,0,0,-,-,33.94102096557617,-117.2354736328125,RIVERSIDE,MORENO VALLEY,-117.2354736328125,33.94103240966797
94864892,2025,2025-09-29,9840,2025-09-20,2227,023688,NA,6,3,9,3300,0,3,5,NA,2,004,MONTGOMERY AVE,NUEVO RD,87,E,N,A,-,N,NA,NA,NA,NA,NA,NA,NA,NA,NA,Y,4,0,1,1,A,-,01,23152,A,N,E,I,A,A,H,-,D,D,0,NA,NA,NA,NA,Y,Y,A,07,0,0,1,0,0,0,0,0,0,-,-,33.800811767578125,-117.12661743164063,RIVERSIDE,UNINCORPORATED,-117.12709808349608,33.80073928833008
94866494,2025,2025-09-30,9630,2025-09-24,1735,021897,NA,3,2,9,3300,0,1,1,NA,2,020,I-10 W/B TO DATE PALM DRIVE,DATE PALM DRIVE,14,E,N,A,-,Y,NA,NA,NA,NA,NA,NA,NA,NA,NA,N,4,0,1,2,A,-,03,22350,NA,N,C,C,A,A,H,-,A,A,0,NA,NA,NA,NA,Y,NA,A,01,0,0,1,0,0,0,0,0,0,-,-,33.85049819946289,-116.4580307006836,RIVERSIDE,UNINCORPORATED,-116.45807647705078,33.84931945800781
94868225,2025,2025-10-01,9840,2025-09-23,1800,024736,NA,2,2,7,3313,0,1,3,NA,2,021,SR-91 E/B,MISSION INN AVE,167,E,N,A,-,Y,RIV,NA,91,NA,NA,20.585,H,NA,R,N,4,0,1,2,A,-,03,22350,NA,N,C,C,A,A,H,-,A,D,0,NA,NA,NA,NA,Y,NA,D,22,0,0,1,0,0,0,0,0,0,-,-,33.981021881103516,-117.36837768554688,RIVERSIDE,RIVERSIDE,-117.36851501464844,33.981143951416016
94874034,2025,2025-10-06,9630,2025-09-25,1458,022508,NA,4,2,9,3300,0,1,1,NA,2,021,I-10 W/B,WASHINGTON STREET,528,W,N,A,-,Y,RIV,NA,10,NA,NA,50.149,H,NA,L,Y,4,0,1,2,A,-,08,22107,NA,N,B,2,A,A,H,-,A,D,0,NA,NA,NA,Y,Y,NA,-,-,0,0,1,0,0,0,0,0,0,-,-,33.76163864135742,-116.30644989013672,RIVERSIDE,UNINCORPORATED,-116.30645751953124,33.76160430908203
94874056,2025,2025-10-06,9655,2025-10-02,2255,023205,NA,4,3,3,3302,0,1,1,NA,2,202,I-10 E/B,VEILE AVE,3000,W,N,A,-,Y,RIV,NA,10,NA,R,6.253,H,NA,R,Y,4,0,1,1,C,-,18,NA,NA,N,E,I,A,A,H,-,C,D,0,NA,NA,NA,NA,Y,NA,-,-,0,0,1,0,0,0,0,0,0,-,-,33.93669128417969,-116.99549865722656,RIVERSIDE,BEAUMONT,-116.9955825805664,33.93661880493164
94876935,2025,2025-10-07,9685,2025-09-11,1450,019183,NA,4,2,9,3300,0,1,3,NA,2,011,SR-74 W/B (ORTEGA HWY),TENAJA TRUCK TRAIL,3168,W,N,A,-,Y,RIV,NA,74,NA,NA,1.605,H,NA,L,Y,2,0,1,1,A,-,08,22107,NA,N,F,A,A,A,H,-,A,D,0,NA,NA,NA,Y,Y,NA,G,25,1,0,0,0,0,0,0,0,0,-,-,33.612789154052734,-117.43605041503906,RIVERSIDE,UNINCORPORATED,-117.4360809326172,33.612815856933594
94878402,2025,2025-10-08,9685,2025-09-27,2254,018949,NA,6,3,4,3312,0,1,1,NA,2,020,I-215 S/B,ETHANAC RD,1785,N,N,A,-,Y,RIV,NA,215,NA,NA,23.103,H,NA,L,N,4,0,1,2,A,-,08,22107,NA,F,B,C,A,A,H,-,D,D,0,NA,NA,NA,NA,Y,NA,-,99,0,0,1,0,0,0,0,0,0,-,-,33.747989654541016,-117.1894302368164,RIVERSIDE,PERRIS,-117.18946838378906,33.747989654541016
9488022,2022,2022-08-11,3309,2022-06-07,1424,443,3309,2,5,4,3309,0,0,0,NA,0,004,JEFFERSON ST,IID POLE #105980 D,74,S,N,A,-,N,NA,NA,NA,NA,NA,NA,NA,NA,NA,Y,4,0,1,1,A,-,01,23152,F,N,E,I,A,A,H,-,A,A,0,NA,NA,NA,NA,Y,NA,D,22,0,0,1,0,0,0,0,0,0,-,-,NA,NA,RIVERSIDE,INDIO,NA,NA
94886363,2025,2025-10-14,9685,2025-10-04,32,020720,NA,6,3,5,3335,0,1,1,NA,2,030,I-15 S/B FROM TEMECULA PARKWAY,TEMECULA PKWY,739,S,N,A,-,Y,NA,NA,NA,NA,NA,NA,NA,NA,NA,Y,4,0,1,1,A,-,01,23152,A,N,E,I,A,A,H,-,D,D,0,NA,NA,NA,NA,Y,Y,A,01,0,0,1,0,0,0,0,0,0,-,-,33.47943878173828,-117.14231872558594,RIVERSIDE,TEMECULA,-117.14097595214844,33.480743408203125
94889020,2025,2025-10-16,9655,2025-10-15,535,018444,NA,3,3,9,3300,0,1,3,NA,2,315,SR-79,MILAN ROAD,60,N,N,B,-,Y,RIV,NA,79,NA,R,17.741,H,NA,R,N,4,0,1,2,A,-,08,22107,NA,M,G,B,E,A,H,-,D,D,0,Y,NA,NA,NA,Y,NA,-,99,0,0,1,0,1,0,0,0,0,-,-,33.71870040893555,-117.0764617919922,RIVERSIDE,UNINCORPORATED,-117.0764389038086,33.71870040893555
94893873,2025,2025-10-20,9840,2025-09-28,1555,023689,NA,7,2,7,3313,0,1,3,NA,2,021,SR-91 E/B,ARLINGTON AVENUE,350,W,N,A,-,Y,RIV,NA,91,NA,NA,17.561,H,NA,R,Y,4,0,1,2,A,-,08,22107,NA,N,B,C,A,A,H,-,A,D,0,NA,NA,Y,NA,Y,NA,C,02,0,0,1,0,0,0,0,0,1,-,-,33.94371032714844,-117.39225769042967,RIVERSIDE,RIVERSIDE,-117.39225769042967,33.94370651245117
94894843,2025,2025-10-21,9655,2025-10-16,1645,019871,NA,4,2,9,3300,0,1,3,NA,2,315,SR-79,STOWE RD,280,N,N,A,-,N,NA,NA,NA,NA,NA,NA,NA,NA,NA,Y,4,0,1,2,A,-,03,22350,NA,N,C,C,A,A,H,-,A,D,0,NA,NA,NA,NA,Y,NA,A,01,0,0,1,0,0,0,0,0,0,-,-,33.72270965576172,-117.0764617919922,RIVERSIDE,UNINCORPORATED,-117.0763931274414,33.722557067871094